ISO-10303-21;
HEADER;
/* Generated by software containing ST-Developer
 * from STEP Tools, Inc. (www.steptools.com) 
 */

FILE_DESCRIPTION(
/* description */ (''),
/* implementation_level */ '2;1');

FILE_NAME(
/* name */ 'BeetleFold.stp',
/* time_stamp */ '2026-06-17T18:09:11+01:00',
/* author */ ('Jakub Schmidt'),
/* organization */ (''),
/* preprocessor_version */ 'ST-DEVELOPER v20.1',
/* originating_system */ 'Autodesk Inventor 2026',
/* authorisation */ '');

FILE_SCHEMA (('AUTOMOTIVE_DESIGN { 1 0 10303 214 3 1 1 }'));
ENDSEC;

DATA;
#10=MECHANICAL_DESIGN_GEOMETRIC_PRESENTATION_REPRESENTATION('',(#360,#361,
#362,#363,#364,#365),#12872);
#11=ITEM_DEFINED_TRANSFORMATION($,$,#7358,#8177);
#12=ITEM_DEFINED_TRANSFORMATION($,$,#7398,#8178);
#13=ITEM_DEFINED_TRANSFORMATION($,$,#7358,#8179);
#14=ITEM_DEFINED_TRANSFORMATION($,$,#7398,#8180);
#15=ITEM_DEFINED_TRANSFORMATION($,$,#7358,#8181);
#16=ITEM_DEFINED_TRANSFORMATION($,$,#7398,#8182);
#17=ITEM_DEFINED_TRANSFORMATION($,$,#7358,#8183);
#18=ITEM_DEFINED_TRANSFORMATION($,$,#7398,#8184);
#19=ITEM_DEFINED_TRANSFORMATION($,$,#7358,#8185);
#20=ITEM_DEFINED_TRANSFORMATION($,$,#7398,#8186);
#21=ITEM_DEFINED_TRANSFORMATION($,$,#7417,#8187);
#22=ITEM_DEFINED_TRANSFORMATION($,$,#8004,#8188);
#23=ITEM_DEFINED_TRANSFORMATION($,$,#8004,#8189);
#24=ITEM_DEFINED_TRANSFORMATION($,$,#8004,#8190);
#25=ITEM_DEFINED_TRANSFORMATION($,$,#7417,#8191);
#26=ITEM_DEFINED_TRANSFORMATION($,$,#7417,#8192);
#27=ITEM_DEFINED_TRANSFORMATION($,$,#7634,#8193);
#28=ITEM_DEFINED_TRANSFORMATION($,$,#8004,#8194);
#29=ITEM_DEFINED_TRANSFORMATION($,$,#8004,#8195);
#30=ITEM_DEFINED_TRANSFORMATION($,$,#7417,#8196);
#31=ITEM_DEFINED_TRANSFORMATION($,$,#7417,#8197);
#32=ITEM_DEFINED_TRANSFORMATION($,$,#8004,#8198);
#33=ITEM_DEFINED_TRANSFORMATION($,$,#8004,#8199);
#34=ITEM_DEFINED_TRANSFORMATION($,$,#7417,#8200);
#35=ITEM_DEFINED_TRANSFORMATION($,$,#7417,#8201);
#36=ITEM_DEFINED_TRANSFORMATION($,$,#7417,#8202);
#37=ITEM_DEFINED_TRANSFORMATION($,$,#8004,#8203);
#38=ITEM_DEFINED_TRANSFORMATION($,$,#7417,#8204);
#39=ITEM_DEFINED_TRANSFORMATION($,$,#8004,#8205);
#40=ITEM_DEFINED_TRANSFORMATION($,$,#7634,#8206);
#41=ITEM_DEFINED_TRANSFORMATION($,$,#7417,#8207);
#42=ITEM_DEFINED_TRANSFORMATION($,$,#7667,#8208);
#43=ITEM_DEFINED_TRANSFORMATION($,$,#7667,#8209);
#44=ITEM_DEFINED_TRANSFORMATION($,$,#7634,#8210);
#45=ITEM_DEFINED_TRANSFORMATION($,$,#7417,#8211);
#46=ITEM_DEFINED_TRANSFORMATION($,$,#7667,#8212);
#47=ITEM_DEFINED_TRANSFORMATION($,$,#7667,#8213);
#48=ITEM_DEFINED_TRANSFORMATION($,$,#7634,#8214);
#49=ITEM_DEFINED_TRANSFORMATION($,$,#7417,#8215);
#50=ITEM_DEFINED_TRANSFORMATION($,$,#7667,#8216);
#51=ITEM_DEFINED_TRANSFORMATION($,$,#7667,#8217);
#52=ITEM_DEFINED_TRANSFORMATION($,$,#7634,#8218);
#53=ITEM_DEFINED_TRANSFORMATION($,$,#7667,#8219);
#54=ITEM_DEFINED_TRANSFORMATION($,$,#7667,#8220);
#55=ITEM_DEFINED_TRANSFORMATION($,$,#8004,#8221);
#56=ITEM_DEFINED_TRANSFORMATION($,$,#7634,#8222);
#57=ITEM_DEFINED_TRANSFORMATION($,$,#7667,#8223);
#58=ITEM_DEFINED_TRANSFORMATION($,$,#7667,#8224);
#59=ITEM_DEFINED_TRANSFORMATION($,$,#8004,#8225);
#60=(
REPRESENTATION_RELATIONSHIP($,$,#12941,#12940)
REPRESENTATION_RELATIONSHIP_WITH_TRANSFORMATION(#11)
SHAPE_REPRESENTATION_RELATIONSHIP()
);
#61=(
REPRESENTATION_RELATIONSHIP($,$,#12942,#12940)
REPRESENTATION_RELATIONSHIP_WITH_TRANSFORMATION(#12)
SHAPE_REPRESENTATION_RELATIONSHIP()
);
#62=(
REPRESENTATION_RELATIONSHIP($,$,#12941,#12940)
REPRESENTATION_RELATIONSHIP_WITH_TRANSFORMATION(#13)
SHAPE_REPRESENTATION_RELATIONSHIP()
);
#63=(
REPRESENTATION_RELATIONSHIP($,$,#12942,#12940)
REPRESENTATION_RELATIONSHIP_WITH_TRANSFORMATION(#14)
SHAPE_REPRESENTATION_RELATIONSHIP()
);
#64=(
REPRESENTATION_RELATIONSHIP($,$,#12941,#12940)
REPRESENTATION_RELATIONSHIP_WITH_TRANSFORMATION(#15)
SHAPE_REPRESENTATION_RELATIONSHIP()
);
#65=(
REPRESENTATION_RELATIONSHIP($,$,#12942,#12940)
REPRESENTATION_RELATIONSHIP_WITH_TRANSFORMATION(#16)
SHAPE_REPRESENTATION_RELATIONSHIP()
);
#66=(
REPRESENTATION_RELATIONSHIP($,$,#12941,#12940)
REPRESENTATION_RELATIONSHIP_WITH_TRANSFORMATION(#17)
SHAPE_REPRESENTATION_RELATIONSHIP()
);
#67=(
REPRESENTATION_RELATIONSHIP($,$,#12942,#12940)
REPRESENTATION_RELATIONSHIP_WITH_TRANSFORMATION(#18)
SHAPE_REPRESENTATION_RELATIONSHIP()
);
#68=(
REPRESENTATION_RELATIONSHIP($,$,#12941,#12940)
REPRESENTATION_RELATIONSHIP_WITH_TRANSFORMATION(#19)
SHAPE_REPRESENTATION_RELATIONSHIP()
);
#69=(
REPRESENTATION_RELATIONSHIP($,$,#12942,#12940)
REPRESENTATION_RELATIONSHIP_WITH_TRANSFORMATION(#20)
SHAPE_REPRESENTATION_RELATIONSHIP()
);
#70=(
REPRESENTATION_RELATIONSHIP($,$,#12943,#12940)
REPRESENTATION_RELATIONSHIP_WITH_TRANSFORMATION(#21)
SHAPE_REPRESENTATION_RELATIONSHIP()
);
#71=(
REPRESENTATION_RELATIONSHIP($,$,#12946,#12940)
REPRESENTATION_RELATIONSHIP_WITH_TRANSFORMATION(#22)
SHAPE_REPRESENTATION_RELATIONSHIP()
);
#72=(
REPRESENTATION_RELATIONSHIP($,$,#12946,#12940)
REPRESENTATION_RELATIONSHIP_WITH_TRANSFORMATION(#23)
SHAPE_REPRESENTATION_RELATIONSHIP()
);
#73=(
REPRESENTATION_RELATIONSHIP($,$,#12946,#12940)
REPRESENTATION_RELATIONSHIP_WITH_TRANSFORMATION(#24)
SHAPE_REPRESENTATION_RELATIONSHIP()
);
#74=(
REPRESENTATION_RELATIONSHIP($,$,#12943,#12940)
REPRESENTATION_RELATIONSHIP_WITH_TRANSFORMATION(#25)
SHAPE_REPRESENTATION_RELATIONSHIP()
);
#75=(
REPRESENTATION_RELATIONSHIP($,$,#12943,#12940)
REPRESENTATION_RELATIONSHIP_WITH_TRANSFORMATION(#26)
SHAPE_REPRESENTATION_RELATIONSHIP()
);
#76=(
REPRESENTATION_RELATIONSHIP($,$,#12944,#12940)
REPRESENTATION_RELATIONSHIP_WITH_TRANSFORMATION(#27)
SHAPE_REPRESENTATION_RELATIONSHIP()
);
#77=(
REPRESENTATION_RELATIONSHIP($,$,#12946,#12940)
REPRESENTATION_RELATIONSHIP_WITH_TRANSFORMATION(#28)
SHAPE_REPRESENTATION_RELATIONSHIP()
);
#78=(
REPRESENTATION_RELATIONSHIP($,$,#12946,#12940)
REPRESENTATION_RELATIONSHIP_WITH_TRANSFORMATION(#29)
SHAPE_REPRESENTATION_RELATIONSHIP()
);
#79=(
REPRESENTATION_RELATIONSHIP($,$,#12943,#12940)
REPRESENTATION_RELATIONSHIP_WITH_TRANSFORMATION(#30)
SHAPE_REPRESENTATION_RELATIONSHIP()
);
#80=(
REPRESENTATION_RELATIONSHIP($,$,#12943,#12940)
REPRESENTATION_RELATIONSHIP_WITH_TRANSFORMATION(#31)
SHAPE_REPRESENTATION_RELATIONSHIP()
);
#81=(
REPRESENTATION_RELATIONSHIP($,$,#12946,#12940)
REPRESENTATION_RELATIONSHIP_WITH_TRANSFORMATION(#32)
SHAPE_REPRESENTATION_RELATIONSHIP()
);
#82=(
REPRESENTATION_RELATIONSHIP($,$,#12946,#12940)
REPRESENTATION_RELATIONSHIP_WITH_TRANSFORMATION(#33)
SHAPE_REPRESENTATION_RELATIONSHIP()
);
#83=(
REPRESENTATION_RELATIONSHIP($,$,#12943,#12940)
REPRESENTATION_RELATIONSHIP_WITH_TRANSFORMATION(#34)
SHAPE_REPRESENTATION_RELATIONSHIP()
);
#84=(
REPRESENTATION_RELATIONSHIP($,$,#12943,#12940)
REPRESENTATION_RELATIONSHIP_WITH_TRANSFORMATION(#35)
SHAPE_REPRESENTATION_RELATIONSHIP()
);
#85=(
REPRESENTATION_RELATIONSHIP($,$,#12943,#12940)
REPRESENTATION_RELATIONSHIP_WITH_TRANSFORMATION(#36)
SHAPE_REPRESENTATION_RELATIONSHIP()
);
#86=(
REPRESENTATION_RELATIONSHIP($,$,#12946,#12940)
REPRESENTATION_RELATIONSHIP_WITH_TRANSFORMATION(#37)
SHAPE_REPRESENTATION_RELATIONSHIP()
);
#87=(
REPRESENTATION_RELATIONSHIP($,$,#12943,#12940)
REPRESENTATION_RELATIONSHIP_WITH_TRANSFORMATION(#38)
SHAPE_REPRESENTATION_RELATIONSHIP()
);
#88=(
REPRESENTATION_RELATIONSHIP($,$,#12946,#12940)
REPRESENTATION_RELATIONSHIP_WITH_TRANSFORMATION(#39)
SHAPE_REPRESENTATION_RELATIONSHIP()
);
#89=(
REPRESENTATION_RELATIONSHIP($,$,#12944,#12940)
REPRESENTATION_RELATIONSHIP_WITH_TRANSFORMATION(#40)
SHAPE_REPRESENTATION_RELATIONSHIP()
);
#90=(
REPRESENTATION_RELATIONSHIP($,$,#12943,#12940)
REPRESENTATION_RELATIONSHIP_WITH_TRANSFORMATION(#41)
SHAPE_REPRESENTATION_RELATIONSHIP()
);
#91=(
REPRESENTATION_RELATIONSHIP($,$,#12945,#12940)
REPRESENTATION_RELATIONSHIP_WITH_TRANSFORMATION(#42)
SHAPE_REPRESENTATION_RELATIONSHIP()
);
#92=(
REPRESENTATION_RELATIONSHIP($,$,#12945,#12940)
REPRESENTATION_RELATIONSHIP_WITH_TRANSFORMATION(#43)
SHAPE_REPRESENTATION_RELATIONSHIP()
);
#93=(
REPRESENTATION_RELATIONSHIP($,$,#12944,#12940)
REPRESENTATION_RELATIONSHIP_WITH_TRANSFORMATION(#44)
SHAPE_REPRESENTATION_RELATIONSHIP()
);
#94=(
REPRESENTATION_RELATIONSHIP($,$,#12943,#12940)
REPRESENTATION_RELATIONSHIP_WITH_TRANSFORMATION(#45)
SHAPE_REPRESENTATION_RELATIONSHIP()
);
#95=(
REPRESENTATION_RELATIONSHIP($,$,#12945,#12940)
REPRESENTATION_RELATIONSHIP_WITH_TRANSFORMATION(#46)
SHAPE_REPRESENTATION_RELATIONSHIP()
);
#96=(
REPRESENTATION_RELATIONSHIP($,$,#12945,#12940)
REPRESENTATION_RELATIONSHIP_WITH_TRANSFORMATION(#47)
SHAPE_REPRESENTATION_RELATIONSHIP()
);
#97=(
REPRESENTATION_RELATIONSHIP($,$,#12944,#12940)
REPRESENTATION_RELATIONSHIP_WITH_TRANSFORMATION(#48)
SHAPE_REPRESENTATION_RELATIONSHIP()
);
#98=(
REPRESENTATION_RELATIONSHIP($,$,#12943,#12940)
REPRESENTATION_RELATIONSHIP_WITH_TRANSFORMATION(#49)
SHAPE_REPRESENTATION_RELATIONSHIP()
);
#99=(
REPRESENTATION_RELATIONSHIP($,$,#12945,#12940)
REPRESENTATION_RELATIONSHIP_WITH_TRANSFORMATION(#50)
SHAPE_REPRESENTATION_RELATIONSHIP()
);
#100=(
REPRESENTATION_RELATIONSHIP($,$,#12945,#12940)
REPRESENTATION_RELATIONSHIP_WITH_TRANSFORMATION(#51)
SHAPE_REPRESENTATION_RELATIONSHIP()
);
#101=(
REPRESENTATION_RELATIONSHIP($,$,#12944,#12940)
REPRESENTATION_RELATIONSHIP_WITH_TRANSFORMATION(#52)
SHAPE_REPRESENTATION_RELATIONSHIP()
);
#102=(
REPRESENTATION_RELATIONSHIP($,$,#12945,#12940)
REPRESENTATION_RELATIONSHIP_WITH_TRANSFORMATION(#53)
SHAPE_REPRESENTATION_RELATIONSHIP()
);
#103=(
REPRESENTATION_RELATIONSHIP($,$,#12945,#12940)
REPRESENTATION_RELATIONSHIP_WITH_TRANSFORMATION(#54)
SHAPE_REPRESENTATION_RELATIONSHIP()
);
#104=(
REPRESENTATION_RELATIONSHIP($,$,#12946,#12940)
REPRESENTATION_RELATIONSHIP_WITH_TRANSFORMATION(#55)
SHAPE_REPRESENTATION_RELATIONSHIP()
);
#105=(
REPRESENTATION_RELATIONSHIP($,$,#12944,#12940)
REPRESENTATION_RELATIONSHIP_WITH_TRANSFORMATION(#56)
SHAPE_REPRESENTATION_RELATIONSHIP()
);
#106=(
REPRESENTATION_RELATIONSHIP($,$,#12945,#12940)
REPRESENTATION_RELATIONSHIP_WITH_TRANSFORMATION(#57)
SHAPE_REPRESENTATION_RELATIONSHIP()
);
#107=(
REPRESENTATION_RELATIONSHIP($,$,#12945,#12940)
REPRESENTATION_RELATIONSHIP_WITH_TRANSFORMATION(#58)
SHAPE_REPRESENTATION_RELATIONSHIP()
);
#108=(
REPRESENTATION_RELATIONSHIP($,$,#12946,#12940)
REPRESENTATION_RELATIONSHIP_WITH_TRANSFORMATION(#59)
SHAPE_REPRESENTATION_RELATIONSHIP()
);
#109=CONTEXT_DEPENDENT_SHAPE_REPRESENTATION(#60,#12891);
#110=CONTEXT_DEPENDENT_SHAPE_REPRESENTATION(#61,#12892);
#111=CONTEXT_DEPENDENT_SHAPE_REPRESENTATION(#62,#12893);
#112=CONTEXT_DEPENDENT_SHAPE_REPRESENTATION(#63,#12894);
#113=CONTEXT_DEPENDENT_SHAPE_REPRESENTATION(#64,#12895);
#114=CONTEXT_DEPENDENT_SHAPE_REPRESENTATION(#65,#12896);
#115=CONTEXT_DEPENDENT_SHAPE_REPRESENTATION(#66,#12897);
#116=CONTEXT_DEPENDENT_SHAPE_REPRESENTATION(#67,#12898);
#117=CONTEXT_DEPENDENT_SHAPE_REPRESENTATION(#68,#12899);
#118=CONTEXT_DEPENDENT_SHAPE_REPRESENTATION(#69,#12900);
#119=CONTEXT_DEPENDENT_SHAPE_REPRESENTATION(#70,#12901);
#120=CONTEXT_DEPENDENT_SHAPE_REPRESENTATION(#71,#12902);
#121=CONTEXT_DEPENDENT_SHAPE_REPRESENTATION(#72,#12903);
#122=CONTEXT_DEPENDENT_SHAPE_REPRESENTATION(#73,#12904);
#123=CONTEXT_DEPENDENT_SHAPE_REPRESENTATION(#74,#12905);
#124=CONTEXT_DEPENDENT_SHAPE_REPRESENTATION(#75,#12906);
#125=CONTEXT_DEPENDENT_SHAPE_REPRESENTATION(#76,#12907);
#126=CONTEXT_DEPENDENT_SHAPE_REPRESENTATION(#77,#12908);
#127=CONTEXT_DEPENDENT_SHAPE_REPRESENTATION(#78,#12909);
#128=CONTEXT_DEPENDENT_SHAPE_REPRESENTATION(#79,#12910);
#129=CONTEXT_DEPENDENT_SHAPE_REPRESENTATION(#80,#12911);
#130=CONTEXT_DEPENDENT_SHAPE_REPRESENTATION(#81,#12912);
#131=CONTEXT_DEPENDENT_SHAPE_REPRESENTATION(#82,#12913);
#132=CONTEXT_DEPENDENT_SHAPE_REPRESENTATION(#83,#12914);
#133=CONTEXT_DEPENDENT_SHAPE_REPRESENTATION(#84,#12915);
#134=CONTEXT_DEPENDENT_SHAPE_REPRESENTATION(#85,#12916);
#135=CONTEXT_DEPENDENT_SHAPE_REPRESENTATION(#86,#12917);
#136=CONTEXT_DEPENDENT_SHAPE_REPRESENTATION(#87,#12918);
#137=CONTEXT_DEPENDENT_SHAPE_REPRESENTATION(#88,#12919);
#138=CONTEXT_DEPENDENT_SHAPE_REPRESENTATION(#89,#12920);
#139=CONTEXT_DEPENDENT_SHAPE_REPRESENTATION(#90,#12921);
#140=CONTEXT_DEPENDENT_SHAPE_REPRESENTATION(#91,#12922);
#141=CONTEXT_DEPENDENT_SHAPE_REPRESENTATION(#92,#12923);
#142=CONTEXT_DEPENDENT_SHAPE_REPRESENTATION(#93,#12924);
#143=CONTEXT_DEPENDENT_SHAPE_REPRESENTATION(#94,#12925);
#144=CONTEXT_DEPENDENT_SHAPE_REPRESENTATION(#95,#12926);
#145=CONTEXT_DEPENDENT_SHAPE_REPRESENTATION(#96,#12927);
#146=CONTEXT_DEPENDENT_SHAPE_REPRESENTATION(#97,#12928);
#147=CONTEXT_DEPENDENT_SHAPE_REPRESENTATION(#98,#12929);
#148=CONTEXT_DEPENDENT_SHAPE_REPRESENTATION(#99,#12930);
#149=CONTEXT_DEPENDENT_SHAPE_REPRESENTATION(#100,#12931);
#150=CONTEXT_DEPENDENT_SHAPE_REPRESENTATION(#101,#12932);
#151=CONTEXT_DEPENDENT_SHAPE_REPRESENTATION(#102,#12933);
#152=CONTEXT_DEPENDENT_SHAPE_REPRESENTATION(#103,#12934);
#153=CONTEXT_DEPENDENT_SHAPE_REPRESENTATION(#104,#12935);
#154=CONTEXT_DEPENDENT_SHAPE_REPRESENTATION(#105,#12936);
#155=CONTEXT_DEPENDENT_SHAPE_REPRESENTATION(#106,#12937);
#156=CONTEXT_DEPENDENT_SHAPE_REPRESENTATION(#107,#12938);
#157=CONTEXT_DEPENDENT_SHAPE_REPRESENTATION(#108,#12939);
#158=NEXT_ASSEMBLY_USAGE_OCCURRENCE('BodyFoldedSide1:1',
'BodyFoldedSide1:1','BodyFoldedSide1:1',#12948,#12949,
'BodyFoldedSide1:1');
#159=NEXT_ASSEMBLY_USAGE_OCCURRENCE('BodyFoldedSide2:1',
'BodyFoldedSide2:1','BodyFoldedSide2:1',#12948,#12950,
'BodyFoldedSide2:1');
#160=NEXT_ASSEMBLY_USAGE_OCCURRENCE('BodyFoldedSide1:2',
'BodyFoldedSide1:2','BodyFoldedSide1:2',#12948,#12949,
'BodyFoldedSide1:2');
#161=NEXT_ASSEMBLY_USAGE_OCCURRENCE('BodyFoldedSide2:2',
'BodyFoldedSide2:2','BodyFoldedSide2:2',#12948,#12950,
'BodyFoldedSide2:2');
#162=NEXT_ASSEMBLY_USAGE_OCCURRENCE('BodyFoldedSide1:3',
'BodyFoldedSide1:3','BodyFoldedSide1:3',#12948,#12949,
'BodyFoldedSide1:3');
#163=NEXT_ASSEMBLY_USAGE_OCCURRENCE('BodyFoldedSide2:3',
'BodyFoldedSide2:3','BodyFoldedSide2:3',#12948,#12950,
'BodyFoldedSide2:3');
#164=NEXT_ASSEMBLY_USAGE_OCCURRENCE('BodyFoldedSide1:4',
'BodyFoldedSide1:4','BodyFoldedSide1:4',#12948,#12949,
'BodyFoldedSide1:4');
#165=NEXT_ASSEMBLY_USAGE_OCCURRENCE('BodyFoldedSide2:4',
'BodyFoldedSide2:4','BodyFoldedSide2:4',#12948,#12950,
'BodyFoldedSide2:4');
#166=NEXT_ASSEMBLY_USAGE_OCCURRENCE('BodyFoldedSide1:5',
'BodyFoldedSide1:5','BodyFoldedSide1:5',#12948,#12949,
'BodyFoldedSide1:5');
#167=NEXT_ASSEMBLY_USAGE_OCCURRENCE('BodyFoldedSide2:5',
'BodyFoldedSide2:5','BodyFoldedSide2:5',#12948,#12950,
'BodyFoldedSide2:5');
#168=NEXT_ASSEMBLY_USAGE_OCCURRENCE('SGA:1','SGA:1','SGA:1',#12948,#12951,
'SGA:1');
#169=NEXT_ASSEMBLY_USAGE_OCCURRENCE('SGB:1','SGB:1','SGB:1',#12948,#12954,
'SGB:1');
#170=NEXT_ASSEMBLY_USAGE_OCCURRENCE('SGB:2','SGB:2','SGB:2',#12948,#12954,
'SGB:2');
#171=NEXT_ASSEMBLY_USAGE_OCCURRENCE('SGB:3','SGB:3','SGB:3',#12948,#12954,
'SGB:3');
#172=NEXT_ASSEMBLY_USAGE_OCCURRENCE('SGA:2','SGA:2','SGA:2',#12948,#12951,
'SGA:2');
#173=NEXT_ASSEMBLY_USAGE_OCCURRENCE('SGA:3','SGA:3','SGA:3',#12948,#12951,
'SGA:3');
#174=NEXT_ASSEMBLY_USAGE_OCCURRENCE('Body:1','Body:1','Body:1',#12948,#12952,
'Body:1');
#175=NEXT_ASSEMBLY_USAGE_OCCURRENCE('SGB:4','SGB:4','SGB:4',#12948,#12954,
'SGB:4');
#176=NEXT_ASSEMBLY_USAGE_OCCURRENCE('SGB:5','SGB:5','SGB:5',#12948,#12954,
'SGB:5');
#177=NEXT_ASSEMBLY_USAGE_OCCURRENCE('SGA:4','SGA:4','SGA:4',#12948,#12951,
'SGA:4');
#178=NEXT_ASSEMBLY_USAGE_OCCURRENCE('SGA:7','SGA:7','SGA:7',#12948,#12951,
'SGA:7');
#179=NEXT_ASSEMBLY_USAGE_OCCURRENCE('SGB:7','SGB:7','SGB:7',#12948,#12954,
'SGB:7');
#180=NEXT_ASSEMBLY_USAGE_OCCURRENCE('SGB:8','SGB:8','SGB:8',#12948,#12954,
'SGB:8');
#181=NEXT_ASSEMBLY_USAGE_OCCURRENCE('SGA:8','SGA:8','SGA:8',#12948,#12951,
'SGA:8');
#182=NEXT_ASSEMBLY_USAGE_OCCURRENCE('SGA:9','SGA:9','SGA:9',#12948,#12951,
'SGA:9');
#183=NEXT_ASSEMBLY_USAGE_OCCURRENCE('SGA:10','SGA:10','SGA:10',#12948,#12951,
'SGA:10');
#184=NEXT_ASSEMBLY_USAGE_OCCURRENCE('SGB:9','SGB:9','SGB:9',#12948,#12954,
'SGB:9');
#185=NEXT_ASSEMBLY_USAGE_OCCURRENCE('SGA:11','SGA:11','SGA:11',#12948,#12951,
'SGA:11');
#186=NEXT_ASSEMBLY_USAGE_OCCURRENCE('SGB:10','SGB:10','SGB:10',#12948,#12954,
'SGB:10');
#187=NEXT_ASSEMBLY_USAGE_OCCURRENCE('Body:2','Body:2','Body:2',#12948,#12952,
'Body:2');
#188=NEXT_ASSEMBLY_USAGE_OCCURRENCE('SGA:12','SGA:12','SGA:12',#12948,#12951,
'SGA:12');
#189=NEXT_ASSEMBLY_USAGE_OCCURRENCE('SGX:1','SGX:1','SGX:1',#12948,#12953,
'SGX:1');
#190=NEXT_ASSEMBLY_USAGE_OCCURRENCE('SGX:2','SGX:2','SGX:2',#12948,#12953,
'SGX:2');
#191=NEXT_ASSEMBLY_USAGE_OCCURRENCE('Body:3','Body:3','Body:3',#12948,#12952,
'Body:3');
#192=NEXT_ASSEMBLY_USAGE_OCCURRENCE('SGA:13','SGA:13','SGA:13',#12948,#12951,
'SGA:13');
#193=NEXT_ASSEMBLY_USAGE_OCCURRENCE('SGX:3','SGX:3','SGX:3',#12948,#12953,
'SGX:3');
#194=NEXT_ASSEMBLY_USAGE_OCCURRENCE('SGX:4','SGX:4','SGX:4',#12948,#12953,
'SGX:4');
#195=NEXT_ASSEMBLY_USAGE_OCCURRENCE('Body:4','Body:4','Body:4',#12948,#12952,
'Body:4');
#196=NEXT_ASSEMBLY_USAGE_OCCURRENCE('SGA:14','SGA:14','SGA:14',#12948,#12951,
'SGA:14');
#197=NEXT_ASSEMBLY_USAGE_OCCURRENCE('SGX:5','SGX:5','SGX:5',#12948,#12953,
'SGX:5');
#198=NEXT_ASSEMBLY_USAGE_OCCURRENCE('SGX:6','SGX:6','SGX:6',#12948,#12953,
'SGX:6');
#199=NEXT_ASSEMBLY_USAGE_OCCURRENCE('Body:5','Body:5','Body:5',#12948,#12952,
'Body:5');
#200=NEXT_ASSEMBLY_USAGE_OCCURRENCE('SGX:7','SGX:7','SGX:7',#12948,#12953,
'SGX:7');
#201=NEXT_ASSEMBLY_USAGE_OCCURRENCE('SGX:8','SGX:8','SGX:8',#12948,#12953,
'SGX:8');
#202=NEXT_ASSEMBLY_USAGE_OCCURRENCE('SGB:11','SGB:11','SGB:11',#12948,#12954,
'SGB:11');
#203=NEXT_ASSEMBLY_USAGE_OCCURRENCE('Body:6','Body:6','Body:6',#12948,#12952,
'Body:6');
#204=NEXT_ASSEMBLY_USAGE_OCCURRENCE('SGX:9','SGX:9','SGX:9',#12948,#12953,
'SGX:9');
#205=NEXT_ASSEMBLY_USAGE_OCCURRENCE('SGX:10','SGX:10','SGX:10',#12948,#12953,
'SGX:10');
#206=NEXT_ASSEMBLY_USAGE_OCCURRENCE('SGB:12','SGB:12','SGB:12',#12948,#12954,
'SGB:12');
#207=SPHERICAL_SURFACE('',#7458,0.2);
#208=SPHERICAL_SURFACE('',#7463,0.2);
#209=SPHERICAL_SURFACE('',#7470,0.2);
#210=SPHERICAL_SURFACE('',#7475,0.2);
#211=SPHERICAL_SURFACE('',#7499,0.2);
#212=SPHERICAL_SURFACE('',#7505,0.2);
#213=SPHERICAL_SURFACE('',#7510,0.2);
#214=SPHERICAL_SURFACE('',#7516,0.2);
#215=SPHERICAL_SURFACE('',#7536,0.2);
#216=SPHERICAL_SURFACE('',#7541,0.2);
#217=SPHERICAL_SURFACE('',#7547,0.2);
#218=SPHERICAL_SURFACE('',#7552,0.2);
#219=SPHERICAL_SURFACE('',#7576,0.2);
#220=SPHERICAL_SURFACE('',#7581,0.2);
#221=SPHERICAL_SURFACE('',#7588,0.2);
#222=SPHERICAL_SURFACE('',#7593,0.2);
#223=SPHERICAL_SURFACE('',#7668,0.2);
#224=SPHERICAL_SURFACE('',#7679,0.2);
#225=SPHERICAL_SURFACE('',#7687,0.2);
#226=SPHERICAL_SURFACE('',#7698,0.2);
#227=SPHERICAL_SURFACE('',#7703,0.2);
#228=SPHERICAL_SURFACE('',#7716,0.2);
#229=SPHERICAL_SURFACE('',#7725,0.2);
#230=SPHERICAL_SURFACE('',#7731,0.2);
#231=SPHERICAL_SURFACE('',#7739,0.2);
#232=SPHERICAL_SURFACE('',#7746,0.2);
#233=SPHERICAL_SURFACE('',#7759,0.2);
#234=SPHERICAL_SURFACE('',#7768,0.2);
#235=SPHERICAL_SURFACE('',#7776,0.2);
#236=SPHERICAL_SURFACE('',#7781,0.2);
#237=SPHERICAL_SURFACE('',#7790,0.2);
#238=SPHERICAL_SURFACE('',#7798,0.2);
#239=SPHERICAL_SURFACE('',#7809,0.2);
#240=SPHERICAL_SURFACE('',#7817,0.2);
#241=SPHERICAL_SURFACE('',#7828,0.2);
#242=SPHERICAL_SURFACE('',#7836,0.2);
#243=SPHERICAL_SURFACE('',#7847,0.2);
#244=SPHERICAL_SURFACE('',#7855,0.2);
#245=SPHERICAL_SURFACE('',#7865,0.2);
#246=SPHERICAL_SURFACE('',#7873,0.2);
#247=SPHERICAL_SURFACE('',#7879,0.2);
#248=SPHERICAL_SURFACE('',#7885,0.2);
#249=SPHERICAL_SURFACE('',#7892,0.2);
#250=SPHERICAL_SURFACE('',#7906,0.2);
#251=SPHERICAL_SURFACE('',#7911,0.2);
#252=SPHERICAL_SURFACE('',#7918,0.2);
#253=SPHERICAL_SURFACE('',#7928,0.2);
#254=SPHERICAL_SURFACE('',#7938,0.2);
#255=SPHERICAL_SURFACE('',#7944,0.2);
#256=SPHERICAL_SURFACE('',#7953,0.2);
#257=SPHERICAL_SURFACE('',#7959,0.2);
#258=SPHERICAL_SURFACE('',#7966,0.2);
#259=SPHERICAL_SURFACE('',#8005,0.2);
#260=SPHERICAL_SURFACE('',#8015,0.2);
#261=SPHERICAL_SURFACE('',#8021,0.2);
#262=SPHERICAL_SURFACE('',#8053,0.2);
#263=SPHERICAL_SURFACE('',#8060,0.2);
#264=SPHERICAL_SURFACE('',#8069,0.2);
#265=SPHERICAL_SURFACE('',#8091,0.2);
#266=SPHERICAL_SURFACE('',#8096,0.2);
#267=SPHERICAL_SURFACE('',#8103,0.2);
#268=SPHERICAL_SURFACE('',#8122,0.2);
#269=SPHERICAL_SURFACE('',#8132,0.2);
#270=SPHERICAL_SURFACE('',#8138,0.2);
#271=TOROIDAL_SURFACE('',#7451,1.35,0.2);
#272=TOROIDAL_SURFACE('',#7481,1.75,0.2);
#273=TOROIDAL_SURFACE('',#7492,1.35,0.2);
#274=TOROIDAL_SURFACE('',#7521,1.75,0.2);
#275=TOROIDAL_SURFACE('',#7562,1.75,0.2);
#276=TOROIDAL_SURFACE('',#7569,1.35,0.2);
#277=TOROIDAL_SURFACE('',#7599,1.75,0.2);
#278=TOROIDAL_SURFACE('',#7608,1.35,0.2);
#279=TOROIDAL_SURFACE('',#7695,1.75,0.2);
#280=TOROIDAL_SURFACE('',#7712,1.75,0.2);
#281=TOROIDAL_SURFACE('',#7755,1.75,0.2);
#282=TOROIDAL_SURFACE('',#7806,1.75,0.2);
#283=TOROIDAL_SURFACE('',#7844,1.75,0.2);
#284=TOROIDAL_SURFACE('',#7858,1.75,0.2);
#285=TOROIDAL_SURFACE('',#7899,1.75,0.2);
#286=TOROIDAL_SURFACE('',#7950,1.75,0.2);
#287=TOROIDAL_SURFACE('',#8012,1.75,0.2);
#288=TOROIDAL_SURFACE('',#8044,1.1,0.2);
#289=TOROIDAL_SURFACE('',#8066,1.75,0.2);
#290=TOROIDAL_SURFACE('',#8113,1.75,0.2);
#291=TOROIDAL_SURFACE('',#8129,1.75,0.2);
#292=FACE_BOUND('',#1037,.T.);
#293=FACE_BOUND('',#1145,.T.);
#294=FACE_BOUND('',#1149,.T.);
#295=FACE_BOUND('',#1335,.T.);
#296=FACE_BOUND('',#1342,.T.);
#297=FACE_BOUND('',#1343,.T.);
#298=FACE_BOUND('',#1344,.T.);
#299=FACE_BOUND('',#1345,.T.);
#300=FACE_BOUND('',#1346,.T.);
#301=FACE_BOUND('',#1347,.T.);
#302=FACE_BOUND('',#1348,.T.);
#303=FACE_BOUND('',#1349,.T.);
#304=FACE_BOUND('',#1350,.T.);
#305=FACE_BOUND('',#1352,.T.);
#306=FACE_BOUND('',#1376,.T.);
#307=FACE_BOUND('',#1430,.T.);
#308=FACE_BOUND('',#1450,.T.);
#309=FACE_BOUND('',#1453,.T.);
#310=ELLIPSE('',#7419,0.282842712474619,0.2);
#311=ELLIPSE('',#7439,0.282842712474619,0.2);
#312=ELLIPSE('',#7441,0.282842712474619,0.2);
#313=ELLIPSE('',#7444,0.282842712474619,0.2);
#314=ELLIPSE('',#7447,0.282842712474619,0.2);
#315=ELLIPSE('',#7450,0.282842712474619,0.2);
#316=ELLIPSE('',#7457,0.282842712474619,0.2);
#317=ELLIPSE('',#7468,0.282842712474619,0.2);
#318=ELLIPSE('',#7498,0.282842712474619,0.2);
#319=ELLIPSE('',#7504,0.282842712474619,0.2);
#320=ELLIPSE('',#7535,0.282842712474619,0.2);
#321=ELLIPSE('',#7557,0.282842712474619,0.2);
#322=ELLIPSE('',#7575,0.282842712474619,0.2);
#323=ELLIPSE('',#7586,0.282842712474619,0.2);
#324=ELLIPSE('',#8010,0.282842712474619,0.2);
#325=ELLIPSE('',#8027,0.282842712474619,0.2);
#326=ELLIPSE('',#8058,0.282842712474619,0.2);
#327=ELLIPSE('',#8075,0.282842712474619,0.2);
#328=ELLIPSE('',#8090,0.282842712474619,0.2);
#329=ELLIPSE('',#8108,0.282842712474619,0.2);
#330=ELLIPSE('',#8127,0.282842712474619,0.2);
#331=ELLIPSE('',#8143,0.282842712474619,0.2);
#332=B_SPLINE_CURVE_WITH_KNOTS('',3,(#10770,#10771,#10772,#10773,#10774,
#10775,#10776,#10777,#10778,#10779,#10780,#10781,#10782,#10783),
 .UNSPECIFIED.,.F.,.F.,(4,2,2,2,2,2,4),(-0.0342464974890914,-0.0340161110597115,
-0.0278486707312886,-0.0214092972727561,-0.013634101218306,-0.00671295286326013,
0.),.UNSPECIFIED.);
#333=B_SPLINE_CURVE_WITH_KNOTS('',3,(#10841,#10842,#10843,#10844,#10845,
#10846,#10847,#10848,#10849,#10850,#10851,#10852,#10853,#10854),
 .UNSPECIFIED.,.F.,.F.,(4,2,2,2,2,2,4),(-0.0341829148645336,-0.0274370438914443,
-0.0204819565044502,-0.0126686334494275,-0.00619768342435961,0.,0.000231516168578527),
 .UNSPECIFIED.);
#334=B_SPLINE_CURVE_WITH_KNOTS('',3,(#10861,#10862,#10863,#10864,#10865,
#10866,#10867,#10868,#10869,#10870,#10871,#10872,#10873,#10874),
 .UNSPECIFIED.,.F.,.F.,(4,2,2,2,2,2,4),(-0.0342464974890261,-0.0340161110596162,
-0.0278486707312871,-0.0214092972727552,-0.0136341012183056,-0.00671295286326006,
0.),.UNSPECIFIED.);
#335=B_SPLINE_CURVE_WITH_KNOTS('',3,(#10891,#10892,#10893,#10894,#10895,
#10896,#10897,#10898,#10899,#10900,#10901,#10902,#10903,#10904),
 .UNSPECIFIED.,.F.,.F.,(4,2,2,2,2,2,4),(-0.0341829148645463,-0.0274370438914546,
-0.0204819565044579,-0.0126686334494321,-0.0061976834243615,0.,0.000231516168578621),
 .UNSPECIFIED.);
#336=B_SPLINE_CURVE_WITH_KNOTS('',3,(#10924,#10925,#10926,#10927,#10928,
#10929,#10930,#10931,#10932,#10933,#10934,#10935,#10936,#10937),
 .UNSPECIFIED.,.F.,.F.,(4,2,2,2,2,2,4),(-0.0341829148644927,-0.0274370438914117,
-0.0204819565044261,-0.0126686334494132,-0.0061976834243534,0.,0.000231516168577804),
 .UNSPECIFIED.);
#337=B_SPLINE_CURVE_WITH_KNOTS('',3,(#10957,#10958,#10959,#10960,#10961,
#10962,#10963,#10964,#10965,#10966,#10967,#10968,#10969,#10970),
 .UNSPECIFIED.,.F.,.F.,(4,2,2,2,2,2,4),(-0.0342464974889367,-0.0340161110596175,
-0.0278486707312871,-0.0214092972727554,-0.0136341012183058,-0.00671295286326013,
0.),.UNSPECIFIED.);
#338=B_SPLINE_CURVE_WITH_KNOTS('',3,(#11047,#11048,#11049,#11050,#11051,
#11052,#11053,#11054,#11055,#11056),.UNSPECIFIED.,.F.,.F.,(4,2,2,2,4),(0.,
0.00705654603044589,0.0146195082143608,0.0229509907719152,0.0322415002750799),
 .UNSPECIFIED.);
#339=B_SPLINE_CURVE_WITH_KNOTS('',3,(#11318,#11319,#11320,#11321,#11322,
#11323,#11324,#11325,#11326,#11327),.UNSPECIFIED.,.F.,.F.,(4,2,2,2,4),(0.0989696878143464,
0.108260197317511,0.116591679875065,0.12415464205898,0.131211188089426),
 .UNSPECIFIED.);
#340=B_SPLINE_CURVE_WITH_KNOTS('',3,(#12264,#12265,#12266,#12267,#12268,
#12269,#12270,#12271,#12272,#12273,#12274,#12275,#12276,#12277),
 .UNSPECIFIED.,.F.,.F.,(4,2,2,2,2,2,4),(-0.0329456226728203,-0.0327274478312124,
-0.0277634664999175,-0.0228287165680733,-0.0146040280137332,-0.00712602589036416,
0.),.UNSPECIFIED.);
#341=B_SPLINE_CURVE_WITH_KNOTS('',3,(#12282,#12283,#12284,#12285,#12286,
#12287,#12288,#12289,#12290,#12291,#12292,#12293,#12294,#12295),
 .UNSPECIFIED.,.F.,.F.,(4,2,2,2,2,2,4),(-0.000218821434827867,0.,0.00497869281981377,
0.00992806760862365,0.0181771312367476,0.0256772955188796,0.0328244404346893),
 .UNSPECIFIED.);
#342=B_SPLINE_CURVE_WITH_KNOTS('',3,(#12424,#12425,#12426,#12427,#12428,
#12429,#12430,#12431,#12432,#12433,#12434,#12435,#12436,#12437),
 .UNSPECIFIED.,.F.,.F.,(4,2,2,2,2,2,4),(-0.0329456226728243,-0.0327274478312165,
-0.0277634664999194,-0.0228287165680745,-0.0146040280137343,-0.00712602589036447,
0.),.UNSPECIFIED.);
#343=B_SPLINE_CURVE_WITH_KNOTS('',3,(#12455,#12456,#12457,#12458,#12459,
#12460,#12461,#12462,#12463,#12464,#12465,#12466,#12467,#12468),
 .UNSPECIFIED.,.F.,.F.,(4,2,2,2,2,2,4),(-0.000218821434830209,0.,0.00497869281983333,
0.00992806760866601,0.0181771312368268,0.0256772955189925,0.0328244404348345),
 .UNSPECIFIED.);
#344=B_SPLINE_CURVE_WITH_KNOTS('',3,(#12589,#12590,#12591,#12592,#12593,
#12594,#12595,#12596,#12597,#12598,#12599,#12600,#12601,#12602),
 .UNSPECIFIED.,.F.,.F.,(4,2,2,2,2,2,4),(-0.0329456226728255,-0.0327274478312175,
-0.0277634664999218,-0.0228287165680772,-0.0146040280137357,-0.0071260258903648,
0.),.UNSPECIFIED.);
#345=B_SPLINE_CURVE_WITH_KNOTS('',3,(#12608,#12609,#12610,#12611,#12612,
#12613,#12614,#12615,#12616,#12617,#12618,#12619,#12620,#12621),
 .UNSPECIFIED.,.F.,.F.,(4,2,2,2,2,2,4),(-0.000218821434829985,0.,0.00497869281983291,
0.009928067608665,0.0181771312368252,0.0256772955189903,0.0328244404348313),
 .UNSPECIFIED.);
#346=B_SPLINE_CURVE_WITH_KNOTS('',3,(#12660,#12661,#12662,#12663,#12664,
#12665,#12666,#12667,#12668,#12669,#12670,#12671,#12672,#12673),
 .UNSPECIFIED.,.F.,.F.,(4,2,2,2,2,2,4),(-0.0329456226728244,-0.0327274478312168,
-0.0277634664999197,-0.022828716568075,-0.0146040280137341,-0.00712602589036433,
0.),.UNSPECIFIED.);
#347=B_SPLINE_CURVE_WITH_KNOTS('',3,(#12678,#12679,#12680,#12681,#12682,
#12683,#12684,#12685,#12686,#12687,#12688,#12689,#12690,#12691),
 .UNSPECIFIED.,.F.,.F.,(4,2,2,2,2,2,4),(-0.000218821434828956,0.,0.00497869281982339,
0.00992806760864424,0.0181771312367863,0.0256772955189345,0.0328244404347604),
 .UNSPECIFIED.);
#348=SHAPE_REPRESENTATION_RELATIONSHIP('SRR','None',#12941,#354);
#349=SHAPE_REPRESENTATION_RELATIONSHIP('SRR','None',#12942,#355);
#350=SHAPE_REPRESENTATION_RELATIONSHIP('SRR','None',#12943,#356);
#351=SHAPE_REPRESENTATION_RELATIONSHIP('SRR','None',#12944,#357);
#352=SHAPE_REPRESENTATION_RELATIONSHIP('SRR','None',#12945,#358);
#353=SHAPE_REPRESENTATION_RELATIONSHIP('SRR','None',#12946,#359);
#354=ADVANCED_BREP_SHAPE_REPRESENTATION('',(#366),#12866);
#355=ADVANCED_BREP_SHAPE_REPRESENTATION('',(#367),#12867);
#356=ADVANCED_BREP_SHAPE_REPRESENTATION('',(#368),#12868);
#357=ADVANCED_BREP_SHAPE_REPRESENTATION('',(#369),#12869);
#358=ADVANCED_BREP_SHAPE_REPRESENTATION('',(#370),#12870);
#359=ADVANCED_BREP_SHAPE_REPRESENTATION('',(#371),#12871);
#360=STYLED_ITEM('',(#7306),#366);
#361=STYLED_ITEM('',(#7306),#367);
#362=STYLED_ITEM('',(#7306),#368);
#363=STYLED_ITEM('',(#7306),#369);
#364=STYLED_ITEM('',(#7306),#370);
#365=STYLED_ITEM('',(#7306),#371);
#366=MANIFOLD_SOLID_BREP('Solid3',#7230);
#367=MANIFOLD_SOLID_BREP('Solid3',#7231);
#368=MANIFOLD_SOLID_BREP('Solid1',#7232);
#369=MANIFOLD_SOLID_BREP('Solid3',#7233);
#370=MANIFOLD_SOLID_BREP('Solid1',#7234);
#371=MANIFOLD_SOLID_BREP('Solid1',#7235);
#372=PLANE('',#7362);
#373=PLANE('',#7366);
#374=PLANE('',#7370);
#375=PLANE('',#7371);
#376=PLANE('',#7372);
#377=PLANE('',#7376);
#378=PLANE('',#7377);
#379=PLANE('',#7378);
#380=PLANE('',#7379);
#381=PLANE('',#7380);
#382=PLANE('',#7381);
#383=PLANE('',#7384);
#384=PLANE('',#7389);
#385=PLANE('',#7390);
#386=PLANE('',#7391);
#387=PLANE('',#7392);
#388=PLANE('',#7393);
#389=PLANE('',#7394);
#390=PLANE('',#7395);
#391=PLANE('',#7396);
#392=PLANE('',#7397);
#393=PLANE('',#7399);
#394=PLANE('',#7400);
#395=PLANE('',#7405);
#396=PLANE('',#7406);
#397=PLANE('',#7407);
#398=PLANE('',#7410);
#399=PLANE('',#7411);
#400=PLANE('',#7412);
#401=PLANE('',#7413);
#402=PLANE('',#7414);
#403=PLANE('',#7415);
#404=PLANE('',#7416);
#405=PLANE('',#7420);
#406=PLANE('',#7442);
#407=PLANE('',#7445);
#408=PLANE('',#7448);
#409=PLANE('',#7487);
#410=PLANE('',#7488);
#411=PLANE('',#7489);
#412=PLANE('',#7490);
#413=PLANE('',#7491);
#414=PLANE('',#7528);
#415=PLANE('',#7529);
#416=PLANE('',#7530);
#417=PLANE('',#7532);
#418=PLANE('',#7565);
#419=PLANE('',#7566);
#420=PLANE('',#7567);
#421=PLANE('',#7568);
#422=PLANE('',#7605);
#423=PLANE('',#7606);
#424=PLANE('',#7607);
#425=PLANE('',#7610);
#426=PLANE('',#7611);
#427=PLANE('',#7614);
#428=PLANE('',#7615);
#429=PLANE('',#7616);
#430=PLANE('',#7617);
#431=PLANE('',#7619);
#432=PLANE('',#7621);
#433=PLANE('',#7623);
#434=PLANE('',#7624);
#435=PLANE('',#7625);
#436=PLANE('',#7626);
#437=PLANE('',#7627);
#438=PLANE('',#7628);
#439=PLANE('',#7629);
#440=PLANE('',#7632);
#441=PLANE('',#7633);
#442=PLANE('',#7635);
#443=PLANE('',#7636);
#444=PLANE('',#7637);
#445=PLANE('',#7638);
#446=PLANE('',#7639);
#447=PLANE('',#7640);
#448=PLANE('',#7644);
#449=PLANE('',#7651);
#450=PLANE('',#7652);
#451=PLANE('',#7653);
#452=PLANE('',#7654);
#453=PLANE('',#7655);
#454=PLANE('',#7656);
#455=PLANE('',#7657);
#456=PLANE('',#7658);
#457=PLANE('',#7659);
#458=PLANE('',#7660);
#459=PLANE('',#7661);
#460=PLANE('',#7662);
#461=PLANE('',#7663);
#462=PLANE('',#7664);
#463=PLANE('',#7665);
#464=PLANE('',#7666);
#465=PLANE('',#7674);
#466=PLANE('',#7684);
#467=PLANE('',#7702);
#468=PLANE('',#7709);
#469=PLANE('',#7722);
#470=PLANE('',#7736);
#471=PLANE('',#7744);
#472=PLANE('',#7752);
#473=PLANE('',#7773);
#474=PLANE('',#7780);
#475=PLANE('',#7787);
#476=PLANE('',#7795);
#477=PLANE('',#7814);
#478=PLANE('',#7823);
#479=PLANE('',#7833);
#480=PLANE('',#7851);
#481=PLANE('',#7864);
#482=PLANE('',#7870);
#483=PLANE('',#7903);
#484=PLANE('',#7904);
#485=PLANE('',#7905);
#486=PLANE('',#7924);
#487=PLANE('',#7925);
#488=PLANE('',#7926);
#489=PLANE('',#7927);
#490=PLANE('',#7934);
#491=PLANE('',#7935);
#492=PLANE('',#7936);
#493=PLANE('',#7937);
#494=PLANE('',#7977);
#495=PLANE('',#7978);
#496=PLANE('',#7979);
#497=PLANE('',#7984);
#498=PLANE('',#7985);
#499=PLANE('',#7986);
#500=PLANE('',#7987);
#501=PLANE('',#7988);
#502=PLANE('',#7989);
#503=PLANE('',#7990);
#504=PLANE('',#7991);
#505=PLANE('',#7992);
#506=PLANE('',#7993);
#507=PLANE('',#7994);
#508=PLANE('',#7998);
#509=PLANE('',#7999);
#510=PLANE('',#8000);
#511=PLANE('',#8001);
#512=PLANE('',#8002);
#513=PLANE('',#8003);
#514=PLANE('',#8034);
#515=PLANE('',#8036);
#516=PLANE('',#8039);
#517=PLANE('',#8040);
#518=PLANE('',#8041);
#519=PLANE('',#8043);
#520=PLANE('',#8051);
#521=PLANE('',#8081);
#522=PLANE('',#8084);
#523=PLANE('',#8085);
#524=PLANE('',#8086);
#525=PLANE('',#8088);
#526=PLANE('',#8117);
#527=PLANE('',#8118);
#528=PLANE('',#8119);
#529=PLANE('',#8121);
#530=PLANE('',#8149);
#531=PLANE('',#8150);
#532=PLANE('',#8151);
#533=PLANE('',#8152);
#534=PLANE('',#8155);
#535=PLANE('',#8156);
#536=PLANE('',#8157);
#537=PLANE('',#8158);
#538=PLANE('',#8160);
#539=PLANE('',#8161);
#540=PLANE('',#8162);
#541=PLANE('',#8164);
#542=PLANE('',#8165);
#543=PLANE('',#8166);
#544=PLANE('',#8167);
#545=PLANE('',#8168);
#546=PLANE('',#8169);
#547=PLANE('',#8170);
#548=PLANE('',#8171);
#549=PLANE('',#8172);
#550=PLANE('',#8173);
#551=PLANE('',#8176);
#552=FACE_OUTER_BOUND('',#994,.T.);
#553=FACE_OUTER_BOUND('',#995,.T.);
#554=FACE_OUTER_BOUND('',#996,.T.);
#555=FACE_OUTER_BOUND('',#997,.T.);
#556=FACE_OUTER_BOUND('',#998,.T.);
#557=FACE_OUTER_BOUND('',#999,.T.);
#558=FACE_OUTER_BOUND('',#1000,.T.);
#559=FACE_OUTER_BOUND('',#1001,.T.);
#560=FACE_OUTER_BOUND('',#1002,.T.);
#561=FACE_OUTER_BOUND('',#1003,.T.);
#562=FACE_OUTER_BOUND('',#1004,.T.);
#563=FACE_OUTER_BOUND('',#1005,.T.);
#564=FACE_OUTER_BOUND('',#1006,.T.);
#565=FACE_OUTER_BOUND('',#1007,.T.);
#566=FACE_OUTER_BOUND('',#1008,.T.);
#567=FACE_OUTER_BOUND('',#1009,.T.);
#568=FACE_OUTER_BOUND('',#1010,.T.);
#569=FACE_OUTER_BOUND('',#1011,.T.);
#570=FACE_OUTER_BOUND('',#1012,.T.);
#571=FACE_OUTER_BOUND('',#1013,.T.);
#572=FACE_OUTER_BOUND('',#1014,.T.);
#573=FACE_OUTER_BOUND('',#1015,.T.);
#574=FACE_OUTER_BOUND('',#1016,.T.);
#575=FACE_OUTER_BOUND('',#1017,.T.);
#576=FACE_OUTER_BOUND('',#1018,.T.);
#577=FACE_OUTER_BOUND('',#1019,.T.);
#578=FACE_OUTER_BOUND('',#1020,.T.);
#579=FACE_OUTER_BOUND('',#1021,.T.);
#580=FACE_OUTER_BOUND('',#1022,.T.);
#581=FACE_OUTER_BOUND('',#1023,.T.);
#582=FACE_OUTER_BOUND('',#1024,.T.);
#583=FACE_OUTER_BOUND('',#1025,.T.);
#584=FACE_OUTER_BOUND('',#1026,.T.);
#585=FACE_OUTER_BOUND('',#1027,.T.);
#586=FACE_OUTER_BOUND('',#1028,.T.);
#587=FACE_OUTER_BOUND('',#1029,.T.);
#588=FACE_OUTER_BOUND('',#1030,.T.);
#589=FACE_OUTER_BOUND('',#1031,.T.);
#590=FACE_OUTER_BOUND('',#1032,.T.);
#591=FACE_OUTER_BOUND('',#1033,.T.);
#592=FACE_OUTER_BOUND('',#1034,.T.);
#593=FACE_OUTER_BOUND('',#1035,.T.);
#594=FACE_OUTER_BOUND('',#1036,.T.);
#595=FACE_OUTER_BOUND('',#1038,.T.);
#596=FACE_OUTER_BOUND('',#1039,.T.);
#597=FACE_OUTER_BOUND('',#1040,.T.);
#598=FACE_OUTER_BOUND('',#1041,.T.);
#599=FACE_OUTER_BOUND('',#1042,.T.);
#600=FACE_OUTER_BOUND('',#1043,.T.);
#601=FACE_OUTER_BOUND('',#1044,.T.);
#602=FACE_OUTER_BOUND('',#1045,.T.);
#603=FACE_OUTER_BOUND('',#1046,.T.);
#604=FACE_OUTER_BOUND('',#1047,.T.);
#605=FACE_OUTER_BOUND('',#1048,.T.);
#606=FACE_OUTER_BOUND('',#1049,.T.);
#607=FACE_OUTER_BOUND('',#1050,.T.);
#608=FACE_OUTER_BOUND('',#1051,.T.);
#609=FACE_OUTER_BOUND('',#1052,.T.);
#610=FACE_OUTER_BOUND('',#1053,.T.);
#611=FACE_OUTER_BOUND('',#1054,.T.);
#612=FACE_OUTER_BOUND('',#1055,.T.);
#613=FACE_OUTER_BOUND('',#1056,.T.);
#614=FACE_OUTER_BOUND('',#1057,.T.);
#615=FACE_OUTER_BOUND('',#1058,.T.);
#616=FACE_OUTER_BOUND('',#1059,.T.);
#617=FACE_OUTER_BOUND('',#1060,.T.);
#618=FACE_OUTER_BOUND('',#1061,.T.);
#619=FACE_OUTER_BOUND('',#1062,.T.);
#620=FACE_OUTER_BOUND('',#1063,.T.);
#621=FACE_OUTER_BOUND('',#1064,.T.);
#622=FACE_OUTER_BOUND('',#1065,.T.);
#623=FACE_OUTER_BOUND('',#1066,.T.);
#624=FACE_OUTER_BOUND('',#1067,.T.);
#625=FACE_OUTER_BOUND('',#1068,.T.);
#626=FACE_OUTER_BOUND('',#1069,.T.);
#627=FACE_OUTER_BOUND('',#1070,.T.);
#628=FACE_OUTER_BOUND('',#1071,.T.);
#629=FACE_OUTER_BOUND('',#1072,.T.);
#630=FACE_OUTER_BOUND('',#1073,.T.);
#631=FACE_OUTER_BOUND('',#1074,.T.);
#632=FACE_OUTER_BOUND('',#1075,.T.);
#633=FACE_OUTER_BOUND('',#1076,.T.);
#634=FACE_OUTER_BOUND('',#1077,.T.);
#635=FACE_OUTER_BOUND('',#1078,.T.);
#636=FACE_OUTER_BOUND('',#1079,.T.);
#637=FACE_OUTER_BOUND('',#1080,.T.);
#638=FACE_OUTER_BOUND('',#1081,.T.);
#639=FACE_OUTER_BOUND('',#1082,.T.);
#640=FACE_OUTER_BOUND('',#1083,.T.);
#641=FACE_OUTER_BOUND('',#1084,.T.);
#642=FACE_OUTER_BOUND('',#1085,.T.);
#643=FACE_OUTER_BOUND('',#1086,.T.);
#644=FACE_OUTER_BOUND('',#1087,.T.);
#645=FACE_OUTER_BOUND('',#1088,.T.);
#646=FACE_OUTER_BOUND('',#1089,.T.);
#647=FACE_OUTER_BOUND('',#1090,.T.);
#648=FACE_OUTER_BOUND('',#1091,.T.);
#649=FACE_OUTER_BOUND('',#1092,.T.);
#650=FACE_OUTER_BOUND('',#1093,.T.);
#651=FACE_OUTER_BOUND('',#1094,.T.);
#652=FACE_OUTER_BOUND('',#1095,.T.);
#653=FACE_OUTER_BOUND('',#1096,.T.);
#654=FACE_OUTER_BOUND('',#1097,.T.);
#655=FACE_OUTER_BOUND('',#1098,.T.);
#656=FACE_OUTER_BOUND('',#1099,.T.);
#657=FACE_OUTER_BOUND('',#1100,.T.);
#658=FACE_OUTER_BOUND('',#1101,.T.);
#659=FACE_OUTER_BOUND('',#1102,.T.);
#660=FACE_OUTER_BOUND('',#1103,.T.);
#661=FACE_OUTER_BOUND('',#1104,.T.);
#662=FACE_OUTER_BOUND('',#1105,.T.);
#663=FACE_OUTER_BOUND('',#1106,.T.);
#664=FACE_OUTER_BOUND('',#1107,.T.);
#665=FACE_OUTER_BOUND('',#1108,.T.);
#666=FACE_OUTER_BOUND('',#1109,.T.);
#667=FACE_OUTER_BOUND('',#1110,.T.);
#668=FACE_OUTER_BOUND('',#1111,.T.);
#669=FACE_OUTER_BOUND('',#1112,.T.);
#670=FACE_OUTER_BOUND('',#1113,.T.);
#671=FACE_OUTER_BOUND('',#1114,.T.);
#672=FACE_OUTER_BOUND('',#1115,.T.);
#673=FACE_OUTER_BOUND('',#1116,.T.);
#674=FACE_OUTER_BOUND('',#1117,.T.);
#675=FACE_OUTER_BOUND('',#1118,.T.);
#676=FACE_OUTER_BOUND('',#1119,.T.);
#677=FACE_OUTER_BOUND('',#1120,.T.);
#678=FACE_OUTER_BOUND('',#1121,.T.);
#679=FACE_OUTER_BOUND('',#1122,.T.);
#680=FACE_OUTER_BOUND('',#1123,.T.);
#681=FACE_OUTER_BOUND('',#1124,.T.);
#682=FACE_OUTER_BOUND('',#1125,.T.);
#683=FACE_OUTER_BOUND('',#1126,.T.);
#684=FACE_OUTER_BOUND('',#1127,.T.);
#685=FACE_OUTER_BOUND('',#1128,.T.);
#686=FACE_OUTER_BOUND('',#1129,.T.);
#687=FACE_OUTER_BOUND('',#1130,.T.);
#688=FACE_OUTER_BOUND('',#1131,.T.);
#689=FACE_OUTER_BOUND('',#1132,.T.);
#690=FACE_OUTER_BOUND('',#1133,.T.);
#691=FACE_OUTER_BOUND('',#1134,.T.);
#692=FACE_OUTER_BOUND('',#1135,.T.);
#693=FACE_OUTER_BOUND('',#1136,.T.);
#694=FACE_OUTER_BOUND('',#1137,.T.);
#695=FACE_OUTER_BOUND('',#1138,.T.);
#696=FACE_OUTER_BOUND('',#1139,.T.);
#697=FACE_OUTER_BOUND('',#1140,.T.);
#698=FACE_OUTER_BOUND('',#1141,.T.);
#699=FACE_OUTER_BOUND('',#1142,.T.);
#700=FACE_OUTER_BOUND('',#1143,.T.);
#701=FACE_OUTER_BOUND('',#1144,.T.);
#702=FACE_OUTER_BOUND('',#1146,.T.);
#703=FACE_OUTER_BOUND('',#1147,.T.);
#704=FACE_OUTER_BOUND('',#1148,.T.);
#705=FACE_OUTER_BOUND('',#1150,.T.);
#706=FACE_OUTER_BOUND('',#1151,.T.);
#707=FACE_OUTER_BOUND('',#1152,.T.);
#708=FACE_OUTER_BOUND('',#1153,.T.);
#709=FACE_OUTER_BOUND('',#1154,.T.);
#710=FACE_OUTER_BOUND('',#1155,.T.);
#711=FACE_OUTER_BOUND('',#1156,.T.);
#712=FACE_OUTER_BOUND('',#1157,.T.);
#713=FACE_OUTER_BOUND('',#1158,.T.);
#714=FACE_OUTER_BOUND('',#1159,.T.);
#715=FACE_OUTER_BOUND('',#1160,.T.);
#716=FACE_OUTER_BOUND('',#1161,.T.);
#717=FACE_OUTER_BOUND('',#1162,.T.);
#718=FACE_OUTER_BOUND('',#1163,.T.);
#719=FACE_OUTER_BOUND('',#1164,.T.);
#720=FACE_OUTER_BOUND('',#1165,.T.);
#721=FACE_OUTER_BOUND('',#1166,.T.);
#722=FACE_OUTER_BOUND('',#1167,.T.);
#723=FACE_OUTER_BOUND('',#1168,.T.);
#724=FACE_OUTER_BOUND('',#1169,.T.);
#725=FACE_OUTER_BOUND('',#1170,.T.);
#726=FACE_OUTER_BOUND('',#1171,.T.);
#727=FACE_OUTER_BOUND('',#1172,.T.);
#728=FACE_OUTER_BOUND('',#1173,.T.);
#729=FACE_OUTER_BOUND('',#1174,.T.);
#730=FACE_OUTER_BOUND('',#1175,.T.);
#731=FACE_OUTER_BOUND('',#1176,.T.);
#732=FACE_OUTER_BOUND('',#1177,.T.);
#733=FACE_OUTER_BOUND('',#1178,.T.);
#734=FACE_OUTER_BOUND('',#1179,.T.);
#735=FACE_OUTER_BOUND('',#1180,.T.);
#736=FACE_OUTER_BOUND('',#1181,.T.);
#737=FACE_OUTER_BOUND('',#1182,.T.);
#738=FACE_OUTER_BOUND('',#1183,.T.);
#739=FACE_OUTER_BOUND('',#1184,.T.);
#740=FACE_OUTER_BOUND('',#1185,.T.);
#741=FACE_OUTER_BOUND('',#1186,.T.);
#742=FACE_OUTER_BOUND('',#1187,.T.);
#743=FACE_OUTER_BOUND('',#1188,.T.);
#744=FACE_OUTER_BOUND('',#1189,.T.);
#745=FACE_OUTER_BOUND('',#1190,.T.);
#746=FACE_OUTER_BOUND('',#1191,.T.);
#747=FACE_OUTER_BOUND('',#1192,.T.);
#748=FACE_OUTER_BOUND('',#1193,.T.);
#749=FACE_OUTER_BOUND('',#1194,.T.);
#750=FACE_OUTER_BOUND('',#1195,.T.);
#751=FACE_OUTER_BOUND('',#1196,.T.);
#752=FACE_OUTER_BOUND('',#1197,.T.);
#753=FACE_OUTER_BOUND('',#1198,.T.);
#754=FACE_OUTER_BOUND('',#1199,.T.);
#755=FACE_OUTER_BOUND('',#1200,.T.);
#756=FACE_OUTER_BOUND('',#1201,.T.);
#757=FACE_OUTER_BOUND('',#1202,.T.);
#758=FACE_OUTER_BOUND('',#1203,.T.);
#759=FACE_OUTER_BOUND('',#1204,.T.);
#760=FACE_OUTER_BOUND('',#1205,.T.);
#761=FACE_OUTER_BOUND('',#1206,.T.);
#762=FACE_OUTER_BOUND('',#1207,.T.);
#763=FACE_OUTER_BOUND('',#1208,.T.);
#764=FACE_OUTER_BOUND('',#1209,.T.);
#765=FACE_OUTER_BOUND('',#1210,.T.);
#766=FACE_OUTER_BOUND('',#1211,.T.);
#767=FACE_OUTER_BOUND('',#1212,.T.);
#768=FACE_OUTER_BOUND('',#1213,.T.);
#769=FACE_OUTER_BOUND('',#1214,.T.);
#770=FACE_OUTER_BOUND('',#1215,.T.);
#771=FACE_OUTER_BOUND('',#1216,.T.);
#772=FACE_OUTER_BOUND('',#1217,.T.);
#773=FACE_OUTER_BOUND('',#1218,.T.);
#774=FACE_OUTER_BOUND('',#1219,.T.);
#775=FACE_OUTER_BOUND('',#1220,.T.);
#776=FACE_OUTER_BOUND('',#1221,.T.);
#777=FACE_OUTER_BOUND('',#1222,.T.);
#778=FACE_OUTER_BOUND('',#1223,.T.);
#779=FACE_OUTER_BOUND('',#1224,.T.);
#780=FACE_OUTER_BOUND('',#1225,.T.);
#781=FACE_OUTER_BOUND('',#1226,.T.);
#782=FACE_OUTER_BOUND('',#1227,.T.);
#783=FACE_OUTER_BOUND('',#1228,.T.);
#784=FACE_OUTER_BOUND('',#1229,.T.);
#785=FACE_OUTER_BOUND('',#1230,.T.);
#786=FACE_OUTER_BOUND('',#1231,.T.);
#787=FACE_OUTER_BOUND('',#1232,.T.);
#788=FACE_OUTER_BOUND('',#1233,.T.);
#789=FACE_OUTER_BOUND('',#1234,.T.);
#790=FACE_OUTER_BOUND('',#1235,.T.);
#791=FACE_OUTER_BOUND('',#1236,.T.);
#792=FACE_OUTER_BOUND('',#1237,.T.);
#793=FACE_OUTER_BOUND('',#1238,.T.);
#794=FACE_OUTER_BOUND('',#1239,.T.);
#795=FACE_OUTER_BOUND('',#1240,.T.);
#796=FACE_OUTER_BOUND('',#1241,.T.);
#797=FACE_OUTER_BOUND('',#1242,.T.);
#798=FACE_OUTER_BOUND('',#1243,.T.);
#799=FACE_OUTER_BOUND('',#1244,.T.);
#800=FACE_OUTER_BOUND('',#1245,.T.);
#801=FACE_OUTER_BOUND('',#1246,.T.);
#802=FACE_OUTER_BOUND('',#1247,.T.);
#803=FACE_OUTER_BOUND('',#1248,.T.);
#804=FACE_OUTER_BOUND('',#1249,.T.);
#805=FACE_OUTER_BOUND('',#1250,.T.);
#806=FACE_OUTER_BOUND('',#1251,.T.);
#807=FACE_OUTER_BOUND('',#1252,.T.);
#808=FACE_OUTER_BOUND('',#1253,.T.);
#809=FACE_OUTER_BOUND('',#1254,.T.);
#810=FACE_OUTER_BOUND('',#1255,.T.);
#811=FACE_OUTER_BOUND('',#1256,.T.);
#812=FACE_OUTER_BOUND('',#1257,.T.);
#813=FACE_OUTER_BOUND('',#1258,.T.);
#814=FACE_OUTER_BOUND('',#1259,.T.);
#815=FACE_OUTER_BOUND('',#1260,.T.);
#816=FACE_OUTER_BOUND('',#1261,.T.);
#817=FACE_OUTER_BOUND('',#1262,.T.);
#818=FACE_OUTER_BOUND('',#1263,.T.);
#819=FACE_OUTER_BOUND('',#1264,.T.);
#820=FACE_OUTER_BOUND('',#1265,.T.);
#821=FACE_OUTER_BOUND('',#1266,.T.);
#822=FACE_OUTER_BOUND('',#1267,.T.);
#823=FACE_OUTER_BOUND('',#1268,.T.);
#824=FACE_OUTER_BOUND('',#1269,.T.);
#825=FACE_OUTER_BOUND('',#1270,.T.);
#826=FACE_OUTER_BOUND('',#1271,.T.);
#827=FACE_OUTER_BOUND('',#1272,.T.);
#828=FACE_OUTER_BOUND('',#1273,.T.);
#829=FACE_OUTER_BOUND('',#1274,.T.);
#830=FACE_OUTER_BOUND('',#1275,.T.);
#831=FACE_OUTER_BOUND('',#1276,.T.);
#832=FACE_OUTER_BOUND('',#1277,.T.);
#833=FACE_OUTER_BOUND('',#1278,.T.);
#834=FACE_OUTER_BOUND('',#1279,.T.);
#835=FACE_OUTER_BOUND('',#1280,.T.);
#836=FACE_OUTER_BOUND('',#1281,.T.);
#837=FACE_OUTER_BOUND('',#1282,.T.);
#838=FACE_OUTER_BOUND('',#1283,.T.);
#839=FACE_OUTER_BOUND('',#1284,.T.);
#840=FACE_OUTER_BOUND('',#1285,.T.);
#841=FACE_OUTER_BOUND('',#1286,.T.);
#842=FACE_OUTER_BOUND('',#1287,.T.);
#843=FACE_OUTER_BOUND('',#1288,.T.);
#844=FACE_OUTER_BOUND('',#1289,.T.);
#845=FACE_OUTER_BOUND('',#1290,.T.);
#846=FACE_OUTER_BOUND('',#1291,.T.);
#847=FACE_OUTER_BOUND('',#1292,.T.);
#848=FACE_OUTER_BOUND('',#1293,.T.);
#849=FACE_OUTER_BOUND('',#1294,.T.);
#850=FACE_OUTER_BOUND('',#1295,.T.);
#851=FACE_OUTER_BOUND('',#1296,.T.);
#852=FACE_OUTER_BOUND('',#1297,.T.);
#853=FACE_OUTER_BOUND('',#1298,.T.);
#854=FACE_OUTER_BOUND('',#1299,.T.);
#855=FACE_OUTER_BOUND('',#1300,.T.);
#856=FACE_OUTER_BOUND('',#1301,.T.);
#857=FACE_OUTER_BOUND('',#1302,.T.);
#858=FACE_OUTER_BOUND('',#1303,.T.);
#859=FACE_OUTER_BOUND('',#1304,.T.);
#860=FACE_OUTER_BOUND('',#1305,.T.);
#861=FACE_OUTER_BOUND('',#1306,.T.);
#862=FACE_OUTER_BOUND('',#1307,.T.);
#863=FACE_OUTER_BOUND('',#1308,.T.);
#864=FACE_OUTER_BOUND('',#1309,.T.);
#865=FACE_OUTER_BOUND('',#1310,.T.);
#866=FACE_OUTER_BOUND('',#1311,.T.);
#867=FACE_OUTER_BOUND('',#1312,.T.);
#868=FACE_OUTER_BOUND('',#1313,.T.);
#869=FACE_OUTER_BOUND('',#1314,.T.);
#870=FACE_OUTER_BOUND('',#1315,.T.);
#871=FACE_OUTER_BOUND('',#1316,.T.);
#872=FACE_OUTER_BOUND('',#1317,.T.);
#873=FACE_OUTER_BOUND('',#1318,.T.);
#874=FACE_OUTER_BOUND('',#1319,.T.);
#875=FACE_OUTER_BOUND('',#1320,.T.);
#876=FACE_OUTER_BOUND('',#1321,.T.);
#877=FACE_OUTER_BOUND('',#1322,.T.);
#878=FACE_OUTER_BOUND('',#1323,.T.);
#879=FACE_OUTER_BOUND('',#1324,.T.);
#880=FACE_OUTER_BOUND('',#1325,.T.);
#881=FACE_OUTER_BOUND('',#1326,.T.);
#882=FACE_OUTER_BOUND('',#1327,.T.);
#883=FACE_OUTER_BOUND('',#1328,.T.);
#884=FACE_OUTER_BOUND('',#1329,.T.);
#885=FACE_OUTER_BOUND('',#1330,.T.);
#886=FACE_OUTER_BOUND('',#1331,.T.);
#887=FACE_OUTER_BOUND('',#1332,.T.);
#888=FACE_OUTER_BOUND('',#1333,.T.);
#889=FACE_OUTER_BOUND('',#1334,.T.);
#890=FACE_OUTER_BOUND('',#1336,.T.);
#891=FACE_OUTER_BOUND('',#1337,.T.);
#892=FACE_OUTER_BOUND('',#1338,.T.);
#893=FACE_OUTER_BOUND('',#1339,.T.);
#894=FACE_OUTER_BOUND('',#1340,.T.);
#895=FACE_OUTER_BOUND('',#1341,.T.);
#896=FACE_OUTER_BOUND('',#1351,.T.);
#897=FACE_OUTER_BOUND('',#1353,.T.);
#898=FACE_OUTER_BOUND('',#1354,.T.);
#899=FACE_OUTER_BOUND('',#1355,.T.);
#900=FACE_OUTER_BOUND('',#1356,.T.);
#901=FACE_OUTER_BOUND('',#1357,.T.);
#902=FACE_OUTER_BOUND('',#1358,.T.);
#903=FACE_OUTER_BOUND('',#1359,.T.);
#904=FACE_OUTER_BOUND('',#1360,.T.);
#905=FACE_OUTER_BOUND('',#1361,.T.);
#906=FACE_OUTER_BOUND('',#1362,.T.);
#907=FACE_OUTER_BOUND('',#1363,.T.);
#908=FACE_OUTER_BOUND('',#1364,.T.);
#909=FACE_OUTER_BOUND('',#1365,.T.);
#910=FACE_OUTER_BOUND('',#1366,.T.);
#911=FACE_OUTER_BOUND('',#1367,.T.);
#912=FACE_OUTER_BOUND('',#1368,.T.);
#913=FACE_OUTER_BOUND('',#1369,.T.);
#914=FACE_OUTER_BOUND('',#1370,.T.);
#915=FACE_OUTER_BOUND('',#1371,.T.);
#916=FACE_OUTER_BOUND('',#1372,.T.);
#917=FACE_OUTER_BOUND('',#1373,.T.);
#918=FACE_OUTER_BOUND('',#1374,.T.);
#919=FACE_OUTER_BOUND('',#1375,.T.);
#920=FACE_OUTER_BOUND('',#1377,.T.);
#921=FACE_OUTER_BOUND('',#1378,.T.);
#922=FACE_OUTER_BOUND('',#1379,.T.);
#923=FACE_OUTER_BOUND('',#1380,.T.);
#924=FACE_OUTER_BOUND('',#1381,.T.);
#925=FACE_OUTER_BOUND('',#1382,.T.);
#926=FACE_OUTER_BOUND('',#1383,.T.);
#927=FACE_OUTER_BOUND('',#1384,.T.);
#928=FACE_OUTER_BOUND('',#1385,.T.);
#929=FACE_OUTER_BOUND('',#1386,.T.);
#930=FACE_OUTER_BOUND('',#1387,.T.);
#931=FACE_OUTER_BOUND('',#1388,.T.);
#932=FACE_OUTER_BOUND('',#1389,.T.);
#933=FACE_OUTER_BOUND('',#1390,.T.);
#934=FACE_OUTER_BOUND('',#1391,.T.);
#935=FACE_OUTER_BOUND('',#1392,.T.);
#936=FACE_OUTER_BOUND('',#1393,.T.);
#937=FACE_OUTER_BOUND('',#1394,.T.);
#938=FACE_OUTER_BOUND('',#1395,.T.);
#939=FACE_OUTER_BOUND('',#1396,.T.);
#940=FACE_OUTER_BOUND('',#1397,.T.);
#941=FACE_OUTER_BOUND('',#1398,.T.);
#942=FACE_OUTER_BOUND('',#1399,.T.);
#943=FACE_OUTER_BOUND('',#1400,.T.);
#944=FACE_OUTER_BOUND('',#1401,.T.);
#945=FACE_OUTER_BOUND('',#1402,.T.);
#946=FACE_OUTER_BOUND('',#1403,.T.);
#947=FACE_OUTER_BOUND('',#1404,.T.);
#948=FACE_OUTER_BOUND('',#1405,.T.);
#949=FACE_OUTER_BOUND('',#1406,.T.);
#950=FACE_OUTER_BOUND('',#1407,.T.);
#951=FACE_OUTER_BOUND('',#1408,.T.);
#952=FACE_OUTER_BOUND('',#1409,.T.);
#953=FACE_OUTER_BOUND('',#1410,.T.);
#954=FACE_OUTER_BOUND('',#1411,.T.);
#955=FACE_OUTER_BOUND('',#1412,.T.);
#956=FACE_OUTER_BOUND('',#1413,.T.);
#957=FACE_OUTER_BOUND('',#1414,.T.);
#958=FACE_OUTER_BOUND('',#1415,.T.);
#959=FACE_OUTER_BOUND('',#1416,.T.);
#960=FACE_OUTER_BOUND('',#1417,.T.);
#961=FACE_OUTER_BOUND('',#1418,.T.);
#962=FACE_OUTER_BOUND('',#1419,.T.);
#963=FACE_OUTER_BOUND('',#1420,.T.);
#964=FACE_OUTER_BOUND('',#1421,.T.);
#965=FACE_OUTER_BOUND('',#1422,.T.);
#966=FACE_OUTER_BOUND('',#1423,.T.);
#967=FACE_OUTER_BOUND('',#1424,.T.);
#968=FACE_OUTER_BOUND('',#1425,.T.);
#969=FACE_OUTER_BOUND('',#1426,.T.);
#970=FACE_OUTER_BOUND('',#1427,.T.);
#971=FACE_OUTER_BOUND('',#1428,.T.);
#972=FACE_OUTER_BOUND('',#1429,.T.);
#973=FACE_OUTER_BOUND('',#1431,.T.);
#974=FACE_OUTER_BOUND('',#1432,.T.);
#975=FACE_OUTER_BOUND('',#1433,.T.);
#976=FACE_OUTER_BOUND('',#1434,.T.);
#977=FACE_OUTER_BOUND('',#1435,.T.);
#978=FACE_OUTER_BOUND('',#1436,.T.);
#979=FACE_OUTER_BOUND('',#1437,.T.);
#980=FACE_OUTER_BOUND('',#1438,.T.);
#981=FACE_OUTER_BOUND('',#1439,.T.);
#982=FACE_OUTER_BOUND('',#1440,.T.);
#983=FACE_OUTER_BOUND('',#1441,.T.);
#984=FACE_OUTER_BOUND('',#1442,.T.);
#985=FACE_OUTER_BOUND('',#1443,.T.);
#986=FACE_OUTER_BOUND('',#1444,.T.);
#987=FACE_OUTER_BOUND('',#1445,.T.);
#988=FACE_OUTER_BOUND('',#1446,.T.);
#989=FACE_OUTER_BOUND('',#1447,.T.);
#990=FACE_OUTER_BOUND('',#1448,.T.);
#991=FACE_OUTER_BOUND('',#1449,.T.);
#992=FACE_OUTER_BOUND('',#1451,.T.);
#993=FACE_OUTER_BOUND('',#1452,.T.);
#994=EDGE_LOOP('',(#4611,#4612,#4613,#4614));
#995=EDGE_LOOP('',(#4615,#4616,#4617,#4618));
#996=EDGE_LOOP('',(#4619,#4620,#4621,#4622));
#997=EDGE_LOOP('',(#4623,#4624,#4625,#4626));
#998=EDGE_LOOP('',(#4627,#4628,#4629,#4630));
#999=EDGE_LOOP('',(#4631,#4632,#4633));
#1000=EDGE_LOOP('',(#4634,#4635,#4636));
#1001=EDGE_LOOP('',(#4637,#4638,#4639,#4640,#4641,#4642,#4643,#4644));
#1002=EDGE_LOOP('',(#4645,#4646,#4647,#4648,#4649));
#1003=EDGE_LOOP('',(#4650,#4651,#4652));
#1004=EDGE_LOOP('',(#4653,#4654,#4655,#4656));
#1005=EDGE_LOOP('',(#4657,#4658,#4659,#4660));
#1006=EDGE_LOOP('',(#4661,#4662,#4663,#4664));
#1007=EDGE_LOOP('',(#4665,#4666,#4667,#4668));
#1008=EDGE_LOOP('',(#4669,#4670,#4671,#4672,#4673,#4674));
#1009=EDGE_LOOP('',(#4675,#4676,#4677,#4678));
#1010=EDGE_LOOP('',(#4679,#4680,#4681,#4682,#4683,#4684));
#1011=EDGE_LOOP('',(#4685,#4686,#4687,#4688,#4689));
#1012=EDGE_LOOP('',(#4690,#4691,#4692,#4693));
#1013=EDGE_LOOP('',(#4694,#4695,#4696,#4697));
#1014=EDGE_LOOP('',(#4698,#4699,#4700));
#1015=EDGE_LOOP('',(#4701,#4702,#4703,#4704,#4705));
#1016=EDGE_LOOP('',(#4706,#4707,#4708,#4709,#4710));
#1017=EDGE_LOOP('',(#4711,#4712,#4713,#4714));
#1018=EDGE_LOOP('',(#4715,#4716,#4717,#4718,#4719));
#1019=EDGE_LOOP('',(#4720,#4721,#4722,#4723,#4724));
#1020=EDGE_LOOP('',(#4725,#4726,#4727,#4728));
#1021=EDGE_LOOP('',(#4729,#4730,#4731,#4732,#4733,#4734,#4735,#4736));
#1022=EDGE_LOOP('',(#4737,#4738,#4739,#4740));
#1023=EDGE_LOOP('',(#4741,#4742,#4743,#4744,#4745));
#1024=EDGE_LOOP('',(#4746,#4747,#4748,#4749));
#1025=EDGE_LOOP('',(#4750,#4751,#4752,#4753));
#1026=EDGE_LOOP('',(#4754,#4755,#4756,#4757));
#1027=EDGE_LOOP('',(#4758,#4759,#4760,#4761,#4762));
#1028=EDGE_LOOP('',(#4763,#4764,#4765,#4766));
#1029=EDGE_LOOP('',(#4767,#4768,#4769,#4770));
#1030=EDGE_LOOP('',(#4771,#4772,#4773,#4774));
#1031=EDGE_LOOP('',(#4775,#4776,#4777,#4778));
#1032=EDGE_LOOP('',(#4779,#4780,#4781,#4782,#4783));
#1033=EDGE_LOOP('',(#4784,#4785,#4786,#4787));
#1034=EDGE_LOOP('',(#4788,#4789,#4790,#4791,#4792));
#1035=EDGE_LOOP('',(#4793,#4794,#4795,#4796));
#1036=EDGE_LOOP('',(#4797,#4798,#4799,#4800,#4801,#4802,#4803,#4804,#4805,
#4806,#4807,#4808,#4809,#4810,#4811,#4812,#4813,#4814,#4815,#4816,#4817,
#4818,#4819,#4820));
#1037=EDGE_LOOP('',(#4821));
#1038=EDGE_LOOP('',(#4822,#4823,#4824,#4825));
#1039=EDGE_LOOP('',(#4826,#4827,#4828,#4829));
#1040=EDGE_LOOP('',(#4830,#4831,#4832,#4833,#4834,#4835,#4836,#4837));
#1041=EDGE_LOOP('',(#4838,#4839,#4840,#4841));
#1042=EDGE_LOOP('',(#4842,#4843,#4844,#4845,#4846,#4847,#4848,#4849));
#1043=EDGE_LOOP('',(#4850,#4851,#4852,#4853));
#1044=EDGE_LOOP('',(#4854,#4855,#4856,#4857,#4858,#4859,#4860,#4861));
#1045=EDGE_LOOP('',(#4862,#4863,#4864,#4865));
#1046=EDGE_LOOP('',(#4866,#4867,#4868,#4869));
#1047=EDGE_LOOP('',(#4870,#4871,#4872,#4873));
#1048=EDGE_LOOP('',(#4874,#4875,#4876,#4877));
#1049=EDGE_LOOP('',(#4878,#4879,#4880));
#1050=EDGE_LOOP('',(#4881,#4882,#4883,#4884));
#1051=EDGE_LOOP('',(#4885,#4886,#4887));
#1052=EDGE_LOOP('',(#4888,#4889,#4890,#4891));
#1053=EDGE_LOOP('',(#4892,#4893,#4894,#4895));
#1054=EDGE_LOOP('',(#4896,#4897,#4898));
#1055=EDGE_LOOP('',(#4899,#4900,#4901,#4902));
#1056=EDGE_LOOP('',(#4903,#4904,#4905));
#1057=EDGE_LOOP('',(#4906,#4907,#4908,#4909,#4910));
#1058=EDGE_LOOP('',(#4911,#4912,#4913,#4914));
#1059=EDGE_LOOP('',(#4915,#4916,#4917,#4918));
#1060=EDGE_LOOP('',(#4919,#4920,#4921,#4922));
#1061=EDGE_LOOP('',(#4923,#4924,#4925,#4926));
#1062=EDGE_LOOP('',(#4927,#4928,#4929,#4930,#4931,#4932,#4933,#4934,#4935));
#1063=EDGE_LOOP('',(#4936,#4937,#4938,#4939));
#1064=EDGE_LOOP('',(#4940,#4941,#4942,#4943));
#1065=EDGE_LOOP('',(#4944,#4945,#4946,#4947,#4948,#4949,#4950,#4951,#4952,
#4953));
#1066=EDGE_LOOP('',(#4954,#4955,#4956,#4957));
#1067=EDGE_LOOP('',(#4958,#4959,#4960,#4961));
#1068=EDGE_LOOP('',(#4962,#4963,#4964,#4965));
#1069=EDGE_LOOP('',(#4966,#4967,#4968,#4969));
#1070=EDGE_LOOP('',(#4970,#4971,#4972));
#1071=EDGE_LOOP('',(#4973,#4974,#4975,#4976));
#1072=EDGE_LOOP('',(#4977,#4978,#4979));
#1073=EDGE_LOOP('',(#4980,#4981,#4982,#4983));
#1074=EDGE_LOOP('',(#4984,#4985,#4986));
#1075=EDGE_LOOP('',(#4987,#4988,#4989,#4990,#4991));
#1076=EDGE_LOOP('',(#4992,#4993,#4994,#4995));
#1077=EDGE_LOOP('',(#4996,#4997,#4998));
#1078=EDGE_LOOP('',(#4999,#5000,#5001,#5002,#5003));
#1079=EDGE_LOOP('',(#5004,#5005,#5006,#5007));
#1080=EDGE_LOOP('',(#5008,#5009,#5010,#5011));
#1081=EDGE_LOOP('',(#5012,#5013,#5014,#5015));
#1082=EDGE_LOOP('',(#5016,#5017,#5018,#5019));
#1083=EDGE_LOOP('',(#5020,#5021,#5022,#5023,#5024,#5025,#5026,#5027));
#1084=EDGE_LOOP('',(#5028,#5029,#5030,#5031));
#1085=EDGE_LOOP('',(#5032,#5033,#5034,#5035,#5036,#5037,#5038,#5039,#5040,
#5041));
#1086=EDGE_LOOP('',(#5042,#5043,#5044,#5045));
#1087=EDGE_LOOP('',(#5046,#5047,#5048,#5049));
#1088=EDGE_LOOP('',(#5050,#5051,#5052,#5053));
#1089=EDGE_LOOP('',(#5054,#5055,#5056));
#1090=EDGE_LOOP('',(#5057,#5058,#5059,#5060,#5061));
#1091=EDGE_LOOP('',(#5062,#5063,#5064));
#1092=EDGE_LOOP('',(#5065,#5066,#5067,#5068));
#1093=EDGE_LOOP('',(#5069,#5070,#5071,#5072));
#1094=EDGE_LOOP('',(#5073,#5074,#5075));
#1095=EDGE_LOOP('',(#5076,#5077,#5078,#5079));
#1096=EDGE_LOOP('',(#5080,#5081,#5082));
#1097=EDGE_LOOP('',(#5083,#5084,#5085,#5086));
#1098=EDGE_LOOP('',(#5087,#5088,#5089,#5090));
#1099=EDGE_LOOP('',(#5091,#5092,#5093,#5094));
#1100=EDGE_LOOP('',(#5095,#5096,#5097,#5098));
#1101=EDGE_LOOP('',(#5099,#5100,#5101,#5102));
#1102=EDGE_LOOP('',(#5103,#5104,#5105,#5106));
#1103=EDGE_LOOP('',(#5107,#5108,#5109,#5110));
#1104=EDGE_LOOP('',(#5111,#5112,#5113,#5114,#5115,#5116,#5117,#5118,#5119,
#5120));
#1105=EDGE_LOOP('',(#5121,#5122,#5123,#5124));
#1106=EDGE_LOOP('',(#5125,#5126,#5127,#5128));
#1107=EDGE_LOOP('',(#5129,#5130,#5131,#5132));
#1108=EDGE_LOOP('',(#5133,#5134,#5135,#5136));
#1109=EDGE_LOOP('',(#5137,#5138,#5139));
#1110=EDGE_LOOP('',(#5140,#5141,#5142,#5143));
#1111=EDGE_LOOP('',(#5144,#5145,#5146));
#1112=EDGE_LOOP('',(#5147,#5148,#5149,#5150));
#1113=EDGE_LOOP('',(#5151,#5152,#5153,#5154));
#1114=EDGE_LOOP('',(#5155,#5156,#5157));
#1115=EDGE_LOOP('',(#5158,#5159,#5160,#5161,#5162));
#1116=EDGE_LOOP('',(#5163,#5164,#5165));
#1117=EDGE_LOOP('',(#5166,#5167,#5168,#5169,#5170));
#1118=EDGE_LOOP('',(#5171,#5172,#5173,#5174));
#1119=EDGE_LOOP('',(#5175,#5176,#5177,#5178));
#1120=EDGE_LOOP('',(#5179,#5180,#5181,#5182));
#1121=EDGE_LOOP('',(#5183,#5184,#5185,#5186));
#1122=EDGE_LOOP('',(#5187,#5188,#5189,#5190));
#1123=EDGE_LOOP('',(#5191,#5192,#5193,#5194));
#1124=EDGE_LOOP('',(#5195,#5196,#5197,#5198));
#1125=EDGE_LOOP('',(#5199,#5200,#5201,#5202));
#1126=EDGE_LOOP('',(#5203,#5204,#5205,#5206,#5207));
#1127=EDGE_LOOP('',(#5208,#5209,#5210,#5211,#5212));
#1128=EDGE_LOOP('',(#5213,#5214,#5215,#5216));
#1129=EDGE_LOOP('',(#5217,#5218,#5219,#5220,#5221));
#1130=EDGE_LOOP('',(#5222,#5223,#5224,#5225,#5226));
#1131=EDGE_LOOP('',(#5227,#5228,#5229,#5230,#5231,#5232,#5233,#5234));
#1132=EDGE_LOOP('',(#5235,#5236,#5237,#5238,#5239,#5240,#5241,#5242,#5243));
#1133=EDGE_LOOP('',(#5244,#5245,#5246,#5247));
#1134=EDGE_LOOP('',(#5248,#5249,#5250,#5251,#5252,#5253,#5254,#5255));
#1135=EDGE_LOOP('',(#5256,#5257,#5258,#5259));
#1136=EDGE_LOOP('',(#5260,#5261,#5262,#5263));
#1137=EDGE_LOOP('',(#5264,#5265,#5266,#5267));
#1138=EDGE_LOOP('',(#5268,#5269,#5270,#5271));
#1139=EDGE_LOOP('',(#5272,#5273,#5274,#5275));
#1140=EDGE_LOOP('',(#5276,#5277,#5278,#5279));
#1141=EDGE_LOOP('',(#5280,#5281,#5282,#5283));
#1142=EDGE_LOOP('',(#5284,#5285,#5286,#5287));
#1143=EDGE_LOOP('',(#5288,#5289,#5290,#5291));
#1144=EDGE_LOOP('',(#5292,#5293,#5294,#5295,#5296,#5297));
#1145=EDGE_LOOP('',(#5298));
#1146=EDGE_LOOP('',(#5299,#5300,#5301,#5302));
#1147=EDGE_LOOP('',(#5303,#5304,#5305,#5306,#5307,#5308,#5309,#5310,#5311,
#5312));
#1148=EDGE_LOOP('',(#5313,#5314,#5315,#5316));
#1149=EDGE_LOOP('',(#5317,#5318,#5319,#5320,#5321,#5322));
#1150=EDGE_LOOP('',(#5323,#5324,#5325,#5326));
#1151=EDGE_LOOP('',(#5327,#5328,#5329,#5330));
#1152=EDGE_LOOP('',(#5331,#5332,#5333,#5334));
#1153=EDGE_LOOP('',(#5335,#5336,#5337,#5338));
#1154=EDGE_LOOP('',(#5339,#5340,#5341,#5342));
#1155=EDGE_LOOP('',(#5343,#5344,#5345,#5346,#5347,#5348));
#1156=EDGE_LOOP('',(#5349,#5350,#5351,#5352));
#1157=EDGE_LOOP('',(#5353,#5354,#5355,#5356,#5357,#5358));
#1158=EDGE_LOOP('',(#5359,#5360,#5361,#5362,#5363,#5364));
#1159=EDGE_LOOP('',(#5365,#5366,#5367,#5368,#5369,#5370));
#1160=EDGE_LOOP('',(#5371,#5372,#5373,#5374));
#1161=EDGE_LOOP('',(#5375,#5376,#5377,#5378));
#1162=EDGE_LOOP('',(#5379,#5380,#5381,#5382));
#1163=EDGE_LOOP('',(#5383,#5384,#5385,#5386));
#1164=EDGE_LOOP('',(#5387,#5388,#5389,#5390));
#1165=EDGE_LOOP('',(#5391,#5392,#5393,#5394));
#1166=EDGE_LOOP('',(#5395,#5396,#5397,#5398,#5399,#5400));
#1167=EDGE_LOOP('',(#5401,#5402,#5403,#5404,#5405));
#1168=EDGE_LOOP('',(#5406,#5407,#5408,#5409,#5410));
#1169=EDGE_LOOP('',(#5411,#5412,#5413,#5414));
#1170=EDGE_LOOP('',(#5415,#5416,#5417,#5418,#5419));
#1171=EDGE_LOOP('',(#5420,#5421,#5422,#5423,#5424));
#1172=EDGE_LOOP('',(#5425,#5426,#5427,#5428));
#1173=EDGE_LOOP('',(#5429,#5430,#5431,#5432,#5433));
#1174=EDGE_LOOP('',(#5434,#5435,#5436,#5437,#5438));
#1175=EDGE_LOOP('',(#5439,#5440,#5441,#5442));
#1176=EDGE_LOOP('',(#5443,#5444,#5445));
#1177=EDGE_LOOP('',(#5446,#5447,#5448,#5449));
#1178=EDGE_LOOP('',(#5450,#5451,#5452,#5453));
#1179=EDGE_LOOP('',(#5454,#5455,#5456,#5457));
#1180=EDGE_LOOP('',(#5458,#5459,#5460,#5461));
#1181=EDGE_LOOP('',(#5462,#5463,#5464));
#1182=EDGE_LOOP('',(#5465,#5466,#5467,#5468));
#1183=EDGE_LOOP('',(#5469,#5470,#5471,#5472));
#1184=EDGE_LOOP('',(#5473,#5474,#5475,#5476));
#1185=EDGE_LOOP('',(#5477,#5478,#5479));
#1186=EDGE_LOOP('',(#5480,#5481,#5482,#5483));
#1187=EDGE_LOOP('',(#5484,#5485,#5486,#5487));
#1188=EDGE_LOOP('',(#5488,#5489,#5490,#5491));
#1189=EDGE_LOOP('',(#5492,#5493,#5494));
#1190=EDGE_LOOP('',(#5495,#5496,#5497,#5498));
#1191=EDGE_LOOP('',(#5499,#5500,#5501,#5502));
#1192=EDGE_LOOP('',(#5503,#5504,#5505));
#1193=EDGE_LOOP('',(#5506,#5507,#5508,#5509));
#1194=EDGE_LOOP('',(#5510,#5511,#5512,#5513));
#1195=EDGE_LOOP('',(#5514,#5515,#5516,#5517));
#1196=EDGE_LOOP('',(#5518,#5519,#5520,#5521));
#1197=EDGE_LOOP('',(#5522,#5523,#5524));
#1198=EDGE_LOOP('',(#5525,#5526,#5527,#5528));
#1199=EDGE_LOOP('',(#5529,#5530,#5531,#5532));
#1200=EDGE_LOOP('',(#5533,#5534,#5535,#5536));
#1201=EDGE_LOOP('',(#5537,#5538,#5539));
#1202=EDGE_LOOP('',(#5540,#5541,#5542,#5543));
#1203=EDGE_LOOP('',(#5544,#5545,#5546,#5547));
#1204=EDGE_LOOP('',(#5548,#5549,#5550));
#1205=EDGE_LOOP('',(#5551,#5552,#5553,#5554));
#1206=EDGE_LOOP('',(#5555,#5556,#5557,#5558));
#1207=EDGE_LOOP('',(#5559,#5560,#5561,#5562));
#1208=EDGE_LOOP('',(#5563,#5564,#5565));
#1209=EDGE_LOOP('',(#5566,#5567,#5568,#5569));
#1210=EDGE_LOOP('',(#5570,#5571,#5572,#5573));
#1211=EDGE_LOOP('',(#5574,#5575,#5576,#5577));
#1212=EDGE_LOOP('',(#5578,#5579,#5580));
#1213=EDGE_LOOP('',(#5581,#5582,#5583,#5584));
#1214=EDGE_LOOP('',(#5585,#5586,#5587,#5588));
#1215=EDGE_LOOP('',(#5589,#5590,#5591,#5592));
#1216=EDGE_LOOP('',(#5593,#5594,#5595,#5596));
#1217=EDGE_LOOP('',(#5597,#5598,#5599));
#1218=EDGE_LOOP('',(#5600,#5601,#5602,#5603));
#1219=EDGE_LOOP('',(#5604,#5605,#5606,#5607));
#1220=EDGE_LOOP('',(#5608,#5609,#5610,#5611));
#1221=EDGE_LOOP('',(#5612,#5613,#5614));
#1222=EDGE_LOOP('',(#5615,#5616,#5617,#5618));
#1223=EDGE_LOOP('',(#5619,#5620,#5621,#5622));
#1224=EDGE_LOOP('',(#5623,#5624,#5625,#5626));
#1225=EDGE_LOOP('',(#5627,#5628,#5629));
#1226=EDGE_LOOP('',(#5630,#5631,#5632,#5633));
#1227=EDGE_LOOP('',(#5634,#5635,#5636,#5637));
#1228=EDGE_LOOP('',(#5638,#5639,#5640));
#1229=EDGE_LOOP('',(#5641,#5642,#5643,#5644));
#1230=EDGE_LOOP('',(#5645,#5646,#5647,#5648));
#1231=EDGE_LOOP('',(#5649,#5650,#5651,#5652));
#1232=EDGE_LOOP('',(#5653,#5654,#5655));
#1233=EDGE_LOOP('',(#5656,#5657,#5658,#5659));
#1234=EDGE_LOOP('',(#5660,#5661,#5662,#5663));
#1235=EDGE_LOOP('',(#5664,#5665,#5666,#5667));
#1236=EDGE_LOOP('',(#5668,#5669,#5670));
#1237=EDGE_LOOP('',(#5671,#5672,#5673,#5674));
#1238=EDGE_LOOP('',(#5675,#5676,#5677,#5678));
#1239=EDGE_LOOP('',(#5679,#5680,#5681,#5682));
#1240=EDGE_LOOP('',(#5683,#5684,#5685));
#1241=EDGE_LOOP('',(#5686,#5687,#5688,#5689));
#1242=EDGE_LOOP('',(#5690,#5691,#5692,#5693));
#1243=EDGE_LOOP('',(#5694,#5695,#5696,#5697));
#1244=EDGE_LOOP('',(#5698,#5699,#5700));
#1245=EDGE_LOOP('',(#5701,#5702,#5703,#5704));
#1246=EDGE_LOOP('',(#5705,#5706,#5707,#5708));
#1247=EDGE_LOOP('',(#5709,#5710,#5711,#5712));
#1248=EDGE_LOOP('',(#5713,#5714,#5715,#5716));
#1249=EDGE_LOOP('',(#5717,#5718,#5719));
#1250=EDGE_LOOP('',(#5720,#5721,#5722,#5723));
#1251=EDGE_LOOP('',(#5724,#5725,#5726,#5727));
#1252=EDGE_LOOP('',(#5728,#5729,#5730,#5731));
#1253=EDGE_LOOP('',(#5732,#5733,#5734));
#1254=EDGE_LOOP('',(#5735,#5736,#5737,#5738));
#1255=EDGE_LOOP('',(#5739,#5740,#5741,#5742));
#1256=EDGE_LOOP('',(#5743,#5744,#5745,#5746));
#1257=EDGE_LOOP('',(#5747,#5748,#5749));
#1258=EDGE_LOOP('',(#5750,#5751,#5752,#5753));
#1259=EDGE_LOOP('',(#5754,#5755,#5756,#5757));
#1260=EDGE_LOOP('',(#5758,#5759,#5760,#5761));
#1261=EDGE_LOOP('',(#5762,#5763,#5764));
#1262=EDGE_LOOP('',(#5765,#5766,#5767,#5768));
#1263=EDGE_LOOP('',(#5769,#5770,#5771,#5772));
#1264=EDGE_LOOP('',(#5773,#5774,#5775,#5776));
#1265=EDGE_LOOP('',(#5777,#5778,#5779));
#1266=EDGE_LOOP('',(#5780,#5781,#5782,#5783));
#1267=EDGE_LOOP('',(#5784,#5785,#5786,#5787));
#1268=EDGE_LOOP('',(#5788,#5789,#5790,#5791));
#1269=EDGE_LOOP('',(#5792,#5793,#5794));
#1270=EDGE_LOOP('',(#5795,#5796,#5797,#5798));
#1271=EDGE_LOOP('',(#5799,#5800,#5801));
#1272=EDGE_LOOP('',(#5802,#5803,#5804,#5805));
#1273=EDGE_LOOP('',(#5806,#5807,#5808));
#1274=EDGE_LOOP('',(#5809,#5810,#5811,#5812));
#1275=EDGE_LOOP('',(#5813,#5814,#5815,#5816));
#1276=EDGE_LOOP('',(#5817,#5818,#5819));
#1277=EDGE_LOOP('',(#5820,#5821,#5822,#5823));
#1278=EDGE_LOOP('',(#5824,#5825,#5826,#5827));
#1279=EDGE_LOOP('',(#5828,#5829,#5830,#5831));
#1280=EDGE_LOOP('',(#5832,#5833,#5834,#5835));
#1281=EDGE_LOOP('',(#5836,#5837,#5838,#5839));
#1282=EDGE_LOOP('',(#5840,#5841,#5842,#5843));
#1283=EDGE_LOOP('',(#5844,#5845,#5846,#5847));
#1284=EDGE_LOOP('',(#5848,#5849,#5850));
#1285=EDGE_LOOP('',(#5851,#5852,#5853,#5854));
#1286=EDGE_LOOP('',(#5855,#5856,#5857));
#1287=EDGE_LOOP('',(#5858,#5859,#5860,#5861));
#1288=EDGE_LOOP('',(#5862,#5863,#5864,#5865));
#1289=EDGE_LOOP('',(#5866,#5867,#5868));
#1290=EDGE_LOOP('',(#5869,#5870,#5871,#5872));
#1291=EDGE_LOOP('',(#5873,#5874,#5875,#5876));
#1292=EDGE_LOOP('',(#5877,#5878,#5879,#5880));
#1293=EDGE_LOOP('',(#5881,#5882,#5883,#5884));
#1294=EDGE_LOOP('',(#5885,#5886,#5887,#5888,#5889));
#1295=EDGE_LOOP('',(#5890,#5891,#5892,#5893));
#1296=EDGE_LOOP('',(#5894,#5895,#5896));
#1297=EDGE_LOOP('',(#5897,#5898,#5899,#5900));
#1298=EDGE_LOOP('',(#5901,#5902,#5903,#5904));
#1299=EDGE_LOOP('',(#5905,#5906,#5907,#5908,#5909));
#1300=EDGE_LOOP('',(#5910,#5911,#5912,#5913));
#1301=EDGE_LOOP('',(#5914,#5915,#5916,#5917,#5918));
#1302=EDGE_LOOP('',(#5919,#5920,#5921,#5922));
#1303=EDGE_LOOP('',(#5923,#5924,#5925));
#1304=EDGE_LOOP('',(#5926,#5927,#5928,#5929));
#1305=EDGE_LOOP('',(#5930,#5931,#5932));
#1306=EDGE_LOOP('',(#5933,#5934,#5935,#5936));
#1307=EDGE_LOOP('',(#5937,#5938,#5939,#5940));
#1308=EDGE_LOOP('',(#5941,#5942,#5943));
#1309=EDGE_LOOP('',(#5944,#5945,#5946,#5947));
#1310=EDGE_LOOP('',(#5948,#5949,#5950));
#1311=EDGE_LOOP('',(#5951,#5952,#5953,#5954));
#1312=EDGE_LOOP('',(#5955,#5956,#5957,#5958));
#1313=EDGE_LOOP('',(#5959,#5960,#5961));
#1314=EDGE_LOOP('',(#5962,#5963,#5964,#5965));
#1315=EDGE_LOOP('',(#5966,#5967,#5968,#5969));
#1316=EDGE_LOOP('',(#5970,#5971,#5972,#5973));
#1317=EDGE_LOOP('',(#5974,#5975,#5976,#5977));
#1318=EDGE_LOOP('',(#5978,#5979,#5980,#5981));
#1319=EDGE_LOOP('',(#5982,#5983,#5984,#5985));
#1320=EDGE_LOOP('',(#5986,#5987,#5988,#5989));
#1321=EDGE_LOOP('',(#5990,#5991,#5992,#5993,#5994));
#1322=EDGE_LOOP('',(#5995,#5996,#5997,#5998));
#1323=EDGE_LOOP('',(#5999,#6000,#6001,#6002));
#1324=EDGE_LOOP('',(#6003,#6004,#6005,#6006));
#1325=EDGE_LOOP('',(#6007,#6008,#6009,#6010));
#1326=EDGE_LOOP('',(#6011,#6012,#6013,#6014));
#1327=EDGE_LOOP('',(#6015,#6016,#6017,#6018));
#1328=EDGE_LOOP('',(#6019,#6020,#6021,#6022));
#1329=EDGE_LOOP('',(#6023,#6024,#6025,#6026));
#1330=EDGE_LOOP('',(#6027,#6028,#6029,#6030));
#1331=EDGE_LOOP('',(#6031,#6032,#6033,#6034));
#1332=EDGE_LOOP('',(#6035,#6036,#6037,#6038));
#1333=EDGE_LOOP('',(#6039,#6040,#6041,#6042));
#1334=EDGE_LOOP('',(#6043,#6044,#6045,#6046,#6047,#6048));
#1335=EDGE_LOOP('',(#6049));
#1336=EDGE_LOOP('',(#6050,#6051,#6052,#6053));
#1337=EDGE_LOOP('',(#6054,#6055,#6056,#6057));
#1338=EDGE_LOOP('',(#6058,#6059,#6060,#6061));
#1339=EDGE_LOOP('',(#6062,#6063,#6064,#6065));
#1340=EDGE_LOOP('',(#6066,#6067,#6068,#6069));
#1341=EDGE_LOOP('',(#6070,#6071,#6072,#6073));
#1342=EDGE_LOOP('',(#6074,#6075,#6076,#6077,#6078,#6079,#6080,#6081,#6082,
#6083));
#1343=EDGE_LOOP('',(#6084,#6085,#6086,#6087,#6088,#6089,#6090,#6091));
#1344=EDGE_LOOP('',(#6092,#6093,#6094,#6095,#6096,#6097,#6098,#6099));
#1345=EDGE_LOOP('',(#6100,#6101,#6102,#6103,#6104,#6105,#6106,#6107));
#1346=EDGE_LOOP('',(#6108,#6109,#6110,#6111,#6112,#6113,#6114,#6115));
#1347=EDGE_LOOP('',(#6116,#6117,#6118,#6119,#6120,#6121,#6122,#6123,#6124,
#6125));
#1348=EDGE_LOOP('',(#6126,#6127,#6128,#6129,#6130,#6131,#6132,#6133,#6134,
#6135));
#1349=EDGE_LOOP('',(#6136,#6137,#6138,#6139,#6140,#6141,#6142,#6143,#6144,
#6145));
#1350=EDGE_LOOP('',(#6146));
#1351=EDGE_LOOP('',(#6147,#6148,#6149,#6150));
#1352=EDGE_LOOP('',(#6151,#6152,#6153,#6154,#6155,#6156));
#1353=EDGE_LOOP('',(#6157,#6158,#6159));
#1354=EDGE_LOOP('',(#6160,#6161,#6162,#6163));
#1355=EDGE_LOOP('',(#6164,#6165,#6166,#6167));
#1356=EDGE_LOOP('',(#6168,#6169,#6170,#6171));
#1357=EDGE_LOOP('',(#6172,#6173,#6174));
#1358=EDGE_LOOP('',(#6175,#6176,#6177,#6178));
#1359=EDGE_LOOP('',(#6179,#6180,#6181));
#1360=EDGE_LOOP('',(#6182,#6183,#6184,#6185));
#1361=EDGE_LOOP('',(#6186,#6187,#6188,#6189));
#1362=EDGE_LOOP('',(#6190,#6191,#6192,#6193));
#1363=EDGE_LOOP('',(#6194,#6195,#6196,#6197));
#1364=EDGE_LOOP('',(#6198,#6199,#6200,#6201));
#1365=EDGE_LOOP('',(#6202,#6203,#6204,#6205));
#1366=EDGE_LOOP('',(#6206,#6207,#6208,#6209,#6210,#6211,#6212,#6213,#6214,
#6215));
#1367=EDGE_LOOP('',(#6216,#6217,#6218,#6219,#6220,#6221));
#1368=EDGE_LOOP('',(#6222,#6223,#6224,#6225));
#1369=EDGE_LOOP('',(#6226,#6227,#6228,#6229,#6230,#6231));
#1370=EDGE_LOOP('',(#6232,#6233,#6234,#6235,#6236,#6237,#6238));
#1371=EDGE_LOOP('',(#6239,#6240,#6241,#6242,#6243,#6244,#6245,#6246,#6247,
#6248));
#1372=EDGE_LOOP('',(#6249,#6250,#6251,#6252,#6253));
#1373=EDGE_LOOP('',(#6254,#6255,#6256,#6257,#6258));
#1374=EDGE_LOOP('',(#6259,#6260,#6261,#6262,#6263));
#1375=EDGE_LOOP('',(#6264));
#1376=EDGE_LOOP('',(#6265));
#1377=EDGE_LOOP('',(#6266,#6267,#6268));
#1378=EDGE_LOOP('',(#6269,#6270,#6271,#6272));
#1379=EDGE_LOOP('',(#6273,#6274,#6275,#6276));
#1380=EDGE_LOOP('',(#6277,#6278,#6279));
#1381=EDGE_LOOP('',(#6280,#6281,#6282,#6283));
#1382=EDGE_LOOP('',(#6284,#6285,#6286,#6287));
#1383=EDGE_LOOP('',(#6288,#6289,#6290));
#1384=EDGE_LOOP('',(#6291,#6292,#6293,#6294));
#1385=EDGE_LOOP('',(#6295,#6296,#6297,#6298));
#1386=EDGE_LOOP('',(#6299,#6300,#6301,#6302));
#1387=EDGE_LOOP('',(#6303,#6304,#6305,#6306));
#1388=EDGE_LOOP('',(#6307,#6308,#6309,#6310));
#1389=EDGE_LOOP('',(#6311,#6312,#6313,#6314));
#1390=EDGE_LOOP('',(#6315,#6316,#6317,#6318,#6319,#6320));
#1391=EDGE_LOOP('',(#6321,#6322,#6323,#6324));
#1392=EDGE_LOOP('',(#6325,#6326,#6327,#6328,#6329,#6330));
#1393=EDGE_LOOP('',(#6331,#6332,#6333,#6334,#6335,#6336,#6337));
#1394=EDGE_LOOP('',(#6338,#6339,#6340,#6341,#6342,#6343,#6344,#6345,#6346,
#6347));
#1395=EDGE_LOOP('',(#6348,#6349,#6350,#6351,#6352));
#1396=EDGE_LOOP('',(#6353,#6354,#6355,#6356));
#1397=EDGE_LOOP('',(#6357,#6358,#6359));
#1398=EDGE_LOOP('',(#6360,#6361,#6362,#6363));
#1399=EDGE_LOOP('',(#6364,#6365,#6366));
#1400=EDGE_LOOP('',(#6367,#6368,#6369,#6370));
#1401=EDGE_LOOP('',(#6371,#6372,#6373,#6374));
#1402=EDGE_LOOP('',(#6375,#6376,#6377));
#1403=EDGE_LOOP('',(#6378,#6379,#6380,#6381));
#1404=EDGE_LOOP('',(#6382,#6383,#6384,#6385));
#1405=EDGE_LOOP('',(#6386,#6387,#6388,#6389));
#1406=EDGE_LOOP('',(#6390,#6391,#6392,#6393));
#1407=EDGE_LOOP('',(#6394,#6395,#6396,#6397));
#1408=EDGE_LOOP('',(#6398,#6399,#6400,#6401));
#1409=EDGE_LOOP('',(#6402,#6403,#6404,#6405));
#1410=EDGE_LOOP('',(#6406,#6407,#6408,#6409));
#1411=EDGE_LOOP('',(#6410,#6411,#6412,#6413,#6414,#6415,#6416,#6417,#6418,
#6419));
#1412=EDGE_LOOP('',(#6420,#6421,#6422,#6423,#6424));
#1413=EDGE_LOOP('',(#6425,#6426,#6427));
#1414=EDGE_LOOP('',(#6428,#6429,#6430,#6431));
#1415=EDGE_LOOP('',(#6432,#6433,#6434,#6435));
#1416=EDGE_LOOP('',(#6436,#6437,#6438,#6439));
#1417=EDGE_LOOP('',(#6440,#6441,#6442));
#1418=EDGE_LOOP('',(#6443,#6444,#6445,#6446));
#1419=EDGE_LOOP('',(#6447,#6448,#6449));
#1420=EDGE_LOOP('',(#6450,#6451,#6452,#6453));
#1421=EDGE_LOOP('',(#6454,#6455,#6456,#6457));
#1422=EDGE_LOOP('',(#6458,#6459,#6460,#6461));
#1423=EDGE_LOOP('',(#6462,#6463,#6464,#6465));
#1424=EDGE_LOOP('',(#6466,#6467,#6468,#6469));
#1425=EDGE_LOOP('',(#6470,#6471,#6472,#6473));
#1426=EDGE_LOOP('',(#6474,#6475,#6476,#6477));
#1427=EDGE_LOOP('',(#6478,#6479,#6480,#6481));
#1428=EDGE_LOOP('',(#6482,#6483,#6484,#6485,#6486));
#1429=EDGE_LOOP('',(#6487,#6488,#6489,#6490,#6491,#6492,#6493,#6494,#6495,
#6496,#6497,#6498,#6499,#6500,#6501,#6502));
#1430=EDGE_LOOP('',(#6503));
#1431=EDGE_LOOP('',(#6504,#6505,#6506,#6507,#6508,#6509,#6510));
#1432=EDGE_LOOP('',(#6511,#6512,#6513,#6514,#6515,#6516,#6517));
#1433=EDGE_LOOP('',(#6518,#6519,#6520,#6521,#6522,#6523));
#1434=EDGE_LOOP('',(#6524,#6525,#6526,#6527,#6528,#6529));
#1435=EDGE_LOOP('',(#6530,#6531,#6532,#6533));
#1436=EDGE_LOOP('',(#6534,#6535,#6536,#6537));
#1437=EDGE_LOOP('',(#6538,#6539,#6540,#6541));
#1438=EDGE_LOOP('',(#6542,#6543,#6544,#6545,#6546,#6547));
#1439=EDGE_LOOP('',(#6548,#6549,#6550,#6551));
#1440=EDGE_LOOP('',(#6552,#6553,#6554,#6555,#6556,#6557));
#1441=EDGE_LOOP('',(#6558,#6559,#6560,#6561));
#1442=EDGE_LOOP('',(#6562,#6563,#6564,#6565));
#1443=EDGE_LOOP('',(#6566,#6567,#6568,#6569));
#1444=EDGE_LOOP('',(#6570,#6571,#6572,#6573));
#1445=EDGE_LOOP('',(#6574,#6575,#6576,#6577));
#1446=EDGE_LOOP('',(#6578,#6579,#6580,#6581));
#1447=EDGE_LOOP('',(#6582,#6583,#6584,#6585));
#1448=EDGE_LOOP('',(#6586,#6587,#6588,#6589));
#1449=EDGE_LOOP('',(#6590,#6591,#6592,#6593,#6594,#6595));
#1450=EDGE_LOOP('',(#6596));
#1451=EDGE_LOOP('',(#6597,#6598,#6599,#6600));
#1452=EDGE_LOOP('',(#6601,#6602,#6603,#6604));
#1453=EDGE_LOOP('',(#6605,#6606,#6607,#6608,#6609,#6610));
#1454=CIRCLE('',#7360,5.5);
#1455=CIRCLE('',#7361,5.5);
#1456=CIRCLE('',#7363,1.);
#1457=CIRCLE('',#7365,1.);
#1458=CIRCLE('',#7367,5.5);
#1459=CIRCLE('',#7369,5.5);
#1460=CIRCLE('',#7374,5.);
#1461=CIRCLE('',#7375,5.);
#1462=CIRCLE('',#7382,5.);
#1463=CIRCLE('',#7383,5.);
#1464=CIRCLE('',#7386,5.);
#1465=CIRCLE('',#7388,5.);
#1466=CIRCLE('',#7401,5.);
#1467=CIRCLE('',#7402,5.);
#1468=CIRCLE('',#7404,5.);
#1469=CIRCLE('',#7409,5.);
#1470=CIRCLE('',#7421,1.35);
#1471=CIRCLE('',#7422,0.2);
#1472=CIRCLE('',#7423,1.55);
#1473=CIRCLE('',#7424,0.2);
#1474=CIRCLE('',#7425,1.35);
#1475=CIRCLE('',#7426,0.2);
#1476=CIRCLE('',#7427,1.55);
#1477=CIRCLE('',#7428,0.2);
#1478=CIRCLE('',#7429,1.35);
#1479=CIRCLE('',#7430,0.2);
#1480=CIRCLE('',#7431,1.55);
#1481=CIRCLE('',#7432,0.2);
#1482=CIRCLE('',#7433,1.35);
#1483=CIRCLE('',#7434,0.2);
#1484=CIRCLE('',#7435,1.55);
#1485=CIRCLE('',#7436,0.2);
#1486=CIRCLE('',#7437,0.75);
#1487=CIRCLE('',#7452,1.55);
#1488=CIRCLE('',#7454,1.55);
#1489=CIRCLE('',#7456,0.2);
#1490=CIRCLE('',#7459,0.2);
#1491=CIRCLE('',#7460,0.2);
#1492=CIRCLE('',#7461,0.2);
#1493=CIRCLE('',#7464,0.2);
#1494=CIRCLE('',#7465,0.2);
#1495=CIRCLE('',#7466,0.2);
#1496=CIRCLE('',#7471,0.2);
#1497=CIRCLE('',#7472,0.2);
#1498=CIRCLE('',#7473,0.2);
#1499=CIRCLE('',#7476,0.2);
#1500=CIRCLE('',#7477,0.2);
#1501=CIRCLE('',#7478,0.2);
#1502=CIRCLE('',#7482,1.75);
#1503=CIRCLE('',#7483,1.55);
#1504=CIRCLE('',#7486,0.2);
#1505=CIRCLE('',#7493,1.55);
#1506=CIRCLE('',#7495,1.55);
#1507=CIRCLE('',#7497,0.2);
#1508=CIRCLE('',#7500,0.2);
#1509=CIRCLE('',#7501,0.2);
#1510=CIRCLE('',#7502,0.2);
#1511=CIRCLE('',#7506,0.2);
#1512=CIRCLE('',#7507,0.2);
#1513=CIRCLE('',#7508,0.2);
#1514=CIRCLE('',#7511,0.2);
#1515=CIRCLE('',#7512,0.2);
#1516=CIRCLE('',#7513,0.2);
#1517=CIRCLE('',#7517,0.2);
#1518=CIRCLE('',#7518,0.2);
#1519=CIRCLE('',#7519,0.2);
#1520=CIRCLE('',#7522,1.75);
#1521=CIRCLE('',#7523,1.55);
#1522=CIRCLE('',#7527,0.2);
#1523=CIRCLE('',#7534,0.2);
#1524=CIRCLE('',#7537,0.2);
#1525=CIRCLE('',#7538,0.2);
#1526=CIRCLE('',#7539,0.2);
#1527=CIRCLE('',#7542,0.2);
#1528=CIRCLE('',#7543,0.2);
#1529=CIRCLE('',#7544,0.2);
#1530=CIRCLE('',#7548,0.2);
#1531=CIRCLE('',#7549,0.2);
#1532=CIRCLE('',#7550,0.2);
#1533=CIRCLE('',#7553,0.2);
#1534=CIRCLE('',#7554,0.2);
#1535=CIRCLE('',#7555,0.2);
#1536=CIRCLE('',#7559,0.2);
#1537=CIRCLE('',#7563,1.75);
#1538=CIRCLE('',#7564,1.55);
#1539=CIRCLE('',#7570,1.55);
#1540=CIRCLE('',#7572,1.55);
#1541=CIRCLE('',#7574,0.2);
#1542=CIRCLE('',#7577,0.2);
#1543=CIRCLE('',#7578,0.2);
#1544=CIRCLE('',#7579,0.2);
#1545=CIRCLE('',#7582,0.2);
#1546=CIRCLE('',#7583,0.2);
#1547=CIRCLE('',#7584,0.2);
#1548=CIRCLE('',#7589,0.2);
#1549=CIRCLE('',#7590,0.2);
#1550=CIRCLE('',#7591,0.2);
#1551=CIRCLE('',#7594,0.2);
#1552=CIRCLE('',#7595,0.2);
#1553=CIRCLE('',#7596,0.2);
#1554=CIRCLE('',#7600,1.75);
#1555=CIRCLE('',#7601,1.55);
#1556=CIRCLE('',#7604,0.2);
#1557=CIRCLE('',#7609,1.55);
#1558=CIRCLE('',#7613,1.55);
#1559=CIRCLE('',#7630,0.75);
#1560=CIRCLE('',#7641,5.);
#1561=CIRCLE('',#7642,5.);
#1562=CIRCLE('',#7643,5.);
#1563=CIRCLE('',#7646,5.);
#1564=CIRCLE('',#7648,5.);
#1565=CIRCLE('',#7650,5.);
#1566=CIRCLE('',#7669,0.2);
#1567=CIRCLE('',#7670,0.2);
#1568=CIRCLE('',#7671,0.2);
#1569=CIRCLE('',#7673,0.2);
#1570=CIRCLE('',#7676,0.2);
#1571=CIRCLE('',#7678,0.2);
#1572=CIRCLE('',#7680,0.2);
#1573=CIRCLE('',#7681,0.2);
#1574=CIRCLE('',#7683,0.2);
#1575=CIRCLE('',#7686,0.2);
#1576=CIRCLE('',#7688,0.2);
#1577=CIRCLE('',#7689,0.2);
#1578=CIRCLE('',#7691,0.2);
#1579=CIRCLE('',#7693,1.55);
#1580=CIRCLE('',#7694,1.55);
#1581=CIRCLE('',#7696,1.75);
#1582=CIRCLE('',#7697,0.2);
#1583=CIRCLE('',#7699,0.2);
#1584=CIRCLE('',#7701,0.2);
#1585=CIRCLE('',#7704,0.2);
#1586=CIRCLE('',#7705,0.2);
#1587=CIRCLE('',#7706,0.2);
#1588=CIRCLE('',#7708,0.2);
#1589=CIRCLE('',#7711,0.2);
#1590=CIRCLE('',#7713,1.55);
#1591=CIRCLE('',#7714,0.2);
#1592=CIRCLE('',#7715,1.75);
#1593=CIRCLE('',#7717,0.2);
#1594=CIRCLE('',#7718,0.2);
#1595=CIRCLE('',#7719,0.2);
#1596=CIRCLE('',#7721,0.2);
#1597=CIRCLE('',#7724,0.2);
#1598=CIRCLE('',#7726,0.2);
#1599=CIRCLE('',#7728,0.2);
#1600=CIRCLE('',#7730,1.55);
#1601=CIRCLE('',#7732,0.2);
#1602=CIRCLE('',#7733,0.2);
#1603=CIRCLE('',#7735,0.2);
#1604=CIRCLE('',#7738,0.2);
#1605=CIRCLE('',#7740,0.2);
#1606=CIRCLE('',#7741,0.2);
#1607=CIRCLE('',#7743,0.2);
#1608=CIRCLE('',#7747,0.2);
#1609=CIRCLE('',#7748,0.2);
#1610=CIRCLE('',#7749,0.2);
#1611=CIRCLE('',#7751,0.2);
#1612=CIRCLE('',#7754,0.2);
#1613=CIRCLE('',#7756,1.55);
#1614=CIRCLE('',#7757,0.2);
#1615=CIRCLE('',#7758,1.75);
#1616=CIRCLE('',#7760,0.2);
#1617=CIRCLE('',#7761,0.2);
#1618=CIRCLE('',#7763,0.2);
#1619=CIRCLE('',#7765,1.55);
#1620=CIRCLE('',#7767,0.2);
#1621=CIRCLE('',#7769,0.2);
#1622=CIRCLE('',#7770,0.2);
#1623=CIRCLE('',#7772,0.2);
#1624=CIRCLE('',#7775,0.2);
#1625=CIRCLE('',#7777,0.2);
#1626=CIRCLE('',#7779,0.2);
#1627=CIRCLE('',#7782,0.2);
#1628=CIRCLE('',#7783,0.2);
#1629=CIRCLE('',#7784,0.2);
#1630=CIRCLE('',#7786,0.2);
#1631=CIRCLE('',#7789,0.2);
#1632=CIRCLE('',#7791,0.2);
#1633=CIRCLE('',#7792,0.2);
#1634=CIRCLE('',#7794,0.2);
#1635=CIRCLE('',#7797,0.2);
#1636=CIRCLE('',#7799,0.2);
#1637=CIRCLE('',#7800,0.2);
#1638=CIRCLE('',#7802,0.2);
#1639=CIRCLE('',#7804,1.55);
#1640=CIRCLE('',#7805,1.55);
#1641=CIRCLE('',#7807,1.75);
#1642=CIRCLE('',#7808,0.2);
#1643=CIRCLE('',#7810,0.2);
#1644=CIRCLE('',#7811,0.2);
#1645=CIRCLE('',#7813,0.2);
#1646=CIRCLE('',#7816,0.2);
#1647=CIRCLE('',#7818,0.2);
#1648=CIRCLE('',#7819,0.2);
#1649=CIRCLE('',#7820,0.2);
#1650=CIRCLE('',#7822,0.2);
#1651=CIRCLE('',#7825,0.2);
#1652=CIRCLE('',#7827,0.2);
#1653=CIRCLE('',#7829,0.2);
#1654=CIRCLE('',#7830,0.2);
#1655=CIRCLE('',#7832,0.2);
#1656=CIRCLE('',#7835,0.2);
#1657=CIRCLE('',#7837,0.2);
#1658=CIRCLE('',#7838,0.2);
#1659=CIRCLE('',#7840,0.2);
#1660=CIRCLE('',#7842,1.55);
#1661=CIRCLE('',#7843,1.55);
#1662=CIRCLE('',#7845,1.75);
#1663=CIRCLE('',#7846,0.2);
#1664=CIRCLE('',#7848,0.2);
#1665=CIRCLE('',#7850,0.2);
#1666=CIRCLE('',#7853,0.2);
#1667=CIRCLE('',#7854,0.2);
#1668=CIRCLE('',#7856,0.2);
#1669=CIRCLE('',#7857,0.2);
#1670=CIRCLE('',#7859,1.75);
#1671=CIRCLE('',#7860,0.2);
#1672=CIRCLE('',#7861,1.55);
#1673=CIRCLE('',#7863,0.2);
#1674=CIRCLE('',#7866,0.2);
#1675=CIRCLE('',#7867,0.2);
#1676=CIRCLE('',#7869,0.2);
#1677=CIRCLE('',#7872,0.2);
#1678=CIRCLE('',#7874,0.2);
#1679=CIRCLE('',#7875,0.2);
#1680=CIRCLE('',#7876,0.2);
#1681=CIRCLE('',#7878,0.2);
#1682=CIRCLE('',#7880,0.2);
#1683=CIRCLE('',#7881,0.2);
#1684=CIRCLE('',#7882,0.2);
#1685=CIRCLE('',#7884,0.2);
#1686=CIRCLE('',#7886,0.2);
#1687=CIRCLE('',#7887,0.2);
#1688=CIRCLE('',#7888,0.2);
#1689=CIRCLE('',#7890,0.2);
#1690=CIRCLE('',#7893,0.2);
#1691=CIRCLE('',#7894,0.2);
#1692=CIRCLE('',#7895,0.2);
#1693=CIRCLE('',#7897,0.2);
#1694=CIRCLE('',#7900,1.75);
#1695=CIRCLE('',#7901,1.55);
#1696=CIRCLE('',#7907,0.2);
#1697=CIRCLE('',#7908,0.2);
#1698=CIRCLE('',#7910,0.2);
#1699=CIRCLE('',#7912,0.2);
#1700=CIRCLE('',#7913,0.2);
#1701=CIRCLE('',#7914,0.2);
#1702=CIRCLE('',#7916,0.2);
#1703=CIRCLE('',#7919,0.2);
#1704=CIRCLE('',#7920,0.2);
#1705=CIRCLE('',#7922,0.2);
#1706=CIRCLE('',#7929,0.2);
#1707=CIRCLE('',#7930,0.2);
#1708=CIRCLE('',#7932,0.2);
#1709=CIRCLE('',#7939,0.2);
#1710=CIRCLE('',#7940,0.2);
#1711=CIRCLE('',#7941,0.2);
#1712=CIRCLE('',#7943,0.2);
#1713=CIRCLE('',#7945,0.2);
#1714=CIRCLE('',#7946,0.2);
#1715=CIRCLE('',#7947,0.2);
#1716=CIRCLE('',#7949,0.2);
#1717=CIRCLE('',#7951,1.75);
#1718=CIRCLE('',#7952,1.55);
#1719=CIRCLE('',#7954,0.2);
#1720=CIRCLE('',#7955,0.2);
#1721=CIRCLE('',#7956,0.2);
#1722=CIRCLE('',#7958,0.2);
#1723=CIRCLE('',#7960,0.2);
#1724=CIRCLE('',#7961,0.2);
#1725=CIRCLE('',#7962,0.2);
#1726=CIRCLE('',#7964,0.2);
#1727=CIRCLE('',#7967,0.2);
#1728=CIRCLE('',#7968,0.2);
#1729=CIRCLE('',#7969,0.2);
#1730=CIRCLE('',#7971,0.2);
#1731=CIRCLE('',#7976,1.55);
#1732=CIRCLE('',#7981,1.55);
#1733=CIRCLE('',#7983,1.55);
#1734=CIRCLE('',#7995,0.75);
#1735=CIRCLE('',#7997,0.75);
#1736=CIRCLE('',#8006,0.2);
#1737=CIRCLE('',#8007,0.2);
#1738=CIRCLE('',#8008,0.2);
#1739=CIRCLE('',#8013,1.75);
#1740=CIRCLE('',#8014,1.55);
#1741=CIRCLE('',#8016,0.2);
#1742=CIRCLE('',#8017,0.2);
#1743=CIRCLE('',#8018,0.2);
#1744=CIRCLE('',#8020,0.2);
#1745=CIRCLE('',#8022,0.2);
#1746=CIRCLE('',#8023,0.2);
#1747=CIRCLE('',#8024,0.2);
#1748=CIRCLE('',#8026,0.2);
#1749=CIRCLE('',#8033,0.2);
#1750=CIRCLE('',#8035,0.2);
#1751=CIRCLE('',#8038,1.55);
#1752=CIRCLE('',#8042,0.2);
#1753=CIRCLE('',#8045,1.1);
#1754=CIRCLE('',#8046,0.2);
#1755=CIRCLE('',#8047,1.3);
#1756=CIRCLE('',#8048,1.3);
#1757=CIRCLE('',#8050,1.3);
#1758=CIRCLE('',#8052,0.75);
#1759=CIRCLE('',#8054,0.2);
#1760=CIRCLE('',#8055,0.2);
#1761=CIRCLE('',#8056,0.2);
#1762=CIRCLE('',#8061,0.2);
#1763=CIRCLE('',#8062,0.2);
#1764=CIRCLE('',#8063,0.2);
#1765=CIRCLE('',#8065,0.2);
#1766=CIRCLE('',#8067,1.75);
#1767=CIRCLE('',#8068,1.55);
#1768=CIRCLE('',#8070,0.2);
#1769=CIRCLE('',#8071,0.2);
#1770=CIRCLE('',#8072,0.2);
#1771=CIRCLE('',#8074,0.2);
#1772=CIRCLE('',#8083,1.55);
#1773=CIRCLE('',#8087,0.2);
#1774=CIRCLE('',#8092,0.2);
#1775=CIRCLE('',#8093,0.2);
#1776=CIRCLE('',#8094,0.2);
#1777=CIRCLE('',#8097,0.2);
#1778=CIRCLE('',#8098,0.2);
#1779=CIRCLE('',#8099,0.2);
#1780=CIRCLE('',#8101,0.2);
#1781=CIRCLE('',#8104,0.2);
#1782=CIRCLE('',#8105,0.2);
#1783=CIRCLE('',#8106,0.2);
#1784=CIRCLE('',#8110,0.2);
#1785=CIRCLE('',#8114,1.55);
#1786=CIRCLE('',#8115,1.75);
#1787=CIRCLE('',#8120,0.2);
#1788=CIRCLE('',#8123,0.2);
#1789=CIRCLE('',#8124,0.2);
#1790=CIRCLE('',#8125,0.2);
#1791=CIRCLE('',#8130,1.75);
#1792=CIRCLE('',#8131,1.55);
#1793=CIRCLE('',#8133,0.2);
#1794=CIRCLE('',#8134,0.2);
#1795=CIRCLE('',#8135,0.2);
#1796=CIRCLE('',#8137,0.2);
#1797=CIRCLE('',#8139,0.2);
#1798=CIRCLE('',#8140,0.2);
#1799=CIRCLE('',#8141,0.2);
#1800=CIRCLE('',#8153,1.55);
#1801=CIRCLE('',#8154,1.55);
#1802=CIRCLE('',#8174,0.75);
#1803=LINE('',#10582,#2416);
#1804=LINE('',#10586,#2417);
#1805=LINE('',#10590,#2418);
#1806=LINE('',#10592,#2419);
#1807=LINE('',#10596,#2420);
#1808=LINE('',#10598,#2421);
#1809=LINE('',#10602,#2422);
#1810=LINE('',#10604,#2423);
#1811=LINE('',#10608,#2424);
#1812=LINE('',#10610,#2425);
#1813=LINE('',#10614,#2426);
#1814=LINE('',#10615,#2427);
#1815=LINE('',#10618,#2428);
#1816=LINE('',#10619,#2429);
#1817=LINE('',#10621,#2430);
#1818=LINE('',#10626,#2431);
#1819=LINE('',#10628,#2432);
#1820=LINE('',#10631,#2433);
#1821=LINE('',#10634,#2434);
#1822=LINE('',#10636,#2435);
#1823=LINE('',#10637,#2436);
#1824=LINE('',#10641,#2437);
#1825=LINE('',#10643,#2438);
#1826=LINE('',#10645,#2439);
#1827=LINE('',#10646,#2440);
#1828=LINE('',#10649,#2441);
#1829=LINE('',#10651,#2442);
#1830=LINE('',#10652,#2443);
#1831=LINE('',#10655,#2444);
#1832=LINE('',#10657,#2445);
#1833=LINE('',#10658,#2446);
#1834=LINE('',#10664,#2447);
#1835=LINE('',#10666,#2448);
#1836=LINE('',#10667,#2449);
#1837=LINE('',#10670,#2450);
#1838=LINE('',#10673,#2451);
#1839=LINE('',#10676,#2452);
#1840=LINE('',#10680,#2453);
#1841=LINE('',#10682,#2454);
#1842=LINE('',#10683,#2455);
#1843=LINE('',#10685,#2456);
#1844=LINE('',#10686,#2457);
#1845=LINE('',#10688,#2458);
#1846=LINE('',#10690,#2459);
#1847=LINE('',#10692,#2460);
#1848=LINE('',#10694,#2461);
#1849=LINE('',#10697,#2462);
#1850=LINE('',#10703,#2463);
#1851=LINE('',#10705,#2464);
#1852=LINE('',#10707,#2465);
#1853=LINE('',#10709,#2466);
#1854=LINE('',#10711,#2467);
#1855=LINE('',#10713,#2468);
#1856=LINE('',#10715,#2469);
#1857=LINE('',#10716,#2470);
#1858=LINE('',#10721,#2471);
#1859=LINE('',#10727,#2472);
#1860=LINE('',#10728,#2473);
#1861=LINE('',#10731,#2474);
#1862=LINE('',#10732,#2475);
#1863=LINE('',#10736,#2476);
#1864=LINE('',#10737,#2477);
#1865=LINE('',#10739,#2478);
#1866=LINE('',#10740,#2479);
#1867=LINE('',#10742,#2480);
#1868=LINE('',#10745,#2481);
#1869=LINE('',#10749,#2482);
#1870=LINE('',#10751,#2483);
#1871=LINE('',#10752,#2484);
#1872=LINE('',#10754,#2485);
#1873=LINE('',#10757,#2486);
#1874=LINE('',#10758,#2487);
#1875=LINE('',#10760,#2488);
#1876=LINE('',#10762,#2489);
#1877=LINE('',#10764,#2490);
#1878=LINE('',#10785,#2491);
#1879=LINE('',#10788,#2492);
#1880=LINE('',#10793,#2493);
#1881=LINE('',#10801,#2494);
#1882=LINE('',#10805,#2495);
#1883=LINE('',#10813,#2496);
#1884=LINE('',#10817,#2497);
#1885=LINE('',#10825,#2498);
#1886=LINE('',#10829,#2499);
#1887=LINE('',#10855,#2500);
#1888=LINE('',#10860,#2501);
#1889=LINE('',#10877,#2502);
#1890=LINE('',#10879,#2503);
#1891=LINE('',#10881,#2504);
#1892=LINE('',#10883,#2505);
#1893=LINE('',#10885,#2506);
#1894=LINE('',#10887,#2507);
#1895=LINE('',#10888,#2508);
#1896=LINE('',#10906,#2509);
#1897=LINE('',#10910,#2510);
#1898=LINE('',#10912,#2511);
#1899=LINE('',#10914,#2512);
#1900=LINE('',#10916,#2513);
#1901=LINE('',#10918,#2514);
#1902=LINE('',#10920,#2515);
#1903=LINE('',#10921,#2516);
#1904=LINE('',#10939,#2517);
#1905=LINE('',#10943,#2518);
#1906=LINE('',#10945,#2519);
#1907=LINE('',#10947,#2520);
#1908=LINE('',#10949,#2521);
#1909=LINE('',#10951,#2522);
#1910=LINE('',#10953,#2523);
#1911=LINE('',#10954,#2524);
#1912=LINE('',#10973,#2525);
#1913=LINE('',#10981,#2526);
#1914=LINE('',#10985,#2527);
#1915=LINE('',#10995,#2528);
#1916=LINE('',#10996,#2529);
#1917=LINE('',#11005,#2530);
#1918=LINE('',#11008,#2531);
#1919=LINE('',#11009,#2532);
#1920=LINE('',#11018,#2533);
#1921=LINE('',#11019,#2534);
#1922=LINE('',#11027,#2535);
#1923=LINE('',#11029,#2536);
#1924=LINE('',#11034,#2537);
#1925=LINE('',#11035,#2538);
#1926=LINE('',#11039,#2539);
#1927=LINE('',#11042,#2540);
#1928=LINE('',#11044,#2541);
#1929=LINE('',#11046,#2542);
#1930=LINE('',#11058,#2543);
#1931=LINE('',#11060,#2544);
#1932=LINE('',#11063,#2545);
#1933=LINE('',#11065,#2546);
#1934=LINE('',#11067,#2547);
#1935=LINE('',#11069,#2548);
#1936=LINE('',#11070,#2549);
#1937=LINE('',#11079,#2550);
#1938=LINE('',#11091,#2551);
#1939=LINE('',#11093,#2552);
#1940=LINE('',#11102,#2553);
#1941=LINE('',#11111,#2554);
#1942=LINE('',#11112,#2555);
#1943=LINE('',#11114,#2556);
#1944=LINE('',#11115,#2557);
#1945=LINE('',#11123,#2558);
#1946=LINE('',#11128,#2559);
#1947=LINE('',#11130,#2560);
#1948=LINE('',#11131,#2561);
#1949=LINE('',#11134,#2562);
#1950=LINE('',#11137,#2563);
#1951=LINE('',#11140,#2564);
#1952=LINE('',#11142,#2565);
#1953=LINE('',#11143,#2566);
#1954=LINE('',#11145,#2567);
#1955=LINE('',#11146,#2568);
#1956=LINE('',#11149,#2569);
#1957=LINE('',#11151,#2570);
#1958=LINE('',#11152,#2571);
#1959=LINE('',#11153,#2572);
#1960=LINE('',#11159,#2573);
#1961=LINE('',#11163,#2574);
#1962=LINE('',#11173,#2575);
#1963=LINE('',#11174,#2576);
#1964=LINE('',#11183,#2577);
#1965=LINE('',#11184,#2578);
#1966=LINE('',#11186,#2579);
#1967=LINE('',#11187,#2580);
#1968=LINE('',#11196,#2581);
#1969=LINE('',#11197,#2582);
#1970=LINE('',#11207,#2583);
#1971=LINE('',#11209,#2584);
#1972=LINE('',#11213,#2585);
#1973=LINE('',#11216,#2586);
#1974=LINE('',#11218,#2587);
#1975=LINE('',#11219,#2588);
#1976=LINE('',#11221,#2589);
#1977=LINE('',#11222,#2590);
#1978=LINE('',#11227,#2591);
#1979=LINE('',#11229,#2592);
#1980=LINE('',#11232,#2593);
#1981=LINE('',#11234,#2594);
#1982=LINE('',#11236,#2595);
#1983=LINE('',#11237,#2596);
#1984=LINE('',#11239,#2597);
#1985=LINE('',#11240,#2598);
#1986=LINE('',#11246,#2599);
#1987=LINE('',#11251,#2600);
#1988=LINE('',#11255,#2601);
#1989=LINE('',#11265,#2602);
#1990=LINE('',#11266,#2603);
#1991=LINE('',#11275,#2604);
#1992=LINE('',#11278,#2605);
#1993=LINE('',#11279,#2606);
#1994=LINE('',#11288,#2607);
#1995=LINE('',#11289,#2608);
#1996=LINE('',#11297,#2609);
#1997=LINE('',#11299,#2610);
#1998=LINE('',#11304,#2611);
#1999=LINE('',#11305,#2612);
#2000=LINE('',#11309,#2613);
#2001=LINE('',#11311,#2614);
#2002=LINE('',#11313,#2615);
#2003=LINE('',#11329,#2616);
#2004=LINE('',#11333,#2617);
#2005=LINE('',#11336,#2618);
#2006=LINE('',#11339,#2619);
#2007=LINE('',#11340,#2620);
#2008=LINE('',#11341,#2621);
#2009=LINE('',#11343,#2622);
#2010=LINE('',#11348,#2623);
#2011=LINE('',#11355,#2624);
#2012=LINE('',#11357,#2625);
#2013=LINE('',#11359,#2626);
#2014=LINE('',#11360,#2627);
#2015=LINE('',#11363,#2628);
#2016=LINE('',#11365,#2629);
#2017=LINE('',#11366,#2630);
#2018=LINE('',#11369,#2631);
#2019=LINE('',#11371,#2632);
#2020=LINE('',#11372,#2633);
#2021=LINE('',#11375,#2634);
#2022=LINE('',#11377,#2635);
#2023=LINE('',#11378,#2636);
#2024=LINE('',#11381,#2637);
#2025=LINE('',#11383,#2638);
#2026=LINE('',#11384,#2639);
#2027=LINE('',#11386,#2640);
#2028=LINE('',#11387,#2641);
#2029=LINE('',#11392,#2642);
#2030=LINE('',#11394,#2643);
#2031=LINE('',#11400,#2644);
#2032=LINE('',#11402,#2645);
#2033=LINE('',#11404,#2646);
#2034=LINE('',#11405,#2647);
#2035=LINE('',#11409,#2648);
#2036=LINE('',#11411,#2649);
#2037=LINE('',#11413,#2650);
#2038=LINE('',#11414,#2651);
#2039=LINE('',#11418,#2652);
#2040=LINE('',#11420,#2653);
#2041=LINE('',#11422,#2654);
#2042=LINE('',#11423,#2655);
#2043=LINE('',#11426,#2656);
#2044=LINE('',#11428,#2657);
#2045=LINE('',#11429,#2658);
#2046=LINE('',#11432,#2659);
#2047=LINE('',#11434,#2660);
#2048=LINE('',#11435,#2661);
#2049=LINE('',#11442,#2662);
#2050=LINE('',#11444,#2663);
#2051=LINE('',#11445,#2664);
#2052=LINE('',#11450,#2665);
#2053=LINE('',#11451,#2666);
#2054=LINE('',#11456,#2667);
#2055=LINE('',#11457,#2668);
#2056=LINE('',#11462,#2669);
#2057=LINE('',#11463,#2670);
#2058=LINE('',#11467,#2671);
#2059=LINE('',#11469,#2672);
#2060=LINE('',#11471,#2673);
#2061=LINE('',#11472,#2674);
#2062=LINE('',#11474,#2675);
#2063=LINE('',#11475,#2676);
#2064=LINE('',#11479,#2677);
#2065=LINE('',#11481,#2678);
#2066=LINE('',#11483,#2679);
#2067=LINE('',#11484,#2680);
#2068=LINE('',#11486,#2681);
#2069=LINE('',#11487,#2682);
#2070=LINE('',#11491,#2683);
#2071=LINE('',#11493,#2684);
#2072=LINE('',#11495,#2685);
#2073=LINE('',#11496,#2686);
#2074=LINE('',#11498,#2687);
#2075=LINE('',#11499,#2688);
#2076=LINE('',#11501,#2689);
#2077=LINE('',#11502,#2690);
#2078=LINE('',#11503,#2691);
#2079=LINE('',#11505,#2692);
#2080=LINE('',#11507,#2693);
#2081=LINE('',#11509,#2694);
#2082=LINE('',#11512,#2695);
#2083=LINE('',#11514,#2696);
#2084=LINE('',#11517,#2697);
#2085=LINE('',#11531,#2698);
#2086=LINE('',#11532,#2699);
#2087=LINE('',#11535,#2700);
#2088=LINE('',#11537,#2701);
#2089=LINE('',#11538,#2702);
#2090=LINE('',#11541,#2703);
#2091=LINE('',#11545,#2704);
#2092=LINE('',#11548,#2705);
#2093=LINE('',#11556,#2706);
#2094=LINE('',#11559,#2707);
#2095=LINE('',#11561,#2708);
#2096=LINE('',#11562,#2709);
#2097=LINE('',#11565,#2710);
#2098=LINE('',#11574,#2711);
#2099=LINE('',#11579,#2712);
#2100=LINE('',#11589,#2713);
#2101=LINE('',#11591,#2714);
#2102=LINE('',#11603,#2715);
#2103=LINE('',#11604,#2716);
#2104=LINE('',#11607,#2717);
#2105=LINE('',#11609,#2718);
#2106=LINE('',#11610,#2719);
#2107=LINE('',#11613,#2720);
#2108=LINE('',#11632,#2721);
#2109=LINE('',#11633,#2722);
#2110=LINE('',#11636,#2723);
#2111=LINE('',#11638,#2724);
#2112=LINE('',#11639,#2725);
#2113=LINE('',#11641,#2726);
#2114=LINE('',#11648,#2727);
#2115=LINE('',#11658,#2728);
#2116=LINE('',#11661,#2729);
#2117=LINE('',#11663,#2730);
#2118=LINE('',#11664,#2731);
#2119=LINE('',#11667,#2732);
#2120=LINE('',#11676,#2733);
#2121=LINE('',#11678,#2734);
#2122=LINE('',#11679,#2735);
#2123=LINE('',#11681,#2736);
#2124=LINE('',#11693,#2737);
#2125=LINE('',#11694,#2738);
#2126=LINE('',#11697,#2739);
#2127=LINE('',#11699,#2740);
#2128=LINE('',#11700,#2741);
#2129=LINE('',#11703,#2742);
#2130=LINE('',#11719,#2743);
#2131=LINE('',#11720,#2744);
#2132=LINE('',#11725,#2745);
#2133=LINE('',#11728,#2746);
#2134=LINE('',#11737,#2747);
#2135=LINE('',#11738,#2748);
#2136=LINE('',#11740,#2749);
#2137=LINE('',#11743,#2750);
#2138=LINE('',#11745,#2751);
#2139=LINE('',#11751,#2752);
#2140=LINE('',#11753,#2753);
#2141=LINE('',#11765,#2754);
#2142=LINE('',#11766,#2755);
#2143=LINE('',#11769,#2756);
#2144=LINE('',#11771,#2757);
#2145=LINE('',#11772,#2758);
#2146=LINE('',#11775,#2759);
#2147=LINE('',#11784,#2760);
#2148=LINE('',#11787,#2761);
#2149=LINE('',#11789,#2762);
#2150=LINE('',#11790,#2763);
#2151=LINE('',#11793,#2764);
#2152=LINE('',#11802,#2765);
#2153=LINE('',#11807,#2766);
#2154=LINE('',#11820,#2767);
#2155=LINE('',#11823,#2768);
#2156=LINE('',#11825,#2769);
#2157=LINE('',#11826,#2770);
#2158=LINE('',#11829,#2771);
#2159=LINE('',#11842,#2772);
#2160=LINE('',#11843,#2773);
#2161=LINE('',#11846,#2774);
#2162=LINE('',#11848,#2775);
#2163=LINE('',#11849,#2776);
#2164=LINE('',#11852,#2777);
#2165=LINE('',#11856,#2778);
#2166=LINE('',#11859,#2779);
#2167=LINE('',#11868,#2780);
#2168=LINE('',#11869,#2781);
#2169=LINE('',#11871,#2782);
#2170=LINE('',#11874,#2783);
#2171=LINE('',#11877,#2784);
#2172=LINE('',#11885,#2785);
#2173=LINE('',#11890,#2786);
#2174=LINE('',#11900,#2787);
#2175=LINE('',#11902,#2788);
#2176=LINE('',#11908,#2789);
#2177=LINE('',#11911,#2790);
#2178=LINE('',#11924,#2791);
#2179=LINE('',#11927,#2792);
#2180=LINE('',#11930,#2793);
#2181=LINE('',#11931,#2794);
#2182=LINE('',#11940,#2795);
#2183=LINE('',#11941,#2796);
#2184=LINE('',#11944,#2797);
#2185=LINE('',#11946,#2798);
#2186=LINE('',#11947,#2799);
#2187=LINE('',#11950,#2800);
#2188=LINE('',#11963,#2801);
#2189=LINE('',#11964,#2802);
#2190=LINE('',#11976,#2803);
#2191=LINE('',#11977,#2804);
#2192=LINE('',#11989,#2805);
#2193=LINE('',#11990,#2806);
#2194=LINE('',#11992,#2807);
#2195=LINE('',#11993,#2808);
#2196=LINE('',#12005,#2809);
#2197=LINE('',#12006,#2810);
#2198=LINE('',#12008,#2811);
#2199=LINE('',#12009,#2812);
#2200=LINE('',#12014,#2813);
#2201=LINE('',#12015,#2814);
#2202=LINE('',#12017,#2815);
#2203=LINE('',#12019,#2816);
#2204=LINE('',#12028,#2817);
#2205=LINE('',#12040,#2818);
#2206=LINE('',#12041,#2819);
#2207=LINE('',#12043,#2820);
#2208=LINE('',#12044,#2821);
#2209=LINE('',#12052,#2822);
#2210=LINE('',#12054,#2823);
#2211=LINE('',#12055,#2824);
#2212=LINE('',#12057,#2825);
#2213=LINE('',#12059,#2826);
#2214=LINE('',#12069,#2827);
#2215=LINE('',#12071,#2828);
#2216=LINE('',#12072,#2829);
#2217=LINE('',#12088,#2830);
#2218=LINE('',#12089,#2831);
#2219=LINE('',#12101,#2832);
#2220=LINE('',#12102,#2833);
#2221=LINE('',#12117,#2834);
#2222=LINE('',#12118,#2835);
#2223=LINE('',#12130,#2836);
#2224=LINE('',#12131,#2837);
#2225=LINE('',#12133,#2838);
#2226=LINE('',#12134,#2839);
#2227=LINE('',#12146,#2840);
#2228=LINE('',#12147,#2841);
#2229=LINE('',#12149,#2842);
#2230=LINE('',#12150,#2843);
#2231=LINE('',#12152,#2844);
#2232=LINE('',#12153,#2845);
#2233=LINE('',#12155,#2846);
#2234=LINE('',#12156,#2847);
#2235=LINE('',#12160,#2848);
#2236=LINE('',#12162,#2849);
#2237=LINE('',#12169,#2850);
#2238=LINE('',#12171,#2851);
#2239=LINE('',#12173,#2852);
#2240=LINE('',#12175,#2853);
#2241=LINE('',#12179,#2854);
#2242=LINE('',#12181,#2855);
#2243=LINE('',#12183,#2856);
#2244=LINE('',#12184,#2857);
#2245=LINE('',#12187,#2858);
#2246=LINE('',#12189,#2859);
#2247=LINE('',#12190,#2860);
#2248=LINE('',#12193,#2861);
#2249=LINE('',#12195,#2862);
#2250=LINE('',#12196,#2863);
#2251=LINE('',#12199,#2864);
#2252=LINE('',#12201,#2865);
#2253=LINE('',#12202,#2866);
#2254=LINE('',#12205,#2867);
#2255=LINE('',#12207,#2868);
#2256=LINE('',#12208,#2869);
#2257=LINE('',#12210,#2870);
#2258=LINE('',#12211,#2871);
#2259=LINE('',#12218,#2872);
#2260=LINE('',#12222,#2873);
#2261=LINE('',#12224,#2874);
#2262=LINE('',#12226,#2875);
#2263=LINE('',#12227,#2876);
#2264=LINE('',#12230,#2877);
#2265=LINE('',#12232,#2878);
#2266=LINE('',#12233,#2879);
#2267=LINE('',#12236,#2880);
#2268=LINE('',#12238,#2881);
#2269=LINE('',#12239,#2882);
#2270=LINE('',#12241,#2883);
#2271=LINE('',#12242,#2884);
#2272=LINE('',#12255,#2885);
#2273=LINE('',#12257,#2886);
#2274=LINE('',#12261,#2887);
#2275=LINE('',#12263,#2888);
#2276=LINE('',#12308,#2889);
#2277=LINE('',#12309,#2890);
#2278=LINE('',#12320,#2891);
#2279=LINE('',#12324,#2892);
#2280=LINE('',#12327,#2893);
#2281=LINE('',#12328,#2894);
#2282=LINE('',#12330,#2895);
#2283=LINE('',#12331,#2896);
#2284=LINE('',#12333,#2897);
#2285=LINE('',#12334,#2898);
#2286=LINE('',#12336,#2899);
#2287=LINE('',#12337,#2900);
#2288=LINE('',#12340,#2901);
#2289=LINE('',#12343,#2902);
#2290=LINE('',#12346,#2903);
#2291=LINE('',#12348,#2904);
#2292=LINE('',#12350,#2905);
#2293=LINE('',#12354,#2906);
#2294=LINE('',#12356,#2907);
#2295=LINE('',#12358,#2908);
#2296=LINE('',#12360,#2909);
#2297=LINE('',#12361,#2910);
#2298=LINE('',#12364,#2911);
#2299=LINE('',#12365,#2912);
#2300=LINE('',#12368,#2913);
#2301=LINE('',#12372,#2914);
#2302=LINE('',#12373,#2915);
#2303=LINE('',#12375,#2916);
#2304=LINE('',#12376,#2917);
#2305=LINE('',#12377,#2918);
#2306=LINE('',#12380,#2919);
#2307=LINE('',#12382,#2920);
#2308=LINE('',#12384,#2921);
#2309=LINE('',#12388,#2922);
#2310=LINE('',#12389,#2923);
#2311=LINE('',#12401,#2924);
#2312=LINE('',#12415,#2925);
#2313=LINE('',#12417,#2926);
#2314=LINE('',#12421,#2927);
#2315=LINE('',#12423,#2928);
#2316=LINE('',#12449,#2929);
#2317=LINE('',#12450,#2930);
#2318=LINE('',#12480,#2931);
#2319=LINE('',#12484,#2932);
#2320=LINE('',#12487,#2933);
#2321=LINE('',#12488,#2934);
#2322=LINE('',#12490,#2935);
#2323=LINE('',#12491,#2936);
#2324=LINE('',#12493,#2937);
#2325=LINE('',#12494,#2938);
#2326=LINE('',#12496,#2939);
#2327=LINE('',#12497,#2940);
#2328=LINE('',#12499,#2941);
#2329=LINE('',#12500,#2942);
#2330=LINE('',#12503,#2943);
#2331=LINE('',#12504,#2944);
#2332=LINE('',#12507,#2945);
#2333=LINE('',#12511,#2946);
#2334=LINE('',#12512,#2947);
#2335=LINE('',#12514,#2948);
#2336=LINE('',#12515,#2949);
#2337=LINE('',#12516,#2950);
#2338=LINE('',#12519,#2951);
#2339=LINE('',#12521,#2952);
#2340=LINE('',#12523,#2953);
#2341=LINE('',#12527,#2954);
#2342=LINE('',#12528,#2955);
#2343=LINE('',#12532,#2956);
#2344=LINE('',#12534,#2957);
#2345=LINE('',#12544,#2958);
#2346=LINE('',#12545,#2959);
#2347=LINE('',#12557,#2960);
#2348=LINE('',#12558,#2961);
#2349=LINE('',#12560,#2962);
#2350=LINE('',#12561,#2963);
#2351=LINE('',#12571,#2964);
#2352=LINE('',#12573,#2965);
#2353=LINE('',#12577,#2966);
#2354=LINE('',#12580,#2967);
#2355=LINE('',#12582,#2968);
#2356=LINE('',#12583,#2969);
#2357=LINE('',#12586,#2970);
#2358=LINE('',#12588,#2971);
#2359=LINE('',#12623,#2972);
#2360=LINE('',#12624,#2973);
#2361=LINE('',#12626,#2974);
#2362=LINE('',#12628,#2975);
#2363=LINE('',#12631,#2976);
#2364=LINE('',#12633,#2977);
#2365=LINE('',#12635,#2978);
#2366=LINE('',#12638,#2979);
#2367=LINE('',#12639,#2980);
#2368=LINE('',#12640,#2981);
#2369=LINE('',#12651,#2982);
#2370=LINE('',#12653,#2983);
#2371=LINE('',#12657,#2984);
#2372=LINE('',#12659,#2985);
#2373=LINE('',#12704,#2986);
#2374=LINE('',#12705,#2987);
#2375=LINE('',#12715,#2988);
#2376=LINE('',#12717,#2989);
#2377=LINE('',#12720,#2990);
#2378=LINE('',#12721,#2991);
#2379=LINE('',#12723,#2992);
#2380=LINE('',#12724,#2993);
#2381=LINE('',#12726,#2994);
#2382=LINE('',#12727,#2995);
#2383=LINE('',#12729,#2996);
#2384=LINE('',#12730,#2997);
#2385=LINE('',#12732,#2998);
#2386=LINE('',#12733,#2999);
#2387=LINE('',#12735,#3000);
#2388=LINE('',#12737,#3001);
#2389=LINE('',#12741,#3002);
#2390=LINE('',#12744,#3003);
#2391=LINE('',#12746,#3004);
#2392=LINE('',#12749,#3005);
#2393=LINE('',#12753,#3006);
#2394=LINE('',#12755,#3007);
#2395=LINE('',#12760,#3008);
#2396=LINE('',#12762,#3009);
#2397=LINE('',#12769,#3010);
#2398=LINE('',#12771,#3011);
#2399=LINE('',#12773,#3012);
#2400=LINE('',#12774,#3013);
#2401=LINE('',#12777,#3014);
#2402=LINE('',#12779,#3015);
#2403=LINE('',#12780,#3016);
#2404=LINE('',#12783,#3017);
#2405=LINE('',#12785,#3018);
#2406=LINE('',#12786,#3019);
#2407=LINE('',#12789,#3020);
#2408=LINE('',#12791,#3021);
#2409=LINE('',#12792,#3022);
#2410=LINE('',#12795,#3023);
#2411=LINE('',#12797,#3024);
#2412=LINE('',#12798,#3025);
#2413=LINE('',#12800,#3026);
#2414=LINE('',#12801,#3027);
#2415=LINE('',#12806,#3028);
#2416=VECTOR('',#8232,10.);
#2417=VECTOR('',#8235,10.);
#2418=VECTOR('',#8240,10.);
#2419=VECTOR('',#8241,10.);
#2420=VECTOR('',#8246,10.);
#2421=VECTOR('',#8247,10.);
#2422=VECTOR('',#8252,10.);
#2423=VECTOR('',#8253,10.);
#2424=VECTOR('',#8258,10.);
#2425=VECTOR('',#8259,10.);
#2426=VECTOR('',#8264,10.);
#2427=VECTOR('',#8265,10.);
#2428=VECTOR('',#8268,10.);
#2429=VECTOR('',#8269,10.);
#2430=VECTOR('',#8272,10.);
#2431=VECTOR('',#8277,10.);
#2432=VECTOR('',#8278,10.);
#2433=VECTOR('',#8283,10.);
#2434=VECTOR('',#8286,10.);
#2435=VECTOR('',#8287,10.);
#2436=VECTOR('',#8288,10.);
#2437=VECTOR('',#8291,10.);
#2438=VECTOR('',#8292,10.);
#2439=VECTOR('',#8293,10.);
#2440=VECTOR('',#8294,10.);
#2441=VECTOR('',#8297,10.);
#2442=VECTOR('',#8298,10.);
#2443=VECTOR('',#8299,10.);
#2444=VECTOR('',#8302,10.);
#2445=VECTOR('',#8303,10.);
#2446=VECTOR('',#8304,10.);
#2447=VECTOR('',#8313,10.);
#2448=VECTOR('',#8314,10.);
#2449=VECTOR('',#8315,10.);
#2450=VECTOR('',#8318,10.);
#2451=VECTOR('',#8321,10.);
#2452=VECTOR('',#8324,10.);
#2453=VECTOR('',#8329,10.);
#2454=VECTOR('',#8330,10.);
#2455=VECTOR('',#8331,10.);
#2456=VECTOR('',#8334,10.);
#2457=VECTOR('',#8335,10.);
#2458=VECTOR('',#8338,10.);
#2459=VECTOR('',#8341,10.);
#2460=VECTOR('',#8344,10.);
#2461=VECTOR('',#8347,10.);
#2462=VECTOR('',#8352,10.);
#2463=VECTOR('',#8359,10.);
#2464=VECTOR('',#8360,10.);
#2465=VECTOR('',#8361,10.);
#2466=VECTOR('',#8362,10.);
#2467=VECTOR('',#8363,10.);
#2468=VECTOR('',#8364,10.);
#2469=VECTOR('',#8365,10.);
#2470=VECTOR('',#8366,10.);
#2471=VECTOR('',#8371,10.);
#2472=VECTOR('',#8378,10.);
#2473=VECTOR('',#8379,10.);
#2474=VECTOR('',#8382,10.);
#2475=VECTOR('',#8383,10.);
#2476=VECTOR('',#8386,10.);
#2477=VECTOR('',#8387,10.);
#2478=VECTOR('',#8388,10.);
#2479=VECTOR('',#8389,10.);
#2480=VECTOR('',#8392,10.);
#2481=VECTOR('',#8395,10.);
#2482=VECTOR('',#8400,10.);
#2483=VECTOR('',#8401,10.);
#2484=VECTOR('',#8402,10.);
#2485=VECTOR('',#8405,10.);
#2486=VECTOR('',#8408,10.);
#2487=VECTOR('',#8409,10.);
#2488=VECTOR('',#8412,10.);
#2489=VECTOR('',#8415,10.);
#2490=VECTOR('',#8418,10.);
#2491=VECTOR('',#8425,10.);
#2492=VECTOR('',#8428,10.);
#2493=VECTOR('',#8433,10.);
#2494=VECTOR('',#8440,10.);
#2495=VECTOR('',#8443,10.);
#2496=VECTOR('',#8450,10.);
#2497=VECTOR('',#8453,10.);
#2498=VECTOR('',#8460,10.);
#2499=VECTOR('',#8463,10.);
#2500=VECTOR('',#8476,10.);
#2501=VECTOR('',#8481,10.);
#2502=VECTOR('',#8484,10.);
#2503=VECTOR('',#8485,10.);
#2504=VECTOR('',#8486,10.);
#2505=VECTOR('',#8487,10.);
#2506=VECTOR('',#8488,10.);
#2507=VECTOR('',#8489,10.);
#2508=VECTOR('',#8490,10.);
#2509=VECTOR('',#8493,10.);
#2510=VECTOR('',#8498,10.);
#2511=VECTOR('',#8499,10.);
#2512=VECTOR('',#8500,10.);
#2513=VECTOR('',#8501,10.);
#2514=VECTOR('',#8502,10.);
#2515=VECTOR('',#8503,10.);
#2516=VECTOR('',#8504,10.);
#2517=VECTOR('',#8507,10.);
#2518=VECTOR('',#8512,10.);
#2519=VECTOR('',#8513,10.);
#2520=VECTOR('',#8514,10.);
#2521=VECTOR('',#8515,10.);
#2522=VECTOR('',#8516,10.);
#2523=VECTOR('',#8517,10.);
#2524=VECTOR('',#8518,10.);
#2525=VECTOR('',#8523,10.);
#2526=VECTOR('',#8534,10.);
#2527=VECTOR('',#8537,10.);
#2528=VECTOR('',#8550,10.);
#2529=VECTOR('',#8551,10.);
#2530=VECTOR('',#8562,10.);
#2531=VECTOR('',#8567,10.);
#2532=VECTOR('',#8568,10.);
#2533=VECTOR('',#8579,10.);
#2534=VECTOR('',#8580,10.);
#2535=VECTOR('',#8591,10.);
#2536=VECTOR('',#8594,10.);
#2537=VECTOR('',#8603,10.);
#2538=VECTOR('',#8604,10.);
#2539=VECTOR('',#8609,10.);
#2540=VECTOR('',#8612,10.);
#2541=VECTOR('',#8613,10.);
#2542=VECTOR('',#8614,10.);
#2543=VECTOR('',#8617,10.);
#2544=VECTOR('',#8620,10.);
#2545=VECTOR('',#8623,10.);
#2546=VECTOR('',#8624,10.);
#2547=VECTOR('',#8625,10.);
#2548=VECTOR('',#8626,10.);
#2549=VECTOR('',#8627,10.);
#2550=VECTOR('',#8640,10.);
#2551=VECTOR('',#8655,10.);
#2552=VECTOR('',#8656,10.);
#2553=VECTOR('',#8669,10.);
#2554=VECTOR('',#8680,10.);
#2555=VECTOR('',#8681,10.);
#2556=VECTOR('',#8684,10.);
#2557=VECTOR('',#8685,10.);
#2558=VECTOR('',#8696,10.);
#2559=VECTOR('',#8705,10.);
#2560=VECTOR('',#8708,10.);
#2561=VECTOR('',#8709,10.);
#2562=VECTOR('',#8712,10.);
#2563=VECTOR('',#8715,10.);
#2564=VECTOR('',#8718,10.);
#2565=VECTOR('',#8719,10.);
#2566=VECTOR('',#8720,10.);
#2567=VECTOR('',#8723,10.);
#2568=VECTOR('',#8724,10.);
#2569=VECTOR('',#8727,10.);
#2570=VECTOR('',#8728,10.);
#2571=VECTOR('',#8729,10.);
#2572=VECTOR('',#8730,10.);
#2573=VECTOR('',#8737,10.);
#2574=VECTOR('',#8740,10.);
#2575=VECTOR('',#8753,10.);
#2576=VECTOR('',#8754,10.);
#2577=VECTOR('',#8765,10.);
#2578=VECTOR('',#8766,10.);
#2579=VECTOR('',#8769,10.);
#2580=VECTOR('',#8770,10.);
#2581=VECTOR('',#8781,10.);
#2582=VECTOR('',#8782,10.);
#2583=VECTOR('',#8793,10.);
#2584=VECTOR('',#8794,10.);
#2585=VECTOR('',#8799,10.);
#2586=VECTOR('',#8802,10.);
#2587=VECTOR('',#8805,10.);
#2588=VECTOR('',#8806,10.);
#2589=VECTOR('',#8809,10.);
#2590=VECTOR('',#8810,10.);
#2591=VECTOR('',#8819,10.);
#2592=VECTOR('',#8822,10.);
#2593=VECTOR('',#8825,10.);
#2594=VECTOR('',#8826,10.);
#2595=VECTOR('',#8827,10.);
#2596=VECTOR('',#8828,10.);
#2597=VECTOR('',#8829,10.);
#2598=VECTOR('',#8830,10.);
#2599=VECTOR('',#8839,10.);
#2600=VECTOR('',#8844,10.);
#2601=VECTOR('',#8847,10.);
#2602=VECTOR('',#8860,10.);
#2603=VECTOR('',#8861,10.);
#2604=VECTOR('',#8872,10.);
#2605=VECTOR('',#8877,10.);
#2606=VECTOR('',#8878,10.);
#2607=VECTOR('',#8889,10.);
#2608=VECTOR('',#8890,10.);
#2609=VECTOR('',#8901,10.);
#2610=VECTOR('',#8904,10.);
#2611=VECTOR('',#8913,10.);
#2612=VECTOR('',#8914,10.);
#2613=VECTOR('',#8919,10.);
#2614=VECTOR('',#8922,10.);
#2615=VECTOR('',#8925,10.);
#2616=VECTOR('',#8934,10.);
#2617=VECTOR('',#8939,10.);
#2618=VECTOR('',#8942,10.);
#2619=VECTOR('',#8945,10.);
#2620=VECTOR('',#8946,10.);
#2621=VECTOR('',#8947,10.);
#2622=VECTOR('',#8950,10.);
#2623=VECTOR('',#8959,10.);
#2624=VECTOR('',#8968,10.);
#2625=VECTOR('',#8969,10.);
#2626=VECTOR('',#8970,10.);
#2627=VECTOR('',#8971,10.);
#2628=VECTOR('',#8974,10.);
#2629=VECTOR('',#8975,10.);
#2630=VECTOR('',#8976,10.);
#2631=VECTOR('',#8979,10.);
#2632=VECTOR('',#8980,10.);
#2633=VECTOR('',#8981,10.);
#2634=VECTOR('',#8984,10.);
#2635=VECTOR('',#8985,10.);
#2636=VECTOR('',#8986,10.);
#2637=VECTOR('',#8989,10.);
#2638=VECTOR('',#8990,10.);
#2639=VECTOR('',#8991,10.);
#2640=VECTOR('',#8994,10.);
#2641=VECTOR('',#8995,10.);
#2642=VECTOR('',#9002,0.75);
#2643=VECTOR('',#9005,10.);
#2644=VECTOR('',#9012,10.);
#2645=VECTOR('',#9013,10.);
#2646=VECTOR('',#9014,10.);
#2647=VECTOR('',#9015,10.);
#2648=VECTOR('',#9018,10.);
#2649=VECTOR('',#9019,10.);
#2650=VECTOR('',#9020,10.);
#2651=VECTOR('',#9021,10.);
#2652=VECTOR('',#9024,10.);
#2653=VECTOR('',#9025,10.);
#2654=VECTOR('',#9026,10.);
#2655=VECTOR('',#9027,10.);
#2656=VECTOR('',#9030,10.);
#2657=VECTOR('',#9031,10.);
#2658=VECTOR('',#9032,10.);
#2659=VECTOR('',#9035,10.);
#2660=VECTOR('',#9036,10.);
#2661=VECTOR('',#9037,10.);
#2662=VECTOR('',#9048,10.);
#2663=VECTOR('',#9049,10.);
#2664=VECTOR('',#9050,10.);
#2665=VECTOR('',#9055,10.);
#2666=VECTOR('',#9056,10.);
#2667=VECTOR('',#9061,10.);
#2668=VECTOR('',#9062,10.);
#2669=VECTOR('',#9067,10.);
#2670=VECTOR('',#9068,10.);
#2671=VECTOR('',#9071,10.);
#2672=VECTOR('',#9072,10.);
#2673=VECTOR('',#9073,10.);
#2674=VECTOR('',#9074,10.);
#2675=VECTOR('',#9077,10.);
#2676=VECTOR('',#9078,10.);
#2677=VECTOR('',#9081,10.);
#2678=VECTOR('',#9082,10.);
#2679=VECTOR('',#9083,10.);
#2680=VECTOR('',#9084,10.);
#2681=VECTOR('',#9087,10.);
#2682=VECTOR('',#9088,10.);
#2683=VECTOR('',#9091,10.);
#2684=VECTOR('',#9092,10.);
#2685=VECTOR('',#9093,10.);
#2686=VECTOR('',#9094,10.);
#2687=VECTOR('',#9097,10.);
#2688=VECTOR('',#9098,10.);
#2689=VECTOR('',#9101,10.);
#2690=VECTOR('',#9102,10.);
#2691=VECTOR('',#9103,10.);
#2692=VECTOR('',#9106,10.);
#2693=VECTOR('',#9109,10.);
#2694=VECTOR('',#9112,10.);
#2695=VECTOR('',#9117,10.);
#2696=VECTOR('',#9120,10.);
#2697=VECTOR('',#9125,10.);
#2698=VECTOR('',#9142,10.);
#2699=VECTOR('',#9143,10.);
#2700=VECTOR('',#9146,10.);
#2701=VECTOR('',#9147,10.);
#2702=VECTOR('',#9148,10.);
#2703=VECTOR('',#9151,10.);
#2704=VECTOR('',#9156,10.);
#2705=VECTOR('',#9159,10.);
#2706=VECTOR('',#9170,10.);
#2707=VECTOR('',#9173,10.);
#2708=VECTOR('',#9174,10.);
#2709=VECTOR('',#9175,10.);
#2710=VECTOR('',#9178,10.);
#2711=VECTOR('',#9191,10.);
#2712=VECTOR('',#9196,10.);
#2713=VECTOR('',#9213,10.);
#2714=VECTOR('',#9216,10.);
#2715=VECTOR('',#9229,10.);
#2716=VECTOR('',#9230,10.);
#2717=VECTOR('',#9233,10.);
#2718=VECTOR('',#9234,10.);
#2719=VECTOR('',#9235,10.);
#2720=VECTOR('',#9238,10.);
#2721=VECTOR('',#9261,10.);
#2722=VECTOR('',#9262,10.);
#2723=VECTOR('',#9265,10.);
#2724=VECTOR('',#9266,10.);
#2725=VECTOR('',#9267,10.);
#2726=VECTOR('',#9270,10.);
#2727=VECTOR('',#9281,10.);
#2728=VECTOR('',#9296,10.);
#2729=VECTOR('',#9299,10.);
#2730=VECTOR('',#9300,10.);
#2731=VECTOR('',#9301,10.);
#2732=VECTOR('',#9304,10.);
#2733=VECTOR('',#9317,10.);
#2734=VECTOR('',#9320,10.);
#2735=VECTOR('',#9321,10.);
#2736=VECTOR('',#9324,10.);
#2737=VECTOR('',#9337,10.);
#2738=VECTOR('',#9338,10.);
#2739=VECTOR('',#9341,10.);
#2740=VECTOR('',#9342,10.);
#2741=VECTOR('',#9343,10.);
#2742=VECTOR('',#9346,10.);
#2743=VECTOR('',#9367,10.);
#2744=VECTOR('',#9368,10.);
#2745=VECTOR('',#9375,10.);
#2746=VECTOR('',#9378,10.);
#2747=VECTOR('',#9389,10.);
#2748=VECTOR('',#9390,10.);
#2749=VECTOR('',#9393,10.);
#2750=VECTOR('',#9396,10.);
#2751=VECTOR('',#9399,10.);
#2752=VECTOR('',#9408,10.);
#2753=VECTOR('',#9411,10.);
#2754=VECTOR('',#9424,10.);
#2755=VECTOR('',#9425,10.);
#2756=VECTOR('',#9428,10.);
#2757=VECTOR('',#9429,10.);
#2758=VECTOR('',#9430,10.);
#2759=VECTOR('',#9433,10.);
#2760=VECTOR('',#9446,10.);
#2761=VECTOR('',#9449,10.);
#2762=VECTOR('',#9450,10.);
#2763=VECTOR('',#9451,10.);
#2764=VECTOR('',#9454,10.);
#2765=VECTOR('',#9467,10.);
#2766=VECTOR('',#9472,10.);
#2767=VECTOR('',#9491,10.);
#2768=VECTOR('',#9494,10.);
#2769=VECTOR('',#9495,10.);
#2770=VECTOR('',#9496,10.);
#2771=VECTOR('',#9499,10.);
#2772=VECTOR('',#9514,10.);
#2773=VECTOR('',#9515,10.);
#2774=VECTOR('',#9518,10.);
#2775=VECTOR('',#9519,10.);
#2776=VECTOR('',#9520,10.);
#2777=VECTOR('',#9523,10.);
#2778=VECTOR('',#9528,10.);
#2779=VECTOR('',#9531,10.);
#2780=VECTOR('',#9542,10.);
#2781=VECTOR('',#9543,10.);
#2782=VECTOR('',#9546,10.);
#2783=VECTOR('',#9549,10.);
#2784=VECTOR('',#9552,10.);
#2785=VECTOR('',#9563,10.);
#2786=VECTOR('',#9568,10.);
#2787=VECTOR('',#9585,10.);
#2788=VECTOR('',#9588,10.);
#2789=VECTOR('',#9593,10.);
#2790=VECTOR('',#9596,10.);
#2791=VECTOR('',#9613,10.);
#2792=VECTOR('',#9616,10.);
#2793=VECTOR('',#9619,10.);
#2794=VECTOR('',#9620,10.);
#2795=VECTOR('',#9631,10.);
#2796=VECTOR('',#9632,10.);
#2797=VECTOR('',#9635,10.);
#2798=VECTOR('',#9636,10.);
#2799=VECTOR('',#9637,10.);
#2800=VECTOR('',#9640,10.);
#2801=VECTOR('',#9655,10.);
#2802=VECTOR('',#9656,10.);
#2803=VECTOR('',#9669,10.);
#2804=VECTOR('',#9670,10.);
#2805=VECTOR('',#9683,10.);
#2806=VECTOR('',#9684,10.);
#2807=VECTOR('',#9687,10.);
#2808=VECTOR('',#9688,10.);
#2809=VECTOR('',#9701,10.);
#2810=VECTOR('',#9702,10.);
#2811=VECTOR('',#9705,10.);
#2812=VECTOR('',#9706,10.);
#2813=VECTOR('',#9715,10.);
#2814=VECTOR('',#9716,10.);
#2815=VECTOR('',#9719,10.);
#2816=VECTOR('',#9722,10.);
#2817=VECTOR('',#9735,10.);
#2818=VECTOR('',#9748,10.);
#2819=VECTOR('',#9749,10.);
#2820=VECTOR('',#9752,10.);
#2821=VECTOR('',#9753,10.);
#2822=VECTOR('',#9764,10.);
#2823=VECTOR('',#9767,10.);
#2824=VECTOR('',#9768,10.);
#2825=VECTOR('',#9771,10.);
#2826=VECTOR('',#9774,10.);
#2827=VECTOR('',#9789,10.);
#2828=VECTOR('',#9792,10.);
#2829=VECTOR('',#9793,10.);
#2830=VECTOR('',#9814,10.);
#2831=VECTOR('',#9815,10.);
#2832=VECTOR('',#9828,10.);
#2833=VECTOR('',#9829,10.);
#2834=VECTOR('',#9848,10.);
#2835=VECTOR('',#9849,10.);
#2836=VECTOR('',#9862,10.);
#2837=VECTOR('',#9863,10.);
#2838=VECTOR('',#9866,10.);
#2839=VECTOR('',#9867,10.);
#2840=VECTOR('',#9880,10.);
#2841=VECTOR('',#9881,10.);
#2842=VECTOR('',#9884,10.);
#2843=VECTOR('',#9885,10.);
#2844=VECTOR('',#9888,10.);
#2845=VECTOR('',#9889,10.);
#2846=VECTOR('',#9892,10.);
#2847=VECTOR('',#9893,10.);
#2848=VECTOR('',#9900,10.);
#2849=VECTOR('',#9903,10.);
#2850=VECTOR('',#9916,10.);
#2851=VECTOR('',#9919,10.);
#2852=VECTOR('',#9922,10.);
#2853=VECTOR('',#9925,10.);
#2854=VECTOR('',#9928,10.);
#2855=VECTOR('',#9929,10.);
#2856=VECTOR('',#9930,10.);
#2857=VECTOR('',#9931,10.);
#2858=VECTOR('',#9934,10.);
#2859=VECTOR('',#9935,10.);
#2860=VECTOR('',#9936,10.);
#2861=VECTOR('',#9939,10.);
#2862=VECTOR('',#9940,10.);
#2863=VECTOR('',#9941,10.);
#2864=VECTOR('',#9944,10.);
#2865=VECTOR('',#9945,10.);
#2866=VECTOR('',#9946,10.);
#2867=VECTOR('',#9949,10.);
#2868=VECTOR('',#9950,10.);
#2869=VECTOR('',#9951,10.);
#2870=VECTOR('',#9954,10.);
#2871=VECTOR('',#9955,10.);
#2872=VECTOR('',#9964,0.75);
#2873=VECTOR('',#9967,10.);
#2874=VECTOR('',#9968,10.);
#2875=VECTOR('',#9969,10.);
#2876=VECTOR('',#9970,10.);
#2877=VECTOR('',#9973,10.);
#2878=VECTOR('',#9974,10.);
#2879=VECTOR('',#9975,10.);
#2880=VECTOR('',#9978,10.);
#2881=VECTOR('',#9979,10.);
#2882=VECTOR('',#9980,10.);
#2883=VECTOR('',#9983,10.);
#2884=VECTOR('',#9984,10.);
#2885=VECTOR('',#10001,10.);
#2886=VECTOR('',#10002,10.);
#2887=VECTOR('',#10007,10.);
#2888=VECTOR('',#10008,10.);
#2889=VECTOR('',#10027,10.);
#2890=VECTOR('',#10028,10.);
#2891=VECTOR('',#10039,10.);
#2892=VECTOR('',#10042,10.);
#2893=VECTOR('',#10047,10.);
#2894=VECTOR('',#10048,10.);
#2895=VECTOR('',#10051,10.);
#2896=VECTOR('',#10052,10.);
#2897=VECTOR('',#10055,10.);
#2898=VECTOR('',#10056,10.);
#2899=VECTOR('',#10059,10.);
#2900=VECTOR('',#10060,10.);
#2901=VECTOR('',#10063,10.);
#2902=VECTOR('',#10066,10.);
#2903=VECTOR('',#10069,10.);
#2904=VECTOR('',#10070,10.);
#2905=VECTOR('',#10071,10.);
#2906=VECTOR('',#10074,10.);
#2907=VECTOR('',#10075,10.);
#2908=VECTOR('',#10076,10.);
#2909=VECTOR('',#10077,10.);
#2910=VECTOR('',#10078,10.);
#2911=VECTOR('',#10081,10.);
#2912=VECTOR('',#10082,10.);
#2913=VECTOR('',#10085,10.);
#2914=VECTOR('',#10090,10.);
#2915=VECTOR('',#10091,10.);
#2916=VECTOR('',#10094,10.);
#2917=VECTOR('',#10095,10.);
#2918=VECTOR('',#10096,10.);
#2919=VECTOR('',#10099,10.);
#2920=VECTOR('',#10100,10.);
#2921=VECTOR('',#10101,10.);
#2922=VECTOR('',#10104,10.);
#2923=VECTOR('',#10105,10.);
#2924=VECTOR('',#10120,1.3);
#2925=VECTOR('',#10137,10.);
#2926=VECTOR('',#10138,10.);
#2927=VECTOR('',#10143,10.);
#2928=VECTOR('',#10144,10.);
#2929=VECTOR('',#10157,10.);
#2930=VECTOR('',#10158,10.);
#2931=VECTOR('',#10175,10.);
#2932=VECTOR('',#10178,10.);
#2933=VECTOR('',#10183,10.);
#2934=VECTOR('',#10184,10.);
#2935=VECTOR('',#10187,10.);
#2936=VECTOR('',#10188,10.);
#2937=VECTOR('',#10191,10.);
#2938=VECTOR('',#10192,10.);
#2939=VECTOR('',#10195,10.);
#2940=VECTOR('',#10196,10.);
#2941=VECTOR('',#10199,10.);
#2942=VECTOR('',#10200,10.);
#2943=VECTOR('',#10203,10.);
#2944=VECTOR('',#10204,10.);
#2945=VECTOR('',#10207,10.);
#2946=VECTOR('',#10212,10.);
#2947=VECTOR('',#10213,10.);
#2948=VECTOR('',#10216,10.);
#2949=VECTOR('',#10217,10.);
#2950=VECTOR('',#10218,10.);
#2951=VECTOR('',#10221,10.);
#2952=VECTOR('',#10222,10.);
#2953=VECTOR('',#10223,10.);
#2954=VECTOR('',#10226,10.);
#2955=VECTOR('',#10227,10.);
#2956=VECTOR('',#10232,10.);
#2957=VECTOR('',#10233,10.);
#2958=VECTOR('',#10246,10.);
#2959=VECTOR('',#10247,10.);
#2960=VECTOR('',#10260,10.);
#2961=VECTOR('',#10261,10.);
#2962=VECTOR('',#10264,10.);
#2963=VECTOR('',#10265,10.);
#2964=VECTOR('',#10276,10.);
#2965=VECTOR('',#10277,10.);
#2966=VECTOR('',#10282,10.);
#2967=VECTOR('',#10285,10.);
#2968=VECTOR('',#10288,10.);
#2969=VECTOR('',#10289,10.);
#2970=VECTOR('',#10292,10.);
#2971=VECTOR('',#10293,10.);
#2972=VECTOR('',#10302,10.);
#2973=VECTOR('',#10303,10.);
#2974=VECTOR('',#10306,10.);
#2975=VECTOR('',#10309,10.);
#2976=VECTOR('',#10312,10.);
#2977=VECTOR('',#10313,10.);
#2978=VECTOR('',#10314,10.);
#2979=VECTOR('',#10317,10.);
#2980=VECTOR('',#10318,10.);
#2981=VECTOR('',#10319,10.);
#2982=VECTOR('',#10332,10.);
#2983=VECTOR('',#10333,10.);
#2984=VECTOR('',#10338,10.);
#2985=VECTOR('',#10339,10.);
#2986=VECTOR('',#10358,10.);
#2987=VECTOR('',#10359,10.);
#2988=VECTOR('',#10370,10.);
#2989=VECTOR('',#10371,10.);
#2990=VECTOR('',#10376,10.);
#2991=VECTOR('',#10377,10.);
#2992=VECTOR('',#10380,10.);
#2993=VECTOR('',#10381,10.);
#2994=VECTOR('',#10384,10.);
#2995=VECTOR('',#10385,10.);
#2996=VECTOR('',#10388,10.);
#2997=VECTOR('',#10389,10.);
#2998=VECTOR('',#10392,10.);
#2999=VECTOR('',#10393,10.);
#3000=VECTOR('',#10396,10.);
#3001=VECTOR('',#10399,10.);
#3002=VECTOR('',#10404,10.);
#3003=VECTOR('',#10407,10.);
#3004=VECTOR('',#10408,10.);
#3005=VECTOR('',#10411,10.);
#3006=VECTOR('',#10418,10.);
#3007=VECTOR('',#10421,10.);
#3008=VECTOR('',#10430,10.);
#3009=VECTOR('',#10433,10.);
#3010=VECTOR('',#10442,10.);
#3011=VECTOR('',#10443,10.);
#3012=VECTOR('',#10444,10.);
#3013=VECTOR('',#10445,10.);
#3014=VECTOR('',#10448,10.);
#3015=VECTOR('',#10449,10.);
#3016=VECTOR('',#10450,10.);
#3017=VECTOR('',#10453,10.);
#3018=VECTOR('',#10454,10.);
#3019=VECTOR('',#10455,10.);
#3020=VECTOR('',#10458,10.);
#3021=VECTOR('',#10459,10.);
#3022=VECTOR('',#10460,10.);
#3023=VECTOR('',#10463,10.);
#3024=VECTOR('',#10464,10.);
#3025=VECTOR('',#10465,10.);
#3026=VECTOR('',#10468,10.);
#3027=VECTOR('',#10469,10.);
#3028=VECTOR('',#10476,0.75);
#3029=VERTEX_POINT('',#10580);
#3030=VERTEX_POINT('',#10581);
#3031=VERTEX_POINT('',#10583);
#3032=VERTEX_POINT('',#10585);
#3033=VERTEX_POINT('',#10589);
#3034=VERTEX_POINT('',#10591);
#3035=VERTEX_POINT('',#10595);
#3036=VERTEX_POINT('',#10597);
#3037=VERTEX_POINT('',#10601);
#3038=VERTEX_POINT('',#10603);
#3039=VERTEX_POINT('',#10607);
#3040=VERTEX_POINT('',#10609);
#3041=VERTEX_POINT('',#10613);
#3042=VERTEX_POINT('',#10617);
#3043=VERTEX_POINT('',#10623);
#3044=VERTEX_POINT('',#10625);
#3045=VERTEX_POINT('',#10627);
#3046=VERTEX_POINT('',#10633);
#3047=VERTEX_POINT('',#10635);
#3048=VERTEX_POINT('',#10639);
#3049=VERTEX_POINT('',#10640);
#3050=VERTEX_POINT('',#10642);
#3051=VERTEX_POINT('',#10644);
#3052=VERTEX_POINT('',#10648);
#3053=VERTEX_POINT('',#10650);
#3054=VERTEX_POINT('',#10654);
#3055=VERTEX_POINT('',#10656);
#3056=VERTEX_POINT('',#10663);
#3057=VERTEX_POINT('',#10665);
#3058=VERTEX_POINT('',#10669);
#3059=VERTEX_POINT('',#10671);
#3060=VERTEX_POINT('',#10675);
#3061=VERTEX_POINT('',#10679);
#3062=VERTEX_POINT('',#10681);
#3063=VERTEX_POINT('',#10701);
#3064=VERTEX_POINT('',#10702);
#3065=VERTEX_POINT('',#10704);
#3066=VERTEX_POINT('',#10706);
#3067=VERTEX_POINT('',#10708);
#3068=VERTEX_POINT('',#10710);
#3069=VERTEX_POINT('',#10712);
#3070=VERTEX_POINT('',#10714);
#3071=VERTEX_POINT('',#10718);
#3072=VERTEX_POINT('',#10720);
#3073=VERTEX_POINT('',#10724);
#3074=VERTEX_POINT('',#10726);
#3075=VERTEX_POINT('',#10730);
#3076=VERTEX_POINT('',#10734);
#3077=VERTEX_POINT('',#10735);
#3078=VERTEX_POINT('',#10738);
#3079=VERTEX_POINT('',#10744);
#3080=VERTEX_POINT('',#10748);
#3081=VERTEX_POINT('',#10750);
#3082=VERTEX_POINT('',#10756);
#3083=VERTEX_POINT('',#10768);
#3084=VERTEX_POINT('',#10769);
#3085=VERTEX_POINT('',#10784);
#3086=VERTEX_POINT('',#10786);
#3087=VERTEX_POINT('',#10790);
#3088=VERTEX_POINT('',#10792);
#3089=VERTEX_POINT('',#10794);
#3090=VERTEX_POINT('',#10796);
#3091=VERTEX_POINT('',#10798);
#3092=VERTEX_POINT('',#10800);
#3093=VERTEX_POINT('',#10802);
#3094=VERTEX_POINT('',#10804);
#3095=VERTEX_POINT('',#10806);
#3096=VERTEX_POINT('',#10808);
#3097=VERTEX_POINT('',#10810);
#3098=VERTEX_POINT('',#10812);
#3099=VERTEX_POINT('',#10814);
#3100=VERTEX_POINT('',#10816);
#3101=VERTEX_POINT('',#10818);
#3102=VERTEX_POINT('',#10820);
#3103=VERTEX_POINT('',#10822);
#3104=VERTEX_POINT('',#10824);
#3105=VERTEX_POINT('',#10826);
#3106=VERTEX_POINT('',#10828);
#3107=VERTEX_POINT('',#10830);
#3108=VERTEX_POINT('',#10832);
#3109=VERTEX_POINT('',#10835);
#3110=VERTEX_POINT('',#10838);
#3111=VERTEX_POINT('',#10840);
#3112=VERTEX_POINT('',#10857);
#3113=VERTEX_POINT('',#10859);
#3114=VERTEX_POINT('',#10876);
#3115=VERTEX_POINT('',#10878);
#3116=VERTEX_POINT('',#10880);
#3117=VERTEX_POINT('',#10882);
#3118=VERTEX_POINT('',#10884);
#3119=VERTEX_POINT('',#10886);
#3120=VERTEX_POINT('',#10890);
#3121=VERTEX_POINT('',#10905);
#3122=VERTEX_POINT('',#10909);
#3123=VERTEX_POINT('',#10911);
#3124=VERTEX_POINT('',#10913);
#3125=VERTEX_POINT('',#10915);
#3126=VERTEX_POINT('',#10917);
#3127=VERTEX_POINT('',#10919);
#3128=VERTEX_POINT('',#10923);
#3129=VERTEX_POINT('',#10938);
#3130=VERTEX_POINT('',#10942);
#3131=VERTEX_POINT('',#10944);
#3132=VERTEX_POINT('',#10946);
#3133=VERTEX_POINT('',#10948);
#3134=VERTEX_POINT('',#10950);
#3135=VERTEX_POINT('',#10952);
#3136=VERTEX_POINT('',#10956);
#3137=VERTEX_POINT('',#10971);
#3138=VERTEX_POINT('',#10979);
#3139=VERTEX_POINT('',#10980);
#3140=VERTEX_POINT('',#10982);
#3141=VERTEX_POINT('',#10984);
#3142=VERTEX_POINT('',#10988);
#3143=VERTEX_POINT('',#10989);
#3144=VERTEX_POINT('',#10991);
#3145=VERTEX_POINT('',#10998);
#3146=VERTEX_POINT('',#11000);
#3147=VERTEX_POINT('',#11004);
#3148=VERTEX_POINT('',#11011);
#3149=VERTEX_POINT('',#11012);
#3150=VERTEX_POINT('',#11014);
#3151=VERTEX_POINT('',#11021);
#3152=VERTEX_POINT('',#11022);
#3153=VERTEX_POINT('',#11037);
#3154=VERTEX_POINT('',#11041);
#3155=VERTEX_POINT('',#11043);
#3156=VERTEX_POINT('',#11045);
#3157=VERTEX_POINT('',#11062);
#3158=VERTEX_POINT('',#11064);
#3159=VERTEX_POINT('',#11066);
#3160=VERTEX_POINT('',#11068);
#3161=VERTEX_POINT('',#11077);
#3162=VERTEX_POINT('',#11078);
#3163=VERTEX_POINT('',#11083);
#3164=VERTEX_POINT('',#11084);
#3165=VERTEX_POINT('',#11086);
#3166=VERTEX_POINT('',#11090);
#3167=VERTEX_POINT('',#11092);
#3168=VERTEX_POINT('',#11096);
#3169=VERTEX_POINT('',#11097);
#3170=VERTEX_POINT('',#11104);
#3171=VERTEX_POINT('',#11105);
#3172=VERTEX_POINT('',#11107);
#3173=VERTEX_POINT('',#11117);
#3174=VERTEX_POINT('',#11119);
#3175=VERTEX_POINT('',#11133);
#3176=VERTEX_POINT('',#11135);
#3177=VERTEX_POINT('',#11139);
#3178=VERTEX_POINT('',#11141);
#3179=VERTEX_POINT('',#11148);
#3180=VERTEX_POINT('',#11150);
#3181=VERTEX_POINT('',#11157);
#3182=VERTEX_POINT('',#11158);
#3183=VERTEX_POINT('',#11160);
#3184=VERTEX_POINT('',#11162);
#3185=VERTEX_POINT('',#11166);
#3186=VERTEX_POINT('',#11167);
#3187=VERTEX_POINT('',#11169);
#3188=VERTEX_POINT('',#11176);
#3189=VERTEX_POINT('',#11177);
#3190=VERTEX_POINT('',#11179);
#3191=VERTEX_POINT('',#11189);
#3192=VERTEX_POINT('',#11190);
#3193=VERTEX_POINT('',#11192);
#3194=VERTEX_POINT('',#11199);
#3195=VERTEX_POINT('',#11200);
#3196=VERTEX_POINT('',#11202);
#3197=VERTEX_POINT('',#11206);
#3198=VERTEX_POINT('',#11208);
#3199=VERTEX_POINT('',#11212);
#3200=VERTEX_POINT('',#11214);
#3201=VERTEX_POINT('',#11231);
#3202=VERTEX_POINT('',#11233);
#3203=VERTEX_POINT('',#11235);
#3204=VERTEX_POINT('',#11238);
#3205=VERTEX_POINT('',#11245);
#3206=VERTEX_POINT('',#11249);
#3207=VERTEX_POINT('',#11250);
#3208=VERTEX_POINT('',#11252);
#3209=VERTEX_POINT('',#11254);
#3210=VERTEX_POINT('',#11258);
#3211=VERTEX_POINT('',#11259);
#3212=VERTEX_POINT('',#11261);
#3213=VERTEX_POINT('',#11268);
#3214=VERTEX_POINT('',#11270);
#3215=VERTEX_POINT('',#11274);
#3216=VERTEX_POINT('',#11281);
#3217=VERTEX_POINT('',#11282);
#3218=VERTEX_POINT('',#11284);
#3219=VERTEX_POINT('',#11291);
#3220=VERTEX_POINT('',#11292);
#3221=VERTEX_POINT('',#11307);
#3222=VERTEX_POINT('',#11316);
#3223=VERTEX_POINT('',#11332);
#3224=VERTEX_POINT('',#11334);
#3225=VERTEX_POINT('',#11338);
#3226=VERTEX_POINT('',#11353);
#3227=VERTEX_POINT('',#11354);
#3228=VERTEX_POINT('',#11356);
#3229=VERTEX_POINT('',#11358);
#3230=VERTEX_POINT('',#11362);
#3231=VERTEX_POINT('',#11364);
#3232=VERTEX_POINT('',#11368);
#3233=VERTEX_POINT('',#11370);
#3234=VERTEX_POINT('',#11374);
#3235=VERTEX_POINT('',#11376);
#3236=VERTEX_POINT('',#11380);
#3237=VERTEX_POINT('',#11382);
#3238=VERTEX_POINT('',#11389);
#3239=VERTEX_POINT('',#11398);
#3240=VERTEX_POINT('',#11399);
#3241=VERTEX_POINT('',#11401);
#3242=VERTEX_POINT('',#11403);
#3243=VERTEX_POINT('',#11407);
#3244=VERTEX_POINT('',#11408);
#3245=VERTEX_POINT('',#11410);
#3246=VERTEX_POINT('',#11412);
#3247=VERTEX_POINT('',#11416);
#3248=VERTEX_POINT('',#11417);
#3249=VERTEX_POINT('',#11419);
#3250=VERTEX_POINT('',#11421);
#3251=VERTEX_POINT('',#11425);
#3252=VERTEX_POINT('',#11427);
#3253=VERTEX_POINT('',#11431);
#3254=VERTEX_POINT('',#11433);
#3255=VERTEX_POINT('',#11441);
#3256=VERTEX_POINT('',#11443);
#3257=VERTEX_POINT('',#11447);
#3258=VERTEX_POINT('',#11448);
#3259=VERTEX_POINT('',#11453);
#3260=VERTEX_POINT('',#11454);
#3261=VERTEX_POINT('',#11459);
#3262=VERTEX_POINT('',#11460);
#3263=VERTEX_POINT('',#11465);
#3264=VERTEX_POINT('',#11466);
#3265=VERTEX_POINT('',#11468);
#3266=VERTEX_POINT('',#11470);
#3267=VERTEX_POINT('',#11477);
#3268=VERTEX_POINT('',#11478);
#3269=VERTEX_POINT('',#11480);
#3270=VERTEX_POINT('',#11482);
#3271=VERTEX_POINT('',#11489);
#3272=VERTEX_POINT('',#11490);
#3273=VERTEX_POINT('',#11492);
#3274=VERTEX_POINT('',#11494);
#3275=VERTEX_POINT('',#11521);
#3276=VERTEX_POINT('',#11522);
#3277=VERTEX_POINT('',#11524);
#3278=VERTEX_POINT('',#11528);
#3279=VERTEX_POINT('',#11529);
#3280=VERTEX_POINT('',#11534);
#3281=VERTEX_POINT('',#11536);
#3282=VERTEX_POINT('',#11540);
#3283=VERTEX_POINT('',#11544);
#3284=VERTEX_POINT('',#11546);
#3285=VERTEX_POINT('',#11550);
#3286=VERTEX_POINT('',#11554);
#3287=VERTEX_POINT('',#11558);
#3288=VERTEX_POINT('',#11560);
#3289=VERTEX_POINT('',#11564);
#3290=VERTEX_POINT('',#11568);
#3291=VERTEX_POINT('',#11572);
#3292=VERTEX_POINT('',#11576);
#3293=VERTEX_POINT('',#11578);
#3294=VERTEX_POINT('',#11587);
#3295=VERTEX_POINT('',#11593);
#3296=VERTEX_POINT('',#11594);
#3297=VERTEX_POINT('',#11596);
#3298=VERTEX_POINT('',#11600);
#3299=VERTEX_POINT('',#11601);
#3300=VERTEX_POINT('',#11606);
#3301=VERTEX_POINT('',#11608);
#3302=VERTEX_POINT('',#11612);
#3303=VERTEX_POINT('',#11616);
#3304=VERTEX_POINT('',#11618);
#3305=VERTEX_POINT('',#11622);
#3306=VERTEX_POINT('',#11623);
#3307=VERTEX_POINT('',#11625);
#3308=VERTEX_POINT('',#11629);
#3309=VERTEX_POINT('',#11630);
#3310=VERTEX_POINT('',#11635);
#3311=VERTEX_POINT('',#11637);
#3312=VERTEX_POINT('',#11646);
#3313=VERTEX_POINT('',#11652);
#3314=VERTEX_POINT('',#11656);
#3315=VERTEX_POINT('',#11660);
#3316=VERTEX_POINT('',#11662);
#3317=VERTEX_POINT('',#11666);
#3318=VERTEX_POINT('',#11670);
#3319=VERTEX_POINT('',#11674);
#3320=VERTEX_POINT('',#11683);
#3321=VERTEX_POINT('',#11684);
#3322=VERTEX_POINT('',#11686);
#3323=VERTEX_POINT('',#11690);
#3324=VERTEX_POINT('',#11691);
#3325=VERTEX_POINT('',#11696);
#3326=VERTEX_POINT('',#11698);
#3327=VERTEX_POINT('',#11702);
#3328=VERTEX_POINT('',#11706);
#3329=VERTEX_POINT('',#11708);
#3330=VERTEX_POINT('',#11712);
#3331=VERTEX_POINT('',#11716);
#3332=VERTEX_POINT('',#11717);
#3333=VERTEX_POINT('',#11724);
#3334=VERTEX_POINT('',#11726);
#3335=VERTEX_POINT('',#11730);
#3336=VERTEX_POINT('',#11734);
#3337=VERTEX_POINT('',#11735);
#3338=VERTEX_POINT('',#11742);
#3339=VERTEX_POINT('',#11749);
#3340=VERTEX_POINT('',#11755);
#3341=VERTEX_POINT('',#11756);
#3342=VERTEX_POINT('',#11758);
#3343=VERTEX_POINT('',#11762);
#3344=VERTEX_POINT('',#11763);
#3345=VERTEX_POINT('',#11768);
#3346=VERTEX_POINT('',#11770);
#3347=VERTEX_POINT('',#11774);
#3348=VERTEX_POINT('',#11778);
#3349=VERTEX_POINT('',#11782);
#3350=VERTEX_POINT('',#11786);
#3351=VERTEX_POINT('',#11788);
#3352=VERTEX_POINT('',#11792);
#3353=VERTEX_POINT('',#11796);
#3354=VERTEX_POINT('',#11800);
#3355=VERTEX_POINT('',#11804);
#3356=VERTEX_POINT('',#11806);
#3357=VERTEX_POINT('',#11810);
#3358=VERTEX_POINT('',#11814);
#3359=VERTEX_POINT('',#11818);
#3360=VERTEX_POINT('',#11822);
#3361=VERTEX_POINT('',#11824);
#3362=VERTEX_POINT('',#11828);
#3363=VERTEX_POINT('',#11832);
#3364=VERTEX_POINT('',#11833);
#3365=VERTEX_POINT('',#11835);
#3366=VERTEX_POINT('',#11839);
#3367=VERTEX_POINT('',#11840);
#3368=VERTEX_POINT('',#11845);
#3369=VERTEX_POINT('',#11847);
#3370=VERTEX_POINT('',#11851);
#3371=VERTEX_POINT('',#11855);
#3372=VERTEX_POINT('',#11857);
#3373=VERTEX_POINT('',#11861);
#3374=VERTEX_POINT('',#11865);
#3375=VERTEX_POINT('',#11866);
#3376=VERTEX_POINT('',#11873);
#3377=VERTEX_POINT('',#11875);
#3378=VERTEX_POINT('',#11879);
#3379=VERTEX_POINT('',#11883);
#3380=VERTEX_POINT('',#11887);
#3381=VERTEX_POINT('',#11889);
#3382=VERTEX_POINT('',#11898);
#3383=VERTEX_POINT('',#11904);
#3384=VERTEX_POINT('',#11905);
#3385=VERTEX_POINT('',#11907);
#3386=VERTEX_POINT('',#11909);
#3387=VERTEX_POINT('',#11913);
#3388=VERTEX_POINT('',#11917);
#3389=VERTEX_POINT('',#11919);
#3390=VERTEX_POINT('',#11923);
#3391=VERTEX_POINT('',#11925);
#3392=VERTEX_POINT('',#11929);
#3393=VERTEX_POINT('',#11933);
#3394=VERTEX_POINT('',#11937);
#3395=VERTEX_POINT('',#11938);
#3396=VERTEX_POINT('',#11943);
#3397=VERTEX_POINT('',#11945);
#3398=VERTEX_POINT('',#11949);
#3399=VERTEX_POINT('',#11953);
#3400=VERTEX_POINT('',#11954);
#3401=VERTEX_POINT('',#11956);
#3402=VERTEX_POINT('',#11960);
#3403=VERTEX_POINT('',#11961);
#3404=VERTEX_POINT('',#11966);
#3405=VERTEX_POINT('',#11967);
#3406=VERTEX_POINT('',#11969);
#3407=VERTEX_POINT('',#11973);
#3408=VERTEX_POINT('',#11974);
#3409=VERTEX_POINT('',#11979);
#3410=VERTEX_POINT('',#11980);
#3411=VERTEX_POINT('',#11982);
#3412=VERTEX_POINT('',#11986);
#3413=VERTEX_POINT('',#11987);
#3414=VERTEX_POINT('',#11995);
#3415=VERTEX_POINT('',#11996);
#3416=VERTEX_POINT('',#11998);
#3417=VERTEX_POINT('',#12002);
#3418=VERTEX_POINT('',#12003);
#3419=VERTEX_POINT('',#12022);
#3420=VERTEX_POINT('',#12026);
#3421=VERTEX_POINT('',#12030);
#3422=VERTEX_POINT('',#12031);
#3423=VERTEX_POINT('',#12033);
#3424=VERTEX_POINT('',#12037);
#3425=VERTEX_POINT('',#12038);
#3426=VERTEX_POINT('',#12046);
#3427=VERTEX_POINT('',#12050);
#3428=VERTEX_POINT('',#12063);
#3429=VERTEX_POINT('',#12067);
#3430=VERTEX_POINT('',#12078);
#3431=VERTEX_POINT('',#12079);
#3432=VERTEX_POINT('',#12081);
#3433=VERTEX_POINT('',#12085);
#3434=VERTEX_POINT('',#12086);
#3435=VERTEX_POINT('',#12091);
#3436=VERTEX_POINT('',#12092);
#3437=VERTEX_POINT('',#12094);
#3438=VERTEX_POINT('',#12098);
#3439=VERTEX_POINT('',#12099);
#3440=VERTEX_POINT('',#12107);
#3441=VERTEX_POINT('',#12108);
#3442=VERTEX_POINT('',#12110);
#3443=VERTEX_POINT('',#12114);
#3444=VERTEX_POINT('',#12115);
#3445=VERTEX_POINT('',#12120);
#3446=VERTEX_POINT('',#12121);
#3447=VERTEX_POINT('',#12123);
#3448=VERTEX_POINT('',#12127);
#3449=VERTEX_POINT('',#12128);
#3450=VERTEX_POINT('',#12136);
#3451=VERTEX_POINT('',#12137);
#3452=VERTEX_POINT('',#12139);
#3453=VERTEX_POINT('',#12143);
#3454=VERTEX_POINT('',#12144);
#3455=VERTEX_POINT('',#12177);
#3456=VERTEX_POINT('',#12178);
#3457=VERTEX_POINT('',#12180);
#3458=VERTEX_POINT('',#12182);
#3459=VERTEX_POINT('',#12186);
#3460=VERTEX_POINT('',#12188);
#3461=VERTEX_POINT('',#12192);
#3462=VERTEX_POINT('',#12194);
#3463=VERTEX_POINT('',#12198);
#3464=VERTEX_POINT('',#12200);
#3465=VERTEX_POINT('',#12204);
#3466=VERTEX_POINT('',#12206);
#3467=VERTEX_POINT('',#12213);
#3468=VERTEX_POINT('',#12216);
#3469=VERTEX_POINT('',#12220);
#3470=VERTEX_POINT('',#12221);
#3471=VERTEX_POINT('',#12223);
#3472=VERTEX_POINT('',#12225);
#3473=VERTEX_POINT('',#12229);
#3474=VERTEX_POINT('',#12231);
#3475=VERTEX_POINT('',#12235);
#3476=VERTEX_POINT('',#12237);
#3477=VERTEX_POINT('',#12247);
#3478=VERTEX_POINT('',#12248);
#3479=VERTEX_POINT('',#12250);
#3480=VERTEX_POINT('',#12254);
#3481=VERTEX_POINT('',#12256);
#3482=VERTEX_POINT('',#12260);
#3483=VERTEX_POINT('',#12262);
#3484=VERTEX_POINT('',#12279);
#3485=VERTEX_POINT('',#12281);
#3486=VERTEX_POINT('',#12298);
#3487=VERTEX_POINT('',#12299);
#3488=VERTEX_POINT('',#12301);
#3489=VERTEX_POINT('',#12305);
#3490=VERTEX_POINT('',#12306);
#3491=VERTEX_POINT('',#12311);
#3492=VERTEX_POINT('',#12312);
#3493=VERTEX_POINT('',#12314);
#3494=VERTEX_POINT('',#12318);
#3495=VERTEX_POINT('',#12319);
#3496=VERTEX_POINT('',#12321);
#3497=VERTEX_POINT('',#12323);
#3498=VERTEX_POINT('',#12339);
#3499=VERTEX_POINT('',#12341);
#3500=VERTEX_POINT('',#12345);
#3501=VERTEX_POINT('',#12347);
#3502=VERTEX_POINT('',#12349);
#3503=VERTEX_POINT('',#12351);
#3504=VERTEX_POINT('',#12353);
#3505=VERTEX_POINT('',#12355);
#3506=VERTEX_POINT('',#12357);
#3507=VERTEX_POINT('',#12359);
#3508=VERTEX_POINT('',#12363);
#3509=VERTEX_POINT('',#12367);
#3510=VERTEX_POINT('',#12371);
#3511=VERTEX_POINT('',#12379);
#3512=VERTEX_POINT('',#12381);
#3513=VERTEX_POINT('',#12383);
#3514=VERTEX_POINT('',#12385);
#3515=VERTEX_POINT('',#12387);
#3516=VERTEX_POINT('',#12392);
#3517=VERTEX_POINT('',#12394);
#3518=VERTEX_POINT('',#12396);
#3519=VERTEX_POINT('',#12400);
#3520=VERTEX_POINT('',#12404);
#3521=VERTEX_POINT('',#12407);
#3522=VERTEX_POINT('',#12408);
#3523=VERTEX_POINT('',#12410);
#3524=VERTEX_POINT('',#12414);
#3525=VERTEX_POINT('',#12416);
#3526=VERTEX_POINT('',#12420);
#3527=VERTEX_POINT('',#12422);
#3528=VERTEX_POINT('',#12439);
#3529=VERTEX_POINT('',#12440);
#3530=VERTEX_POINT('',#12442);
#3531=VERTEX_POINT('',#12446);
#3532=VERTEX_POINT('',#12447);
#3533=VERTEX_POINT('',#12452);
#3534=VERTEX_POINT('',#12454);
#3535=VERTEX_POINT('',#12471);
#3536=VERTEX_POINT('',#12472);
#3537=VERTEX_POINT('',#12474);
#3538=VERTEX_POINT('',#12478);
#3539=VERTEX_POINT('',#12479);
#3540=VERTEX_POINT('',#12481);
#3541=VERTEX_POINT('',#12483);
#3542=VERTEX_POINT('',#12502);
#3543=VERTEX_POINT('',#12506);
#3544=VERTEX_POINT('',#12510);
#3545=VERTEX_POINT('',#12518);
#3546=VERTEX_POINT('',#12520);
#3547=VERTEX_POINT('',#12522);
#3548=VERTEX_POINT('',#12524);
#3549=VERTEX_POINT('',#12526);
#3550=VERTEX_POINT('',#12531);
#3551=VERTEX_POINT('',#12533);
#3552=VERTEX_POINT('',#12537);
#3553=VERTEX_POINT('',#12538);
#3554=VERTEX_POINT('',#12540);
#3555=VERTEX_POINT('',#12547);
#3556=VERTEX_POINT('',#12548);
#3557=VERTEX_POINT('',#12550);
#3558=VERTEX_POINT('',#12554);
#3559=VERTEX_POINT('',#12555);
#3560=VERTEX_POINT('',#12563);
#3561=VERTEX_POINT('',#12564);
#3562=VERTEX_POINT('',#12566);
#3563=VERTEX_POINT('',#12570);
#3564=VERTEX_POINT('',#12572);
#3565=VERTEX_POINT('',#12576);
#3566=VERTEX_POINT('',#12578);
#3567=VERTEX_POINT('',#12585);
#3568=VERTEX_POINT('',#12587);
#3569=VERTEX_POINT('',#12604);
#3570=VERTEX_POINT('',#12606);
#3571=VERTEX_POINT('',#12630);
#3572=VERTEX_POINT('',#12632);
#3573=VERTEX_POINT('',#12634);
#3574=VERTEX_POINT('',#12636);
#3575=VERTEX_POINT('',#12643);
#3576=VERTEX_POINT('',#12644);
#3577=VERTEX_POINT('',#12646);
#3578=VERTEX_POINT('',#12650);
#3579=VERTEX_POINT('',#12652);
#3580=VERTEX_POINT('',#12656);
#3581=VERTEX_POINT('',#12658);
#3582=VERTEX_POINT('',#12675);
#3583=VERTEX_POINT('',#12677);
#3584=VERTEX_POINT('',#12694);
#3585=VERTEX_POINT('',#12695);
#3586=VERTEX_POINT('',#12697);
#3587=VERTEX_POINT('',#12701);
#3588=VERTEX_POINT('',#12702);
#3589=VERTEX_POINT('',#12707);
#3590=VERTEX_POINT('',#12708);
#3591=VERTEX_POINT('',#12710);
#3592=VERTEX_POINT('',#12714);
#3593=VERTEX_POINT('',#12716);
#3594=VERTEX_POINT('',#12740);
#3595=VERTEX_POINT('',#12742);
#3596=VERTEX_POINT('',#12745);
#3597=VERTEX_POINT('',#12747);
#3598=VERTEX_POINT('',#12767);
#3599=VERTEX_POINT('',#12768);
#3600=VERTEX_POINT('',#12770);
#3601=VERTEX_POINT('',#12772);
#3602=VERTEX_POINT('',#12776);
#3603=VERTEX_POINT('',#12778);
#3604=VERTEX_POINT('',#12782);
#3605=VERTEX_POINT('',#12784);
#3606=VERTEX_POINT('',#12788);
#3607=VERTEX_POINT('',#12790);
#3608=VERTEX_POINT('',#12794);
#3609=VERTEX_POINT('',#12796);
#3610=VERTEX_POINT('',#12803);
#3611=EDGE_CURVE('',#3029,#3030,#1803,.T.);
#3612=EDGE_CURVE('',#3029,#3031,#1454,.T.);
#3613=EDGE_CURVE('',#3032,#3031,#1804,.T.);
#3614=EDGE_CURVE('',#3030,#3032,#1455,.T.);
#3615=EDGE_CURVE('',#3033,#3030,#1805,.T.);
#3616=EDGE_CURVE('',#3034,#3032,#1806,.T.);
#3617=EDGE_CURVE('',#3033,#3034,#1456,.T.);
#3618=EDGE_CURVE('',#3033,#3035,#1807,.T.);
#3619=EDGE_CURVE('',#3036,#3034,#1808,.T.);
#3620=EDGE_CURVE('',#3035,#3036,#1457,.T.);
#3621=EDGE_CURVE('',#3035,#3037,#1809,.T.);
#3622=EDGE_CURVE('',#3038,#3036,#1810,.T.);
#3623=EDGE_CURVE('',#3037,#3038,#1458,.T.);
#3624=EDGE_CURVE('',#3037,#3039,#1811,.T.);
#3625=EDGE_CURVE('',#3040,#3038,#1812,.T.);
#3626=EDGE_CURVE('',#3039,#3040,#1459,.T.);
#3627=EDGE_CURVE('',#3039,#3041,#1813,.T.);
#3628=EDGE_CURVE('',#3041,#3040,#1814,.T.);
#3629=EDGE_CURVE('',#3042,#3029,#1815,.T.);
#3630=EDGE_CURVE('',#3031,#3042,#1816,.T.);
#3631=EDGE_CURVE('',#3041,#3042,#1817,.T.);
#3632=EDGE_CURVE('',#3043,#3029,#1460,.T.);
#3633=EDGE_CURVE('',#3044,#3043,#1818,.T.);
#3634=EDGE_CURVE('',#3044,#3045,#1819,.T.);
#3635=EDGE_CURVE('',#3042,#3045,#1461,.T.);
#3636=EDGE_CURVE('',#3030,#3043,#1820,.T.);
#3637=EDGE_CURVE('',#3035,#3046,#1821,.T.);
#3638=EDGE_CURVE('',#3046,#3047,#1822,.T.);
#3639=EDGE_CURVE('',#3047,#3033,#1823,.T.);
#3640=EDGE_CURVE('',#3048,#3049,#1824,.T.);
#3641=EDGE_CURVE('',#3049,#3050,#1825,.T.);
#3642=EDGE_CURVE('',#3050,#3051,#1826,.T.);
#3643=EDGE_CURVE('',#3048,#3051,#1827,.T.);
#3644=EDGE_CURVE('',#3044,#3052,#1828,.T.);
#3645=EDGE_CURVE('',#3052,#3053,#1829,.T.);
#3646=EDGE_CURVE('',#3045,#3053,#1830,.T.);
#3647=EDGE_CURVE('',#3051,#3054,#1831,.T.);
#3648=EDGE_CURVE('',#3055,#3054,#1832,.T.);
#3649=EDGE_CURVE('',#3048,#3055,#1833,.T.);
#3650=EDGE_CURVE('',#3053,#3055,#1462,.T.);
#3651=EDGE_CURVE('',#3054,#3041,#1463,.T.);
#3652=EDGE_CURVE('',#3056,#3052,#1834,.T.);
#3653=EDGE_CURVE('',#3044,#3057,#1835,.T.);
#3654=EDGE_CURVE('',#3057,#3056,#1836,.T.);
#3655=EDGE_CURVE('',#3052,#3058,#1837,.T.);
#3656=EDGE_CURVE('',#3059,#3058,#1464,.T.);
#3657=EDGE_CURVE('',#3048,#3059,#1838,.T.);
#3658=EDGE_CURVE('',#3051,#3060,#1839,.T.);
#3659=EDGE_CURVE('',#3039,#3060,#1465,.T.);
#3660=EDGE_CURVE('',#3046,#3061,#1840,.T.);
#3661=EDGE_CURVE('',#3062,#3061,#1841,.T.);
#3662=EDGE_CURVE('',#3047,#3062,#1842,.T.);
#3663=EDGE_CURVE('',#3061,#3059,#1843,.T.);
#3664=EDGE_CURVE('',#3058,#3062,#1844,.T.);
#3665=EDGE_CURVE('',#3060,#3037,#1845,.T.);
#3666=EDGE_CURVE('',#3050,#3035,#1846,.T.);
#3667=EDGE_CURVE('',#3057,#3033,#1847,.T.);
#3668=EDGE_CURVE('',#3056,#3047,#1848,.T.);
#3669=EDGE_CURVE('',#3049,#3046,#1849,.T.);
#3670=EDGE_CURVE('',#3063,#3064,#1850,.T.);
#3671=EDGE_CURVE('',#3065,#3064,#1851,.T.);
#3672=EDGE_CURVE('',#3066,#3065,#1852,.T.);
#3673=EDGE_CURVE('',#3067,#3066,#1853,.T.);
#3674=EDGE_CURVE('',#3068,#3067,#1854,.T.);
#3675=EDGE_CURVE('',#3069,#3068,#1855,.T.);
#3676=EDGE_CURVE('',#3070,#3069,#1856,.T.);
#3677=EDGE_CURVE('',#3063,#3070,#1857,.T.);
#3678=EDGE_CURVE('',#3066,#3071,#1466,.T.);
#3679=EDGE_CURVE('',#3071,#3072,#1858,.T.);
#3680=EDGE_CURVE('',#3072,#3067,#1467,.T.);
#3681=EDGE_CURVE('',#3065,#3073,#1468,.T.);
#3682=EDGE_CURVE('',#3074,#3073,#1859,.T.);
#3683=EDGE_CURVE('',#3074,#3071,#1860,.T.);
#3684=EDGE_CURVE('',#3064,#3075,#1861,.T.);
#3685=EDGE_CURVE('',#3075,#3073,#1862,.T.);
#3686=EDGE_CURVE('',#3076,#3077,#1863,.T.);
#3687=EDGE_CURVE('',#3074,#3077,#1864,.T.);
#3688=EDGE_CURVE('',#3074,#3078,#1865,.T.);
#3689=EDGE_CURVE('',#3078,#3076,#1866,.T.);
#3690=EDGE_CURVE('',#3077,#3072,#1867,.T.);
#3691=EDGE_CURVE('',#3077,#3079,#1868,.T.);
#3692=EDGE_CURVE('',#3079,#3068,#1469,.T.);
#3693=EDGE_CURVE('',#3070,#3080,#1869,.T.);
#3694=EDGE_CURVE('',#3081,#3069,#1870,.T.);
#3695=EDGE_CURVE('',#3080,#3081,#1871,.T.);
#3696=EDGE_CURVE('',#3079,#3081,#1872,.T.);
#3697=EDGE_CURVE('',#3082,#3063,#1873,.T.);
#3698=EDGE_CURVE('',#3082,#3075,#1874,.T.);
#3699=EDGE_CURVE('',#3080,#3082,#1875,.T.);
#3700=EDGE_CURVE('',#3078,#3082,#1876,.T.);
#3701=EDGE_CURVE('',#3076,#3080,#1877,.T.);
#3702=EDGE_CURVE('',#3083,#3084,#332,.F.);
#3703=EDGE_CURVE('',#3084,#3085,#1878,.T.);
#3704=EDGE_CURVE('',#3085,#3086,#310,.F.);
#3705=EDGE_CURVE('',#3086,#3083,#1879,.T.);
#3706=EDGE_CURVE('',#3087,#3084,#1470,.T.);
#3707=EDGE_CURVE('',#3088,#3087,#1880,.T.);
#3708=EDGE_CURVE('',#3089,#3088,#1471,.F.);
#3709=EDGE_CURVE('',#3089,#3090,#1472,.T.);
#3710=EDGE_CURVE('',#3091,#3090,#1473,.F.);
#3711=EDGE_CURVE('',#3092,#3091,#1881,.T.);
#3712=EDGE_CURVE('',#3093,#3092,#1474,.T.);
#3713=EDGE_CURVE('',#3094,#3093,#1882,.T.);
#3714=EDGE_CURVE('',#3094,#3095,#1475,.T.);
#3715=EDGE_CURVE('',#3095,#3096,#1476,.T.);
#3716=EDGE_CURVE('',#3097,#3096,#1477,.F.);
#3717=EDGE_CURVE('',#3098,#3097,#1883,.T.);
#3718=EDGE_CURVE('',#3099,#3098,#1478,.T.);
#3719=EDGE_CURVE('',#3100,#3099,#1884,.T.);
#3720=EDGE_CURVE('',#3100,#3101,#1479,.T.);
#3721=EDGE_CURVE('',#3101,#3102,#1480,.T.);
#3722=EDGE_CURVE('',#3103,#3102,#1481,.F.);
#3723=EDGE_CURVE('',#3104,#3103,#1885,.T.);
#3724=EDGE_CURVE('',#3105,#3104,#1482,.T.);
#3725=EDGE_CURVE('',#3106,#3105,#1886,.T.);
#3726=EDGE_CURVE('',#3107,#3106,#1483,.F.);
#3727=EDGE_CURVE('',#3107,#3108,#1484,.T.);
#3728=EDGE_CURVE('',#3085,#3108,#1485,.F.);
#3729=EDGE_CURVE('',#3109,#3109,#1486,.T.);
#3730=EDGE_CURVE('',#3110,#3088,#311,.F.);
#3731=EDGE_CURVE('',#3087,#3111,#333,.F.);
#3732=EDGE_CURVE('',#3111,#3110,#1887,.T.);
#3733=EDGE_CURVE('',#3091,#3112,#312,.F.);
#3734=EDGE_CURVE('',#3112,#3113,#1888,.T.);
#3735=EDGE_CURVE('',#3113,#3092,#334,.F.);
#3736=EDGE_CURVE('',#3114,#3112,#1889,.T.);
#3737=EDGE_CURVE('',#3115,#3114,#1890,.T.);
#3738=EDGE_CURVE('',#3116,#3115,#1891,.T.);
#3739=EDGE_CURVE('',#3117,#3116,#1892,.T.);
#3740=EDGE_CURVE('',#3118,#3117,#1893,.T.);
#3741=EDGE_CURVE('',#3118,#3119,#1894,.T.);
#3742=EDGE_CURVE('',#3113,#3119,#1895,.T.);
#3743=EDGE_CURVE('',#3093,#3120,#335,.F.);
#3744=EDGE_CURVE('',#3120,#3121,#1896,.T.);
#3745=EDGE_CURVE('',#3121,#3094,#313,.F.);
#3746=EDGE_CURVE('',#3121,#3122,#1897,.T.);
#3747=EDGE_CURVE('',#3120,#3123,#1898,.T.);
#3748=EDGE_CURVE('',#3123,#3124,#1899,.T.);
#3749=EDGE_CURVE('',#3125,#3124,#1900,.T.);
#3750=EDGE_CURVE('',#3126,#3125,#1901,.T.);
#3751=EDGE_CURVE('',#3127,#3126,#1902,.T.);
#3752=EDGE_CURVE('',#3122,#3127,#1903,.T.);
#3753=EDGE_CURVE('',#3099,#3128,#336,.F.);
#3754=EDGE_CURVE('',#3128,#3129,#1904,.T.);
#3755=EDGE_CURVE('',#3129,#3100,#314,.F.);
#3756=EDGE_CURVE('',#3129,#3130,#1905,.T.);
#3757=EDGE_CURVE('',#3128,#3131,#1906,.T.);
#3758=EDGE_CURVE('',#3131,#3132,#1907,.T.);
#3759=EDGE_CURVE('',#3133,#3132,#1908,.T.);
#3760=EDGE_CURVE('',#3134,#3133,#1909,.T.);
#3761=EDGE_CURVE('',#3135,#3134,#1910,.T.);
#3762=EDGE_CURVE('',#3130,#3135,#1911,.T.);
#3763=EDGE_CURVE('',#3136,#3104,#337,.F.);
#3764=EDGE_CURVE('',#3103,#3137,#315,.F.);
#3765=EDGE_CURVE('',#3137,#3136,#1912,.T.);
#3766=EDGE_CURVE('',#3113,#3120,#1487,.T.);
#3767=EDGE_CURVE('',#3119,#3123,#1488,.T.);
#3768=EDGE_CURVE('',#3138,#3139,#1913,.T.);
#3769=EDGE_CURVE('',#3139,#3140,#1489,.T.);
#3770=EDGE_CURVE('',#3140,#3141,#1914,.T.);
#3771=EDGE_CURVE('',#3141,#3138,#316,.T.);
#3772=EDGE_CURVE('',#3142,#3143,#1490,.F.);
#3773=EDGE_CURVE('',#3144,#3142,#1491,.F.);
#3774=EDGE_CURVE('',#3143,#3144,#1492,.F.);
#3775=EDGE_CURVE('',#3141,#3144,#1915,.T.);
#3776=EDGE_CURVE('',#3142,#3138,#1916,.T.);
#3777=EDGE_CURVE('',#3127,#3145,#1493,.F.);
#3778=EDGE_CURVE('',#3146,#3127,#1494,.F.);
#3779=EDGE_CURVE('',#3145,#3146,#1495,.F.);
#3780=EDGE_CURVE('',#3147,#3146,#1917,.T.);
#3781=EDGE_CURVE('',#3126,#3147,#317,.T.);
#3782=EDGE_CURVE('',#3143,#3145,#1918,.T.);
#3783=EDGE_CURVE('',#3146,#3142,#1919,.T.);
#3784=EDGE_CURVE('',#3148,#3149,#1496,.F.);
#3785=EDGE_CURVE('',#3150,#3148,#1497,.F.);
#3786=EDGE_CURVE('',#3149,#3150,#1498,.F.);
#3787=EDGE_CURVE('',#3096,#3150,#1920,.T.);
#3788=EDGE_CURVE('',#3148,#3097,#1921,.T.);
#3789=EDGE_CURVE('',#3151,#3152,#1499,.F.);
#3790=EDGE_CURVE('',#3122,#3151,#1500,.F.);
#3791=EDGE_CURVE('',#3152,#3122,#1501,.F.);
#3792=EDGE_CURVE('',#3151,#3095,#1922,.T.);
#3793=EDGE_CURVE('',#3145,#3152,#1923,.T.);
#3794=EDGE_CURVE('',#3152,#3149,#1502,.T.);
#3795=EDGE_CURVE('',#3150,#3151,#1503,.T.);
#3796=EDGE_CURVE('',#3149,#3143,#1924,.T.);
#3797=EDGE_CURVE('',#3144,#3148,#1925,.T.);
#3798=EDGE_CURVE('',#3125,#3153,#1504,.T.);
#3799=EDGE_CURVE('',#3153,#3147,#1926,.T.);
#3800=EDGE_CURVE('',#3154,#3140,#1927,.T.);
#3801=EDGE_CURVE('',#3154,#3155,#1928,.T.);
#3802=EDGE_CURVE('',#3156,#3155,#1929,.T.);
#3803=EDGE_CURVE('',#3098,#3156,#338,.F.);
#3804=EDGE_CURVE('',#3138,#3147,#1930,.T.);
#3805=EDGE_CURVE('',#3153,#3139,#1931,.T.);
#3806=EDGE_CURVE('',#3124,#3157,#1932,.T.);
#3807=EDGE_CURVE('',#3158,#3157,#1933,.T.);
#3808=EDGE_CURVE('',#3158,#3159,#1934,.T.);
#3809=EDGE_CURVE('',#3159,#3160,#1935,.T.);
#3810=EDGE_CURVE('',#3160,#3154,#1936,.T.);
#3811=EDGE_CURVE('',#3156,#3128,#1505,.T.);
#3812=EDGE_CURVE('',#3155,#3131,#1506,.T.);
#3813=EDGE_CURVE('',#3161,#3162,#1937,.T.);
#3814=EDGE_CURVE('',#3162,#3117,#1507,.T.);
#3815=EDGE_CURVE('',#3116,#3161,#318,.T.);
#3816=EDGE_CURVE('',#3163,#3164,#1508,.F.);
#3817=EDGE_CURVE('',#3165,#3163,#1509,.F.);
#3818=EDGE_CURVE('',#3164,#3165,#1510,.F.);
#3819=EDGE_CURVE('',#3166,#3165,#1938,.T.);
#3820=EDGE_CURVE('',#3163,#3167,#1939,.T.);
#3821=EDGE_CURVE('',#3167,#3166,#319,.T.);
#3822=EDGE_CURVE('',#3168,#3169,#1511,.F.);
#3823=EDGE_CURVE('',#3115,#3168,#1512,.F.);
#3824=EDGE_CURVE('',#3169,#3115,#1513,.F.);
#3825=EDGE_CURVE('',#3168,#3161,#1940,.T.);
#3826=EDGE_CURVE('',#3170,#3171,#1514,.F.);
#3827=EDGE_CURVE('',#3172,#3170,#1515,.F.);
#3828=EDGE_CURVE('',#3171,#3172,#1516,.F.);
#3829=EDGE_CURVE('',#3110,#3172,#1941,.T.);
#3830=EDGE_CURVE('',#3170,#3089,#1942,.T.);
#3831=EDGE_CURVE('',#3164,#3171,#1943,.T.);
#3832=EDGE_CURVE('',#3172,#3163,#1944,.T.);
#3833=EDGE_CURVE('',#3114,#3173,#1517,.F.);
#3834=EDGE_CURVE('',#3174,#3114,#1518,.F.);
#3835=EDGE_CURVE('',#3173,#3174,#1519,.F.);
#3836=EDGE_CURVE('',#3090,#3174,#1945,.T.);
#3837=EDGE_CURVE('',#3171,#3173,#1520,.T.);
#3838=EDGE_CURVE('',#3174,#3170,#1521,.T.);
#3839=EDGE_CURVE('',#3173,#3169,#1946,.T.);
#3840=EDGE_CURVE('',#3169,#3164,#1947,.T.);
#3841=EDGE_CURVE('',#3165,#3168,#1948,.T.);
#3842=EDGE_CURVE('',#3167,#3175,#1949,.T.);
#3843=EDGE_CURVE('',#3175,#3176,#1522,.T.);
#3844=EDGE_CURVE('',#3176,#3166,#1950,.T.);
#3845=EDGE_CURVE('',#3111,#3177,#1951,.T.);
#3846=EDGE_CURVE('',#3177,#3178,#1952,.T.);
#3847=EDGE_CURVE('',#3175,#3178,#1953,.T.);
#3848=EDGE_CURVE('',#3176,#3162,#1954,.T.);
#3849=EDGE_CURVE('',#3161,#3166,#1955,.T.);
#3850=EDGE_CURVE('',#3178,#3179,#1956,.T.);
#3851=EDGE_CURVE('',#3180,#3179,#1957,.T.);
#3852=EDGE_CURVE('',#3180,#3158,#1958,.T.);
#3853=EDGE_CURVE('',#3157,#3118,#1959,.T.);
#3854=EDGE_CURVE('',#3181,#3182,#1960,.T.);
#3855=EDGE_CURVE('',#3182,#3183,#1523,.T.);
#3856=EDGE_CURVE('',#3183,#3184,#1961,.T.);
#3857=EDGE_CURVE('',#3184,#3181,#320,.T.);
#3858=EDGE_CURVE('',#3185,#3186,#1524,.F.);
#3859=EDGE_CURVE('',#3187,#3185,#1525,.F.);
#3860=EDGE_CURVE('',#3186,#3187,#1526,.F.);
#3861=EDGE_CURVE('',#3108,#3187,#1962,.T.);
#3862=EDGE_CURVE('',#3185,#3086,#1963,.T.);
#3863=EDGE_CURVE('',#3188,#3189,#1527,.F.);
#3864=EDGE_CURVE('',#3190,#3188,#1528,.F.);
#3865=EDGE_CURVE('',#3189,#3190,#1529,.F.);
#3866=EDGE_CURVE('',#3184,#3190,#1964,.T.);
#3867=EDGE_CURVE('',#3188,#3181,#1965,.T.);
#3868=EDGE_CURVE('',#3186,#3189,#1966,.T.);
#3869=EDGE_CURVE('',#3190,#3185,#1967,.T.);
#3870=EDGE_CURVE('',#3191,#3192,#1530,.F.);
#3871=EDGE_CURVE('',#3193,#3191,#1531,.F.);
#3872=EDGE_CURVE('',#3192,#3193,#1532,.F.);
#3873=EDGE_CURVE('',#3106,#3193,#1968,.T.);
#3874=EDGE_CURVE('',#3191,#3107,#1969,.T.);
#3875=EDGE_CURVE('',#3194,#3195,#1533,.F.);
#3876=EDGE_CURVE('',#3196,#3194,#1534,.F.);
#3877=EDGE_CURVE('',#3195,#3196,#1535,.F.);
#3878=EDGE_CURVE('',#3197,#3196,#1970,.T.);
#3879=EDGE_CURVE('',#3194,#3198,#1971,.T.);
#3880=EDGE_CURVE('',#3198,#3197,#321,.T.);
#3881=EDGE_CURVE('',#3198,#3199,#1972,.T.);
#3882=EDGE_CURVE('',#3199,#3200,#1536,.T.);
#3883=EDGE_CURVE('',#3200,#3197,#1973,.T.);
#3884=EDGE_CURVE('',#3189,#3195,#1974,.T.);
#3885=EDGE_CURVE('',#3196,#3188,#1975,.T.);
#3886=EDGE_CURVE('',#3195,#3192,#1976,.T.);
#3887=EDGE_CURVE('',#3193,#3194,#1977,.T.);
#3888=EDGE_CURVE('',#3192,#3186,#1537,.T.);
#3889=EDGE_CURVE('',#3187,#3191,#1538,.T.);
#3890=EDGE_CURVE('',#3181,#3197,#1978,.T.);
#3891=EDGE_CURVE('',#3200,#3182,#1979,.T.);
#3892=EDGE_CURVE('',#3199,#3201,#1980,.T.);
#3893=EDGE_CURVE('',#3201,#3202,#1981,.T.);
#3894=EDGE_CURVE('',#3203,#3202,#1982,.T.);
#3895=EDGE_CURVE('',#3203,#3180,#1983,.T.);
#3896=EDGE_CURVE('',#3179,#3204,#1984,.T.);
#3897=EDGE_CURVE('',#3204,#3183,#1985,.T.);
#3898=EDGE_CURVE('',#3083,#3111,#1539,.T.);
#3899=EDGE_CURVE('',#3083,#3205,#1986,.T.);
#3900=EDGE_CURVE('',#3205,#3177,#1540,.T.);
#3901=EDGE_CURVE('',#3206,#3207,#1987,.T.);
#3902=EDGE_CURVE('',#3207,#3208,#1541,.T.);
#3903=EDGE_CURVE('',#3208,#3209,#1988,.T.);
#3904=EDGE_CURVE('',#3209,#3206,#322,.T.);
#3905=EDGE_CURVE('',#3210,#3211,#1542,.F.);
#3906=EDGE_CURVE('',#3212,#3210,#1543,.F.);
#3907=EDGE_CURVE('',#3211,#3212,#1544,.F.);
#3908=EDGE_CURVE('',#3209,#3212,#1989,.T.);
#3909=EDGE_CURVE('',#3210,#3206,#1990,.T.);
#3910=EDGE_CURVE('',#3135,#3213,#1545,.F.);
#3911=EDGE_CURVE('',#3214,#3135,#1546,.F.);
#3912=EDGE_CURVE('',#3213,#3214,#1547,.F.);
#3913=EDGE_CURVE('',#3215,#3214,#1991,.T.);
#3914=EDGE_CURVE('',#3134,#3215,#323,.T.);
#3915=EDGE_CURVE('',#3211,#3213,#1992,.T.);
#3916=EDGE_CURVE('',#3214,#3210,#1993,.T.);
#3917=EDGE_CURVE('',#3216,#3217,#1548,.F.);
#3918=EDGE_CURVE('',#3218,#3216,#1549,.F.);
#3919=EDGE_CURVE('',#3217,#3218,#1550,.F.);
#3920=EDGE_CURVE('',#3102,#3218,#1994,.T.);
#3921=EDGE_CURVE('',#3216,#3137,#1995,.T.);
#3922=EDGE_CURVE('',#3219,#3220,#1551,.F.);
#3923=EDGE_CURVE('',#3130,#3219,#1552,.F.);
#3924=EDGE_CURVE('',#3220,#3130,#1553,.F.);
#3925=EDGE_CURVE('',#3219,#3101,#1996,.T.);
#3926=EDGE_CURVE('',#3213,#3220,#1997,.T.);
#3927=EDGE_CURVE('',#3220,#3217,#1554,.T.);
#3928=EDGE_CURVE('',#3218,#3219,#1555,.T.);
#3929=EDGE_CURVE('',#3217,#3211,#1998,.T.);
#3930=EDGE_CURVE('',#3212,#3216,#1999,.T.);
#3931=EDGE_CURVE('',#3133,#3221,#1556,.T.);
#3932=EDGE_CURVE('',#3221,#3215,#2000,.T.);
#3933=EDGE_CURVE('',#3206,#3215,#2001,.T.);
#3934=EDGE_CURVE('',#3221,#3207,#2002,.T.);
#3935=EDGE_CURVE('',#3136,#3222,#1557,.T.);
#3936=EDGE_CURVE('',#3105,#3222,#339,.T.);
#3937=EDGE_CURVE('',#3204,#3205,#2003,.T.);
#3938=EDGE_CURVE('',#3136,#3223,#2004,.T.);
#3939=EDGE_CURVE('',#3223,#3224,#1558,.T.);
#3940=EDGE_CURVE('',#3222,#3224,#2005,.T.);
#3941=EDGE_CURVE('',#3225,#3223,#2006,.T.);
#3942=EDGE_CURVE('',#3202,#3225,#2007,.T.);
#3943=EDGE_CURVE('',#3224,#3201,#2008,.T.);
#3944=EDGE_CURVE('',#3132,#3160,#2009,.T.);
#3945=EDGE_CURVE('',#3225,#3208,#2010,.T.);
#3946=EDGE_CURVE('',#3226,#3227,#2011,.T.);
#3947=EDGE_CURVE('',#3226,#3228,#2012,.T.);
#3948=EDGE_CURVE('',#3228,#3229,#2013,.T.);
#3949=EDGE_CURVE('',#3227,#3229,#2014,.T.);
#3950=EDGE_CURVE('',#3230,#3226,#2015,.T.);
#3951=EDGE_CURVE('',#3230,#3231,#2016,.T.);
#3952=EDGE_CURVE('',#3231,#3228,#2017,.T.);
#3953=EDGE_CURVE('',#3232,#3230,#2018,.T.);
#3954=EDGE_CURVE('',#3232,#3233,#2019,.T.);
#3955=EDGE_CURVE('',#3233,#3231,#2020,.T.);
#3956=EDGE_CURVE('',#3234,#3232,#2021,.T.);
#3957=EDGE_CURVE('',#3234,#3235,#2022,.T.);
#3958=EDGE_CURVE('',#3235,#3233,#2023,.T.);
#3959=EDGE_CURVE('',#3236,#3234,#2024,.T.);
#3960=EDGE_CURVE('',#3236,#3237,#2025,.T.);
#3961=EDGE_CURVE('',#3237,#3235,#2026,.T.);
#3962=EDGE_CURVE('',#3227,#3236,#2027,.T.);
#3963=EDGE_CURVE('',#3229,#3237,#2028,.T.);
#3964=EDGE_CURVE('',#3238,#3238,#1559,.T.);
#3965=EDGE_CURVE('',#3109,#3238,#2029,.T.);
#3966=EDGE_CURVE('',#3159,#3203,#2030,.T.);
#3967=EDGE_CURVE('',#3239,#3240,#2031,.T.);
#3968=EDGE_CURVE('',#3240,#3241,#2032,.T.);
#3969=EDGE_CURVE('',#3241,#3242,#2033,.T.);
#3970=EDGE_CURVE('',#3239,#3242,#2034,.T.);
#3971=EDGE_CURVE('',#3243,#3244,#2035,.T.);
#3972=EDGE_CURVE('',#3245,#3244,#2036,.T.);
#3973=EDGE_CURVE('',#3245,#3246,#2037,.T.);
#3974=EDGE_CURVE('',#3246,#3243,#2038,.T.);
#3975=EDGE_CURVE('',#3247,#3248,#2039,.T.);
#3976=EDGE_CURVE('',#3248,#3249,#2040,.T.);
#3977=EDGE_CURVE('',#3250,#3249,#2041,.T.);
#3978=EDGE_CURVE('',#3247,#3250,#2042,.T.);
#3979=EDGE_CURVE('',#3244,#3251,#2043,.T.);
#3980=EDGE_CURVE('',#3252,#3251,#2044,.T.);
#3981=EDGE_CURVE('',#3245,#3252,#2045,.T.);
#3982=EDGE_CURVE('',#3242,#3253,#2046,.T.);
#3983=EDGE_CURVE('',#3254,#3253,#2047,.T.);
#3984=EDGE_CURVE('',#3239,#3254,#2048,.T.);
#3985=EDGE_CURVE('',#3253,#3252,#1560,.T.);
#3986=EDGE_CURVE('',#3251,#3250,#1561,.T.);
#3987=EDGE_CURVE('',#3249,#3254,#1562,.T.);
#3988=EDGE_CURVE('',#3255,#3248,#2049,.T.);
#3989=EDGE_CURVE('',#3247,#3256,#2050,.T.);
#3990=EDGE_CURVE('',#3256,#3255,#2051,.T.);
#3991=EDGE_CURVE('',#3257,#3258,#1563,.T.);
#3992=EDGE_CURVE('',#3239,#3258,#2052,.T.);
#3993=EDGE_CURVE('',#3248,#3257,#2053,.T.);
#3994=EDGE_CURVE('',#3259,#3260,#1564,.T.);
#3995=EDGE_CURVE('',#3247,#3260,#2054,.T.);
#3996=EDGE_CURVE('',#3244,#3259,#2055,.T.);
#3997=EDGE_CURVE('',#3261,#3262,#1565,.T.);
#3998=EDGE_CURVE('',#3245,#3262,#2056,.T.);
#3999=EDGE_CURVE('',#3242,#3261,#2057,.T.);
#4000=EDGE_CURVE('',#3263,#3264,#2058,.T.);
#4001=EDGE_CURVE('',#3263,#3265,#2059,.T.);
#4002=EDGE_CURVE('',#3266,#3265,#2060,.T.);
#4003=EDGE_CURVE('',#3264,#3266,#2061,.T.);
#4004=EDGE_CURVE('',#3259,#3266,#2062,.T.);
#4005=EDGE_CURVE('',#3265,#3260,#2063,.T.);
#4006=EDGE_CURVE('',#3267,#3268,#2064,.T.);
#4007=EDGE_CURVE('',#3267,#3269,#2065,.T.);
#4008=EDGE_CURVE('',#3270,#3269,#2066,.T.);
#4009=EDGE_CURVE('',#3268,#3270,#2067,.T.);
#4010=EDGE_CURVE('',#3269,#3258,#2068,.T.);
#4011=EDGE_CURVE('',#3257,#3270,#2069,.T.);
#4012=EDGE_CURVE('',#3271,#3272,#2070,.T.);
#4013=EDGE_CURVE('',#3271,#3273,#2071,.T.);
#4014=EDGE_CURVE('',#3274,#3273,#2072,.T.);
#4015=EDGE_CURVE('',#3272,#3274,#2073,.T.);
#4016=EDGE_CURVE('',#3273,#3262,#2074,.T.);
#4017=EDGE_CURVE('',#3261,#3274,#2075,.T.);
#4018=EDGE_CURVE('',#3264,#3271,#2076,.T.);
#4019=EDGE_CURVE('',#3272,#3267,#2077,.T.);
#4020=EDGE_CURVE('',#3268,#3263,#2078,.T.);
#4021=EDGE_CURVE('',#3241,#3272,#2079,.T.);
#4022=EDGE_CURVE('',#3246,#3271,#2080,.T.);
#4023=EDGE_CURVE('',#3243,#3264,#2081,.T.);
#4024=EDGE_CURVE('',#3256,#3263,#2082,.T.);
#4025=EDGE_CURVE('',#3255,#3268,#2083,.T.);
#4026=EDGE_CURVE('',#3240,#3267,#2084,.T.);
#4027=EDGE_CURVE('',#3275,#3276,#1566,.T.);
#4028=EDGE_CURVE('',#3276,#3277,#1567,.T.);
#4029=EDGE_CURVE('',#3277,#3275,#1568,.T.);
#4030=EDGE_CURVE('',#3278,#3279,#1569,.F.);
#4031=EDGE_CURVE('',#3279,#3276,#2085,.T.);
#4032=EDGE_CURVE('',#3275,#3278,#2086,.T.);
#4033=EDGE_CURVE('',#3280,#3275,#2087,.T.);
#4034=EDGE_CURVE('',#3281,#3280,#2088,.T.);
#4035=EDGE_CURVE('',#3278,#3281,#2089,.T.);
#4036=EDGE_CURVE('',#3277,#3282,#2090,.T.);
#4037=EDGE_CURVE('',#3280,#3282,#1570,.T.);
#4038=EDGE_CURVE('',#3276,#3283,#2091,.T.);
#4039=EDGE_CURVE('',#3284,#3283,#1571,.T.);
#4040=EDGE_CURVE('',#3284,#3277,#2092,.T.);
#4041=EDGE_CURVE('',#3285,#3280,#1572,.T.);
#4042=EDGE_CURVE('',#3282,#3285,#1573,.T.);
#4043=EDGE_CURVE('',#3286,#3281,#1574,.F.);
#4044=EDGE_CURVE('',#3285,#3286,#2093,.T.);
#4045=EDGE_CURVE('',#3287,#3285,#2094,.T.);
#4046=EDGE_CURVE('',#3288,#3287,#2095,.T.);
#4047=EDGE_CURVE('',#3286,#3288,#2096,.T.);
#4048=EDGE_CURVE('',#3282,#3289,#2097,.T.);
#4049=EDGE_CURVE('',#3287,#3289,#1575,.T.);
#4050=EDGE_CURVE('',#3290,#3287,#1576,.T.);
#4051=EDGE_CURVE('',#3289,#3290,#1577,.T.);
#4052=EDGE_CURVE('',#3291,#3288,#1578,.F.);
#4053=EDGE_CURVE('',#3290,#3291,#2098,.T.);
#4054=EDGE_CURVE('',#3292,#3290,#1579,.T.);
#4055=EDGE_CURVE('',#3293,#3292,#2099,.T.);
#4056=EDGE_CURVE('',#3291,#3293,#1580,.T.);
#4057=EDGE_CURVE('',#3289,#3284,#1581,.T.);
#4058=EDGE_CURVE('',#3292,#3284,#1582,.T.);
#4059=EDGE_CURVE('',#3283,#3292,#1583,.T.);
#4060=EDGE_CURVE('',#3294,#3293,#1584,.F.);
#4061=EDGE_CURVE('',#3283,#3294,#2100,.T.);
#4062=EDGE_CURVE('',#3294,#3279,#2101,.T.);
#4063=EDGE_CURVE('',#3295,#3296,#1585,.T.);
#4064=EDGE_CURVE('',#3296,#3297,#1586,.T.);
#4065=EDGE_CURVE('',#3297,#3295,#1587,.T.);
#4066=EDGE_CURVE('',#3298,#3299,#1588,.F.);
#4067=EDGE_CURVE('',#3299,#3296,#2102,.T.);
#4068=EDGE_CURVE('',#3295,#3298,#2103,.T.);
#4069=EDGE_CURVE('',#3300,#3295,#2104,.T.);
#4070=EDGE_CURVE('',#3301,#3300,#2105,.T.);
#4071=EDGE_CURVE('',#3298,#3301,#2106,.T.);
#4072=EDGE_CURVE('',#3297,#3302,#2107,.T.);
#4073=EDGE_CURVE('',#3300,#3302,#1589,.T.);
#4074=EDGE_CURVE('',#3296,#3303,#1590,.T.);
#4075=EDGE_CURVE('',#3304,#3303,#1591,.T.);
#4076=EDGE_CURVE('',#3304,#3297,#1592,.T.);
#4077=EDGE_CURVE('',#3305,#3306,#1593,.T.);
#4078=EDGE_CURVE('',#3306,#3307,#1594,.T.);
#4079=EDGE_CURVE('',#3307,#3305,#1595,.T.);
#4080=EDGE_CURVE('',#3308,#3309,#1596,.F.);
#4081=EDGE_CURVE('',#3309,#3306,#2108,.T.);
#4082=EDGE_CURVE('',#3305,#3308,#2109,.T.);
#4083=EDGE_CURVE('',#3310,#3305,#2110,.T.);
#4084=EDGE_CURVE('',#3311,#3310,#2111,.T.);
#4085=EDGE_CURVE('',#3308,#3311,#2112,.T.);
#4086=EDGE_CURVE('',#3307,#3304,#2113,.T.);
#4087=EDGE_CURVE('',#3310,#3304,#1597,.T.);
#4088=EDGE_CURVE('',#3303,#3310,#1598,.T.);
#4089=EDGE_CURVE('',#3312,#3311,#1599,.F.);
#4090=EDGE_CURVE('',#3303,#3312,#2114,.T.);
#4091=EDGE_CURVE('',#3312,#3299,#1600,.T.);
#4092=EDGE_CURVE('',#3313,#3300,#1601,.T.);
#4093=EDGE_CURVE('',#3302,#3313,#1602,.T.);
#4094=EDGE_CURVE('',#3314,#3301,#1603,.F.);
#4095=EDGE_CURVE('',#3313,#3314,#2115,.T.);
#4096=EDGE_CURVE('',#3315,#3313,#2116,.T.);
#4097=EDGE_CURVE('',#3316,#3315,#2117,.T.);
#4098=EDGE_CURVE('',#3314,#3316,#2118,.T.);
#4099=EDGE_CURVE('',#3302,#3317,#2119,.T.);
#4100=EDGE_CURVE('',#3315,#3317,#1604,.T.);
#4101=EDGE_CURVE('',#3318,#3315,#1605,.T.);
#4102=EDGE_CURVE('',#3317,#3318,#1606,.T.);
#4103=EDGE_CURVE('',#3319,#3316,#1607,.F.);
#4104=EDGE_CURVE('',#3318,#3319,#2120,.T.);
#4105=EDGE_CURVE('',#3319,#3309,#2121,.T.);
#4106=EDGE_CURVE('',#3306,#3318,#2122,.T.);
#4107=EDGE_CURVE('',#3317,#3307,#2123,.T.);
#4108=EDGE_CURVE('',#3320,#3321,#1608,.T.);
#4109=EDGE_CURVE('',#3321,#3322,#1609,.T.);
#4110=EDGE_CURVE('',#3322,#3320,#1610,.T.);
#4111=EDGE_CURVE('',#3323,#3324,#1611,.F.);
#4112=EDGE_CURVE('',#3324,#3321,#2124,.T.);
#4113=EDGE_CURVE('',#3320,#3323,#2125,.T.);
#4114=EDGE_CURVE('',#3325,#3320,#2126,.T.);
#4115=EDGE_CURVE('',#3326,#3325,#2127,.T.);
#4116=EDGE_CURVE('',#3323,#3326,#2128,.T.);
#4117=EDGE_CURVE('',#3322,#3327,#2129,.T.);
#4118=EDGE_CURVE('',#3325,#3327,#1612,.T.);
#4119=EDGE_CURVE('',#3321,#3328,#1613,.T.);
#4120=EDGE_CURVE('',#3329,#3328,#1614,.T.);
#4121=EDGE_CURVE('',#3329,#3322,#1615,.T.);
#4122=EDGE_CURVE('',#3328,#3330,#1616,.T.);
#4123=EDGE_CURVE('',#3330,#3329,#1617,.T.);
#4124=EDGE_CURVE('',#3331,#3332,#1618,.F.);
#4125=EDGE_CURVE('',#3332,#3330,#2130,.T.);
#4126=EDGE_CURVE('',#3328,#3331,#2131,.T.);
#4127=EDGE_CURVE('',#3331,#3324,#1619,.T.);
#4128=EDGE_CURVE('',#3330,#3333,#2132,.T.);
#4129=EDGE_CURVE('',#3334,#3333,#1620,.T.);
#4130=EDGE_CURVE('',#3334,#3329,#2133,.T.);
#4131=EDGE_CURVE('',#3333,#3335,#1621,.T.);
#4132=EDGE_CURVE('',#3335,#3334,#1622,.T.);
#4133=EDGE_CURVE('',#3336,#3337,#1623,.F.);
#4134=EDGE_CURVE('',#3337,#3335,#2134,.T.);
#4135=EDGE_CURVE('',#3333,#3336,#2135,.T.);
#4136=EDGE_CURVE('',#3336,#3332,#2136,.T.);
#4137=EDGE_CURVE('',#3335,#3338,#2137,.T.);
#4138=EDGE_CURVE('',#3327,#3338,#1624,.T.);
#4139=EDGE_CURVE('',#3327,#3334,#2138,.T.);
#4140=EDGE_CURVE('',#3338,#3325,#1625,.T.);
#4141=EDGE_CURVE('',#3339,#3326,#1626,.F.);
#4142=EDGE_CURVE('',#3338,#3339,#2139,.T.);
#4143=EDGE_CURVE('',#3339,#3337,#2140,.T.);
#4144=EDGE_CURVE('',#3340,#3341,#1627,.T.);
#4145=EDGE_CURVE('',#3341,#3342,#1628,.T.);
#4146=EDGE_CURVE('',#3342,#3340,#1629,.T.);
#4147=EDGE_CURVE('',#3343,#3344,#1630,.F.);
#4148=EDGE_CURVE('',#3344,#3341,#2141,.T.);
#4149=EDGE_CURVE('',#3340,#3343,#2142,.T.);
#4150=EDGE_CURVE('',#3345,#3340,#2143,.T.);
#4151=EDGE_CURVE('',#3346,#3345,#2144,.T.);
#4152=EDGE_CURVE('',#3343,#3346,#2145,.T.);
#4153=EDGE_CURVE('',#3342,#3347,#2146,.T.);
#4154=EDGE_CURVE('',#3345,#3347,#1631,.T.);
#4155=EDGE_CURVE('',#3348,#3345,#1632,.T.);
#4156=EDGE_CURVE('',#3347,#3348,#1633,.T.);
#4157=EDGE_CURVE('',#3349,#3346,#1634,.F.);
#4158=EDGE_CURVE('',#3348,#3349,#2147,.T.);
#4159=EDGE_CURVE('',#3350,#3348,#2148,.T.);
#4160=EDGE_CURVE('',#3351,#3350,#2149,.T.);
#4161=EDGE_CURVE('',#3349,#3351,#2150,.T.);
#4162=EDGE_CURVE('',#3347,#3352,#2151,.T.);
#4163=EDGE_CURVE('',#3350,#3352,#1635,.T.);
#4164=EDGE_CURVE('',#3353,#3350,#1636,.T.);
#4165=EDGE_CURVE('',#3352,#3353,#1637,.T.);
#4166=EDGE_CURVE('',#3354,#3351,#1638,.F.);
#4167=EDGE_CURVE('',#3353,#3354,#2152,.T.);
#4168=EDGE_CURVE('',#3355,#3353,#1639,.T.);
#4169=EDGE_CURVE('',#3356,#3355,#2153,.T.);
#4170=EDGE_CURVE('',#3354,#3356,#1640,.T.);
#4171=EDGE_CURVE('',#3352,#3357,#1641,.T.);
#4172=EDGE_CURVE('',#3355,#3357,#1642,.T.);
#4173=EDGE_CURVE('',#3358,#3355,#1643,.T.);
#4174=EDGE_CURVE('',#3357,#3358,#1644,.T.);
#4175=EDGE_CURVE('',#3359,#3356,#1645,.F.);
#4176=EDGE_CURVE('',#3358,#3359,#2154,.T.);
#4177=EDGE_CURVE('',#3360,#3358,#2155,.T.);
#4178=EDGE_CURVE('',#3361,#3360,#2156,.T.);
#4179=EDGE_CURVE('',#3359,#3361,#2157,.T.);
#4180=EDGE_CURVE('',#3357,#3362,#2158,.T.);
#4181=EDGE_CURVE('',#3362,#3360,#1646,.F.);
#4182=EDGE_CURVE('',#3363,#3364,#1647,.T.);
#4183=EDGE_CURVE('',#3364,#3365,#1648,.T.);
#4184=EDGE_CURVE('',#3365,#3363,#1649,.T.);
#4185=EDGE_CURVE('',#3366,#3367,#1650,.F.);
#4186=EDGE_CURVE('',#3367,#3364,#2159,.T.);
#4187=EDGE_CURVE('',#3363,#3366,#2160,.T.);
#4188=EDGE_CURVE('',#3368,#3363,#2161,.T.);
#4189=EDGE_CURVE('',#3369,#3368,#2162,.T.);
#4190=EDGE_CURVE('',#3366,#3369,#2163,.T.);
#4191=EDGE_CURVE('',#3365,#3370,#2164,.T.);
#4192=EDGE_CURVE('',#3368,#3370,#1651,.T.);
#4193=EDGE_CURVE('',#3364,#3371,#2165,.T.);
#4194=EDGE_CURVE('',#3372,#3371,#1652,.T.);
#4195=EDGE_CURVE('',#3372,#3365,#2166,.T.);
#4196=EDGE_CURVE('',#3371,#3373,#1653,.T.);
#4197=EDGE_CURVE('',#3373,#3372,#1654,.T.);
#4198=EDGE_CURVE('',#3374,#3375,#1655,.F.);
#4199=EDGE_CURVE('',#3375,#3373,#2167,.T.);
#4200=EDGE_CURVE('',#3371,#3374,#2168,.T.);
#4201=EDGE_CURVE('',#3374,#3367,#2169,.T.);
#4202=EDGE_CURVE('',#3373,#3376,#2170,.T.);
#4203=EDGE_CURVE('',#3377,#3376,#1656,.T.);
#4204=EDGE_CURVE('',#3377,#3372,#2171,.T.);
#4205=EDGE_CURVE('',#3378,#3368,#1657,.T.);
#4206=EDGE_CURVE('',#3370,#3378,#1658,.T.);
#4207=EDGE_CURVE('',#3379,#3369,#1659,.F.);
#4208=EDGE_CURVE('',#3378,#3379,#2172,.T.);
#4209=EDGE_CURVE('',#3380,#3378,#1660,.T.);
#4210=EDGE_CURVE('',#3381,#3380,#2173,.T.);
#4211=EDGE_CURVE('',#3379,#3381,#1661,.T.);
#4212=EDGE_CURVE('',#3370,#3377,#1662,.T.);
#4213=EDGE_CURVE('',#3380,#3377,#1663,.T.);
#4214=EDGE_CURVE('',#3376,#3380,#1664,.T.);
#4215=EDGE_CURVE('',#3382,#3381,#1665,.F.);
#4216=EDGE_CURVE('',#3376,#3382,#2174,.T.);
#4217=EDGE_CURVE('',#3382,#3375,#2175,.T.);
#4218=EDGE_CURVE('',#3383,#3384,#1666,.F.);
#4219=EDGE_CURVE('',#3384,#3385,#2176,.T.);
#4220=EDGE_CURVE('',#3385,#3386,#1667,.T.);
#4221=EDGE_CURVE('',#3386,#3383,#2177,.T.);
#4222=EDGE_CURVE('',#3385,#3387,#1668,.T.);
#4223=EDGE_CURVE('',#3387,#3386,#1669,.T.);
#4224=EDGE_CURVE('',#3387,#3388,#1670,.T.);
#4225=EDGE_CURVE('',#3389,#3388,#1671,.T.);
#4226=EDGE_CURVE('',#3389,#3386,#1672,.T.);
#4227=EDGE_CURVE('',#3385,#3390,#2178,.T.);
#4228=EDGE_CURVE('',#3390,#3391,#1673,.F.);
#4229=EDGE_CURVE('',#3391,#3387,#2179,.T.);
#4230=EDGE_CURVE('',#3392,#3384,#2180,.T.);
#4231=EDGE_CURVE('',#3390,#3392,#2181,.T.);
#4232=EDGE_CURVE('',#3393,#3389,#1674,.T.);
#4233=EDGE_CURVE('',#3388,#3393,#1675,.T.);
#4234=EDGE_CURVE('',#3394,#3395,#1676,.F.);
#4235=EDGE_CURVE('',#3395,#3389,#2182,.T.);
#4236=EDGE_CURVE('',#3393,#3394,#2183,.T.);
#4237=EDGE_CURVE('',#3396,#3393,#2184,.T.);
#4238=EDGE_CURVE('',#3397,#3396,#2185,.T.);
#4239=EDGE_CURVE('',#3394,#3397,#2186,.T.);
#4240=EDGE_CURVE('',#3388,#3398,#2187,.T.);
#4241=EDGE_CURVE('',#3398,#3396,#1677,.F.);
#4242=EDGE_CURVE('',#3399,#3400,#1678,.F.);
#4243=EDGE_CURVE('',#3401,#3399,#1679,.F.);
#4244=EDGE_CURVE('',#3400,#3401,#1680,.F.);
#4245=EDGE_CURVE('',#3402,#3403,#1681,.F.);
#4246=EDGE_CURVE('',#3403,#3401,#2188,.T.);
#4247=EDGE_CURVE('',#3399,#3402,#2189,.T.);
#4248=EDGE_CURVE('',#3404,#3405,#1682,.F.);
#4249=EDGE_CURVE('',#3406,#3404,#1683,.F.);
#4250=EDGE_CURVE('',#3405,#3406,#1684,.F.);
#4251=EDGE_CURVE('',#3407,#3408,#1685,.F.);
#4252=EDGE_CURVE('',#3408,#3406,#2190,.T.);
#4253=EDGE_CURVE('',#3404,#3407,#2191,.T.);
#4254=EDGE_CURVE('',#3409,#3410,#1686,.F.);
#4255=EDGE_CURVE('',#3411,#3409,#1687,.F.);
#4256=EDGE_CURVE('',#3410,#3411,#1688,.F.);
#4257=EDGE_CURVE('',#3412,#3413,#1689,.F.);
#4258=EDGE_CURVE('',#3413,#3411,#2192,.T.);
#4259=EDGE_CURVE('',#3409,#3412,#2193,.T.);
#4260=EDGE_CURVE('',#3400,#3410,#2194,.T.);
#4261=EDGE_CURVE('',#3411,#3399,#2195,.T.);
#4262=EDGE_CURVE('',#3414,#3415,#1690,.F.);
#4263=EDGE_CURVE('',#3416,#3414,#1691,.F.);
#4264=EDGE_CURVE('',#3415,#3416,#1692,.F.);
#4265=EDGE_CURVE('',#3417,#3418,#1693,.F.);
#4266=EDGE_CURVE('',#3418,#3416,#2196,.T.);
#4267=EDGE_CURVE('',#3414,#3417,#2197,.T.);
#4268=EDGE_CURVE('',#3410,#3415,#2198,.T.);
#4269=EDGE_CURVE('',#3416,#3409,#2199,.T.);
#4270=EDGE_CURVE('',#3415,#3405,#1694,.T.);
#4271=EDGE_CURVE('',#3406,#3414,#1695,.T.);
#4272=EDGE_CURVE('',#3405,#3400,#2200,.T.);
#4273=EDGE_CURVE('',#3401,#3404,#2201,.T.);
#4274=EDGE_CURVE('',#3402,#3413,#2202,.T.);
#4275=EDGE_CURVE('',#3412,#3418,#2203,.T.);
#4276=EDGE_CURVE('',#3419,#3398,#1696,.F.);
#4277=EDGE_CURVE('',#3396,#3419,#1697,.F.);
#4278=EDGE_CURVE('',#3420,#3397,#1698,.F.);
#4279=EDGE_CURVE('',#3419,#3420,#2204,.T.);
#4280=EDGE_CURVE('',#3421,#3422,#1699,.F.);
#4281=EDGE_CURVE('',#3423,#3421,#1700,.F.);
#4282=EDGE_CURVE('',#3422,#3423,#1701,.F.);
#4283=EDGE_CURVE('',#3424,#3425,#1702,.F.);
#4284=EDGE_CURVE('',#3425,#3423,#2205,.T.);
#4285=EDGE_CURVE('',#3421,#3424,#2206,.T.);
#4286=EDGE_CURVE('',#3398,#3422,#2207,.T.);
#4287=EDGE_CURVE('',#3423,#3419,#2208,.T.);
#4288=EDGE_CURVE('',#3426,#3390,#1703,.F.);
#4289=EDGE_CURVE('',#3391,#3426,#1704,.F.);
#4290=EDGE_CURVE('',#3392,#3427,#1705,.F.);
#4291=EDGE_CURVE('',#3427,#3426,#2209,.T.);
#4292=EDGE_CURVE('',#3422,#3391,#2210,.T.);
#4293=EDGE_CURVE('',#3426,#3421,#2211,.T.);
#4294=EDGE_CURVE('',#3420,#3425,#2212,.T.);
#4295=EDGE_CURVE('',#3424,#3427,#2213,.T.);
#4296=EDGE_CURVE('',#3428,#3362,#1706,.F.);
#4297=EDGE_CURVE('',#3360,#3428,#1707,.F.);
#4298=EDGE_CURVE('',#3429,#3361,#1708,.F.);
#4299=EDGE_CURVE('',#3428,#3429,#2214,.T.);
#4300=EDGE_CURVE('',#3341,#3428,#2215,.T.);
#4301=EDGE_CURVE('',#3362,#3342,#2216,.T.);
#4302=EDGE_CURVE('',#3430,#3431,#1709,.F.);
#4303=EDGE_CURVE('',#3432,#3430,#1710,.F.);
#4304=EDGE_CURVE('',#3431,#3432,#1711,.F.);
#4305=EDGE_CURVE('',#3433,#3434,#1712,.F.);
#4306=EDGE_CURVE('',#3434,#3432,#2217,.T.);
#4307=EDGE_CURVE('',#3430,#3433,#2218,.T.);
#4308=EDGE_CURVE('',#3435,#3436,#1713,.F.);
#4309=EDGE_CURVE('',#3437,#3435,#1714,.F.);
#4310=EDGE_CURVE('',#3436,#3437,#1715,.F.);
#4311=EDGE_CURVE('',#3438,#3439,#1716,.F.);
#4312=EDGE_CURVE('',#3439,#3437,#2219,.T.);
#4313=EDGE_CURVE('',#3435,#3438,#2220,.T.);
#4314=EDGE_CURVE('',#3431,#3436,#1717,.T.);
#4315=EDGE_CURVE('',#3437,#3430,#1718,.T.);
#4316=EDGE_CURVE('',#3440,#3441,#1719,.F.);
#4317=EDGE_CURVE('',#3442,#3440,#1720,.F.);
#4318=EDGE_CURVE('',#3441,#3442,#1721,.F.);
#4319=EDGE_CURVE('',#3443,#3444,#1722,.F.);
#4320=EDGE_CURVE('',#3444,#3442,#2221,.T.);
#4321=EDGE_CURVE('',#3440,#3443,#2222,.T.);
#4322=EDGE_CURVE('',#3445,#3446,#1723,.F.);
#4323=EDGE_CURVE('',#3447,#3445,#1724,.F.);
#4324=EDGE_CURVE('',#3446,#3447,#1725,.F.);
#4325=EDGE_CURVE('',#3448,#3449,#1726,.F.);
#4326=EDGE_CURVE('',#3449,#3447,#2223,.T.);
#4327=EDGE_CURVE('',#3445,#3448,#2224,.T.);
#4328=EDGE_CURVE('',#3436,#3446,#2225,.T.);
#4329=EDGE_CURVE('',#3447,#3435,#2226,.T.);
#4330=EDGE_CURVE('',#3450,#3451,#1727,.F.);
#4331=EDGE_CURVE('',#3452,#3450,#1728,.F.);
#4332=EDGE_CURVE('',#3451,#3452,#1729,.F.);
#4333=EDGE_CURVE('',#3453,#3454,#1730,.F.);
#4334=EDGE_CURVE('',#3454,#3452,#2227,.T.);
#4335=EDGE_CURVE('',#3450,#3453,#2228,.T.);
#4336=EDGE_CURVE('',#3446,#3451,#2229,.T.);
#4337=EDGE_CURVE('',#3452,#3445,#2230,.T.);
#4338=EDGE_CURVE('',#3451,#3441,#2231,.T.);
#4339=EDGE_CURVE('',#3442,#3450,#2232,.T.);
#4340=EDGE_CURVE('',#3441,#3431,#2233,.T.);
#4341=EDGE_CURVE('',#3432,#3440,#2234,.T.);
#4342=EDGE_CURVE('',#3433,#3439,#1731,.T.);
#4343=EDGE_CURVE('',#3438,#3449,#2235,.T.);
#4344=EDGE_CURVE('',#3448,#3454,#2236,.T.);
#4345=EDGE_CURVE('',#3383,#3395,#1732,.T.);
#4346=EDGE_CURVE('',#3417,#3408,#1733,.T.);
#4347=EDGE_CURVE('',#3407,#3403,#2237,.T.);
#4348=EDGE_CURVE('',#3429,#3344,#2238,.T.);
#4349=EDGE_CURVE('',#3453,#3444,#2239,.T.);
#4350=EDGE_CURVE('',#3443,#3434,#2240,.T.);
#4351=EDGE_CURVE('',#3455,#3456,#2241,.T.);
#4352=EDGE_CURVE('',#3455,#3457,#2242,.T.);
#4353=EDGE_CURVE('',#3457,#3458,#2243,.T.);
#4354=EDGE_CURVE('',#3456,#3458,#2244,.T.);
#4355=EDGE_CURVE('',#3459,#3455,#2245,.T.);
#4356=EDGE_CURVE('',#3459,#3460,#2246,.T.);
#4357=EDGE_CURVE('',#3460,#3457,#2247,.T.);
#4358=EDGE_CURVE('',#3461,#3459,#2248,.T.);
#4359=EDGE_CURVE('',#3461,#3462,#2249,.T.);
#4360=EDGE_CURVE('',#3462,#3460,#2250,.T.);
#4361=EDGE_CURVE('',#3463,#3461,#2251,.T.);
#4362=EDGE_CURVE('',#3463,#3464,#2252,.T.);
#4363=EDGE_CURVE('',#3464,#3462,#2253,.T.);
#4364=EDGE_CURVE('',#3465,#3463,#2254,.T.);
#4365=EDGE_CURVE('',#3465,#3466,#2255,.T.);
#4366=EDGE_CURVE('',#3466,#3464,#2256,.T.);
#4367=EDGE_CURVE('',#3456,#3465,#2257,.T.);
#4368=EDGE_CURVE('',#3458,#3466,#2258,.T.);
#4369=EDGE_CURVE('',#3467,#3467,#1734,.T.);
#4370=EDGE_CURVE('',#3468,#3468,#1735,.T.);
#4371=EDGE_CURVE('',#3468,#3467,#2259,.T.);
#4372=EDGE_CURVE('',#3469,#3470,#2260,.T.);
#4373=EDGE_CURVE('',#3470,#3471,#2261,.T.);
#4374=EDGE_CURVE('',#3472,#3471,#2262,.T.);
#4375=EDGE_CURVE('',#3469,#3472,#2263,.T.);
#4376=EDGE_CURVE('',#3473,#3469,#2264,.T.);
#4377=EDGE_CURVE('',#3474,#3472,#2265,.T.);
#4378=EDGE_CURVE('',#3473,#3474,#2266,.T.);
#4379=EDGE_CURVE('',#3475,#3473,#2267,.T.);
#4380=EDGE_CURVE('',#3476,#3474,#2268,.T.);
#4381=EDGE_CURVE('',#3475,#3476,#2269,.T.);
#4382=EDGE_CURVE('',#3470,#3475,#2270,.T.);
#4383=EDGE_CURVE('',#3471,#3476,#2271,.T.);
#4384=EDGE_CURVE('',#3477,#3478,#1736,.F.);
#4385=EDGE_CURVE('',#3479,#3477,#1737,.F.);
#4386=EDGE_CURVE('',#3478,#3479,#1738,.F.);
#4387=EDGE_CURVE('',#3480,#3479,#2272,.T.);
#4388=EDGE_CURVE('',#3477,#3481,#2273,.T.);
#4389=EDGE_CURVE('',#3481,#3480,#324,.T.);
#4390=EDGE_CURVE('',#3482,#3477,#2274,.T.);
#4391=EDGE_CURVE('',#3478,#3483,#2275,.T.);
#4392=EDGE_CURVE('',#3483,#3482,#340,.T.);
#4393=EDGE_CURVE('',#3483,#3484,#1739,.T.);
#4394=EDGE_CURVE('',#3484,#3485,#341,.T.);
#4395=EDGE_CURVE('',#3485,#3482,#1740,.T.);
#4396=EDGE_CURVE('',#3486,#3487,#1741,.F.);
#4397=EDGE_CURVE('',#3488,#3486,#1742,.F.);
#4398=EDGE_CURVE('',#3487,#3488,#1743,.F.);
#4399=EDGE_CURVE('',#3489,#3490,#1744,.F.);
#4400=EDGE_CURVE('',#3490,#3488,#2276,.T.);
#4401=EDGE_CURVE('',#3486,#3489,#2277,.T.);
#4402=EDGE_CURVE('',#3491,#3492,#1745,.F.);
#4403=EDGE_CURVE('',#3493,#3491,#1746,.F.);
#4404=EDGE_CURVE('',#3492,#3493,#1747,.F.);
#4405=EDGE_CURVE('',#3494,#3495,#2278,.T.);
#4406=EDGE_CURVE('',#3495,#3496,#1748,.T.);
#4407=EDGE_CURVE('',#3496,#3497,#2279,.T.);
#4408=EDGE_CURVE('',#3497,#3494,#325,.T.);
#4409=EDGE_CURVE('',#3497,#3493,#2280,.T.);
#4410=EDGE_CURVE('',#3491,#3494,#2281,.T.);
#4411=EDGE_CURVE('',#3484,#3492,#2282,.T.);
#4412=EDGE_CURVE('',#3493,#3485,#2283,.T.);
#4413=EDGE_CURVE('',#3492,#3487,#2284,.T.);
#4414=EDGE_CURVE('',#3488,#3491,#2285,.T.);
#4415=EDGE_CURVE('',#3487,#3478,#2286,.T.);
#4416=EDGE_CURVE('',#3479,#3486,#2287,.T.);
#4417=EDGE_CURVE('',#3481,#3498,#2288,.T.);
#4418=EDGE_CURVE('',#3498,#3499,#1749,.T.);
#4419=EDGE_CURVE('',#3499,#3480,#2289,.T.);
#4420=EDGE_CURVE('',#3498,#3500,#2290,.T.);
#4421=EDGE_CURVE('',#3500,#3501,#2291,.T.);
#4422=EDGE_CURVE('',#3501,#3502,#2292,.T.);
#4423=EDGE_CURVE('',#3503,#3502,#1750,.T.);
#4424=EDGE_CURVE('',#3504,#3503,#2293,.T.);
#4425=EDGE_CURVE('',#3505,#3504,#2294,.T.);
#4426=EDGE_CURVE('',#3505,#3506,#2295,.T.);
#4427=EDGE_CURVE('',#3506,#3507,#2296,.T.);
#4428=EDGE_CURVE('',#3499,#3507,#2297,.T.);
#4429=EDGE_CURVE('',#3482,#3508,#2298,.T.);
#4430=EDGE_CURVE('',#3508,#3500,#2299,.T.);
#4431=EDGE_CURVE('',#3485,#3509,#2300,.T.);
#4432=EDGE_CURVE('',#3509,#3508,#1751,.T.);
#4433=EDGE_CURVE('',#3510,#3496,#2301,.T.);
#4434=EDGE_CURVE('',#3510,#3509,#2302,.T.);
#4435=EDGE_CURVE('',#3507,#3495,#2303,.T.);
#4436=EDGE_CURVE('',#3494,#3490,#2304,.T.);
#4437=EDGE_CURVE('',#3489,#3480,#2305,.T.);
#4438=EDGE_CURVE('',#3506,#3511,#2306,.T.);
#4439=EDGE_CURVE('',#3511,#3512,#2307,.T.);
#4440=EDGE_CURVE('',#3513,#3512,#2308,.T.);
#4441=EDGE_CURVE('',#3514,#3513,#1752,.T.);
#4442=EDGE_CURVE('',#3514,#3515,#2309,.T.);
#4443=EDGE_CURVE('',#3515,#3510,#2310,.T.);
#4444=EDGE_CURVE('',#3516,#3516,#1753,.T.);
#4445=EDGE_CURVE('',#3516,#3517,#1754,.T.);
#4446=EDGE_CURVE('',#3517,#3518,#1755,.T.);
#4447=EDGE_CURVE('',#3518,#3517,#1756,.T.);
#4448=EDGE_CURVE('',#3518,#3519,#2311,.T.);
#4449=EDGE_CURVE('',#3519,#3519,#1757,.T.);
#4450=EDGE_CURVE('',#3520,#3520,#1758,.T.);
#4451=EDGE_CURVE('',#3521,#3522,#1759,.F.);
#4452=EDGE_CURVE('',#3523,#3521,#1760,.F.);
#4453=EDGE_CURVE('',#3522,#3523,#1761,.F.);
#4454=EDGE_CURVE('',#3524,#3523,#2312,.T.);
#4455=EDGE_CURVE('',#3521,#3525,#2313,.T.);
#4456=EDGE_CURVE('',#3525,#3524,#326,.T.);
#4457=EDGE_CURVE('',#3526,#3521,#2314,.T.);
#4458=EDGE_CURVE('',#3522,#3527,#2315,.T.);
#4459=EDGE_CURVE('',#3527,#3526,#342,.T.);
#4460=EDGE_CURVE('',#3528,#3529,#1762,.F.);
#4461=EDGE_CURVE('',#3530,#3528,#1763,.F.);
#4462=EDGE_CURVE('',#3529,#3530,#1764,.F.);
#4463=EDGE_CURVE('',#3531,#3532,#1765,.F.);
#4464=EDGE_CURVE('',#3532,#3530,#2316,.T.);
#4465=EDGE_CURVE('',#3528,#3531,#2317,.T.);
#4466=EDGE_CURVE('',#3527,#3533,#1766,.T.);
#4467=EDGE_CURVE('',#3533,#3534,#343,.T.);
#4468=EDGE_CURVE('',#3534,#3526,#1767,.T.);
#4469=EDGE_CURVE('',#3535,#3536,#1768,.F.);
#4470=EDGE_CURVE('',#3537,#3535,#1769,.F.);
#4471=EDGE_CURVE('',#3536,#3537,#1770,.F.);
#4472=EDGE_CURVE('',#3538,#3539,#2318,.T.);
#4473=EDGE_CURVE('',#3539,#3540,#1771,.T.);
#4474=EDGE_CURVE('',#3540,#3541,#2319,.T.);
#4475=EDGE_CURVE('',#3541,#3538,#327,.T.);
#4476=EDGE_CURVE('',#3541,#3537,#2320,.T.);
#4477=EDGE_CURVE('',#3535,#3538,#2321,.T.);
#4478=EDGE_CURVE('',#3533,#3536,#2322,.T.);
#4479=EDGE_CURVE('',#3537,#3534,#2323,.T.);
#4480=EDGE_CURVE('',#3536,#3529,#2324,.T.);
#4481=EDGE_CURVE('',#3530,#3535,#2325,.T.);
#4482=EDGE_CURVE('',#3529,#3522,#2326,.T.);
#4483=EDGE_CURVE('',#3523,#3528,#2327,.T.);
#4484=EDGE_CURVE('',#3525,#3514,#2328,.T.);
#4485=EDGE_CURVE('',#3513,#3524,#2329,.T.);
#4486=EDGE_CURVE('',#3526,#3542,#2330,.T.);
#4487=EDGE_CURVE('',#3542,#3515,#2331,.T.);
#4488=EDGE_CURVE('',#3543,#3534,#2332,.T.);
#4489=EDGE_CURVE('',#3543,#3542,#1772,.T.);
#4490=EDGE_CURVE('',#3544,#3540,#2333,.T.);
#4491=EDGE_CURVE('',#3544,#3543,#2334,.T.);
#4492=EDGE_CURVE('',#3512,#3539,#2335,.T.);
#4493=EDGE_CURVE('',#3538,#3532,#2336,.T.);
#4494=EDGE_CURVE('',#3531,#3524,#2337,.T.);
#4495=EDGE_CURVE('',#3511,#3545,#2338,.T.);
#4496=EDGE_CURVE('',#3545,#3546,#2339,.T.);
#4497=EDGE_CURVE('',#3547,#3546,#2340,.T.);
#4498=EDGE_CURVE('',#3548,#3547,#1773,.T.);
#4499=EDGE_CURVE('',#3548,#3549,#2341,.T.);
#4500=EDGE_CURVE('',#3549,#3544,#2342,.T.);
#4501=EDGE_CURVE('',#3550,#3503,#2343,.T.);
#4502=EDGE_CURVE('',#3502,#3551,#2344,.T.);
#4503=EDGE_CURVE('',#3551,#3550,#328,.T.);
#4504=EDGE_CURVE('',#3552,#3553,#1774,.F.);
#4505=EDGE_CURVE('',#3554,#3552,#1775,.F.);
#4506=EDGE_CURVE('',#3553,#3554,#1776,.F.);
#4507=EDGE_CURVE('',#3551,#3554,#2345,.T.);
#4508=EDGE_CURVE('',#3552,#3550,#2346,.T.);
#4509=EDGE_CURVE('',#3555,#3556,#1777,.F.);
#4510=EDGE_CURVE('',#3557,#3555,#1778,.F.);
#4511=EDGE_CURVE('',#3556,#3557,#1779,.F.);
#4512=EDGE_CURVE('',#3558,#3559,#1780,.F.);
#4513=EDGE_CURVE('',#3559,#3557,#2347,.T.);
#4514=EDGE_CURVE('',#3555,#3558,#2348,.T.);
#4515=EDGE_CURVE('',#3553,#3556,#2349,.T.);
#4516=EDGE_CURVE('',#3557,#3552,#2350,.T.);
#4517=EDGE_CURVE('',#3560,#3561,#1781,.F.);
#4518=EDGE_CURVE('',#3562,#3560,#1782,.F.);
#4519=EDGE_CURVE('',#3561,#3562,#1783,.F.);
#4520=EDGE_CURVE('',#3563,#3562,#2351,.T.);
#4521=EDGE_CURVE('',#3560,#3564,#2352,.T.);
#4522=EDGE_CURVE('',#3564,#3563,#329,.T.);
#4523=EDGE_CURVE('',#3564,#3565,#2353,.T.);
#4524=EDGE_CURVE('',#3565,#3566,#1784,.T.);
#4525=EDGE_CURVE('',#3566,#3563,#2354,.T.);
#4526=EDGE_CURVE('',#3556,#3561,#2355,.T.);
#4527=EDGE_CURVE('',#3562,#3555,#2356,.T.);
#4528=EDGE_CURVE('',#3567,#3560,#2357,.T.);
#4529=EDGE_CURVE('',#3561,#3568,#2358,.T.);
#4530=EDGE_CURVE('',#3568,#3567,#344,.T.);
#4531=EDGE_CURVE('',#3569,#3567,#1785,.T.);
#4532=EDGE_CURVE('',#3568,#3570,#1786,.T.);
#4533=EDGE_CURVE('',#3570,#3569,#345,.T.);
#4534=EDGE_CURVE('',#3570,#3553,#2359,.T.);
#4535=EDGE_CURVE('',#3554,#3569,#2360,.T.);
#4536=EDGE_CURVE('',#3550,#3559,#2361,.T.);
#4537=EDGE_CURVE('',#3558,#3563,#2362,.T.);
#4538=EDGE_CURVE('',#3565,#3571,#2363,.T.);
#4539=EDGE_CURVE('',#3571,#3572,#2364,.T.);
#4540=EDGE_CURVE('',#3572,#3573,#2365,.T.);
#4541=EDGE_CURVE('',#3574,#3573,#1787,.T.);
#4542=EDGE_CURVE('',#3546,#3574,#2366,.T.);
#4543=EDGE_CURVE('',#3545,#3505,#2367,.T.);
#4544=EDGE_CURVE('',#3566,#3504,#2368,.T.);
#4545=EDGE_CURVE('',#3575,#3576,#1788,.F.);
#4546=EDGE_CURVE('',#3577,#3575,#1789,.F.);
#4547=EDGE_CURVE('',#3576,#3577,#1790,.F.);
#4548=EDGE_CURVE('',#3578,#3577,#2369,.T.);
#4549=EDGE_CURVE('',#3575,#3579,#2370,.T.);
#4550=EDGE_CURVE('',#3579,#3578,#330,.T.);
#4551=EDGE_CURVE('',#3580,#3575,#2371,.T.);
#4552=EDGE_CURVE('',#3576,#3581,#2372,.T.);
#4553=EDGE_CURVE('',#3581,#3580,#346,.T.);
#4554=EDGE_CURVE('',#3581,#3582,#1791,.T.);
#4555=EDGE_CURVE('',#3582,#3583,#347,.T.);
#4556=EDGE_CURVE('',#3583,#3580,#1792,.T.);
#4557=EDGE_CURVE('',#3584,#3585,#1793,.F.);
#4558=EDGE_CURVE('',#3586,#3584,#1794,.F.);
#4559=EDGE_CURVE('',#3585,#3586,#1795,.F.);
#4560=EDGE_CURVE('',#3587,#3588,#1796,.F.);
#4561=EDGE_CURVE('',#3588,#3586,#2373,.T.);
#4562=EDGE_CURVE('',#3584,#3587,#2374,.T.);
#4563=EDGE_CURVE('',#3589,#3590,#1797,.F.);
#4564=EDGE_CURVE('',#3591,#3589,#1798,.F.);
#4565=EDGE_CURVE('',#3590,#3591,#1799,.F.);
#4566=EDGE_CURVE('',#3592,#3574,#2375,.T.);
#4567=EDGE_CURVE('',#3573,#3593,#2376,.T.);
#4568=EDGE_CURVE('',#3593,#3592,#331,.T.);
#4569=EDGE_CURVE('',#3593,#3591,#2377,.T.);
#4570=EDGE_CURVE('',#3589,#3592,#2378,.T.);
#4571=EDGE_CURVE('',#3582,#3590,#2379,.T.);
#4572=EDGE_CURVE('',#3591,#3583,#2380,.T.);
#4573=EDGE_CURVE('',#3590,#3585,#2381,.T.);
#4574=EDGE_CURVE('',#3586,#3589,#2382,.T.);
#4575=EDGE_CURVE('',#3585,#3576,#2383,.T.);
#4576=EDGE_CURVE('',#3577,#3584,#2384,.T.);
#4577=EDGE_CURVE('',#3579,#3548,#2385,.T.);
#4578=EDGE_CURVE('',#3547,#3578,#2386,.T.);
#4579=EDGE_CURVE('',#3592,#3588,#2387,.T.);
#4580=EDGE_CURVE('',#3587,#3578,#2388,.T.);
#4581=EDGE_CURVE('',#3594,#3549,#2389,.T.);
#4582=EDGE_CURVE('',#3595,#3594,#1800,.T.);
#4583=EDGE_CURVE('',#3572,#3595,#2390,.T.);
#4584=EDGE_CURVE('',#3596,#3571,#2391,.T.);
#4585=EDGE_CURVE('',#3597,#3596,#1801,.T.);
#4586=EDGE_CURVE('',#3501,#3597,#2392,.T.);
#4587=EDGE_CURVE('',#3597,#3569,#2393,.T.);
#4588=EDGE_CURVE('',#3567,#3596,#2394,.T.);
#4589=EDGE_CURVE('',#3580,#3594,#2395,.T.);
#4590=EDGE_CURVE('',#3583,#3595,#2396,.T.);
#4591=EDGE_CURVE('',#3598,#3599,#2397,.T.);
#4592=EDGE_CURVE('',#3598,#3600,#2398,.T.);
#4593=EDGE_CURVE('',#3600,#3601,#2399,.T.);
#4594=EDGE_CURVE('',#3599,#3601,#2400,.T.);
#4595=EDGE_CURVE('',#3602,#3598,#2401,.T.);
#4596=EDGE_CURVE('',#3602,#3603,#2402,.T.);
#4597=EDGE_CURVE('',#3603,#3600,#2403,.T.);
#4598=EDGE_CURVE('',#3604,#3602,#2404,.T.);
#4599=EDGE_CURVE('',#3604,#3605,#2405,.T.);
#4600=EDGE_CURVE('',#3605,#3603,#2406,.T.);
#4601=EDGE_CURVE('',#3606,#3604,#2407,.T.);
#4602=EDGE_CURVE('',#3606,#3607,#2408,.T.);
#4603=EDGE_CURVE('',#3607,#3605,#2409,.T.);
#4604=EDGE_CURVE('',#3608,#3606,#2410,.T.);
#4605=EDGE_CURVE('',#3608,#3609,#2411,.T.);
#4606=EDGE_CURVE('',#3609,#3607,#2412,.T.);
#4607=EDGE_CURVE('',#3599,#3608,#2413,.T.);
#4608=EDGE_CURVE('',#3601,#3609,#2414,.T.);
#4609=EDGE_CURVE('',#3610,#3610,#1802,.T.);
#4610=EDGE_CURVE('',#3520,#3610,#2415,.T.);
#4611=ORIENTED_EDGE('',*,*,#3611,.F.);
#4612=ORIENTED_EDGE('',*,*,#3612,.T.);
#4613=ORIENTED_EDGE('',*,*,#3613,.F.);
#4614=ORIENTED_EDGE('',*,*,#3614,.F.);
#4615=ORIENTED_EDGE('',*,*,#3615,.T.);
#4616=ORIENTED_EDGE('',*,*,#3614,.T.);
#4617=ORIENTED_EDGE('',*,*,#3616,.F.);
#4618=ORIENTED_EDGE('',*,*,#3617,.F.);
#4619=ORIENTED_EDGE('',*,*,#3618,.F.);
#4620=ORIENTED_EDGE('',*,*,#3617,.T.);
#4621=ORIENTED_EDGE('',*,*,#3619,.F.);
#4622=ORIENTED_EDGE('',*,*,#3620,.F.);
#4623=ORIENTED_EDGE('',*,*,#3621,.F.);
#4624=ORIENTED_EDGE('',*,*,#3620,.T.);
#4625=ORIENTED_EDGE('',*,*,#3622,.F.);
#4626=ORIENTED_EDGE('',*,*,#3623,.F.);
#4627=ORIENTED_EDGE('',*,*,#3624,.F.);
#4628=ORIENTED_EDGE('',*,*,#3623,.T.);
#4629=ORIENTED_EDGE('',*,*,#3625,.F.);
#4630=ORIENTED_EDGE('',*,*,#3626,.F.);
#4631=ORIENTED_EDGE('',*,*,#3627,.F.);
#4632=ORIENTED_EDGE('',*,*,#3626,.T.);
#4633=ORIENTED_EDGE('',*,*,#3628,.F.);
#4634=ORIENTED_EDGE('',*,*,#3629,.F.);
#4635=ORIENTED_EDGE('',*,*,#3630,.F.);
#4636=ORIENTED_EDGE('',*,*,#3612,.F.);
#4637=ORIENTED_EDGE('',*,*,#3630,.T.);
#4638=ORIENTED_EDGE('',*,*,#3631,.F.);
#4639=ORIENTED_EDGE('',*,*,#3628,.T.);
#4640=ORIENTED_EDGE('',*,*,#3625,.T.);
#4641=ORIENTED_EDGE('',*,*,#3622,.T.);
#4642=ORIENTED_EDGE('',*,*,#3619,.T.);
#4643=ORIENTED_EDGE('',*,*,#3616,.T.);
#4644=ORIENTED_EDGE('',*,*,#3613,.T.);
#4645=ORIENTED_EDGE('',*,*,#3629,.T.);
#4646=ORIENTED_EDGE('',*,*,#3632,.F.);
#4647=ORIENTED_EDGE('',*,*,#3633,.F.);
#4648=ORIENTED_EDGE('',*,*,#3634,.T.);
#4649=ORIENTED_EDGE('',*,*,#3635,.F.);
#4650=ORIENTED_EDGE('',*,*,#3611,.T.);
#4651=ORIENTED_EDGE('',*,*,#3636,.T.);
#4652=ORIENTED_EDGE('',*,*,#3632,.T.);
#4653=ORIENTED_EDGE('',*,*,#3618,.T.);
#4654=ORIENTED_EDGE('',*,*,#3637,.T.);
#4655=ORIENTED_EDGE('',*,*,#3638,.T.);
#4656=ORIENTED_EDGE('',*,*,#3639,.T.);
#4657=ORIENTED_EDGE('',*,*,#3640,.T.);
#4658=ORIENTED_EDGE('',*,*,#3641,.T.);
#4659=ORIENTED_EDGE('',*,*,#3642,.T.);
#4660=ORIENTED_EDGE('',*,*,#3643,.F.);
#4661=ORIENTED_EDGE('',*,*,#3644,.T.);
#4662=ORIENTED_EDGE('',*,*,#3645,.T.);
#4663=ORIENTED_EDGE('',*,*,#3646,.F.);
#4664=ORIENTED_EDGE('',*,*,#3634,.F.);
#4665=ORIENTED_EDGE('',*,*,#3643,.T.);
#4666=ORIENTED_EDGE('',*,*,#3647,.T.);
#4667=ORIENTED_EDGE('',*,*,#3648,.F.);
#4668=ORIENTED_EDGE('',*,*,#3649,.F.);
#4669=ORIENTED_EDGE('',*,*,#3631,.T.);
#4670=ORIENTED_EDGE('',*,*,#3635,.T.);
#4671=ORIENTED_EDGE('',*,*,#3646,.T.);
#4672=ORIENTED_EDGE('',*,*,#3650,.T.);
#4673=ORIENTED_EDGE('',*,*,#3648,.T.);
#4674=ORIENTED_EDGE('',*,*,#3651,.T.);
#4675=ORIENTED_EDGE('',*,*,#3652,.T.);
#4676=ORIENTED_EDGE('',*,*,#3644,.F.);
#4677=ORIENTED_EDGE('',*,*,#3653,.T.);
#4678=ORIENTED_EDGE('',*,*,#3654,.T.);
#4679=ORIENTED_EDGE('',*,*,#3655,.T.);
#4680=ORIENTED_EDGE('',*,*,#3656,.F.);
#4681=ORIENTED_EDGE('',*,*,#3657,.F.);
#4682=ORIENTED_EDGE('',*,*,#3649,.T.);
#4683=ORIENTED_EDGE('',*,*,#3650,.F.);
#4684=ORIENTED_EDGE('',*,*,#3645,.F.);
#4685=ORIENTED_EDGE('',*,*,#3627,.T.);
#4686=ORIENTED_EDGE('',*,*,#3651,.F.);
#4687=ORIENTED_EDGE('',*,*,#3647,.F.);
#4688=ORIENTED_EDGE('',*,*,#3658,.T.);
#4689=ORIENTED_EDGE('',*,*,#3659,.F.);
#4690=ORIENTED_EDGE('',*,*,#3638,.F.);
#4691=ORIENTED_EDGE('',*,*,#3660,.T.);
#4692=ORIENTED_EDGE('',*,*,#3661,.F.);
#4693=ORIENTED_EDGE('',*,*,#3662,.F.);
#4694=ORIENTED_EDGE('',*,*,#3663,.T.);
#4695=ORIENTED_EDGE('',*,*,#3656,.T.);
#4696=ORIENTED_EDGE('',*,*,#3664,.T.);
#4697=ORIENTED_EDGE('',*,*,#3661,.T.);
#4698=ORIENTED_EDGE('',*,*,#3624,.T.);
#4699=ORIENTED_EDGE('',*,*,#3659,.T.);
#4700=ORIENTED_EDGE('',*,*,#3665,.T.);
#4701=ORIENTED_EDGE('',*,*,#3642,.F.);
#4702=ORIENTED_EDGE('',*,*,#3666,.T.);
#4703=ORIENTED_EDGE('',*,*,#3621,.T.);
#4704=ORIENTED_EDGE('',*,*,#3665,.F.);
#4705=ORIENTED_EDGE('',*,*,#3658,.F.);
#4706=ORIENTED_EDGE('',*,*,#3653,.F.);
#4707=ORIENTED_EDGE('',*,*,#3633,.T.);
#4708=ORIENTED_EDGE('',*,*,#3636,.F.);
#4709=ORIENTED_EDGE('',*,*,#3615,.F.);
#4710=ORIENTED_EDGE('',*,*,#3667,.F.);
#4711=ORIENTED_EDGE('',*,*,#3654,.F.);
#4712=ORIENTED_EDGE('',*,*,#3667,.T.);
#4713=ORIENTED_EDGE('',*,*,#3639,.F.);
#4714=ORIENTED_EDGE('',*,*,#3668,.F.);
#4715=ORIENTED_EDGE('',*,*,#3652,.F.);
#4716=ORIENTED_EDGE('',*,*,#3668,.T.);
#4717=ORIENTED_EDGE('',*,*,#3662,.T.);
#4718=ORIENTED_EDGE('',*,*,#3664,.F.);
#4719=ORIENTED_EDGE('',*,*,#3655,.F.);
#4720=ORIENTED_EDGE('',*,*,#3640,.F.);
#4721=ORIENTED_EDGE('',*,*,#3657,.T.);
#4722=ORIENTED_EDGE('',*,*,#3663,.F.);
#4723=ORIENTED_EDGE('',*,*,#3660,.F.);
#4724=ORIENTED_EDGE('',*,*,#3669,.F.);
#4725=ORIENTED_EDGE('',*,*,#3641,.F.);
#4726=ORIENTED_EDGE('',*,*,#3669,.T.);
#4727=ORIENTED_EDGE('',*,*,#3637,.F.);
#4728=ORIENTED_EDGE('',*,*,#3666,.F.);
#4729=ORIENTED_EDGE('',*,*,#3670,.T.);
#4730=ORIENTED_EDGE('',*,*,#3671,.F.);
#4731=ORIENTED_EDGE('',*,*,#3672,.F.);
#4732=ORIENTED_EDGE('',*,*,#3673,.F.);
#4733=ORIENTED_EDGE('',*,*,#3674,.F.);
#4734=ORIENTED_EDGE('',*,*,#3675,.F.);
#4735=ORIENTED_EDGE('',*,*,#3676,.F.);
#4736=ORIENTED_EDGE('',*,*,#3677,.F.);
#4737=ORIENTED_EDGE('',*,*,#3673,.T.);
#4738=ORIENTED_EDGE('',*,*,#3678,.T.);
#4739=ORIENTED_EDGE('',*,*,#3679,.T.);
#4740=ORIENTED_EDGE('',*,*,#3680,.T.);
#4741=ORIENTED_EDGE('',*,*,#3672,.T.);
#4742=ORIENTED_EDGE('',*,*,#3681,.T.);
#4743=ORIENTED_EDGE('',*,*,#3682,.F.);
#4744=ORIENTED_EDGE('',*,*,#3683,.T.);
#4745=ORIENTED_EDGE('',*,*,#3678,.F.);
#4746=ORIENTED_EDGE('',*,*,#3671,.T.);
#4747=ORIENTED_EDGE('',*,*,#3684,.T.);
#4748=ORIENTED_EDGE('',*,*,#3685,.T.);
#4749=ORIENTED_EDGE('',*,*,#3681,.F.);
#4750=ORIENTED_EDGE('',*,*,#3686,.T.);
#4751=ORIENTED_EDGE('',*,*,#3687,.F.);
#4752=ORIENTED_EDGE('',*,*,#3688,.T.);
#4753=ORIENTED_EDGE('',*,*,#3689,.T.);
#4754=ORIENTED_EDGE('',*,*,#3687,.T.);
#4755=ORIENTED_EDGE('',*,*,#3690,.T.);
#4756=ORIENTED_EDGE('',*,*,#3679,.F.);
#4757=ORIENTED_EDGE('',*,*,#3683,.F.);
#4758=ORIENTED_EDGE('',*,*,#3674,.T.);
#4759=ORIENTED_EDGE('',*,*,#3680,.F.);
#4760=ORIENTED_EDGE('',*,*,#3690,.F.);
#4761=ORIENTED_EDGE('',*,*,#3691,.T.);
#4762=ORIENTED_EDGE('',*,*,#3692,.T.);
#4763=ORIENTED_EDGE('',*,*,#3693,.F.);
#4764=ORIENTED_EDGE('',*,*,#3676,.T.);
#4765=ORIENTED_EDGE('',*,*,#3694,.F.);
#4766=ORIENTED_EDGE('',*,*,#3695,.F.);
#4767=ORIENTED_EDGE('',*,*,#3675,.T.);
#4768=ORIENTED_EDGE('',*,*,#3692,.F.);
#4769=ORIENTED_EDGE('',*,*,#3696,.T.);
#4770=ORIENTED_EDGE('',*,*,#3694,.T.);
#4771=ORIENTED_EDGE('',*,*,#3697,.F.);
#4772=ORIENTED_EDGE('',*,*,#3698,.T.);
#4773=ORIENTED_EDGE('',*,*,#3684,.F.);
#4774=ORIENTED_EDGE('',*,*,#3670,.F.);
#4775=ORIENTED_EDGE('',*,*,#3677,.T.);
#4776=ORIENTED_EDGE('',*,*,#3693,.T.);
#4777=ORIENTED_EDGE('',*,*,#3699,.T.);
#4778=ORIENTED_EDGE('',*,*,#3697,.T.);
#4779=ORIENTED_EDGE('',*,*,#3688,.F.);
#4780=ORIENTED_EDGE('',*,*,#3682,.T.);
#4781=ORIENTED_EDGE('',*,*,#3685,.F.);
#4782=ORIENTED_EDGE('',*,*,#3698,.F.);
#4783=ORIENTED_EDGE('',*,*,#3700,.F.);
#4784=ORIENTED_EDGE('',*,*,#3689,.F.);
#4785=ORIENTED_EDGE('',*,*,#3700,.T.);
#4786=ORIENTED_EDGE('',*,*,#3699,.F.);
#4787=ORIENTED_EDGE('',*,*,#3701,.F.);
#4788=ORIENTED_EDGE('',*,*,#3686,.F.);
#4789=ORIENTED_EDGE('',*,*,#3701,.T.);
#4790=ORIENTED_EDGE('',*,*,#3695,.T.);
#4791=ORIENTED_EDGE('',*,*,#3696,.F.);
#4792=ORIENTED_EDGE('',*,*,#3691,.F.);
#4793=ORIENTED_EDGE('',*,*,#3702,.T.);
#4794=ORIENTED_EDGE('',*,*,#3703,.T.);
#4795=ORIENTED_EDGE('',*,*,#3704,.T.);
#4796=ORIENTED_EDGE('',*,*,#3705,.T.);
#4797=ORIENTED_EDGE('',*,*,#3703,.F.);
#4798=ORIENTED_EDGE('',*,*,#3706,.F.);
#4799=ORIENTED_EDGE('',*,*,#3707,.F.);
#4800=ORIENTED_EDGE('',*,*,#3708,.F.);
#4801=ORIENTED_EDGE('',*,*,#3709,.T.);
#4802=ORIENTED_EDGE('',*,*,#3710,.F.);
#4803=ORIENTED_EDGE('',*,*,#3711,.F.);
#4804=ORIENTED_EDGE('',*,*,#3712,.F.);
#4805=ORIENTED_EDGE('',*,*,#3713,.F.);
#4806=ORIENTED_EDGE('',*,*,#3714,.T.);
#4807=ORIENTED_EDGE('',*,*,#3715,.T.);
#4808=ORIENTED_EDGE('',*,*,#3716,.F.);
#4809=ORIENTED_EDGE('',*,*,#3717,.F.);
#4810=ORIENTED_EDGE('',*,*,#3718,.F.);
#4811=ORIENTED_EDGE('',*,*,#3719,.F.);
#4812=ORIENTED_EDGE('',*,*,#3720,.T.);
#4813=ORIENTED_EDGE('',*,*,#3721,.T.);
#4814=ORIENTED_EDGE('',*,*,#3722,.F.);
#4815=ORIENTED_EDGE('',*,*,#3723,.F.);
#4816=ORIENTED_EDGE('',*,*,#3724,.F.);
#4817=ORIENTED_EDGE('',*,*,#3725,.F.);
#4818=ORIENTED_EDGE('',*,*,#3726,.F.);
#4819=ORIENTED_EDGE('',*,*,#3727,.T.);
#4820=ORIENTED_EDGE('',*,*,#3728,.F.);
#4821=ORIENTED_EDGE('',*,*,#3729,.T.);
#4822=ORIENTED_EDGE('',*,*,#3730,.T.);
#4823=ORIENTED_EDGE('',*,*,#3707,.T.);
#4824=ORIENTED_EDGE('',*,*,#3731,.T.);
#4825=ORIENTED_EDGE('',*,*,#3732,.T.);
#4826=ORIENTED_EDGE('',*,*,#3733,.T.);
#4827=ORIENTED_EDGE('',*,*,#3734,.T.);
#4828=ORIENTED_EDGE('',*,*,#3735,.T.);
#4829=ORIENTED_EDGE('',*,*,#3711,.T.);
#4830=ORIENTED_EDGE('',*,*,#3734,.F.);
#4831=ORIENTED_EDGE('',*,*,#3736,.F.);
#4832=ORIENTED_EDGE('',*,*,#3737,.F.);
#4833=ORIENTED_EDGE('',*,*,#3738,.F.);
#4834=ORIENTED_EDGE('',*,*,#3739,.F.);
#4835=ORIENTED_EDGE('',*,*,#3740,.F.);
#4836=ORIENTED_EDGE('',*,*,#3741,.T.);
#4837=ORIENTED_EDGE('',*,*,#3742,.F.);
#4838=ORIENTED_EDGE('',*,*,#3743,.T.);
#4839=ORIENTED_EDGE('',*,*,#3744,.T.);
#4840=ORIENTED_EDGE('',*,*,#3745,.T.);
#4841=ORIENTED_EDGE('',*,*,#3713,.T.);
#4842=ORIENTED_EDGE('',*,*,#3746,.F.);
#4843=ORIENTED_EDGE('',*,*,#3744,.F.);
#4844=ORIENTED_EDGE('',*,*,#3747,.T.);
#4845=ORIENTED_EDGE('',*,*,#3748,.T.);
#4846=ORIENTED_EDGE('',*,*,#3749,.F.);
#4847=ORIENTED_EDGE('',*,*,#3750,.F.);
#4848=ORIENTED_EDGE('',*,*,#3751,.F.);
#4849=ORIENTED_EDGE('',*,*,#3752,.F.);
#4850=ORIENTED_EDGE('',*,*,#3753,.T.);
#4851=ORIENTED_EDGE('',*,*,#3754,.T.);
#4852=ORIENTED_EDGE('',*,*,#3755,.T.);
#4853=ORIENTED_EDGE('',*,*,#3719,.T.);
#4854=ORIENTED_EDGE('',*,*,#3756,.F.);
#4855=ORIENTED_EDGE('',*,*,#3754,.F.);
#4856=ORIENTED_EDGE('',*,*,#3757,.T.);
#4857=ORIENTED_EDGE('',*,*,#3758,.T.);
#4858=ORIENTED_EDGE('',*,*,#3759,.F.);
#4859=ORIENTED_EDGE('',*,*,#3760,.F.);
#4860=ORIENTED_EDGE('',*,*,#3761,.F.);
#4861=ORIENTED_EDGE('',*,*,#3762,.F.);
#4862=ORIENTED_EDGE('',*,*,#3763,.T.);
#4863=ORIENTED_EDGE('',*,*,#3723,.T.);
#4864=ORIENTED_EDGE('',*,*,#3764,.T.);
#4865=ORIENTED_EDGE('',*,*,#3765,.T.);
#4866=ORIENTED_EDGE('',*,*,#3766,.T.);
#4867=ORIENTED_EDGE('',*,*,#3743,.F.);
#4868=ORIENTED_EDGE('',*,*,#3712,.T.);
#4869=ORIENTED_EDGE('',*,*,#3735,.F.);
#4870=ORIENTED_EDGE('',*,*,#3766,.F.);
#4871=ORIENTED_EDGE('',*,*,#3742,.T.);
#4872=ORIENTED_EDGE('',*,*,#3767,.T.);
#4873=ORIENTED_EDGE('',*,*,#3747,.F.);
#4874=ORIENTED_EDGE('',*,*,#3768,.T.);
#4875=ORIENTED_EDGE('',*,*,#3769,.T.);
#4876=ORIENTED_EDGE('',*,*,#3770,.T.);
#4877=ORIENTED_EDGE('',*,*,#3771,.T.);
#4878=ORIENTED_EDGE('',*,*,#3772,.F.);
#4879=ORIENTED_EDGE('',*,*,#3773,.F.);
#4880=ORIENTED_EDGE('',*,*,#3774,.F.);
#4881=ORIENTED_EDGE('',*,*,#3775,.T.);
#4882=ORIENTED_EDGE('',*,*,#3773,.T.);
#4883=ORIENTED_EDGE('',*,*,#3776,.T.);
#4884=ORIENTED_EDGE('',*,*,#3771,.F.);
#4885=ORIENTED_EDGE('',*,*,#3777,.F.);
#4886=ORIENTED_EDGE('',*,*,#3778,.F.);
#4887=ORIENTED_EDGE('',*,*,#3779,.F.);
#4888=ORIENTED_EDGE('',*,*,#3780,.T.);
#4889=ORIENTED_EDGE('',*,*,#3778,.T.);
#4890=ORIENTED_EDGE('',*,*,#3751,.T.);
#4891=ORIENTED_EDGE('',*,*,#3781,.T.);
#4892=ORIENTED_EDGE('',*,*,#3772,.T.);
#4893=ORIENTED_EDGE('',*,*,#3782,.T.);
#4894=ORIENTED_EDGE('',*,*,#3779,.T.);
#4895=ORIENTED_EDGE('',*,*,#3783,.T.);
#4896=ORIENTED_EDGE('',*,*,#3784,.F.);
#4897=ORIENTED_EDGE('',*,*,#3785,.F.);
#4898=ORIENTED_EDGE('',*,*,#3786,.F.);
#4899=ORIENTED_EDGE('',*,*,#3716,.T.);
#4900=ORIENTED_EDGE('',*,*,#3787,.T.);
#4901=ORIENTED_EDGE('',*,*,#3785,.T.);
#4902=ORIENTED_EDGE('',*,*,#3788,.T.);
#4903=ORIENTED_EDGE('',*,*,#3789,.F.);
#4904=ORIENTED_EDGE('',*,*,#3790,.F.);
#4905=ORIENTED_EDGE('',*,*,#3791,.F.);
#4906=ORIENTED_EDGE('',*,*,#3746,.T.);
#4907=ORIENTED_EDGE('',*,*,#3790,.T.);
#4908=ORIENTED_EDGE('',*,*,#3792,.T.);
#4909=ORIENTED_EDGE('',*,*,#3714,.F.);
#4910=ORIENTED_EDGE('',*,*,#3745,.F.);
#4911=ORIENTED_EDGE('',*,*,#3777,.T.);
#4912=ORIENTED_EDGE('',*,*,#3793,.T.);
#4913=ORIENTED_EDGE('',*,*,#3791,.T.);
#4914=ORIENTED_EDGE('',*,*,#3752,.T.);
#4915=ORIENTED_EDGE('',*,*,#3789,.T.);
#4916=ORIENTED_EDGE('',*,*,#3794,.T.);
#4917=ORIENTED_EDGE('',*,*,#3786,.T.);
#4918=ORIENTED_EDGE('',*,*,#3795,.T.);
#4919=ORIENTED_EDGE('',*,*,#3784,.T.);
#4920=ORIENTED_EDGE('',*,*,#3796,.T.);
#4921=ORIENTED_EDGE('',*,*,#3774,.T.);
#4922=ORIENTED_EDGE('',*,*,#3797,.T.);
#4923=ORIENTED_EDGE('',*,*,#3750,.T.);
#4924=ORIENTED_EDGE('',*,*,#3798,.T.);
#4925=ORIENTED_EDGE('',*,*,#3799,.T.);
#4926=ORIENTED_EDGE('',*,*,#3781,.F.);
#4927=ORIENTED_EDGE('',*,*,#3717,.T.);
#4928=ORIENTED_EDGE('',*,*,#3788,.F.);
#4929=ORIENTED_EDGE('',*,*,#3797,.F.);
#4930=ORIENTED_EDGE('',*,*,#3775,.F.);
#4931=ORIENTED_EDGE('',*,*,#3770,.F.);
#4932=ORIENTED_EDGE('',*,*,#3800,.F.);
#4933=ORIENTED_EDGE('',*,*,#3801,.T.);
#4934=ORIENTED_EDGE('',*,*,#3802,.F.);
#4935=ORIENTED_EDGE('',*,*,#3803,.F.);
#4936=ORIENTED_EDGE('',*,*,#3776,.F.);
#4937=ORIENTED_EDGE('',*,*,#3783,.F.);
#4938=ORIENTED_EDGE('',*,*,#3780,.F.);
#4939=ORIENTED_EDGE('',*,*,#3804,.F.);
#4940=ORIENTED_EDGE('',*,*,#3768,.F.);
#4941=ORIENTED_EDGE('',*,*,#3804,.T.);
#4942=ORIENTED_EDGE('',*,*,#3799,.F.);
#4943=ORIENTED_EDGE('',*,*,#3805,.T.);
#4944=ORIENTED_EDGE('',*,*,#3769,.F.);
#4945=ORIENTED_EDGE('',*,*,#3805,.F.);
#4946=ORIENTED_EDGE('',*,*,#3798,.F.);
#4947=ORIENTED_EDGE('',*,*,#3749,.T.);
#4948=ORIENTED_EDGE('',*,*,#3806,.T.);
#4949=ORIENTED_EDGE('',*,*,#3807,.F.);
#4950=ORIENTED_EDGE('',*,*,#3808,.T.);
#4951=ORIENTED_EDGE('',*,*,#3809,.T.);
#4952=ORIENTED_EDGE('',*,*,#3810,.T.);
#4953=ORIENTED_EDGE('',*,*,#3800,.T.);
#4954=ORIENTED_EDGE('',*,*,#3782,.F.);
#4955=ORIENTED_EDGE('',*,*,#3796,.F.);
#4956=ORIENTED_EDGE('',*,*,#3794,.F.);
#4957=ORIENTED_EDGE('',*,*,#3793,.F.);
#4958=ORIENTED_EDGE('',*,*,#3803,.T.);
#4959=ORIENTED_EDGE('',*,*,#3811,.T.);
#4960=ORIENTED_EDGE('',*,*,#3753,.F.);
#4961=ORIENTED_EDGE('',*,*,#3718,.T.);
#4962=ORIENTED_EDGE('',*,*,#3811,.F.);
#4963=ORIENTED_EDGE('',*,*,#3802,.T.);
#4964=ORIENTED_EDGE('',*,*,#3812,.T.);
#4965=ORIENTED_EDGE('',*,*,#3757,.F.);
#4966=ORIENTED_EDGE('',*,*,#3813,.T.);
#4967=ORIENTED_EDGE('',*,*,#3814,.T.);
#4968=ORIENTED_EDGE('',*,*,#3739,.T.);
#4969=ORIENTED_EDGE('',*,*,#3815,.T.);
#4970=ORIENTED_EDGE('',*,*,#3816,.F.);
#4971=ORIENTED_EDGE('',*,*,#3817,.F.);
#4972=ORIENTED_EDGE('',*,*,#3818,.F.);
#4973=ORIENTED_EDGE('',*,*,#3819,.T.);
#4974=ORIENTED_EDGE('',*,*,#3817,.T.);
#4975=ORIENTED_EDGE('',*,*,#3820,.T.);
#4976=ORIENTED_EDGE('',*,*,#3821,.T.);
#4977=ORIENTED_EDGE('',*,*,#3822,.F.);
#4978=ORIENTED_EDGE('',*,*,#3823,.F.);
#4979=ORIENTED_EDGE('',*,*,#3824,.F.);
#4980=ORIENTED_EDGE('',*,*,#3738,.T.);
#4981=ORIENTED_EDGE('',*,*,#3823,.T.);
#4982=ORIENTED_EDGE('',*,*,#3825,.T.);
#4983=ORIENTED_EDGE('',*,*,#3815,.F.);
#4984=ORIENTED_EDGE('',*,*,#3826,.F.);
#4985=ORIENTED_EDGE('',*,*,#3827,.F.);
#4986=ORIENTED_EDGE('',*,*,#3828,.F.);
#4987=ORIENTED_EDGE('',*,*,#3708,.T.);
#4988=ORIENTED_EDGE('',*,*,#3730,.F.);
#4989=ORIENTED_EDGE('',*,*,#3829,.T.);
#4990=ORIENTED_EDGE('',*,*,#3827,.T.);
#4991=ORIENTED_EDGE('',*,*,#3830,.T.);
#4992=ORIENTED_EDGE('',*,*,#3816,.T.);
#4993=ORIENTED_EDGE('',*,*,#3831,.T.);
#4994=ORIENTED_EDGE('',*,*,#3828,.T.);
#4995=ORIENTED_EDGE('',*,*,#3832,.T.);
#4996=ORIENTED_EDGE('',*,*,#3833,.F.);
#4997=ORIENTED_EDGE('',*,*,#3834,.F.);
#4998=ORIENTED_EDGE('',*,*,#3835,.F.);
#4999=ORIENTED_EDGE('',*,*,#3710,.T.);
#5000=ORIENTED_EDGE('',*,*,#3836,.T.);
#5001=ORIENTED_EDGE('',*,*,#3834,.T.);
#5002=ORIENTED_EDGE('',*,*,#3736,.T.);
#5003=ORIENTED_EDGE('',*,*,#3733,.F.);
#5004=ORIENTED_EDGE('',*,*,#3826,.T.);
#5005=ORIENTED_EDGE('',*,*,#3837,.T.);
#5006=ORIENTED_EDGE('',*,*,#3835,.T.);
#5007=ORIENTED_EDGE('',*,*,#3838,.T.);
#5008=ORIENTED_EDGE('',*,*,#3833,.T.);
#5009=ORIENTED_EDGE('',*,*,#3839,.T.);
#5010=ORIENTED_EDGE('',*,*,#3824,.T.);
#5011=ORIENTED_EDGE('',*,*,#3737,.T.);
#5012=ORIENTED_EDGE('',*,*,#3822,.T.);
#5013=ORIENTED_EDGE('',*,*,#3840,.T.);
#5014=ORIENTED_EDGE('',*,*,#3818,.T.);
#5015=ORIENTED_EDGE('',*,*,#3841,.T.);
#5016=ORIENTED_EDGE('',*,*,#3842,.T.);
#5017=ORIENTED_EDGE('',*,*,#3843,.T.);
#5018=ORIENTED_EDGE('',*,*,#3844,.T.);
#5019=ORIENTED_EDGE('',*,*,#3821,.F.);
#5020=ORIENTED_EDGE('',*,*,#3732,.F.);
#5021=ORIENTED_EDGE('',*,*,#3845,.T.);
#5022=ORIENTED_EDGE('',*,*,#3846,.T.);
#5023=ORIENTED_EDGE('',*,*,#3847,.F.);
#5024=ORIENTED_EDGE('',*,*,#3842,.F.);
#5025=ORIENTED_EDGE('',*,*,#3820,.F.);
#5026=ORIENTED_EDGE('',*,*,#3832,.F.);
#5027=ORIENTED_EDGE('',*,*,#3829,.F.);
#5028=ORIENTED_EDGE('',*,*,#3844,.F.);
#5029=ORIENTED_EDGE('',*,*,#3848,.T.);
#5030=ORIENTED_EDGE('',*,*,#3813,.F.);
#5031=ORIENTED_EDGE('',*,*,#3849,.T.);
#5032=ORIENTED_EDGE('',*,*,#3843,.F.);
#5033=ORIENTED_EDGE('',*,*,#3847,.T.);
#5034=ORIENTED_EDGE('',*,*,#3850,.T.);
#5035=ORIENTED_EDGE('',*,*,#3851,.F.);
#5036=ORIENTED_EDGE('',*,*,#3852,.T.);
#5037=ORIENTED_EDGE('',*,*,#3807,.T.);
#5038=ORIENTED_EDGE('',*,*,#3853,.T.);
#5039=ORIENTED_EDGE('',*,*,#3740,.T.);
#5040=ORIENTED_EDGE('',*,*,#3814,.F.);
#5041=ORIENTED_EDGE('',*,*,#3848,.F.);
#5042=ORIENTED_EDGE('',*,*,#3830,.F.);
#5043=ORIENTED_EDGE('',*,*,#3838,.F.);
#5044=ORIENTED_EDGE('',*,*,#3836,.F.);
#5045=ORIENTED_EDGE('',*,*,#3709,.F.);
#5046=ORIENTED_EDGE('',*,*,#3831,.F.);
#5047=ORIENTED_EDGE('',*,*,#3840,.F.);
#5048=ORIENTED_EDGE('',*,*,#3839,.F.);
#5049=ORIENTED_EDGE('',*,*,#3837,.F.);
#5050=ORIENTED_EDGE('',*,*,#3854,.T.);
#5051=ORIENTED_EDGE('',*,*,#3855,.T.);
#5052=ORIENTED_EDGE('',*,*,#3856,.T.);
#5053=ORIENTED_EDGE('',*,*,#3857,.T.);
#5054=ORIENTED_EDGE('',*,*,#3858,.F.);
#5055=ORIENTED_EDGE('',*,*,#3859,.F.);
#5056=ORIENTED_EDGE('',*,*,#3860,.F.);
#5057=ORIENTED_EDGE('',*,*,#3728,.T.);
#5058=ORIENTED_EDGE('',*,*,#3861,.T.);
#5059=ORIENTED_EDGE('',*,*,#3859,.T.);
#5060=ORIENTED_EDGE('',*,*,#3862,.T.);
#5061=ORIENTED_EDGE('',*,*,#3704,.F.);
#5062=ORIENTED_EDGE('',*,*,#3863,.F.);
#5063=ORIENTED_EDGE('',*,*,#3864,.F.);
#5064=ORIENTED_EDGE('',*,*,#3865,.F.);
#5065=ORIENTED_EDGE('',*,*,#3866,.T.);
#5066=ORIENTED_EDGE('',*,*,#3864,.T.);
#5067=ORIENTED_EDGE('',*,*,#3867,.T.);
#5068=ORIENTED_EDGE('',*,*,#3857,.F.);
#5069=ORIENTED_EDGE('',*,*,#3858,.T.);
#5070=ORIENTED_EDGE('',*,*,#3868,.T.);
#5071=ORIENTED_EDGE('',*,*,#3865,.T.);
#5072=ORIENTED_EDGE('',*,*,#3869,.T.);
#5073=ORIENTED_EDGE('',*,*,#3870,.F.);
#5074=ORIENTED_EDGE('',*,*,#3871,.F.);
#5075=ORIENTED_EDGE('',*,*,#3872,.F.);
#5076=ORIENTED_EDGE('',*,*,#3726,.T.);
#5077=ORIENTED_EDGE('',*,*,#3873,.T.);
#5078=ORIENTED_EDGE('',*,*,#3871,.T.);
#5079=ORIENTED_EDGE('',*,*,#3874,.T.);
#5080=ORIENTED_EDGE('',*,*,#3875,.F.);
#5081=ORIENTED_EDGE('',*,*,#3876,.F.);
#5082=ORIENTED_EDGE('',*,*,#3877,.F.);
#5083=ORIENTED_EDGE('',*,*,#3878,.T.);
#5084=ORIENTED_EDGE('',*,*,#3876,.T.);
#5085=ORIENTED_EDGE('',*,*,#3879,.T.);
#5086=ORIENTED_EDGE('',*,*,#3880,.T.);
#5087=ORIENTED_EDGE('',*,*,#3881,.T.);
#5088=ORIENTED_EDGE('',*,*,#3882,.T.);
#5089=ORIENTED_EDGE('',*,*,#3883,.T.);
#5090=ORIENTED_EDGE('',*,*,#3880,.F.);
#5091=ORIENTED_EDGE('',*,*,#3863,.T.);
#5092=ORIENTED_EDGE('',*,*,#3884,.T.);
#5093=ORIENTED_EDGE('',*,*,#3877,.T.);
#5094=ORIENTED_EDGE('',*,*,#3885,.T.);
#5095=ORIENTED_EDGE('',*,*,#3875,.T.);
#5096=ORIENTED_EDGE('',*,*,#3886,.T.);
#5097=ORIENTED_EDGE('',*,*,#3872,.T.);
#5098=ORIENTED_EDGE('',*,*,#3887,.T.);
#5099=ORIENTED_EDGE('',*,*,#3870,.T.);
#5100=ORIENTED_EDGE('',*,*,#3888,.T.);
#5101=ORIENTED_EDGE('',*,*,#3860,.T.);
#5102=ORIENTED_EDGE('',*,*,#3889,.T.);
#5103=ORIENTED_EDGE('',*,*,#3867,.F.);
#5104=ORIENTED_EDGE('',*,*,#3885,.F.);
#5105=ORIENTED_EDGE('',*,*,#3878,.F.);
#5106=ORIENTED_EDGE('',*,*,#3890,.F.);
#5107=ORIENTED_EDGE('',*,*,#3854,.F.);
#5108=ORIENTED_EDGE('',*,*,#3890,.T.);
#5109=ORIENTED_EDGE('',*,*,#3883,.F.);
#5110=ORIENTED_EDGE('',*,*,#3891,.T.);
#5111=ORIENTED_EDGE('',*,*,#3855,.F.);
#5112=ORIENTED_EDGE('',*,*,#3891,.F.);
#5113=ORIENTED_EDGE('',*,*,#3882,.F.);
#5114=ORIENTED_EDGE('',*,*,#3892,.T.);
#5115=ORIENTED_EDGE('',*,*,#3893,.T.);
#5116=ORIENTED_EDGE('',*,*,#3894,.F.);
#5117=ORIENTED_EDGE('',*,*,#3895,.T.);
#5118=ORIENTED_EDGE('',*,*,#3851,.T.);
#5119=ORIENTED_EDGE('',*,*,#3896,.T.);
#5120=ORIENTED_EDGE('',*,*,#3897,.T.);
#5121=ORIENTED_EDGE('',*,*,#3868,.F.);
#5122=ORIENTED_EDGE('',*,*,#3888,.F.);
#5123=ORIENTED_EDGE('',*,*,#3886,.F.);
#5124=ORIENTED_EDGE('',*,*,#3884,.F.);
#5125=ORIENTED_EDGE('',*,*,#3706,.T.);
#5126=ORIENTED_EDGE('',*,*,#3702,.F.);
#5127=ORIENTED_EDGE('',*,*,#3898,.T.);
#5128=ORIENTED_EDGE('',*,*,#3731,.F.);
#5129=ORIENTED_EDGE('',*,*,#3898,.F.);
#5130=ORIENTED_EDGE('',*,*,#3899,.T.);
#5131=ORIENTED_EDGE('',*,*,#3900,.T.);
#5132=ORIENTED_EDGE('',*,*,#3845,.F.);
#5133=ORIENTED_EDGE('',*,*,#3901,.T.);
#5134=ORIENTED_EDGE('',*,*,#3902,.T.);
#5135=ORIENTED_EDGE('',*,*,#3903,.T.);
#5136=ORIENTED_EDGE('',*,*,#3904,.T.);
#5137=ORIENTED_EDGE('',*,*,#3905,.F.);
#5138=ORIENTED_EDGE('',*,*,#3906,.F.);
#5139=ORIENTED_EDGE('',*,*,#3907,.F.);
#5140=ORIENTED_EDGE('',*,*,#3908,.T.);
#5141=ORIENTED_EDGE('',*,*,#3906,.T.);
#5142=ORIENTED_EDGE('',*,*,#3909,.T.);
#5143=ORIENTED_EDGE('',*,*,#3904,.F.);
#5144=ORIENTED_EDGE('',*,*,#3910,.F.);
#5145=ORIENTED_EDGE('',*,*,#3911,.F.);
#5146=ORIENTED_EDGE('',*,*,#3912,.F.);
#5147=ORIENTED_EDGE('',*,*,#3913,.T.);
#5148=ORIENTED_EDGE('',*,*,#3911,.T.);
#5149=ORIENTED_EDGE('',*,*,#3761,.T.);
#5150=ORIENTED_EDGE('',*,*,#3914,.T.);
#5151=ORIENTED_EDGE('',*,*,#3905,.T.);
#5152=ORIENTED_EDGE('',*,*,#3915,.T.);
#5153=ORIENTED_EDGE('',*,*,#3912,.T.);
#5154=ORIENTED_EDGE('',*,*,#3916,.T.);
#5155=ORIENTED_EDGE('',*,*,#3917,.F.);
#5156=ORIENTED_EDGE('',*,*,#3918,.F.);
#5157=ORIENTED_EDGE('',*,*,#3919,.F.);
#5158=ORIENTED_EDGE('',*,*,#3722,.T.);
#5159=ORIENTED_EDGE('',*,*,#3920,.T.);
#5160=ORIENTED_EDGE('',*,*,#3918,.T.);
#5161=ORIENTED_EDGE('',*,*,#3921,.T.);
#5162=ORIENTED_EDGE('',*,*,#3764,.F.);
#5163=ORIENTED_EDGE('',*,*,#3922,.F.);
#5164=ORIENTED_EDGE('',*,*,#3923,.F.);
#5165=ORIENTED_EDGE('',*,*,#3924,.F.);
#5166=ORIENTED_EDGE('',*,*,#3756,.T.);
#5167=ORIENTED_EDGE('',*,*,#3923,.T.);
#5168=ORIENTED_EDGE('',*,*,#3925,.T.);
#5169=ORIENTED_EDGE('',*,*,#3720,.F.);
#5170=ORIENTED_EDGE('',*,*,#3755,.F.);
#5171=ORIENTED_EDGE('',*,*,#3910,.T.);
#5172=ORIENTED_EDGE('',*,*,#3926,.T.);
#5173=ORIENTED_EDGE('',*,*,#3924,.T.);
#5174=ORIENTED_EDGE('',*,*,#3762,.T.);
#5175=ORIENTED_EDGE('',*,*,#3922,.T.);
#5176=ORIENTED_EDGE('',*,*,#3927,.T.);
#5177=ORIENTED_EDGE('',*,*,#3919,.T.);
#5178=ORIENTED_EDGE('',*,*,#3928,.T.);
#5179=ORIENTED_EDGE('',*,*,#3917,.T.);
#5180=ORIENTED_EDGE('',*,*,#3929,.T.);
#5181=ORIENTED_EDGE('',*,*,#3907,.T.);
#5182=ORIENTED_EDGE('',*,*,#3930,.T.);
#5183=ORIENTED_EDGE('',*,*,#3760,.T.);
#5184=ORIENTED_EDGE('',*,*,#3931,.T.);
#5185=ORIENTED_EDGE('',*,*,#3932,.T.);
#5186=ORIENTED_EDGE('',*,*,#3914,.F.);
#5187=ORIENTED_EDGE('',*,*,#3909,.F.);
#5188=ORIENTED_EDGE('',*,*,#3916,.F.);
#5189=ORIENTED_EDGE('',*,*,#3913,.F.);
#5190=ORIENTED_EDGE('',*,*,#3933,.F.);
#5191=ORIENTED_EDGE('',*,*,#3901,.F.);
#5192=ORIENTED_EDGE('',*,*,#3933,.T.);
#5193=ORIENTED_EDGE('',*,*,#3932,.F.);
#5194=ORIENTED_EDGE('',*,*,#3934,.T.);
#5195=ORIENTED_EDGE('',*,*,#3915,.F.);
#5196=ORIENTED_EDGE('',*,*,#3929,.F.);
#5197=ORIENTED_EDGE('',*,*,#3927,.F.);
#5198=ORIENTED_EDGE('',*,*,#3926,.F.);
#5199=ORIENTED_EDGE('',*,*,#3935,.T.);
#5200=ORIENTED_EDGE('',*,*,#3936,.F.);
#5201=ORIENTED_EDGE('',*,*,#3724,.T.);
#5202=ORIENTED_EDGE('',*,*,#3763,.F.);
#5203=ORIENTED_EDGE('',*,*,#3937,.F.);
#5204=ORIENTED_EDGE('',*,*,#3896,.F.);
#5205=ORIENTED_EDGE('',*,*,#3850,.F.);
#5206=ORIENTED_EDGE('',*,*,#3846,.F.);
#5207=ORIENTED_EDGE('',*,*,#3900,.F.);
#5208=ORIENTED_EDGE('',*,*,#3748,.F.);
#5209=ORIENTED_EDGE('',*,*,#3767,.F.);
#5210=ORIENTED_EDGE('',*,*,#3741,.F.);
#5211=ORIENTED_EDGE('',*,*,#3853,.F.);
#5212=ORIENTED_EDGE('',*,*,#3806,.F.);
#5213=ORIENTED_EDGE('',*,*,#3935,.F.);
#5214=ORIENTED_EDGE('',*,*,#3938,.T.);
#5215=ORIENTED_EDGE('',*,*,#3939,.T.);
#5216=ORIENTED_EDGE('',*,*,#3940,.F.);
#5217=ORIENTED_EDGE('',*,*,#3941,.F.);
#5218=ORIENTED_EDGE('',*,*,#3942,.F.);
#5219=ORIENTED_EDGE('',*,*,#3893,.F.);
#5220=ORIENTED_EDGE('',*,*,#3943,.F.);
#5221=ORIENTED_EDGE('',*,*,#3939,.F.);
#5222=ORIENTED_EDGE('',*,*,#3801,.F.);
#5223=ORIENTED_EDGE('',*,*,#3810,.F.);
#5224=ORIENTED_EDGE('',*,*,#3944,.F.);
#5225=ORIENTED_EDGE('',*,*,#3758,.F.);
#5226=ORIENTED_EDGE('',*,*,#3812,.F.);
#5227=ORIENTED_EDGE('',*,*,#3862,.F.);
#5228=ORIENTED_EDGE('',*,*,#3869,.F.);
#5229=ORIENTED_EDGE('',*,*,#3866,.F.);
#5230=ORIENTED_EDGE('',*,*,#3856,.F.);
#5231=ORIENTED_EDGE('',*,*,#3897,.F.);
#5232=ORIENTED_EDGE('',*,*,#3937,.T.);
#5233=ORIENTED_EDGE('',*,*,#3899,.F.);
#5234=ORIENTED_EDGE('',*,*,#3705,.F.);
#5235=ORIENTED_EDGE('',*,*,#3725,.T.);
#5236=ORIENTED_EDGE('',*,*,#3936,.T.);
#5237=ORIENTED_EDGE('',*,*,#3940,.T.);
#5238=ORIENTED_EDGE('',*,*,#3943,.T.);
#5239=ORIENTED_EDGE('',*,*,#3892,.F.);
#5240=ORIENTED_EDGE('',*,*,#3881,.F.);
#5241=ORIENTED_EDGE('',*,*,#3879,.F.);
#5242=ORIENTED_EDGE('',*,*,#3887,.F.);
#5243=ORIENTED_EDGE('',*,*,#3873,.F.);
#5244=ORIENTED_EDGE('',*,*,#3861,.F.);
#5245=ORIENTED_EDGE('',*,*,#3727,.F.);
#5246=ORIENTED_EDGE('',*,*,#3874,.F.);
#5247=ORIENTED_EDGE('',*,*,#3889,.F.);
#5248=ORIENTED_EDGE('',*,*,#3921,.F.);
#5249=ORIENTED_EDGE('',*,*,#3930,.F.);
#5250=ORIENTED_EDGE('',*,*,#3908,.F.);
#5251=ORIENTED_EDGE('',*,*,#3903,.F.);
#5252=ORIENTED_EDGE('',*,*,#3945,.F.);
#5253=ORIENTED_EDGE('',*,*,#3941,.T.);
#5254=ORIENTED_EDGE('',*,*,#3938,.F.);
#5255=ORIENTED_EDGE('',*,*,#3765,.F.);
#5256=ORIENTED_EDGE('',*,*,#3920,.F.);
#5257=ORIENTED_EDGE('',*,*,#3721,.F.);
#5258=ORIENTED_EDGE('',*,*,#3925,.F.);
#5259=ORIENTED_EDGE('',*,*,#3928,.F.);
#5260=ORIENTED_EDGE('',*,*,#3819,.F.);
#5261=ORIENTED_EDGE('',*,*,#3849,.F.);
#5262=ORIENTED_EDGE('',*,*,#3825,.F.);
#5263=ORIENTED_EDGE('',*,*,#3841,.F.);
#5264=ORIENTED_EDGE('',*,*,#3787,.F.);
#5265=ORIENTED_EDGE('',*,*,#3715,.F.);
#5266=ORIENTED_EDGE('',*,*,#3792,.F.);
#5267=ORIENTED_EDGE('',*,*,#3795,.F.);
#5268=ORIENTED_EDGE('',*,*,#3946,.F.);
#5269=ORIENTED_EDGE('',*,*,#3947,.T.);
#5270=ORIENTED_EDGE('',*,*,#3948,.T.);
#5271=ORIENTED_EDGE('',*,*,#3949,.F.);
#5272=ORIENTED_EDGE('',*,*,#3950,.F.);
#5273=ORIENTED_EDGE('',*,*,#3951,.T.);
#5274=ORIENTED_EDGE('',*,*,#3952,.T.);
#5275=ORIENTED_EDGE('',*,*,#3947,.F.);
#5276=ORIENTED_EDGE('',*,*,#3953,.F.);
#5277=ORIENTED_EDGE('',*,*,#3954,.T.);
#5278=ORIENTED_EDGE('',*,*,#3955,.T.);
#5279=ORIENTED_EDGE('',*,*,#3951,.F.);
#5280=ORIENTED_EDGE('',*,*,#3956,.F.);
#5281=ORIENTED_EDGE('',*,*,#3957,.T.);
#5282=ORIENTED_EDGE('',*,*,#3958,.T.);
#5283=ORIENTED_EDGE('',*,*,#3954,.F.);
#5284=ORIENTED_EDGE('',*,*,#3959,.F.);
#5285=ORIENTED_EDGE('',*,*,#3960,.T.);
#5286=ORIENTED_EDGE('',*,*,#3961,.T.);
#5287=ORIENTED_EDGE('',*,*,#3957,.F.);
#5288=ORIENTED_EDGE('',*,*,#3962,.F.);
#5289=ORIENTED_EDGE('',*,*,#3949,.T.);
#5290=ORIENTED_EDGE('',*,*,#3963,.T.);
#5291=ORIENTED_EDGE('',*,*,#3960,.F.);
#5292=ORIENTED_EDGE('',*,*,#3963,.F.);
#5293=ORIENTED_EDGE('',*,*,#3948,.F.);
#5294=ORIENTED_EDGE('',*,*,#3952,.F.);
#5295=ORIENTED_EDGE('',*,*,#3955,.F.);
#5296=ORIENTED_EDGE('',*,*,#3958,.F.);
#5297=ORIENTED_EDGE('',*,*,#3961,.F.);
#5298=ORIENTED_EDGE('',*,*,#3964,.F.);
#5299=ORIENTED_EDGE('',*,*,#3729,.F.);
#5300=ORIENTED_EDGE('',*,*,#3965,.T.);
#5301=ORIENTED_EDGE('',*,*,#3964,.T.);
#5302=ORIENTED_EDGE('',*,*,#3965,.F.);
#5303=ORIENTED_EDGE('',*,*,#3902,.F.);
#5304=ORIENTED_EDGE('',*,*,#3934,.F.);
#5305=ORIENTED_EDGE('',*,*,#3931,.F.);
#5306=ORIENTED_EDGE('',*,*,#3759,.T.);
#5307=ORIENTED_EDGE('',*,*,#3944,.T.);
#5308=ORIENTED_EDGE('',*,*,#3809,.F.);
#5309=ORIENTED_EDGE('',*,*,#3966,.T.);
#5310=ORIENTED_EDGE('',*,*,#3894,.T.);
#5311=ORIENTED_EDGE('',*,*,#3942,.T.);
#5312=ORIENTED_EDGE('',*,*,#3945,.T.);
#5313=ORIENTED_EDGE('',*,*,#3895,.F.);
#5314=ORIENTED_EDGE('',*,*,#3966,.F.);
#5315=ORIENTED_EDGE('',*,*,#3808,.F.);
#5316=ORIENTED_EDGE('',*,*,#3852,.F.);
#5317=ORIENTED_EDGE('',*,*,#3946,.T.);
#5318=ORIENTED_EDGE('',*,*,#3962,.T.);
#5319=ORIENTED_EDGE('',*,*,#3959,.T.);
#5320=ORIENTED_EDGE('',*,*,#3956,.T.);
#5321=ORIENTED_EDGE('',*,*,#3953,.T.);
#5322=ORIENTED_EDGE('',*,*,#3950,.T.);
#5323=ORIENTED_EDGE('',*,*,#3967,.T.);
#5324=ORIENTED_EDGE('',*,*,#3968,.T.);
#5325=ORIENTED_EDGE('',*,*,#3969,.T.);
#5326=ORIENTED_EDGE('',*,*,#3970,.F.);
#5327=ORIENTED_EDGE('',*,*,#3971,.T.);
#5328=ORIENTED_EDGE('',*,*,#3972,.F.);
#5329=ORIENTED_EDGE('',*,*,#3973,.T.);
#5330=ORIENTED_EDGE('',*,*,#3974,.T.);
#5331=ORIENTED_EDGE('',*,*,#3975,.T.);
#5332=ORIENTED_EDGE('',*,*,#3976,.T.);
#5333=ORIENTED_EDGE('',*,*,#3977,.F.);
#5334=ORIENTED_EDGE('',*,*,#3978,.F.);
#5335=ORIENTED_EDGE('',*,*,#3972,.T.);
#5336=ORIENTED_EDGE('',*,*,#3979,.T.);
#5337=ORIENTED_EDGE('',*,*,#3980,.F.);
#5338=ORIENTED_EDGE('',*,*,#3981,.F.);
#5339=ORIENTED_EDGE('',*,*,#3970,.T.);
#5340=ORIENTED_EDGE('',*,*,#3982,.T.);
#5341=ORIENTED_EDGE('',*,*,#3983,.F.);
#5342=ORIENTED_EDGE('',*,*,#3984,.F.);
#5343=ORIENTED_EDGE('',*,*,#3983,.T.);
#5344=ORIENTED_EDGE('',*,*,#3985,.T.);
#5345=ORIENTED_EDGE('',*,*,#3980,.T.);
#5346=ORIENTED_EDGE('',*,*,#3986,.T.);
#5347=ORIENTED_EDGE('',*,*,#3977,.T.);
#5348=ORIENTED_EDGE('',*,*,#3987,.T.);
#5349=ORIENTED_EDGE('',*,*,#3988,.T.);
#5350=ORIENTED_EDGE('',*,*,#3975,.F.);
#5351=ORIENTED_EDGE('',*,*,#3989,.T.);
#5352=ORIENTED_EDGE('',*,*,#3990,.T.);
#5353=ORIENTED_EDGE('',*,*,#3991,.T.);
#5354=ORIENTED_EDGE('',*,*,#3992,.F.);
#5355=ORIENTED_EDGE('',*,*,#3984,.T.);
#5356=ORIENTED_EDGE('',*,*,#3987,.F.);
#5357=ORIENTED_EDGE('',*,*,#3976,.F.);
#5358=ORIENTED_EDGE('',*,*,#3993,.T.);
#5359=ORIENTED_EDGE('',*,*,#3994,.T.);
#5360=ORIENTED_EDGE('',*,*,#3995,.F.);
#5361=ORIENTED_EDGE('',*,*,#3978,.T.);
#5362=ORIENTED_EDGE('',*,*,#3986,.F.);
#5363=ORIENTED_EDGE('',*,*,#3979,.F.);
#5364=ORIENTED_EDGE('',*,*,#3996,.T.);
#5365=ORIENTED_EDGE('',*,*,#3997,.T.);
#5366=ORIENTED_EDGE('',*,*,#3998,.F.);
#5367=ORIENTED_EDGE('',*,*,#3981,.T.);
#5368=ORIENTED_EDGE('',*,*,#3985,.F.);
#5369=ORIENTED_EDGE('',*,*,#3982,.F.);
#5370=ORIENTED_EDGE('',*,*,#3999,.T.);
#5371=ORIENTED_EDGE('',*,*,#4000,.F.);
#5372=ORIENTED_EDGE('',*,*,#4001,.T.);
#5373=ORIENTED_EDGE('',*,*,#4002,.F.);
#5374=ORIENTED_EDGE('',*,*,#4003,.F.);
#5375=ORIENTED_EDGE('',*,*,#4004,.T.);
#5376=ORIENTED_EDGE('',*,*,#4002,.T.);
#5377=ORIENTED_EDGE('',*,*,#4005,.T.);
#5378=ORIENTED_EDGE('',*,*,#3994,.F.);
#5379=ORIENTED_EDGE('',*,*,#4006,.F.);
#5380=ORIENTED_EDGE('',*,*,#4007,.T.);
#5381=ORIENTED_EDGE('',*,*,#4008,.F.);
#5382=ORIENTED_EDGE('',*,*,#4009,.F.);
#5383=ORIENTED_EDGE('',*,*,#4010,.T.);
#5384=ORIENTED_EDGE('',*,*,#3991,.F.);
#5385=ORIENTED_EDGE('',*,*,#4011,.T.);
#5386=ORIENTED_EDGE('',*,*,#4008,.T.);
#5387=ORIENTED_EDGE('',*,*,#4012,.F.);
#5388=ORIENTED_EDGE('',*,*,#4013,.T.);
#5389=ORIENTED_EDGE('',*,*,#4014,.F.);
#5390=ORIENTED_EDGE('',*,*,#4015,.F.);
#5391=ORIENTED_EDGE('',*,*,#4016,.T.);
#5392=ORIENTED_EDGE('',*,*,#3997,.F.);
#5393=ORIENTED_EDGE('',*,*,#4017,.T.);
#5394=ORIENTED_EDGE('',*,*,#4014,.T.);
#5395=ORIENTED_EDGE('',*,*,#4000,.T.);
#5396=ORIENTED_EDGE('',*,*,#4018,.T.);
#5397=ORIENTED_EDGE('',*,*,#4012,.T.);
#5398=ORIENTED_EDGE('',*,*,#4019,.T.);
#5399=ORIENTED_EDGE('',*,*,#4006,.T.);
#5400=ORIENTED_EDGE('',*,*,#4020,.T.);
#5401=ORIENTED_EDGE('',*,*,#3969,.F.);
#5402=ORIENTED_EDGE('',*,*,#4021,.T.);
#5403=ORIENTED_EDGE('',*,*,#4015,.T.);
#5404=ORIENTED_EDGE('',*,*,#4017,.F.);
#5405=ORIENTED_EDGE('',*,*,#3999,.F.);
#5406=ORIENTED_EDGE('',*,*,#3973,.F.);
#5407=ORIENTED_EDGE('',*,*,#3998,.T.);
#5408=ORIENTED_EDGE('',*,*,#4016,.F.);
#5409=ORIENTED_EDGE('',*,*,#4013,.F.);
#5410=ORIENTED_EDGE('',*,*,#4022,.F.);
#5411=ORIENTED_EDGE('',*,*,#3974,.F.);
#5412=ORIENTED_EDGE('',*,*,#4022,.T.);
#5413=ORIENTED_EDGE('',*,*,#4018,.F.);
#5414=ORIENTED_EDGE('',*,*,#4023,.F.);
#5415=ORIENTED_EDGE('',*,*,#3971,.F.);
#5416=ORIENTED_EDGE('',*,*,#4023,.T.);
#5417=ORIENTED_EDGE('',*,*,#4003,.T.);
#5418=ORIENTED_EDGE('',*,*,#4004,.F.);
#5419=ORIENTED_EDGE('',*,*,#3996,.F.);
#5420=ORIENTED_EDGE('',*,*,#3989,.F.);
#5421=ORIENTED_EDGE('',*,*,#3995,.T.);
#5422=ORIENTED_EDGE('',*,*,#4005,.F.);
#5423=ORIENTED_EDGE('',*,*,#4001,.F.);
#5424=ORIENTED_EDGE('',*,*,#4024,.F.);
#5425=ORIENTED_EDGE('',*,*,#3990,.F.);
#5426=ORIENTED_EDGE('',*,*,#4024,.T.);
#5427=ORIENTED_EDGE('',*,*,#4020,.F.);
#5428=ORIENTED_EDGE('',*,*,#4025,.F.);
#5429=ORIENTED_EDGE('',*,*,#3988,.F.);
#5430=ORIENTED_EDGE('',*,*,#4025,.T.);
#5431=ORIENTED_EDGE('',*,*,#4009,.T.);
#5432=ORIENTED_EDGE('',*,*,#4011,.F.);
#5433=ORIENTED_EDGE('',*,*,#3993,.F.);
#5434=ORIENTED_EDGE('',*,*,#3967,.F.);
#5435=ORIENTED_EDGE('',*,*,#3992,.T.);
#5436=ORIENTED_EDGE('',*,*,#4010,.F.);
#5437=ORIENTED_EDGE('',*,*,#4007,.F.);
#5438=ORIENTED_EDGE('',*,*,#4026,.F.);
#5439=ORIENTED_EDGE('',*,*,#3968,.F.);
#5440=ORIENTED_EDGE('',*,*,#4026,.T.);
#5441=ORIENTED_EDGE('',*,*,#4019,.F.);
#5442=ORIENTED_EDGE('',*,*,#4021,.F.);
#5443=ORIENTED_EDGE('',*,*,#4027,.T.);
#5444=ORIENTED_EDGE('',*,*,#4028,.T.);
#5445=ORIENTED_EDGE('',*,*,#4029,.T.);
#5446=ORIENTED_EDGE('',*,*,#4030,.T.);
#5447=ORIENTED_EDGE('',*,*,#4031,.T.);
#5448=ORIENTED_EDGE('',*,*,#4027,.F.);
#5449=ORIENTED_EDGE('',*,*,#4032,.T.);
#5450=ORIENTED_EDGE('',*,*,#4032,.F.);
#5451=ORIENTED_EDGE('',*,*,#4033,.F.);
#5452=ORIENTED_EDGE('',*,*,#4034,.F.);
#5453=ORIENTED_EDGE('',*,*,#4035,.F.);
#5454=ORIENTED_EDGE('',*,*,#4029,.F.);
#5455=ORIENTED_EDGE('',*,*,#4036,.T.);
#5456=ORIENTED_EDGE('',*,*,#4037,.F.);
#5457=ORIENTED_EDGE('',*,*,#4033,.T.);
#5458=ORIENTED_EDGE('',*,*,#4028,.F.);
#5459=ORIENTED_EDGE('',*,*,#4038,.T.);
#5460=ORIENTED_EDGE('',*,*,#4039,.F.);
#5461=ORIENTED_EDGE('',*,*,#4040,.T.);
#5462=ORIENTED_EDGE('',*,*,#4041,.T.);
#5463=ORIENTED_EDGE('',*,*,#4037,.T.);
#5464=ORIENTED_EDGE('',*,*,#4042,.T.);
#5465=ORIENTED_EDGE('',*,*,#4043,.T.);
#5466=ORIENTED_EDGE('',*,*,#4034,.T.);
#5467=ORIENTED_EDGE('',*,*,#4041,.F.);
#5468=ORIENTED_EDGE('',*,*,#4044,.T.);
#5469=ORIENTED_EDGE('',*,*,#4044,.F.);
#5470=ORIENTED_EDGE('',*,*,#4045,.F.);
#5471=ORIENTED_EDGE('',*,*,#4046,.F.);
#5472=ORIENTED_EDGE('',*,*,#4047,.F.);
#5473=ORIENTED_EDGE('',*,*,#4042,.F.);
#5474=ORIENTED_EDGE('',*,*,#4048,.T.);
#5475=ORIENTED_EDGE('',*,*,#4049,.F.);
#5476=ORIENTED_EDGE('',*,*,#4045,.T.);
#5477=ORIENTED_EDGE('',*,*,#4050,.T.);
#5478=ORIENTED_EDGE('',*,*,#4049,.T.);
#5479=ORIENTED_EDGE('',*,*,#4051,.T.);
#5480=ORIENTED_EDGE('',*,*,#4052,.T.);
#5481=ORIENTED_EDGE('',*,*,#4046,.T.);
#5482=ORIENTED_EDGE('',*,*,#4050,.F.);
#5483=ORIENTED_EDGE('',*,*,#4053,.T.);
#5484=ORIENTED_EDGE('',*,*,#4053,.F.);
#5485=ORIENTED_EDGE('',*,*,#4054,.F.);
#5486=ORIENTED_EDGE('',*,*,#4055,.F.);
#5487=ORIENTED_EDGE('',*,*,#4056,.F.);
#5488=ORIENTED_EDGE('',*,*,#4051,.F.);
#5489=ORIENTED_EDGE('',*,*,#4057,.T.);
#5490=ORIENTED_EDGE('',*,*,#4058,.F.);
#5491=ORIENTED_EDGE('',*,*,#4054,.T.);
#5492=ORIENTED_EDGE('',*,*,#4059,.T.);
#5493=ORIENTED_EDGE('',*,*,#4058,.T.);
#5494=ORIENTED_EDGE('',*,*,#4039,.T.);
#5495=ORIENTED_EDGE('',*,*,#4060,.T.);
#5496=ORIENTED_EDGE('',*,*,#4055,.T.);
#5497=ORIENTED_EDGE('',*,*,#4059,.F.);
#5498=ORIENTED_EDGE('',*,*,#4061,.T.);
#5499=ORIENTED_EDGE('',*,*,#4031,.F.);
#5500=ORIENTED_EDGE('',*,*,#4062,.F.);
#5501=ORIENTED_EDGE('',*,*,#4061,.F.);
#5502=ORIENTED_EDGE('',*,*,#4038,.F.);
#5503=ORIENTED_EDGE('',*,*,#4063,.T.);
#5504=ORIENTED_EDGE('',*,*,#4064,.T.);
#5505=ORIENTED_EDGE('',*,*,#4065,.T.);
#5506=ORIENTED_EDGE('',*,*,#4066,.T.);
#5507=ORIENTED_EDGE('',*,*,#4067,.T.);
#5508=ORIENTED_EDGE('',*,*,#4063,.F.);
#5509=ORIENTED_EDGE('',*,*,#4068,.T.);
#5510=ORIENTED_EDGE('',*,*,#4068,.F.);
#5511=ORIENTED_EDGE('',*,*,#4069,.F.);
#5512=ORIENTED_EDGE('',*,*,#4070,.F.);
#5513=ORIENTED_EDGE('',*,*,#4071,.F.);
#5514=ORIENTED_EDGE('',*,*,#4065,.F.);
#5515=ORIENTED_EDGE('',*,*,#4072,.T.);
#5516=ORIENTED_EDGE('',*,*,#4073,.F.);
#5517=ORIENTED_EDGE('',*,*,#4069,.T.);
#5518=ORIENTED_EDGE('',*,*,#4064,.F.);
#5519=ORIENTED_EDGE('',*,*,#4074,.T.);
#5520=ORIENTED_EDGE('',*,*,#4075,.F.);
#5521=ORIENTED_EDGE('',*,*,#4076,.T.);
#5522=ORIENTED_EDGE('',*,*,#4077,.T.);
#5523=ORIENTED_EDGE('',*,*,#4078,.T.);
#5524=ORIENTED_EDGE('',*,*,#4079,.T.);
#5525=ORIENTED_EDGE('',*,*,#4080,.T.);
#5526=ORIENTED_EDGE('',*,*,#4081,.T.);
#5527=ORIENTED_EDGE('',*,*,#4077,.F.);
#5528=ORIENTED_EDGE('',*,*,#4082,.T.);
#5529=ORIENTED_EDGE('',*,*,#4082,.F.);
#5530=ORIENTED_EDGE('',*,*,#4083,.F.);
#5531=ORIENTED_EDGE('',*,*,#4084,.F.);
#5532=ORIENTED_EDGE('',*,*,#4085,.F.);
#5533=ORIENTED_EDGE('',*,*,#4079,.F.);
#5534=ORIENTED_EDGE('',*,*,#4086,.T.);
#5535=ORIENTED_EDGE('',*,*,#4087,.F.);
#5536=ORIENTED_EDGE('',*,*,#4083,.T.);
#5537=ORIENTED_EDGE('',*,*,#4088,.T.);
#5538=ORIENTED_EDGE('',*,*,#4087,.T.);
#5539=ORIENTED_EDGE('',*,*,#4075,.T.);
#5540=ORIENTED_EDGE('',*,*,#4089,.T.);
#5541=ORIENTED_EDGE('',*,*,#4084,.T.);
#5542=ORIENTED_EDGE('',*,*,#4088,.F.);
#5543=ORIENTED_EDGE('',*,*,#4090,.T.);
#5544=ORIENTED_EDGE('',*,*,#4067,.F.);
#5545=ORIENTED_EDGE('',*,*,#4091,.F.);
#5546=ORIENTED_EDGE('',*,*,#4090,.F.);
#5547=ORIENTED_EDGE('',*,*,#4074,.F.);
#5548=ORIENTED_EDGE('',*,*,#4092,.T.);
#5549=ORIENTED_EDGE('',*,*,#4073,.T.);
#5550=ORIENTED_EDGE('',*,*,#4093,.T.);
#5551=ORIENTED_EDGE('',*,*,#4094,.T.);
#5552=ORIENTED_EDGE('',*,*,#4070,.T.);
#5553=ORIENTED_EDGE('',*,*,#4092,.F.);
#5554=ORIENTED_EDGE('',*,*,#4095,.T.);
#5555=ORIENTED_EDGE('',*,*,#4095,.F.);
#5556=ORIENTED_EDGE('',*,*,#4096,.F.);
#5557=ORIENTED_EDGE('',*,*,#4097,.F.);
#5558=ORIENTED_EDGE('',*,*,#4098,.F.);
#5559=ORIENTED_EDGE('',*,*,#4093,.F.);
#5560=ORIENTED_EDGE('',*,*,#4099,.T.);
#5561=ORIENTED_EDGE('',*,*,#4100,.F.);
#5562=ORIENTED_EDGE('',*,*,#4096,.T.);
#5563=ORIENTED_EDGE('',*,*,#4101,.T.);
#5564=ORIENTED_EDGE('',*,*,#4100,.T.);
#5565=ORIENTED_EDGE('',*,*,#4102,.T.);
#5566=ORIENTED_EDGE('',*,*,#4103,.T.);
#5567=ORIENTED_EDGE('',*,*,#4097,.T.);
#5568=ORIENTED_EDGE('',*,*,#4101,.F.);
#5569=ORIENTED_EDGE('',*,*,#4104,.T.);
#5570=ORIENTED_EDGE('',*,*,#4081,.F.);
#5571=ORIENTED_EDGE('',*,*,#4105,.F.);
#5572=ORIENTED_EDGE('',*,*,#4104,.F.);
#5573=ORIENTED_EDGE('',*,*,#4106,.F.);
#5574=ORIENTED_EDGE('',*,*,#4078,.F.);
#5575=ORIENTED_EDGE('',*,*,#4106,.T.);
#5576=ORIENTED_EDGE('',*,*,#4102,.F.);
#5577=ORIENTED_EDGE('',*,*,#4107,.T.);
#5578=ORIENTED_EDGE('',*,*,#4108,.T.);
#5579=ORIENTED_EDGE('',*,*,#4109,.T.);
#5580=ORIENTED_EDGE('',*,*,#4110,.T.);
#5581=ORIENTED_EDGE('',*,*,#4111,.T.);
#5582=ORIENTED_EDGE('',*,*,#4112,.T.);
#5583=ORIENTED_EDGE('',*,*,#4108,.F.);
#5584=ORIENTED_EDGE('',*,*,#4113,.T.);
#5585=ORIENTED_EDGE('',*,*,#4113,.F.);
#5586=ORIENTED_EDGE('',*,*,#4114,.F.);
#5587=ORIENTED_EDGE('',*,*,#4115,.F.);
#5588=ORIENTED_EDGE('',*,*,#4116,.F.);
#5589=ORIENTED_EDGE('',*,*,#4110,.F.);
#5590=ORIENTED_EDGE('',*,*,#4117,.T.);
#5591=ORIENTED_EDGE('',*,*,#4118,.F.);
#5592=ORIENTED_EDGE('',*,*,#4114,.T.);
#5593=ORIENTED_EDGE('',*,*,#4109,.F.);
#5594=ORIENTED_EDGE('',*,*,#4119,.T.);
#5595=ORIENTED_EDGE('',*,*,#4120,.F.);
#5596=ORIENTED_EDGE('',*,*,#4121,.T.);
#5597=ORIENTED_EDGE('',*,*,#4122,.T.);
#5598=ORIENTED_EDGE('',*,*,#4123,.T.);
#5599=ORIENTED_EDGE('',*,*,#4120,.T.);
#5600=ORIENTED_EDGE('',*,*,#4124,.T.);
#5601=ORIENTED_EDGE('',*,*,#4125,.T.);
#5602=ORIENTED_EDGE('',*,*,#4122,.F.);
#5603=ORIENTED_EDGE('',*,*,#4126,.T.);
#5604=ORIENTED_EDGE('',*,*,#4112,.F.);
#5605=ORIENTED_EDGE('',*,*,#4127,.F.);
#5606=ORIENTED_EDGE('',*,*,#4126,.F.);
#5607=ORIENTED_EDGE('',*,*,#4119,.F.);
#5608=ORIENTED_EDGE('',*,*,#4123,.F.);
#5609=ORIENTED_EDGE('',*,*,#4128,.T.);
#5610=ORIENTED_EDGE('',*,*,#4129,.F.);
#5611=ORIENTED_EDGE('',*,*,#4130,.T.);
#5612=ORIENTED_EDGE('',*,*,#4131,.T.);
#5613=ORIENTED_EDGE('',*,*,#4132,.T.);
#5614=ORIENTED_EDGE('',*,*,#4129,.T.);
#5615=ORIENTED_EDGE('',*,*,#4133,.T.);
#5616=ORIENTED_EDGE('',*,*,#4134,.T.);
#5617=ORIENTED_EDGE('',*,*,#4131,.F.);
#5618=ORIENTED_EDGE('',*,*,#4135,.T.);
#5619=ORIENTED_EDGE('',*,*,#4125,.F.);
#5620=ORIENTED_EDGE('',*,*,#4136,.F.);
#5621=ORIENTED_EDGE('',*,*,#4135,.F.);
#5622=ORIENTED_EDGE('',*,*,#4128,.F.);
#5623=ORIENTED_EDGE('',*,*,#4132,.F.);
#5624=ORIENTED_EDGE('',*,*,#4137,.T.);
#5625=ORIENTED_EDGE('',*,*,#4138,.F.);
#5626=ORIENTED_EDGE('',*,*,#4139,.T.);
#5627=ORIENTED_EDGE('',*,*,#4140,.T.);
#5628=ORIENTED_EDGE('',*,*,#4118,.T.);
#5629=ORIENTED_EDGE('',*,*,#4138,.T.);
#5630=ORIENTED_EDGE('',*,*,#4141,.T.);
#5631=ORIENTED_EDGE('',*,*,#4115,.T.);
#5632=ORIENTED_EDGE('',*,*,#4140,.F.);
#5633=ORIENTED_EDGE('',*,*,#4142,.T.);
#5634=ORIENTED_EDGE('',*,*,#4134,.F.);
#5635=ORIENTED_EDGE('',*,*,#4143,.F.);
#5636=ORIENTED_EDGE('',*,*,#4142,.F.);
#5637=ORIENTED_EDGE('',*,*,#4137,.F.);
#5638=ORIENTED_EDGE('',*,*,#4144,.T.);
#5639=ORIENTED_EDGE('',*,*,#4145,.T.);
#5640=ORIENTED_EDGE('',*,*,#4146,.T.);
#5641=ORIENTED_EDGE('',*,*,#4147,.T.);
#5642=ORIENTED_EDGE('',*,*,#4148,.T.);
#5643=ORIENTED_EDGE('',*,*,#4144,.F.);
#5644=ORIENTED_EDGE('',*,*,#4149,.T.);
#5645=ORIENTED_EDGE('',*,*,#4149,.F.);
#5646=ORIENTED_EDGE('',*,*,#4150,.F.);
#5647=ORIENTED_EDGE('',*,*,#4151,.F.);
#5648=ORIENTED_EDGE('',*,*,#4152,.F.);
#5649=ORIENTED_EDGE('',*,*,#4146,.F.);
#5650=ORIENTED_EDGE('',*,*,#4153,.T.);
#5651=ORIENTED_EDGE('',*,*,#4154,.F.);
#5652=ORIENTED_EDGE('',*,*,#4150,.T.);
#5653=ORIENTED_EDGE('',*,*,#4155,.T.);
#5654=ORIENTED_EDGE('',*,*,#4154,.T.);
#5655=ORIENTED_EDGE('',*,*,#4156,.T.);
#5656=ORIENTED_EDGE('',*,*,#4157,.T.);
#5657=ORIENTED_EDGE('',*,*,#4151,.T.);
#5658=ORIENTED_EDGE('',*,*,#4155,.F.);
#5659=ORIENTED_EDGE('',*,*,#4158,.T.);
#5660=ORIENTED_EDGE('',*,*,#4158,.F.);
#5661=ORIENTED_EDGE('',*,*,#4159,.F.);
#5662=ORIENTED_EDGE('',*,*,#4160,.F.);
#5663=ORIENTED_EDGE('',*,*,#4161,.F.);
#5664=ORIENTED_EDGE('',*,*,#4156,.F.);
#5665=ORIENTED_EDGE('',*,*,#4162,.T.);
#5666=ORIENTED_EDGE('',*,*,#4163,.F.);
#5667=ORIENTED_EDGE('',*,*,#4159,.T.);
#5668=ORIENTED_EDGE('',*,*,#4164,.T.);
#5669=ORIENTED_EDGE('',*,*,#4163,.T.);
#5670=ORIENTED_EDGE('',*,*,#4165,.T.);
#5671=ORIENTED_EDGE('',*,*,#4166,.T.);
#5672=ORIENTED_EDGE('',*,*,#4160,.T.);
#5673=ORIENTED_EDGE('',*,*,#4164,.F.);
#5674=ORIENTED_EDGE('',*,*,#4167,.T.);
#5675=ORIENTED_EDGE('',*,*,#4167,.F.);
#5676=ORIENTED_EDGE('',*,*,#4168,.F.);
#5677=ORIENTED_EDGE('',*,*,#4169,.F.);
#5678=ORIENTED_EDGE('',*,*,#4170,.F.);
#5679=ORIENTED_EDGE('',*,*,#4165,.F.);
#5680=ORIENTED_EDGE('',*,*,#4171,.T.);
#5681=ORIENTED_EDGE('',*,*,#4172,.F.);
#5682=ORIENTED_EDGE('',*,*,#4168,.T.);
#5683=ORIENTED_EDGE('',*,*,#4173,.T.);
#5684=ORIENTED_EDGE('',*,*,#4172,.T.);
#5685=ORIENTED_EDGE('',*,*,#4174,.T.);
#5686=ORIENTED_EDGE('',*,*,#4175,.T.);
#5687=ORIENTED_EDGE('',*,*,#4169,.T.);
#5688=ORIENTED_EDGE('',*,*,#4173,.F.);
#5689=ORIENTED_EDGE('',*,*,#4176,.T.);
#5690=ORIENTED_EDGE('',*,*,#4176,.F.);
#5691=ORIENTED_EDGE('',*,*,#4177,.F.);
#5692=ORIENTED_EDGE('',*,*,#4178,.F.);
#5693=ORIENTED_EDGE('',*,*,#4179,.F.);
#5694=ORIENTED_EDGE('',*,*,#4174,.F.);
#5695=ORIENTED_EDGE('',*,*,#4180,.T.);
#5696=ORIENTED_EDGE('',*,*,#4181,.T.);
#5697=ORIENTED_EDGE('',*,*,#4177,.T.);
#5698=ORIENTED_EDGE('',*,*,#4182,.T.);
#5699=ORIENTED_EDGE('',*,*,#4183,.T.);
#5700=ORIENTED_EDGE('',*,*,#4184,.T.);
#5701=ORIENTED_EDGE('',*,*,#4185,.T.);
#5702=ORIENTED_EDGE('',*,*,#4186,.T.);
#5703=ORIENTED_EDGE('',*,*,#4182,.F.);
#5704=ORIENTED_EDGE('',*,*,#4187,.T.);
#5705=ORIENTED_EDGE('',*,*,#4187,.F.);
#5706=ORIENTED_EDGE('',*,*,#4188,.F.);
#5707=ORIENTED_EDGE('',*,*,#4189,.F.);
#5708=ORIENTED_EDGE('',*,*,#4190,.F.);
#5709=ORIENTED_EDGE('',*,*,#4184,.F.);
#5710=ORIENTED_EDGE('',*,*,#4191,.T.);
#5711=ORIENTED_EDGE('',*,*,#4192,.F.);
#5712=ORIENTED_EDGE('',*,*,#4188,.T.);
#5713=ORIENTED_EDGE('',*,*,#4183,.F.);
#5714=ORIENTED_EDGE('',*,*,#4193,.T.);
#5715=ORIENTED_EDGE('',*,*,#4194,.F.);
#5716=ORIENTED_EDGE('',*,*,#4195,.T.);
#5717=ORIENTED_EDGE('',*,*,#4196,.T.);
#5718=ORIENTED_EDGE('',*,*,#4197,.T.);
#5719=ORIENTED_EDGE('',*,*,#4194,.T.);
#5720=ORIENTED_EDGE('',*,*,#4198,.T.);
#5721=ORIENTED_EDGE('',*,*,#4199,.T.);
#5722=ORIENTED_EDGE('',*,*,#4196,.F.);
#5723=ORIENTED_EDGE('',*,*,#4200,.T.);
#5724=ORIENTED_EDGE('',*,*,#4186,.F.);
#5725=ORIENTED_EDGE('',*,*,#4201,.F.);
#5726=ORIENTED_EDGE('',*,*,#4200,.F.);
#5727=ORIENTED_EDGE('',*,*,#4193,.F.);
#5728=ORIENTED_EDGE('',*,*,#4197,.F.);
#5729=ORIENTED_EDGE('',*,*,#4202,.T.);
#5730=ORIENTED_EDGE('',*,*,#4203,.F.);
#5731=ORIENTED_EDGE('',*,*,#4204,.T.);
#5732=ORIENTED_EDGE('',*,*,#4205,.T.);
#5733=ORIENTED_EDGE('',*,*,#4192,.T.);
#5734=ORIENTED_EDGE('',*,*,#4206,.T.);
#5735=ORIENTED_EDGE('',*,*,#4207,.T.);
#5736=ORIENTED_EDGE('',*,*,#4189,.T.);
#5737=ORIENTED_EDGE('',*,*,#4205,.F.);
#5738=ORIENTED_EDGE('',*,*,#4208,.T.);
#5739=ORIENTED_EDGE('',*,*,#4208,.F.);
#5740=ORIENTED_EDGE('',*,*,#4209,.F.);
#5741=ORIENTED_EDGE('',*,*,#4210,.F.);
#5742=ORIENTED_EDGE('',*,*,#4211,.F.);
#5743=ORIENTED_EDGE('',*,*,#4206,.F.);
#5744=ORIENTED_EDGE('',*,*,#4212,.T.);
#5745=ORIENTED_EDGE('',*,*,#4213,.F.);
#5746=ORIENTED_EDGE('',*,*,#4209,.T.);
#5747=ORIENTED_EDGE('',*,*,#4214,.T.);
#5748=ORIENTED_EDGE('',*,*,#4213,.T.);
#5749=ORIENTED_EDGE('',*,*,#4203,.T.);
#5750=ORIENTED_EDGE('',*,*,#4215,.T.);
#5751=ORIENTED_EDGE('',*,*,#4210,.T.);
#5752=ORIENTED_EDGE('',*,*,#4214,.F.);
#5753=ORIENTED_EDGE('',*,*,#4216,.T.);
#5754=ORIENTED_EDGE('',*,*,#4199,.F.);
#5755=ORIENTED_EDGE('',*,*,#4217,.F.);
#5756=ORIENTED_EDGE('',*,*,#4216,.F.);
#5757=ORIENTED_EDGE('',*,*,#4202,.F.);
#5758=ORIENTED_EDGE('',*,*,#4218,.T.);
#5759=ORIENTED_EDGE('',*,*,#4219,.T.);
#5760=ORIENTED_EDGE('',*,*,#4220,.T.);
#5761=ORIENTED_EDGE('',*,*,#4221,.T.);
#5762=ORIENTED_EDGE('',*,*,#4220,.F.);
#5763=ORIENTED_EDGE('',*,*,#4222,.T.);
#5764=ORIENTED_EDGE('',*,*,#4223,.T.);
#5765=ORIENTED_EDGE('',*,*,#4223,.F.);
#5766=ORIENTED_EDGE('',*,*,#4224,.T.);
#5767=ORIENTED_EDGE('',*,*,#4225,.F.);
#5768=ORIENTED_EDGE('',*,*,#4226,.T.);
#5769=ORIENTED_EDGE('',*,*,#4222,.F.);
#5770=ORIENTED_EDGE('',*,*,#4227,.T.);
#5771=ORIENTED_EDGE('',*,*,#4228,.T.);
#5772=ORIENTED_EDGE('',*,*,#4229,.T.);
#5773=ORIENTED_EDGE('',*,*,#4219,.F.);
#5774=ORIENTED_EDGE('',*,*,#4230,.F.);
#5775=ORIENTED_EDGE('',*,*,#4231,.F.);
#5776=ORIENTED_EDGE('',*,*,#4227,.F.);
#5777=ORIENTED_EDGE('',*,*,#4232,.T.);
#5778=ORIENTED_EDGE('',*,*,#4225,.T.);
#5779=ORIENTED_EDGE('',*,*,#4233,.T.);
#5780=ORIENTED_EDGE('',*,*,#4234,.T.);
#5781=ORIENTED_EDGE('',*,*,#4235,.T.);
#5782=ORIENTED_EDGE('',*,*,#4232,.F.);
#5783=ORIENTED_EDGE('',*,*,#4236,.T.);
#5784=ORIENTED_EDGE('',*,*,#4236,.F.);
#5785=ORIENTED_EDGE('',*,*,#4237,.F.);
#5786=ORIENTED_EDGE('',*,*,#4238,.F.);
#5787=ORIENTED_EDGE('',*,*,#4239,.F.);
#5788=ORIENTED_EDGE('',*,*,#4233,.F.);
#5789=ORIENTED_EDGE('',*,*,#4240,.T.);
#5790=ORIENTED_EDGE('',*,*,#4241,.T.);
#5791=ORIENTED_EDGE('',*,*,#4237,.T.);
#5792=ORIENTED_EDGE('',*,*,#4242,.F.);
#5793=ORIENTED_EDGE('',*,*,#4243,.F.);
#5794=ORIENTED_EDGE('',*,*,#4244,.F.);
#5795=ORIENTED_EDGE('',*,*,#4245,.T.);
#5796=ORIENTED_EDGE('',*,*,#4246,.T.);
#5797=ORIENTED_EDGE('',*,*,#4243,.T.);
#5798=ORIENTED_EDGE('',*,*,#4247,.T.);
#5799=ORIENTED_EDGE('',*,*,#4248,.F.);
#5800=ORIENTED_EDGE('',*,*,#4249,.F.);
#5801=ORIENTED_EDGE('',*,*,#4250,.F.);
#5802=ORIENTED_EDGE('',*,*,#4251,.T.);
#5803=ORIENTED_EDGE('',*,*,#4252,.T.);
#5804=ORIENTED_EDGE('',*,*,#4249,.T.);
#5805=ORIENTED_EDGE('',*,*,#4253,.T.);
#5806=ORIENTED_EDGE('',*,*,#4254,.F.);
#5807=ORIENTED_EDGE('',*,*,#4255,.F.);
#5808=ORIENTED_EDGE('',*,*,#4256,.F.);
#5809=ORIENTED_EDGE('',*,*,#4257,.T.);
#5810=ORIENTED_EDGE('',*,*,#4258,.T.);
#5811=ORIENTED_EDGE('',*,*,#4255,.T.);
#5812=ORIENTED_EDGE('',*,*,#4259,.T.);
#5813=ORIENTED_EDGE('',*,*,#4242,.T.);
#5814=ORIENTED_EDGE('',*,*,#4260,.T.);
#5815=ORIENTED_EDGE('',*,*,#4256,.T.);
#5816=ORIENTED_EDGE('',*,*,#4261,.T.);
#5817=ORIENTED_EDGE('',*,*,#4262,.F.);
#5818=ORIENTED_EDGE('',*,*,#4263,.F.);
#5819=ORIENTED_EDGE('',*,*,#4264,.F.);
#5820=ORIENTED_EDGE('',*,*,#4265,.T.);
#5821=ORIENTED_EDGE('',*,*,#4266,.T.);
#5822=ORIENTED_EDGE('',*,*,#4263,.T.);
#5823=ORIENTED_EDGE('',*,*,#4267,.T.);
#5824=ORIENTED_EDGE('',*,*,#4254,.T.);
#5825=ORIENTED_EDGE('',*,*,#4268,.T.);
#5826=ORIENTED_EDGE('',*,*,#4264,.T.);
#5827=ORIENTED_EDGE('',*,*,#4269,.T.);
#5828=ORIENTED_EDGE('',*,*,#4262,.T.);
#5829=ORIENTED_EDGE('',*,*,#4270,.T.);
#5830=ORIENTED_EDGE('',*,*,#4250,.T.);
#5831=ORIENTED_EDGE('',*,*,#4271,.T.);
#5832=ORIENTED_EDGE('',*,*,#4248,.T.);
#5833=ORIENTED_EDGE('',*,*,#4272,.T.);
#5834=ORIENTED_EDGE('',*,*,#4244,.T.);
#5835=ORIENTED_EDGE('',*,*,#4273,.T.);
#5836=ORIENTED_EDGE('',*,*,#4247,.F.);
#5837=ORIENTED_EDGE('',*,*,#4261,.F.);
#5838=ORIENTED_EDGE('',*,*,#4258,.F.);
#5839=ORIENTED_EDGE('',*,*,#4274,.F.);
#5840=ORIENTED_EDGE('',*,*,#4259,.F.);
#5841=ORIENTED_EDGE('',*,*,#4269,.F.);
#5842=ORIENTED_EDGE('',*,*,#4266,.F.);
#5843=ORIENTED_EDGE('',*,*,#4275,.F.);
#5844=ORIENTED_EDGE('',*,*,#4260,.F.);
#5845=ORIENTED_EDGE('',*,*,#4272,.F.);
#5846=ORIENTED_EDGE('',*,*,#4270,.F.);
#5847=ORIENTED_EDGE('',*,*,#4268,.F.);
#5848=ORIENTED_EDGE('',*,*,#4276,.F.);
#5849=ORIENTED_EDGE('',*,*,#4277,.F.);
#5850=ORIENTED_EDGE('',*,*,#4241,.F.);
#5851=ORIENTED_EDGE('',*,*,#4278,.T.);
#5852=ORIENTED_EDGE('',*,*,#4238,.T.);
#5853=ORIENTED_EDGE('',*,*,#4277,.T.);
#5854=ORIENTED_EDGE('',*,*,#4279,.T.);
#5855=ORIENTED_EDGE('',*,*,#4280,.F.);
#5856=ORIENTED_EDGE('',*,*,#4281,.F.);
#5857=ORIENTED_EDGE('',*,*,#4282,.F.);
#5858=ORIENTED_EDGE('',*,*,#4283,.T.);
#5859=ORIENTED_EDGE('',*,*,#4284,.T.);
#5860=ORIENTED_EDGE('',*,*,#4281,.T.);
#5861=ORIENTED_EDGE('',*,*,#4285,.T.);
#5862=ORIENTED_EDGE('',*,*,#4276,.T.);
#5863=ORIENTED_EDGE('',*,*,#4286,.T.);
#5864=ORIENTED_EDGE('',*,*,#4282,.T.);
#5865=ORIENTED_EDGE('',*,*,#4287,.T.);
#5866=ORIENTED_EDGE('',*,*,#4228,.F.);
#5867=ORIENTED_EDGE('',*,*,#4288,.F.);
#5868=ORIENTED_EDGE('',*,*,#4289,.F.);
#5869=ORIENTED_EDGE('',*,*,#4290,.T.);
#5870=ORIENTED_EDGE('',*,*,#4291,.T.);
#5871=ORIENTED_EDGE('',*,*,#4288,.T.);
#5872=ORIENTED_EDGE('',*,*,#4231,.T.);
#5873=ORIENTED_EDGE('',*,*,#4280,.T.);
#5874=ORIENTED_EDGE('',*,*,#4292,.T.);
#5875=ORIENTED_EDGE('',*,*,#4289,.T.);
#5876=ORIENTED_EDGE('',*,*,#4293,.T.);
#5877=ORIENTED_EDGE('',*,*,#4279,.F.);
#5878=ORIENTED_EDGE('',*,*,#4287,.F.);
#5879=ORIENTED_EDGE('',*,*,#4284,.F.);
#5880=ORIENTED_EDGE('',*,*,#4294,.F.);
#5881=ORIENTED_EDGE('',*,*,#4285,.F.);
#5882=ORIENTED_EDGE('',*,*,#4293,.F.);
#5883=ORIENTED_EDGE('',*,*,#4291,.F.);
#5884=ORIENTED_EDGE('',*,*,#4295,.F.);
#5885=ORIENTED_EDGE('',*,*,#4286,.F.);
#5886=ORIENTED_EDGE('',*,*,#4240,.F.);
#5887=ORIENTED_EDGE('',*,*,#4224,.F.);
#5888=ORIENTED_EDGE('',*,*,#4229,.F.);
#5889=ORIENTED_EDGE('',*,*,#4292,.F.);
#5890=ORIENTED_EDGE('',*,*,#4204,.F.);
#5891=ORIENTED_EDGE('',*,*,#4212,.F.);
#5892=ORIENTED_EDGE('',*,*,#4191,.F.);
#5893=ORIENTED_EDGE('',*,*,#4195,.F.);
#5894=ORIENTED_EDGE('',*,*,#4296,.F.);
#5895=ORIENTED_EDGE('',*,*,#4297,.F.);
#5896=ORIENTED_EDGE('',*,*,#4181,.F.);
#5897=ORIENTED_EDGE('',*,*,#4298,.T.);
#5898=ORIENTED_EDGE('',*,*,#4178,.T.);
#5899=ORIENTED_EDGE('',*,*,#4297,.T.);
#5900=ORIENTED_EDGE('',*,*,#4299,.T.);
#5901=ORIENTED_EDGE('',*,*,#4145,.F.);
#5902=ORIENTED_EDGE('',*,*,#4300,.T.);
#5903=ORIENTED_EDGE('',*,*,#4296,.T.);
#5904=ORIENTED_EDGE('',*,*,#4301,.T.);
#5905=ORIENTED_EDGE('',*,*,#4301,.F.);
#5906=ORIENTED_EDGE('',*,*,#4180,.F.);
#5907=ORIENTED_EDGE('',*,*,#4171,.F.);
#5908=ORIENTED_EDGE('',*,*,#4162,.F.);
#5909=ORIENTED_EDGE('',*,*,#4153,.F.);
#5910=ORIENTED_EDGE('',*,*,#4117,.F.);
#5911=ORIENTED_EDGE('',*,*,#4121,.F.);
#5912=ORIENTED_EDGE('',*,*,#4130,.F.);
#5913=ORIENTED_EDGE('',*,*,#4139,.F.);
#5914=ORIENTED_EDGE('',*,*,#4099,.F.);
#5915=ORIENTED_EDGE('',*,*,#4072,.F.);
#5916=ORIENTED_EDGE('',*,*,#4076,.F.);
#5917=ORIENTED_EDGE('',*,*,#4086,.F.);
#5918=ORIENTED_EDGE('',*,*,#4107,.F.);
#5919=ORIENTED_EDGE('',*,*,#4040,.F.);
#5920=ORIENTED_EDGE('',*,*,#4057,.F.);
#5921=ORIENTED_EDGE('',*,*,#4048,.F.);
#5922=ORIENTED_EDGE('',*,*,#4036,.F.);
#5923=ORIENTED_EDGE('',*,*,#4302,.F.);
#5924=ORIENTED_EDGE('',*,*,#4303,.F.);
#5925=ORIENTED_EDGE('',*,*,#4304,.F.);
#5926=ORIENTED_EDGE('',*,*,#4305,.T.);
#5927=ORIENTED_EDGE('',*,*,#4306,.T.);
#5928=ORIENTED_EDGE('',*,*,#4303,.T.);
#5929=ORIENTED_EDGE('',*,*,#4307,.T.);
#5930=ORIENTED_EDGE('',*,*,#4308,.F.);
#5931=ORIENTED_EDGE('',*,*,#4309,.F.);
#5932=ORIENTED_EDGE('',*,*,#4310,.F.);
#5933=ORIENTED_EDGE('',*,*,#4311,.T.);
#5934=ORIENTED_EDGE('',*,*,#4312,.T.);
#5935=ORIENTED_EDGE('',*,*,#4309,.T.);
#5936=ORIENTED_EDGE('',*,*,#4313,.T.);
#5937=ORIENTED_EDGE('',*,*,#4302,.T.);
#5938=ORIENTED_EDGE('',*,*,#4314,.T.);
#5939=ORIENTED_EDGE('',*,*,#4310,.T.);
#5940=ORIENTED_EDGE('',*,*,#4315,.T.);
#5941=ORIENTED_EDGE('',*,*,#4316,.F.);
#5942=ORIENTED_EDGE('',*,*,#4317,.F.);
#5943=ORIENTED_EDGE('',*,*,#4318,.F.);
#5944=ORIENTED_EDGE('',*,*,#4319,.T.);
#5945=ORIENTED_EDGE('',*,*,#4320,.T.);
#5946=ORIENTED_EDGE('',*,*,#4317,.T.);
#5947=ORIENTED_EDGE('',*,*,#4321,.T.);
#5948=ORIENTED_EDGE('',*,*,#4322,.F.);
#5949=ORIENTED_EDGE('',*,*,#4323,.F.);
#5950=ORIENTED_EDGE('',*,*,#4324,.F.);
#5951=ORIENTED_EDGE('',*,*,#4325,.T.);
#5952=ORIENTED_EDGE('',*,*,#4326,.T.);
#5953=ORIENTED_EDGE('',*,*,#4323,.T.);
#5954=ORIENTED_EDGE('',*,*,#4327,.T.);
#5955=ORIENTED_EDGE('',*,*,#4308,.T.);
#5956=ORIENTED_EDGE('',*,*,#4328,.T.);
#5957=ORIENTED_EDGE('',*,*,#4324,.T.);
#5958=ORIENTED_EDGE('',*,*,#4329,.T.);
#5959=ORIENTED_EDGE('',*,*,#4330,.F.);
#5960=ORIENTED_EDGE('',*,*,#4331,.F.);
#5961=ORIENTED_EDGE('',*,*,#4332,.F.);
#5962=ORIENTED_EDGE('',*,*,#4333,.T.);
#5963=ORIENTED_EDGE('',*,*,#4334,.T.);
#5964=ORIENTED_EDGE('',*,*,#4331,.T.);
#5965=ORIENTED_EDGE('',*,*,#4335,.T.);
#5966=ORIENTED_EDGE('',*,*,#4322,.T.);
#5967=ORIENTED_EDGE('',*,*,#4336,.T.);
#5968=ORIENTED_EDGE('',*,*,#4332,.T.);
#5969=ORIENTED_EDGE('',*,*,#4337,.T.);
#5970=ORIENTED_EDGE('',*,*,#4330,.T.);
#5971=ORIENTED_EDGE('',*,*,#4338,.T.);
#5972=ORIENTED_EDGE('',*,*,#4318,.T.);
#5973=ORIENTED_EDGE('',*,*,#4339,.T.);
#5974=ORIENTED_EDGE('',*,*,#4316,.T.);
#5975=ORIENTED_EDGE('',*,*,#4340,.T.);
#5976=ORIENTED_EDGE('',*,*,#4304,.T.);
#5977=ORIENTED_EDGE('',*,*,#4341,.T.);
#5978=ORIENTED_EDGE('',*,*,#4307,.F.);
#5979=ORIENTED_EDGE('',*,*,#4315,.F.);
#5980=ORIENTED_EDGE('',*,*,#4312,.F.);
#5981=ORIENTED_EDGE('',*,*,#4342,.F.);
#5982=ORIENTED_EDGE('',*,*,#4313,.F.);
#5983=ORIENTED_EDGE('',*,*,#4329,.F.);
#5984=ORIENTED_EDGE('',*,*,#4326,.F.);
#5985=ORIENTED_EDGE('',*,*,#4343,.F.);
#5986=ORIENTED_EDGE('',*,*,#4327,.F.);
#5987=ORIENTED_EDGE('',*,*,#4337,.F.);
#5988=ORIENTED_EDGE('',*,*,#4334,.F.);
#5989=ORIENTED_EDGE('',*,*,#4344,.F.);
#5990=ORIENTED_EDGE('',*,*,#4314,.F.);
#5991=ORIENTED_EDGE('',*,*,#4340,.F.);
#5992=ORIENTED_EDGE('',*,*,#4338,.F.);
#5993=ORIENTED_EDGE('',*,*,#4336,.F.);
#5994=ORIENTED_EDGE('',*,*,#4328,.F.);
#5995=ORIENTED_EDGE('',*,*,#4221,.F.);
#5996=ORIENTED_EDGE('',*,*,#4226,.F.);
#5997=ORIENTED_EDGE('',*,*,#4235,.F.);
#5998=ORIENTED_EDGE('',*,*,#4345,.F.);
#5999=ORIENTED_EDGE('',*,*,#4252,.F.);
#6000=ORIENTED_EDGE('',*,*,#4346,.F.);
#6001=ORIENTED_EDGE('',*,*,#4267,.F.);
#6002=ORIENTED_EDGE('',*,*,#4271,.F.);
#6003=ORIENTED_EDGE('',*,*,#4246,.F.);
#6004=ORIENTED_EDGE('',*,*,#4347,.F.);
#6005=ORIENTED_EDGE('',*,*,#4253,.F.);
#6006=ORIENTED_EDGE('',*,*,#4273,.F.);
#6007=ORIENTED_EDGE('',*,*,#4148,.F.);
#6008=ORIENTED_EDGE('',*,*,#4348,.F.);
#6009=ORIENTED_EDGE('',*,*,#4299,.F.);
#6010=ORIENTED_EDGE('',*,*,#4300,.F.);
#6011=ORIENTED_EDGE('',*,*,#4320,.F.);
#6012=ORIENTED_EDGE('',*,*,#4349,.F.);
#6013=ORIENTED_EDGE('',*,*,#4335,.F.);
#6014=ORIENTED_EDGE('',*,*,#4339,.F.);
#6015=ORIENTED_EDGE('',*,*,#4306,.F.);
#6016=ORIENTED_EDGE('',*,*,#4350,.F.);
#6017=ORIENTED_EDGE('',*,*,#4321,.F.);
#6018=ORIENTED_EDGE('',*,*,#4341,.F.);
#6019=ORIENTED_EDGE('',*,*,#4351,.F.);
#6020=ORIENTED_EDGE('',*,*,#4352,.T.);
#6021=ORIENTED_EDGE('',*,*,#4353,.T.);
#6022=ORIENTED_EDGE('',*,*,#4354,.F.);
#6023=ORIENTED_EDGE('',*,*,#4355,.F.);
#6024=ORIENTED_EDGE('',*,*,#4356,.T.);
#6025=ORIENTED_EDGE('',*,*,#4357,.T.);
#6026=ORIENTED_EDGE('',*,*,#4352,.F.);
#6027=ORIENTED_EDGE('',*,*,#4358,.F.);
#6028=ORIENTED_EDGE('',*,*,#4359,.T.);
#6029=ORIENTED_EDGE('',*,*,#4360,.T.);
#6030=ORIENTED_EDGE('',*,*,#4356,.F.);
#6031=ORIENTED_EDGE('',*,*,#4361,.F.);
#6032=ORIENTED_EDGE('',*,*,#4362,.T.);
#6033=ORIENTED_EDGE('',*,*,#4363,.T.);
#6034=ORIENTED_EDGE('',*,*,#4359,.F.);
#6035=ORIENTED_EDGE('',*,*,#4364,.F.);
#6036=ORIENTED_EDGE('',*,*,#4365,.T.);
#6037=ORIENTED_EDGE('',*,*,#4366,.T.);
#6038=ORIENTED_EDGE('',*,*,#4362,.F.);
#6039=ORIENTED_EDGE('',*,*,#4367,.F.);
#6040=ORIENTED_EDGE('',*,*,#4354,.T.);
#6041=ORIENTED_EDGE('',*,*,#4368,.T.);
#6042=ORIENTED_EDGE('',*,*,#4365,.F.);
#6043=ORIENTED_EDGE('',*,*,#4368,.F.);
#6044=ORIENTED_EDGE('',*,*,#4353,.F.);
#6045=ORIENTED_EDGE('',*,*,#4357,.F.);
#6046=ORIENTED_EDGE('',*,*,#4360,.F.);
#6047=ORIENTED_EDGE('',*,*,#4363,.F.);
#6048=ORIENTED_EDGE('',*,*,#4366,.F.);
#6049=ORIENTED_EDGE('',*,*,#4369,.F.);
#6050=ORIENTED_EDGE('',*,*,#4370,.F.);
#6051=ORIENTED_EDGE('',*,*,#4371,.T.);
#6052=ORIENTED_EDGE('',*,*,#4369,.T.);
#6053=ORIENTED_EDGE('',*,*,#4371,.F.);
#6054=ORIENTED_EDGE('',*,*,#4372,.T.);
#6055=ORIENTED_EDGE('',*,*,#4373,.T.);
#6056=ORIENTED_EDGE('',*,*,#4374,.F.);
#6057=ORIENTED_EDGE('',*,*,#4375,.F.);
#6058=ORIENTED_EDGE('',*,*,#4376,.T.);
#6059=ORIENTED_EDGE('',*,*,#4375,.T.);
#6060=ORIENTED_EDGE('',*,*,#4377,.F.);
#6061=ORIENTED_EDGE('',*,*,#4378,.F.);
#6062=ORIENTED_EDGE('',*,*,#4379,.T.);
#6063=ORIENTED_EDGE('',*,*,#4378,.T.);
#6064=ORIENTED_EDGE('',*,*,#4380,.F.);
#6065=ORIENTED_EDGE('',*,*,#4381,.F.);
#6066=ORIENTED_EDGE('',*,*,#4382,.T.);
#6067=ORIENTED_EDGE('',*,*,#4381,.T.);
#6068=ORIENTED_EDGE('',*,*,#4383,.F.);
#6069=ORIENTED_EDGE('',*,*,#4373,.F.);
#6070=ORIENTED_EDGE('',*,*,#4383,.T.);
#6071=ORIENTED_EDGE('',*,*,#4380,.T.);
#6072=ORIENTED_EDGE('',*,*,#4377,.T.);
#6073=ORIENTED_EDGE('',*,*,#4374,.T.);
#6074=ORIENTED_EDGE('',*,*,#4230,.T.);
#6075=ORIENTED_EDGE('',*,*,#4218,.F.);
#6076=ORIENTED_EDGE('',*,*,#4345,.T.);
#6077=ORIENTED_EDGE('',*,*,#4234,.F.);
#6078=ORIENTED_EDGE('',*,*,#4239,.T.);
#6079=ORIENTED_EDGE('',*,*,#4278,.F.);
#6080=ORIENTED_EDGE('',*,*,#4294,.T.);
#6081=ORIENTED_EDGE('',*,*,#4283,.F.);
#6082=ORIENTED_EDGE('',*,*,#4295,.T.);
#6083=ORIENTED_EDGE('',*,*,#4290,.F.);
#6084=ORIENTED_EDGE('',*,*,#4062,.T.);
#6085=ORIENTED_EDGE('',*,*,#4030,.F.);
#6086=ORIENTED_EDGE('',*,*,#4035,.T.);
#6087=ORIENTED_EDGE('',*,*,#4043,.F.);
#6088=ORIENTED_EDGE('',*,*,#4047,.T.);
#6089=ORIENTED_EDGE('',*,*,#4052,.F.);
#6090=ORIENTED_EDGE('',*,*,#4056,.T.);
#6091=ORIENTED_EDGE('',*,*,#4060,.F.);
#6092=ORIENTED_EDGE('',*,*,#4116,.T.);
#6093=ORIENTED_EDGE('',*,*,#4141,.F.);
#6094=ORIENTED_EDGE('',*,*,#4143,.T.);
#6095=ORIENTED_EDGE('',*,*,#4133,.F.);
#6096=ORIENTED_EDGE('',*,*,#4136,.T.);
#6097=ORIENTED_EDGE('',*,*,#4124,.F.);
#6098=ORIENTED_EDGE('',*,*,#4127,.T.);
#6099=ORIENTED_EDGE('',*,*,#4111,.F.);
#6100=ORIENTED_EDGE('',*,*,#4275,.T.);
#6101=ORIENTED_EDGE('',*,*,#4265,.F.);
#6102=ORIENTED_EDGE('',*,*,#4346,.T.);
#6103=ORIENTED_EDGE('',*,*,#4251,.F.);
#6104=ORIENTED_EDGE('',*,*,#4347,.T.);
#6105=ORIENTED_EDGE('',*,*,#4245,.F.);
#6106=ORIENTED_EDGE('',*,*,#4274,.T.);
#6107=ORIENTED_EDGE('',*,*,#4257,.F.);
#6108=ORIENTED_EDGE('',*,*,#4190,.T.);
#6109=ORIENTED_EDGE('',*,*,#4207,.F.);
#6110=ORIENTED_EDGE('',*,*,#4211,.T.);
#6111=ORIENTED_EDGE('',*,*,#4215,.F.);
#6112=ORIENTED_EDGE('',*,*,#4217,.T.);
#6113=ORIENTED_EDGE('',*,*,#4198,.F.);
#6114=ORIENTED_EDGE('',*,*,#4201,.T.);
#6115=ORIENTED_EDGE('',*,*,#4185,.F.);
#6116=ORIENTED_EDGE('',*,*,#4085,.T.);
#6117=ORIENTED_EDGE('',*,*,#4089,.F.);
#6118=ORIENTED_EDGE('',*,*,#4091,.T.);
#6119=ORIENTED_EDGE('',*,*,#4066,.F.);
#6120=ORIENTED_EDGE('',*,*,#4071,.T.);
#6121=ORIENTED_EDGE('',*,*,#4094,.F.);
#6122=ORIENTED_EDGE('',*,*,#4098,.T.);
#6123=ORIENTED_EDGE('',*,*,#4103,.F.);
#6124=ORIENTED_EDGE('',*,*,#4105,.T.);
#6125=ORIENTED_EDGE('',*,*,#4080,.F.);
#6126=ORIENTED_EDGE('',*,*,#4179,.T.);
#6127=ORIENTED_EDGE('',*,*,#4298,.F.);
#6128=ORIENTED_EDGE('',*,*,#4348,.T.);
#6129=ORIENTED_EDGE('',*,*,#4147,.F.);
#6130=ORIENTED_EDGE('',*,*,#4152,.T.);
#6131=ORIENTED_EDGE('',*,*,#4157,.F.);
#6132=ORIENTED_EDGE('',*,*,#4161,.T.);
#6133=ORIENTED_EDGE('',*,*,#4166,.F.);
#6134=ORIENTED_EDGE('',*,*,#4170,.T.);
#6135=ORIENTED_EDGE('',*,*,#4175,.F.);
#6136=ORIENTED_EDGE('',*,*,#4343,.T.);
#6137=ORIENTED_EDGE('',*,*,#4325,.F.);
#6138=ORIENTED_EDGE('',*,*,#4344,.T.);
#6139=ORIENTED_EDGE('',*,*,#4333,.F.);
#6140=ORIENTED_EDGE('',*,*,#4349,.T.);
#6141=ORIENTED_EDGE('',*,*,#4319,.F.);
#6142=ORIENTED_EDGE('',*,*,#4350,.T.);
#6143=ORIENTED_EDGE('',*,*,#4305,.F.);
#6144=ORIENTED_EDGE('',*,*,#4342,.T.);
#6145=ORIENTED_EDGE('',*,*,#4311,.F.);
#6146=ORIENTED_EDGE('',*,*,#4370,.T.);
#6147=ORIENTED_EDGE('',*,*,#4382,.F.);
#6148=ORIENTED_EDGE('',*,*,#4372,.F.);
#6149=ORIENTED_EDGE('',*,*,#4376,.F.);
#6150=ORIENTED_EDGE('',*,*,#4379,.F.);
#6151=ORIENTED_EDGE('',*,*,#4351,.T.);
#6152=ORIENTED_EDGE('',*,*,#4367,.T.);
#6153=ORIENTED_EDGE('',*,*,#4364,.T.);
#6154=ORIENTED_EDGE('',*,*,#4361,.T.);
#6155=ORIENTED_EDGE('',*,*,#4358,.T.);
#6156=ORIENTED_EDGE('',*,*,#4355,.T.);
#6157=ORIENTED_EDGE('',*,*,#4384,.F.);
#6158=ORIENTED_EDGE('',*,*,#4385,.F.);
#6159=ORIENTED_EDGE('',*,*,#4386,.F.);
#6160=ORIENTED_EDGE('',*,*,#4387,.T.);
#6161=ORIENTED_EDGE('',*,*,#4385,.T.);
#6162=ORIENTED_EDGE('',*,*,#4388,.T.);
#6163=ORIENTED_EDGE('',*,*,#4389,.T.);
#6164=ORIENTED_EDGE('',*,*,#4390,.T.);
#6165=ORIENTED_EDGE('',*,*,#4384,.T.);
#6166=ORIENTED_EDGE('',*,*,#4391,.T.);
#6167=ORIENTED_EDGE('',*,*,#4392,.T.);
#6168=ORIENTED_EDGE('',*,*,#4393,.T.);
#6169=ORIENTED_EDGE('',*,*,#4394,.T.);
#6170=ORIENTED_EDGE('',*,*,#4395,.T.);
#6171=ORIENTED_EDGE('',*,*,#4392,.F.);
#6172=ORIENTED_EDGE('',*,*,#4396,.F.);
#6173=ORIENTED_EDGE('',*,*,#4397,.F.);
#6174=ORIENTED_EDGE('',*,*,#4398,.F.);
#6175=ORIENTED_EDGE('',*,*,#4399,.T.);
#6176=ORIENTED_EDGE('',*,*,#4400,.T.);
#6177=ORIENTED_EDGE('',*,*,#4397,.T.);
#6178=ORIENTED_EDGE('',*,*,#4401,.T.);
#6179=ORIENTED_EDGE('',*,*,#4402,.F.);
#6180=ORIENTED_EDGE('',*,*,#4403,.F.);
#6181=ORIENTED_EDGE('',*,*,#4404,.F.);
#6182=ORIENTED_EDGE('',*,*,#4405,.T.);
#6183=ORIENTED_EDGE('',*,*,#4406,.T.);
#6184=ORIENTED_EDGE('',*,*,#4407,.T.);
#6185=ORIENTED_EDGE('',*,*,#4408,.T.);
#6186=ORIENTED_EDGE('',*,*,#4409,.T.);
#6187=ORIENTED_EDGE('',*,*,#4403,.T.);
#6188=ORIENTED_EDGE('',*,*,#4410,.T.);
#6189=ORIENTED_EDGE('',*,*,#4408,.F.);
#6190=ORIENTED_EDGE('',*,*,#4411,.T.);
#6191=ORIENTED_EDGE('',*,*,#4404,.T.);
#6192=ORIENTED_EDGE('',*,*,#4412,.T.);
#6193=ORIENTED_EDGE('',*,*,#4394,.F.);
#6194=ORIENTED_EDGE('',*,*,#4402,.T.);
#6195=ORIENTED_EDGE('',*,*,#4413,.T.);
#6196=ORIENTED_EDGE('',*,*,#4398,.T.);
#6197=ORIENTED_EDGE('',*,*,#4414,.T.);
#6198=ORIENTED_EDGE('',*,*,#4396,.T.);
#6199=ORIENTED_EDGE('',*,*,#4415,.T.);
#6200=ORIENTED_EDGE('',*,*,#4386,.T.);
#6201=ORIENTED_EDGE('',*,*,#4416,.T.);
#6202=ORIENTED_EDGE('',*,*,#4417,.T.);
#6203=ORIENTED_EDGE('',*,*,#4418,.T.);
#6204=ORIENTED_EDGE('',*,*,#4419,.T.);
#6205=ORIENTED_EDGE('',*,*,#4389,.F.);
#6206=ORIENTED_EDGE('',*,*,#4418,.F.);
#6207=ORIENTED_EDGE('',*,*,#4420,.T.);
#6208=ORIENTED_EDGE('',*,*,#4421,.T.);
#6209=ORIENTED_EDGE('',*,*,#4422,.T.);
#6210=ORIENTED_EDGE('',*,*,#4423,.F.);
#6211=ORIENTED_EDGE('',*,*,#4424,.F.);
#6212=ORIENTED_EDGE('',*,*,#4425,.F.);
#6213=ORIENTED_EDGE('',*,*,#4426,.T.);
#6214=ORIENTED_EDGE('',*,*,#4427,.T.);
#6215=ORIENTED_EDGE('',*,*,#4428,.F.);
#6216=ORIENTED_EDGE('',*,*,#4417,.F.);
#6217=ORIENTED_EDGE('',*,*,#4388,.F.);
#6218=ORIENTED_EDGE('',*,*,#4390,.F.);
#6219=ORIENTED_EDGE('',*,*,#4429,.T.);
#6220=ORIENTED_EDGE('',*,*,#4430,.T.);
#6221=ORIENTED_EDGE('',*,*,#4420,.F.);
#6222=ORIENTED_EDGE('',*,*,#4395,.F.);
#6223=ORIENTED_EDGE('',*,*,#4431,.T.);
#6224=ORIENTED_EDGE('',*,*,#4432,.T.);
#6225=ORIENTED_EDGE('',*,*,#4429,.F.);
#6226=ORIENTED_EDGE('',*,*,#4412,.F.);
#6227=ORIENTED_EDGE('',*,*,#4409,.F.);
#6228=ORIENTED_EDGE('',*,*,#4407,.F.);
#6229=ORIENTED_EDGE('',*,*,#4433,.F.);
#6230=ORIENTED_EDGE('',*,*,#4434,.T.);
#6231=ORIENTED_EDGE('',*,*,#4431,.F.);
#6232=ORIENTED_EDGE('',*,*,#4419,.F.);
#6233=ORIENTED_EDGE('',*,*,#4428,.T.);
#6234=ORIENTED_EDGE('',*,*,#4435,.T.);
#6235=ORIENTED_EDGE('',*,*,#4405,.F.);
#6236=ORIENTED_EDGE('',*,*,#4436,.T.);
#6237=ORIENTED_EDGE('',*,*,#4399,.F.);
#6238=ORIENTED_EDGE('',*,*,#4437,.T.);
#6239=ORIENTED_EDGE('',*,*,#4406,.F.);
#6240=ORIENTED_EDGE('',*,*,#4435,.F.);
#6241=ORIENTED_EDGE('',*,*,#4427,.F.);
#6242=ORIENTED_EDGE('',*,*,#4438,.T.);
#6243=ORIENTED_EDGE('',*,*,#4439,.T.);
#6244=ORIENTED_EDGE('',*,*,#4440,.F.);
#6245=ORIENTED_EDGE('',*,*,#4441,.F.);
#6246=ORIENTED_EDGE('',*,*,#4442,.T.);
#6247=ORIENTED_EDGE('',*,*,#4443,.T.);
#6248=ORIENTED_EDGE('',*,*,#4433,.T.);
#6249=ORIENTED_EDGE('',*,*,#4391,.F.);
#6250=ORIENTED_EDGE('',*,*,#4415,.F.);
#6251=ORIENTED_EDGE('',*,*,#4413,.F.);
#6252=ORIENTED_EDGE('',*,*,#4411,.F.);
#6253=ORIENTED_EDGE('',*,*,#4393,.F.);
#6254=ORIENTED_EDGE('',*,*,#4444,.T.);
#6255=ORIENTED_EDGE('',*,*,#4445,.T.);
#6256=ORIENTED_EDGE('',*,*,#4446,.T.);
#6257=ORIENTED_EDGE('',*,*,#4447,.T.);
#6258=ORIENTED_EDGE('',*,*,#4445,.F.);
#6259=ORIENTED_EDGE('',*,*,#4447,.F.);
#6260=ORIENTED_EDGE('',*,*,#4448,.T.);
#6261=ORIENTED_EDGE('',*,*,#4449,.T.);
#6262=ORIENTED_EDGE('',*,*,#4448,.F.);
#6263=ORIENTED_EDGE('',*,*,#4446,.F.);
#6264=ORIENTED_EDGE('',*,*,#4444,.F.);
#6265=ORIENTED_EDGE('',*,*,#4450,.T.);
#6266=ORIENTED_EDGE('',*,*,#4451,.F.);
#6267=ORIENTED_EDGE('',*,*,#4452,.F.);
#6268=ORIENTED_EDGE('',*,*,#4453,.F.);
#6269=ORIENTED_EDGE('',*,*,#4454,.T.);
#6270=ORIENTED_EDGE('',*,*,#4452,.T.);
#6271=ORIENTED_EDGE('',*,*,#4455,.T.);
#6272=ORIENTED_EDGE('',*,*,#4456,.T.);
#6273=ORIENTED_EDGE('',*,*,#4457,.T.);
#6274=ORIENTED_EDGE('',*,*,#4451,.T.);
#6275=ORIENTED_EDGE('',*,*,#4458,.T.);
#6276=ORIENTED_EDGE('',*,*,#4459,.T.);
#6277=ORIENTED_EDGE('',*,*,#4460,.F.);
#6278=ORIENTED_EDGE('',*,*,#4461,.F.);
#6279=ORIENTED_EDGE('',*,*,#4462,.F.);
#6280=ORIENTED_EDGE('',*,*,#4463,.T.);
#6281=ORIENTED_EDGE('',*,*,#4464,.T.);
#6282=ORIENTED_EDGE('',*,*,#4461,.T.);
#6283=ORIENTED_EDGE('',*,*,#4465,.T.);
#6284=ORIENTED_EDGE('',*,*,#4466,.T.);
#6285=ORIENTED_EDGE('',*,*,#4467,.T.);
#6286=ORIENTED_EDGE('',*,*,#4468,.T.);
#6287=ORIENTED_EDGE('',*,*,#4459,.F.);
#6288=ORIENTED_EDGE('',*,*,#4469,.F.);
#6289=ORIENTED_EDGE('',*,*,#4470,.F.);
#6290=ORIENTED_EDGE('',*,*,#4471,.F.);
#6291=ORIENTED_EDGE('',*,*,#4472,.T.);
#6292=ORIENTED_EDGE('',*,*,#4473,.T.);
#6293=ORIENTED_EDGE('',*,*,#4474,.T.);
#6294=ORIENTED_EDGE('',*,*,#4475,.T.);
#6295=ORIENTED_EDGE('',*,*,#4476,.T.);
#6296=ORIENTED_EDGE('',*,*,#4470,.T.);
#6297=ORIENTED_EDGE('',*,*,#4477,.T.);
#6298=ORIENTED_EDGE('',*,*,#4475,.F.);
#6299=ORIENTED_EDGE('',*,*,#4478,.T.);
#6300=ORIENTED_EDGE('',*,*,#4471,.T.);
#6301=ORIENTED_EDGE('',*,*,#4479,.T.);
#6302=ORIENTED_EDGE('',*,*,#4467,.F.);
#6303=ORIENTED_EDGE('',*,*,#4469,.T.);
#6304=ORIENTED_EDGE('',*,*,#4480,.T.);
#6305=ORIENTED_EDGE('',*,*,#4462,.T.);
#6306=ORIENTED_EDGE('',*,*,#4481,.T.);
#6307=ORIENTED_EDGE('',*,*,#4460,.T.);
#6308=ORIENTED_EDGE('',*,*,#4482,.T.);
#6309=ORIENTED_EDGE('',*,*,#4453,.T.);
#6310=ORIENTED_EDGE('',*,*,#4483,.T.);
#6311=ORIENTED_EDGE('',*,*,#4484,.T.);
#6312=ORIENTED_EDGE('',*,*,#4441,.T.);
#6313=ORIENTED_EDGE('',*,*,#4485,.T.);
#6314=ORIENTED_EDGE('',*,*,#4456,.F.);
#6315=ORIENTED_EDGE('',*,*,#4484,.F.);
#6316=ORIENTED_EDGE('',*,*,#4455,.F.);
#6317=ORIENTED_EDGE('',*,*,#4457,.F.);
#6318=ORIENTED_EDGE('',*,*,#4486,.T.);
#6319=ORIENTED_EDGE('',*,*,#4487,.T.);
#6320=ORIENTED_EDGE('',*,*,#4442,.F.);
#6321=ORIENTED_EDGE('',*,*,#4468,.F.);
#6322=ORIENTED_EDGE('',*,*,#4488,.F.);
#6323=ORIENTED_EDGE('',*,*,#4489,.T.);
#6324=ORIENTED_EDGE('',*,*,#4486,.F.);
#6325=ORIENTED_EDGE('',*,*,#4479,.F.);
#6326=ORIENTED_EDGE('',*,*,#4476,.F.);
#6327=ORIENTED_EDGE('',*,*,#4474,.F.);
#6328=ORIENTED_EDGE('',*,*,#4490,.F.);
#6329=ORIENTED_EDGE('',*,*,#4491,.T.);
#6330=ORIENTED_EDGE('',*,*,#4488,.T.);
#6331=ORIENTED_EDGE('',*,*,#4485,.F.);
#6332=ORIENTED_EDGE('',*,*,#4440,.T.);
#6333=ORIENTED_EDGE('',*,*,#4492,.T.);
#6334=ORIENTED_EDGE('',*,*,#4472,.F.);
#6335=ORIENTED_EDGE('',*,*,#4493,.T.);
#6336=ORIENTED_EDGE('',*,*,#4463,.F.);
#6337=ORIENTED_EDGE('',*,*,#4494,.T.);
#6338=ORIENTED_EDGE('',*,*,#4473,.F.);
#6339=ORIENTED_EDGE('',*,*,#4492,.F.);
#6340=ORIENTED_EDGE('',*,*,#4439,.F.);
#6341=ORIENTED_EDGE('',*,*,#4495,.T.);
#6342=ORIENTED_EDGE('',*,*,#4496,.T.);
#6343=ORIENTED_EDGE('',*,*,#4497,.F.);
#6344=ORIENTED_EDGE('',*,*,#4498,.F.);
#6345=ORIENTED_EDGE('',*,*,#4499,.T.);
#6346=ORIENTED_EDGE('',*,*,#4500,.T.);
#6347=ORIENTED_EDGE('',*,*,#4490,.T.);
#6348=ORIENTED_EDGE('',*,*,#4458,.F.);
#6349=ORIENTED_EDGE('',*,*,#4482,.F.);
#6350=ORIENTED_EDGE('',*,*,#4480,.F.);
#6351=ORIENTED_EDGE('',*,*,#4478,.F.);
#6352=ORIENTED_EDGE('',*,*,#4466,.F.);
#6353=ORIENTED_EDGE('',*,*,#4501,.T.);
#6354=ORIENTED_EDGE('',*,*,#4423,.T.);
#6355=ORIENTED_EDGE('',*,*,#4502,.T.);
#6356=ORIENTED_EDGE('',*,*,#4503,.T.);
#6357=ORIENTED_EDGE('',*,*,#4504,.F.);
#6358=ORIENTED_EDGE('',*,*,#4505,.F.);
#6359=ORIENTED_EDGE('',*,*,#4506,.F.);
#6360=ORIENTED_EDGE('',*,*,#4507,.T.);
#6361=ORIENTED_EDGE('',*,*,#4505,.T.);
#6362=ORIENTED_EDGE('',*,*,#4508,.T.);
#6363=ORIENTED_EDGE('',*,*,#4503,.F.);
#6364=ORIENTED_EDGE('',*,*,#4509,.F.);
#6365=ORIENTED_EDGE('',*,*,#4510,.F.);
#6366=ORIENTED_EDGE('',*,*,#4511,.F.);
#6367=ORIENTED_EDGE('',*,*,#4512,.T.);
#6368=ORIENTED_EDGE('',*,*,#4513,.T.);
#6369=ORIENTED_EDGE('',*,*,#4510,.T.);
#6370=ORIENTED_EDGE('',*,*,#4514,.T.);
#6371=ORIENTED_EDGE('',*,*,#4504,.T.);
#6372=ORIENTED_EDGE('',*,*,#4515,.T.);
#6373=ORIENTED_EDGE('',*,*,#4511,.T.);
#6374=ORIENTED_EDGE('',*,*,#4516,.T.);
#6375=ORIENTED_EDGE('',*,*,#4517,.F.);
#6376=ORIENTED_EDGE('',*,*,#4518,.F.);
#6377=ORIENTED_EDGE('',*,*,#4519,.F.);
#6378=ORIENTED_EDGE('',*,*,#4520,.T.);
#6379=ORIENTED_EDGE('',*,*,#4518,.T.);
#6380=ORIENTED_EDGE('',*,*,#4521,.T.);
#6381=ORIENTED_EDGE('',*,*,#4522,.T.);
#6382=ORIENTED_EDGE('',*,*,#4523,.T.);
#6383=ORIENTED_EDGE('',*,*,#4524,.T.);
#6384=ORIENTED_EDGE('',*,*,#4525,.T.);
#6385=ORIENTED_EDGE('',*,*,#4522,.F.);
#6386=ORIENTED_EDGE('',*,*,#4509,.T.);
#6387=ORIENTED_EDGE('',*,*,#4526,.T.);
#6388=ORIENTED_EDGE('',*,*,#4519,.T.);
#6389=ORIENTED_EDGE('',*,*,#4527,.T.);
#6390=ORIENTED_EDGE('',*,*,#4528,.T.);
#6391=ORIENTED_EDGE('',*,*,#4517,.T.);
#6392=ORIENTED_EDGE('',*,*,#4529,.T.);
#6393=ORIENTED_EDGE('',*,*,#4530,.T.);
#6394=ORIENTED_EDGE('',*,*,#4531,.T.);
#6395=ORIENTED_EDGE('',*,*,#4530,.F.);
#6396=ORIENTED_EDGE('',*,*,#4532,.T.);
#6397=ORIENTED_EDGE('',*,*,#4533,.T.);
#6398=ORIENTED_EDGE('',*,*,#4534,.T.);
#6399=ORIENTED_EDGE('',*,*,#4506,.T.);
#6400=ORIENTED_EDGE('',*,*,#4535,.T.);
#6401=ORIENTED_EDGE('',*,*,#4533,.F.);
#6402=ORIENTED_EDGE('',*,*,#4508,.F.);
#6403=ORIENTED_EDGE('',*,*,#4516,.F.);
#6404=ORIENTED_EDGE('',*,*,#4513,.F.);
#6405=ORIENTED_EDGE('',*,*,#4536,.F.);
#6406=ORIENTED_EDGE('',*,*,#4514,.F.);
#6407=ORIENTED_EDGE('',*,*,#4527,.F.);
#6408=ORIENTED_EDGE('',*,*,#4520,.F.);
#6409=ORIENTED_EDGE('',*,*,#4537,.F.);
#6410=ORIENTED_EDGE('',*,*,#4524,.F.);
#6411=ORIENTED_EDGE('',*,*,#4538,.T.);
#6412=ORIENTED_EDGE('',*,*,#4539,.T.);
#6413=ORIENTED_EDGE('',*,*,#4540,.T.);
#6414=ORIENTED_EDGE('',*,*,#4541,.F.);
#6415=ORIENTED_EDGE('',*,*,#4542,.F.);
#6416=ORIENTED_EDGE('',*,*,#4496,.F.);
#6417=ORIENTED_EDGE('',*,*,#4543,.T.);
#6418=ORIENTED_EDGE('',*,*,#4425,.T.);
#6419=ORIENTED_EDGE('',*,*,#4544,.F.);
#6420=ORIENTED_EDGE('',*,*,#4515,.F.);
#6421=ORIENTED_EDGE('',*,*,#4534,.F.);
#6422=ORIENTED_EDGE('',*,*,#4532,.F.);
#6423=ORIENTED_EDGE('',*,*,#4529,.F.);
#6424=ORIENTED_EDGE('',*,*,#4526,.F.);
#6425=ORIENTED_EDGE('',*,*,#4545,.F.);
#6426=ORIENTED_EDGE('',*,*,#4546,.F.);
#6427=ORIENTED_EDGE('',*,*,#4547,.F.);
#6428=ORIENTED_EDGE('',*,*,#4548,.T.);
#6429=ORIENTED_EDGE('',*,*,#4546,.T.);
#6430=ORIENTED_EDGE('',*,*,#4549,.T.);
#6431=ORIENTED_EDGE('',*,*,#4550,.T.);
#6432=ORIENTED_EDGE('',*,*,#4551,.T.);
#6433=ORIENTED_EDGE('',*,*,#4545,.T.);
#6434=ORIENTED_EDGE('',*,*,#4552,.T.);
#6435=ORIENTED_EDGE('',*,*,#4553,.T.);
#6436=ORIENTED_EDGE('',*,*,#4554,.T.);
#6437=ORIENTED_EDGE('',*,*,#4555,.T.);
#6438=ORIENTED_EDGE('',*,*,#4556,.T.);
#6439=ORIENTED_EDGE('',*,*,#4553,.F.);
#6440=ORIENTED_EDGE('',*,*,#4557,.F.);
#6441=ORIENTED_EDGE('',*,*,#4558,.F.);
#6442=ORIENTED_EDGE('',*,*,#4559,.F.);
#6443=ORIENTED_EDGE('',*,*,#4560,.T.);
#6444=ORIENTED_EDGE('',*,*,#4561,.T.);
#6445=ORIENTED_EDGE('',*,*,#4558,.T.);
#6446=ORIENTED_EDGE('',*,*,#4562,.T.);
#6447=ORIENTED_EDGE('',*,*,#4563,.F.);
#6448=ORIENTED_EDGE('',*,*,#4564,.F.);
#6449=ORIENTED_EDGE('',*,*,#4565,.F.);
#6450=ORIENTED_EDGE('',*,*,#4566,.T.);
#6451=ORIENTED_EDGE('',*,*,#4541,.T.);
#6452=ORIENTED_EDGE('',*,*,#4567,.T.);
#6453=ORIENTED_EDGE('',*,*,#4568,.T.);
#6454=ORIENTED_EDGE('',*,*,#4569,.T.);
#6455=ORIENTED_EDGE('',*,*,#4564,.T.);
#6456=ORIENTED_EDGE('',*,*,#4570,.T.);
#6457=ORIENTED_EDGE('',*,*,#4568,.F.);
#6458=ORIENTED_EDGE('',*,*,#4571,.T.);
#6459=ORIENTED_EDGE('',*,*,#4565,.T.);
#6460=ORIENTED_EDGE('',*,*,#4572,.T.);
#6461=ORIENTED_EDGE('',*,*,#4555,.F.);
#6462=ORIENTED_EDGE('',*,*,#4563,.T.);
#6463=ORIENTED_EDGE('',*,*,#4573,.T.);
#6464=ORIENTED_EDGE('',*,*,#4559,.T.);
#6465=ORIENTED_EDGE('',*,*,#4574,.T.);
#6466=ORIENTED_EDGE('',*,*,#4557,.T.);
#6467=ORIENTED_EDGE('',*,*,#4575,.T.);
#6468=ORIENTED_EDGE('',*,*,#4547,.T.);
#6469=ORIENTED_EDGE('',*,*,#4576,.T.);
#6470=ORIENTED_EDGE('',*,*,#4577,.T.);
#6471=ORIENTED_EDGE('',*,*,#4498,.T.);
#6472=ORIENTED_EDGE('',*,*,#4578,.T.);
#6473=ORIENTED_EDGE('',*,*,#4550,.F.);
#6474=ORIENTED_EDGE('',*,*,#4570,.F.);
#6475=ORIENTED_EDGE('',*,*,#4574,.F.);
#6476=ORIENTED_EDGE('',*,*,#4561,.F.);
#6477=ORIENTED_EDGE('',*,*,#4579,.F.);
#6478=ORIENTED_EDGE('',*,*,#4562,.F.);
#6479=ORIENTED_EDGE('',*,*,#4576,.F.);
#6480=ORIENTED_EDGE('',*,*,#4548,.F.);
#6481=ORIENTED_EDGE('',*,*,#4580,.F.);
#6482=ORIENTED_EDGE('',*,*,#4552,.F.);
#6483=ORIENTED_EDGE('',*,*,#4575,.F.);
#6484=ORIENTED_EDGE('',*,*,#4573,.F.);
#6485=ORIENTED_EDGE('',*,*,#4571,.F.);
#6486=ORIENTED_EDGE('',*,*,#4554,.F.);
#6487=ORIENTED_EDGE('',*,*,#4491,.F.);
#6488=ORIENTED_EDGE('',*,*,#4500,.F.);
#6489=ORIENTED_EDGE('',*,*,#4581,.F.);
#6490=ORIENTED_EDGE('',*,*,#4582,.F.);
#6491=ORIENTED_EDGE('',*,*,#4583,.F.);
#6492=ORIENTED_EDGE('',*,*,#4539,.F.);
#6493=ORIENTED_EDGE('',*,*,#4584,.F.);
#6494=ORIENTED_EDGE('',*,*,#4585,.F.);
#6495=ORIENTED_EDGE('',*,*,#4586,.F.);
#6496=ORIENTED_EDGE('',*,*,#4421,.F.);
#6497=ORIENTED_EDGE('',*,*,#4430,.F.);
#6498=ORIENTED_EDGE('',*,*,#4432,.F.);
#6499=ORIENTED_EDGE('',*,*,#4434,.F.);
#6500=ORIENTED_EDGE('',*,*,#4443,.F.);
#6501=ORIENTED_EDGE('',*,*,#4487,.F.);
#6502=ORIENTED_EDGE('',*,*,#4489,.F.);
#6503=ORIENTED_EDGE('',*,*,#4449,.F.);
#6504=ORIENTED_EDGE('',*,*,#4566,.F.);
#6505=ORIENTED_EDGE('',*,*,#4579,.T.);
#6506=ORIENTED_EDGE('',*,*,#4560,.F.);
#6507=ORIENTED_EDGE('',*,*,#4580,.T.);
#6508=ORIENTED_EDGE('',*,*,#4578,.F.);
#6509=ORIENTED_EDGE('',*,*,#4497,.T.);
#6510=ORIENTED_EDGE('',*,*,#4542,.T.);
#6511=ORIENTED_EDGE('',*,*,#4501,.F.);
#6512=ORIENTED_EDGE('',*,*,#4536,.T.);
#6513=ORIENTED_EDGE('',*,*,#4512,.F.);
#6514=ORIENTED_EDGE('',*,*,#4537,.T.);
#6515=ORIENTED_EDGE('',*,*,#4525,.F.);
#6516=ORIENTED_EDGE('',*,*,#4544,.T.);
#6517=ORIENTED_EDGE('',*,*,#4424,.T.);
#6518=ORIENTED_EDGE('',*,*,#4502,.F.);
#6519=ORIENTED_EDGE('',*,*,#4422,.F.);
#6520=ORIENTED_EDGE('',*,*,#4586,.T.);
#6521=ORIENTED_EDGE('',*,*,#4587,.T.);
#6522=ORIENTED_EDGE('',*,*,#4535,.F.);
#6523=ORIENTED_EDGE('',*,*,#4507,.F.);
#6524=ORIENTED_EDGE('',*,*,#4528,.F.);
#6525=ORIENTED_EDGE('',*,*,#4588,.T.);
#6526=ORIENTED_EDGE('',*,*,#4584,.T.);
#6527=ORIENTED_EDGE('',*,*,#4538,.F.);
#6528=ORIENTED_EDGE('',*,*,#4523,.F.);
#6529=ORIENTED_EDGE('',*,*,#4521,.F.);
#6530=ORIENTED_EDGE('',*,*,#4531,.F.);
#6531=ORIENTED_EDGE('',*,*,#4587,.F.);
#6532=ORIENTED_EDGE('',*,*,#4585,.T.);
#6533=ORIENTED_EDGE('',*,*,#4588,.F.);
#6534=ORIENTED_EDGE('',*,*,#4400,.F.);
#6535=ORIENTED_EDGE('',*,*,#4436,.F.);
#6536=ORIENTED_EDGE('',*,*,#4410,.F.);
#6537=ORIENTED_EDGE('',*,*,#4414,.F.);
#6538=ORIENTED_EDGE('',*,*,#4387,.F.);
#6539=ORIENTED_EDGE('',*,*,#4437,.F.);
#6540=ORIENTED_EDGE('',*,*,#4401,.F.);
#6541=ORIENTED_EDGE('',*,*,#4416,.F.);
#6542=ORIENTED_EDGE('',*,*,#4551,.F.);
#6543=ORIENTED_EDGE('',*,*,#4589,.T.);
#6544=ORIENTED_EDGE('',*,*,#4581,.T.);
#6545=ORIENTED_EDGE('',*,*,#4499,.F.);
#6546=ORIENTED_EDGE('',*,*,#4577,.F.);
#6547=ORIENTED_EDGE('',*,*,#4549,.F.);
#6548=ORIENTED_EDGE('',*,*,#4556,.F.);
#6549=ORIENTED_EDGE('',*,*,#4590,.T.);
#6550=ORIENTED_EDGE('',*,*,#4582,.T.);
#6551=ORIENTED_EDGE('',*,*,#4589,.F.);
#6552=ORIENTED_EDGE('',*,*,#4567,.F.);
#6553=ORIENTED_EDGE('',*,*,#4540,.F.);
#6554=ORIENTED_EDGE('',*,*,#4583,.T.);
#6555=ORIENTED_EDGE('',*,*,#4590,.F.);
#6556=ORIENTED_EDGE('',*,*,#4572,.F.);
#6557=ORIENTED_EDGE('',*,*,#4569,.F.);
#6558=ORIENTED_EDGE('',*,*,#4464,.F.);
#6559=ORIENTED_EDGE('',*,*,#4493,.F.);
#6560=ORIENTED_EDGE('',*,*,#4477,.F.);
#6561=ORIENTED_EDGE('',*,*,#4481,.F.);
#6562=ORIENTED_EDGE('',*,*,#4454,.F.);
#6563=ORIENTED_EDGE('',*,*,#4494,.F.);
#6564=ORIENTED_EDGE('',*,*,#4465,.F.);
#6565=ORIENTED_EDGE('',*,*,#4483,.F.);
#6566=ORIENTED_EDGE('',*,*,#4591,.F.);
#6567=ORIENTED_EDGE('',*,*,#4592,.T.);
#6568=ORIENTED_EDGE('',*,*,#4593,.T.);
#6569=ORIENTED_EDGE('',*,*,#4594,.F.);
#6570=ORIENTED_EDGE('',*,*,#4595,.F.);
#6571=ORIENTED_EDGE('',*,*,#4596,.T.);
#6572=ORIENTED_EDGE('',*,*,#4597,.T.);
#6573=ORIENTED_EDGE('',*,*,#4592,.F.);
#6574=ORIENTED_EDGE('',*,*,#4598,.F.);
#6575=ORIENTED_EDGE('',*,*,#4599,.T.);
#6576=ORIENTED_EDGE('',*,*,#4600,.T.);
#6577=ORIENTED_EDGE('',*,*,#4596,.F.);
#6578=ORIENTED_EDGE('',*,*,#4601,.F.);
#6579=ORIENTED_EDGE('',*,*,#4602,.T.);
#6580=ORIENTED_EDGE('',*,*,#4603,.T.);
#6581=ORIENTED_EDGE('',*,*,#4599,.F.);
#6582=ORIENTED_EDGE('',*,*,#4604,.F.);
#6583=ORIENTED_EDGE('',*,*,#4605,.T.);
#6584=ORIENTED_EDGE('',*,*,#4606,.T.);
#6585=ORIENTED_EDGE('',*,*,#4602,.F.);
#6586=ORIENTED_EDGE('',*,*,#4607,.F.);
#6587=ORIENTED_EDGE('',*,*,#4594,.T.);
#6588=ORIENTED_EDGE('',*,*,#4608,.T.);
#6589=ORIENTED_EDGE('',*,*,#4605,.F.);
#6590=ORIENTED_EDGE('',*,*,#4608,.F.);
#6591=ORIENTED_EDGE('',*,*,#4593,.F.);
#6592=ORIENTED_EDGE('',*,*,#4597,.F.);
#6593=ORIENTED_EDGE('',*,*,#4600,.F.);
#6594=ORIENTED_EDGE('',*,*,#4603,.F.);
#6595=ORIENTED_EDGE('',*,*,#4606,.F.);
#6596=ORIENTED_EDGE('',*,*,#4609,.F.);
#6597=ORIENTED_EDGE('',*,*,#4450,.F.);
#6598=ORIENTED_EDGE('',*,*,#4610,.T.);
#6599=ORIENTED_EDGE('',*,*,#4609,.T.);
#6600=ORIENTED_EDGE('',*,*,#4610,.F.);
#6601=ORIENTED_EDGE('',*,*,#4543,.F.);
#6602=ORIENTED_EDGE('',*,*,#4495,.F.);
#6603=ORIENTED_EDGE('',*,*,#4438,.F.);
#6604=ORIENTED_EDGE('',*,*,#4426,.F.);
#6605=ORIENTED_EDGE('',*,*,#4591,.T.);
#6606=ORIENTED_EDGE('',*,*,#4607,.T.);
#6607=ORIENTED_EDGE('',*,*,#4604,.T.);
#6608=ORIENTED_EDGE('',*,*,#4601,.T.);
#6609=ORIENTED_EDGE('',*,*,#4598,.T.);
#6610=ORIENTED_EDGE('',*,*,#4595,.T.);
#6611=CYLINDRICAL_SURFACE('',#7359,5.5);
#6612=CYLINDRICAL_SURFACE('',#7364,1.);
#6613=CYLINDRICAL_SURFACE('',#7368,5.5);
#6614=CYLINDRICAL_SURFACE('',#7373,5.);
#6615=CYLINDRICAL_SURFACE('',#7385,5.);
#6616=CYLINDRICAL_SURFACE('',#7387,5.);
#6617=CYLINDRICAL_SURFACE('',#7403,5.);
#6618=CYLINDRICAL_SURFACE('',#7408,5.);
#6619=CYLINDRICAL_SURFACE('',#7418,0.2);
#6620=CYLINDRICAL_SURFACE('',#7438,0.2);
#6621=CYLINDRICAL_SURFACE('',#7440,0.2);
#6622=CYLINDRICAL_SURFACE('',#7443,0.2);
#6623=CYLINDRICAL_SURFACE('',#7446,0.2);
#6624=CYLINDRICAL_SURFACE('',#7449,0.2);
#6625=CYLINDRICAL_SURFACE('',#7453,1.55);
#6626=CYLINDRICAL_SURFACE('',#7455,0.2);
#6627=CYLINDRICAL_SURFACE('',#7462,0.2);
#6628=CYLINDRICAL_SURFACE('',#7467,0.2);
#6629=CYLINDRICAL_SURFACE('',#7469,0.2);
#6630=CYLINDRICAL_SURFACE('',#7474,0.2);
#6631=CYLINDRICAL_SURFACE('',#7479,0.2);
#6632=CYLINDRICAL_SURFACE('',#7480,0.2);
#6633=CYLINDRICAL_SURFACE('',#7484,0.2);
#6634=CYLINDRICAL_SURFACE('',#7485,0.2);
#6635=CYLINDRICAL_SURFACE('',#7494,1.55);
#6636=CYLINDRICAL_SURFACE('',#7496,0.2);
#6637=CYLINDRICAL_SURFACE('',#7503,0.2);
#6638=CYLINDRICAL_SURFACE('',#7509,0.2);
#6639=CYLINDRICAL_SURFACE('',#7514,0.2);
#6640=CYLINDRICAL_SURFACE('',#7515,0.2);
#6641=CYLINDRICAL_SURFACE('',#7520,0.2);
#6642=CYLINDRICAL_SURFACE('',#7524,0.2);
#6643=CYLINDRICAL_SURFACE('',#7525,0.2);
#6644=CYLINDRICAL_SURFACE('',#7526,0.2);
#6645=CYLINDRICAL_SURFACE('',#7531,1.55);
#6646=CYLINDRICAL_SURFACE('',#7533,0.2);
#6647=CYLINDRICAL_SURFACE('',#7540,0.2);
#6648=CYLINDRICAL_SURFACE('',#7545,0.2);
#6649=CYLINDRICAL_SURFACE('',#7546,0.2);
#6650=CYLINDRICAL_SURFACE('',#7551,0.2);
#6651=CYLINDRICAL_SURFACE('',#7556,0.2);
#6652=CYLINDRICAL_SURFACE('',#7558,0.2);
#6653=CYLINDRICAL_SURFACE('',#7560,0.2);
#6654=CYLINDRICAL_SURFACE('',#7561,0.2);
#6655=CYLINDRICAL_SURFACE('',#7571,1.55);
#6656=CYLINDRICAL_SURFACE('',#7573,0.2);
#6657=CYLINDRICAL_SURFACE('',#7580,0.2);
#6658=CYLINDRICAL_SURFACE('',#7585,0.2);
#6659=CYLINDRICAL_SURFACE('',#7587,0.2);
#6660=CYLINDRICAL_SURFACE('',#7592,0.2);
#6661=CYLINDRICAL_SURFACE('',#7597,0.2);
#6662=CYLINDRICAL_SURFACE('',#7598,0.2);
#6663=CYLINDRICAL_SURFACE('',#7602,0.2);
#6664=CYLINDRICAL_SURFACE('',#7603,0.2);
#6665=CYLINDRICAL_SURFACE('',#7612,1.55);
#6666=CYLINDRICAL_SURFACE('',#7618,1.55);
#6667=CYLINDRICAL_SURFACE('',#7620,1.55);
#6668=CYLINDRICAL_SURFACE('',#7622,1.55);
#6669=CYLINDRICAL_SURFACE('',#7631,0.75);
#6670=CYLINDRICAL_SURFACE('',#7645,5.);
#6671=CYLINDRICAL_SURFACE('',#7647,5.);
#6672=CYLINDRICAL_SURFACE('',#7649,5.);
#6673=CYLINDRICAL_SURFACE('',#7672,0.2);
#6674=CYLINDRICAL_SURFACE('',#7675,0.2);
#6675=CYLINDRICAL_SURFACE('',#7677,0.2);
#6676=CYLINDRICAL_SURFACE('',#7682,0.2);
#6677=CYLINDRICAL_SURFACE('',#7685,0.2);
#6678=CYLINDRICAL_SURFACE('',#7690,0.2);
#6679=CYLINDRICAL_SURFACE('',#7692,1.55);
#6680=CYLINDRICAL_SURFACE('',#7700,0.2);
#6681=CYLINDRICAL_SURFACE('',#7707,0.2);
#6682=CYLINDRICAL_SURFACE('',#7710,0.2);
#6683=CYLINDRICAL_SURFACE('',#7720,0.2);
#6684=CYLINDRICAL_SURFACE('',#7723,0.2);
#6685=CYLINDRICAL_SURFACE('',#7727,0.2);
#6686=CYLINDRICAL_SURFACE('',#7729,1.55);
#6687=CYLINDRICAL_SURFACE('',#7734,0.2);
#6688=CYLINDRICAL_SURFACE('',#7737,0.2);
#6689=CYLINDRICAL_SURFACE('',#7742,0.2);
#6690=CYLINDRICAL_SURFACE('',#7745,0.2);
#6691=CYLINDRICAL_SURFACE('',#7750,0.2);
#6692=CYLINDRICAL_SURFACE('',#7753,0.2);
#6693=CYLINDRICAL_SURFACE('',#7762,0.2);
#6694=CYLINDRICAL_SURFACE('',#7764,1.55);
#6695=CYLINDRICAL_SURFACE('',#7766,0.2);
#6696=CYLINDRICAL_SURFACE('',#7771,0.2);
#6697=CYLINDRICAL_SURFACE('',#7774,0.2);
#6698=CYLINDRICAL_SURFACE('',#7778,0.2);
#6699=CYLINDRICAL_SURFACE('',#7785,0.2);
#6700=CYLINDRICAL_SURFACE('',#7788,0.2);
#6701=CYLINDRICAL_SURFACE('',#7793,0.2);
#6702=CYLINDRICAL_SURFACE('',#7796,0.2);
#6703=CYLINDRICAL_SURFACE('',#7801,0.2);
#6704=CYLINDRICAL_SURFACE('',#7803,1.55);
#6705=CYLINDRICAL_SURFACE('',#7812,0.2);
#6706=CYLINDRICAL_SURFACE('',#7815,0.2);
#6707=CYLINDRICAL_SURFACE('',#7821,0.2);
#6708=CYLINDRICAL_SURFACE('',#7824,0.2);
#6709=CYLINDRICAL_SURFACE('',#7826,0.2);
#6710=CYLINDRICAL_SURFACE('',#7831,0.2);
#6711=CYLINDRICAL_SURFACE('',#7834,0.2);
#6712=CYLINDRICAL_SURFACE('',#7839,0.2);
#6713=CYLINDRICAL_SURFACE('',#7841,1.55);
#6714=CYLINDRICAL_SURFACE('',#7849,0.2);
#6715=CYLINDRICAL_SURFACE('',#7852,0.2);
#6716=CYLINDRICAL_SURFACE('',#7862,0.2);
#6717=CYLINDRICAL_SURFACE('',#7868,0.2);
#6718=CYLINDRICAL_SURFACE('',#7871,0.2);
#6719=CYLINDRICAL_SURFACE('',#7877,0.2);
#6720=CYLINDRICAL_SURFACE('',#7883,0.2);
#6721=CYLINDRICAL_SURFACE('',#7889,0.2);
#6722=CYLINDRICAL_SURFACE('',#7891,0.2);
#6723=CYLINDRICAL_SURFACE('',#7896,0.2);
#6724=CYLINDRICAL_SURFACE('',#7898,0.2);
#6725=CYLINDRICAL_SURFACE('',#7902,0.2);
#6726=CYLINDRICAL_SURFACE('',#7909,0.2);
#6727=CYLINDRICAL_SURFACE('',#7915,0.2);
#6728=CYLINDRICAL_SURFACE('',#7917,0.2);
#6729=CYLINDRICAL_SURFACE('',#7921,0.2);
#6730=CYLINDRICAL_SURFACE('',#7923,0.2);
#6731=CYLINDRICAL_SURFACE('',#7931,0.2);
#6732=CYLINDRICAL_SURFACE('',#7933,0.2);
#6733=CYLINDRICAL_SURFACE('',#7942,0.2);
#6734=CYLINDRICAL_SURFACE('',#7948,0.2);
#6735=CYLINDRICAL_SURFACE('',#7957,0.2);
#6736=CYLINDRICAL_SURFACE('',#7963,0.2);
#6737=CYLINDRICAL_SURFACE('',#7965,0.2);
#6738=CYLINDRICAL_SURFACE('',#7970,0.2);
#6739=CYLINDRICAL_SURFACE('',#7972,0.2);
#6740=CYLINDRICAL_SURFACE('',#7973,0.2);
#6741=CYLINDRICAL_SURFACE('',#7974,0.2);
#6742=CYLINDRICAL_SURFACE('',#7975,1.55);
#6743=CYLINDRICAL_SURFACE('',#7980,1.55);
#6744=CYLINDRICAL_SURFACE('',#7982,1.55);
#6745=CYLINDRICAL_SURFACE('',#7996,0.75);
#6746=CYLINDRICAL_SURFACE('',#8009,0.2);
#6747=CYLINDRICAL_SURFACE('',#8011,0.2);
#6748=CYLINDRICAL_SURFACE('',#8019,0.2);
#6749=CYLINDRICAL_SURFACE('',#8025,0.2);
#6750=CYLINDRICAL_SURFACE('',#8028,0.2);
#6751=CYLINDRICAL_SURFACE('',#8029,0.2);
#6752=CYLINDRICAL_SURFACE('',#8030,0.2);
#6753=CYLINDRICAL_SURFACE('',#8031,0.2);
#6754=CYLINDRICAL_SURFACE('',#8032,0.2);
#6755=CYLINDRICAL_SURFACE('',#8037,1.55);
#6756=CYLINDRICAL_SURFACE('',#8049,1.3);
#6757=CYLINDRICAL_SURFACE('',#8057,0.2);
#6758=CYLINDRICAL_SURFACE('',#8059,0.2);
#6759=CYLINDRICAL_SURFACE('',#8064,0.2);
#6760=CYLINDRICAL_SURFACE('',#8073,0.2);
#6761=CYLINDRICAL_SURFACE('',#8076,0.2);
#6762=CYLINDRICAL_SURFACE('',#8077,0.2);
#6763=CYLINDRICAL_SURFACE('',#8078,0.2);
#6764=CYLINDRICAL_SURFACE('',#8079,0.2);
#6765=CYLINDRICAL_SURFACE('',#8080,0.2);
#6766=CYLINDRICAL_SURFACE('',#8082,1.55);
#6767=CYLINDRICAL_SURFACE('',#8089,0.2);
#6768=CYLINDRICAL_SURFACE('',#8095,0.2);
#6769=CYLINDRICAL_SURFACE('',#8100,0.2);
#6770=CYLINDRICAL_SURFACE('',#8102,0.2);
#6771=CYLINDRICAL_SURFACE('',#8107,0.2);
#6772=CYLINDRICAL_SURFACE('',#8109,0.2);
#6773=CYLINDRICAL_SURFACE('',#8111,0.2);
#6774=CYLINDRICAL_SURFACE('',#8112,0.2);
#6775=CYLINDRICAL_SURFACE('',#8116,0.2);
#6776=CYLINDRICAL_SURFACE('',#8126,0.2);
#6777=CYLINDRICAL_SURFACE('',#8128,0.2);
#6778=CYLINDRICAL_SURFACE('',#8136,0.2);
#6779=CYLINDRICAL_SURFACE('',#8142,0.2);
#6780=CYLINDRICAL_SURFACE('',#8144,0.2);
#6781=CYLINDRICAL_SURFACE('',#8145,0.2);
#6782=CYLINDRICAL_SURFACE('',#8146,0.2);
#6783=CYLINDRICAL_SURFACE('',#8147,0.2);
#6784=CYLINDRICAL_SURFACE('',#8148,0.2);
#6785=CYLINDRICAL_SURFACE('',#8159,1.55);
#6786=CYLINDRICAL_SURFACE('',#8163,1.55);
#6787=CYLINDRICAL_SURFACE('',#8175,0.75);
#6788=ADVANCED_FACE('',(#552),#6611,.T.);
#6789=ADVANCED_FACE('',(#553),#372,.T.);
#6790=ADVANCED_FACE('',(#554),#6612,.T.);
#6791=ADVANCED_FACE('',(#555),#373,.T.);
#6792=ADVANCED_FACE('',(#556),#6613,.T.);
#6793=ADVANCED_FACE('',(#557),#374,.T.);
#6794=ADVANCED_FACE('',(#558),#375,.T.);
#6795=ADVANCED_FACE('',(#559),#376,.T.);
#6796=ADVANCED_FACE('',(#560),#6614,.T.);
#6797=ADVANCED_FACE('',(#561),#377,.T.);
#6798=ADVANCED_FACE('',(#562),#378,.T.);
#6799=ADVANCED_FACE('',(#563),#379,.F.);
#6800=ADVANCED_FACE('',(#564),#380,.T.);
#6801=ADVANCED_FACE('',(#565),#381,.T.);
#6802=ADVANCED_FACE('',(#566),#382,.T.);
#6803=ADVANCED_FACE('',(#567),#383,.F.);
#6804=ADVANCED_FACE('',(#568),#6615,.T.);
#6805=ADVANCED_FACE('',(#569),#6616,.T.);
#6806=ADVANCED_FACE('',(#570),#384,.T.);
#6807=ADVANCED_FACE('',(#571),#385,.T.);
#6808=ADVANCED_FACE('',(#572),#386,.T.);
#6809=ADVANCED_FACE('',(#573),#387,.T.);
#6810=ADVANCED_FACE('',(#574),#388,.T.);
#6811=ADVANCED_FACE('',(#575),#389,.T.);
#6812=ADVANCED_FACE('',(#576),#390,.T.);
#6813=ADVANCED_FACE('',(#577),#391,.T.);
#6814=ADVANCED_FACE('',(#578),#392,.T.);
#6815=ADVANCED_FACE('',(#579),#393,.F.);
#6816=ADVANCED_FACE('',(#580),#394,.T.);
#6817=ADVANCED_FACE('',(#581),#6617,.T.);
#6818=ADVANCED_FACE('',(#582),#395,.T.);
#6819=ADVANCED_FACE('',(#583),#396,.F.);
#6820=ADVANCED_FACE('',(#584),#397,.T.);
#6821=ADVANCED_FACE('',(#585),#6618,.T.);
#6822=ADVANCED_FACE('',(#586),#398,.T.);
#6823=ADVANCED_FACE('',(#587),#399,.T.);
#6824=ADVANCED_FACE('',(#588),#400,.T.);
#6825=ADVANCED_FACE('',(#589),#401,.T.);
#6826=ADVANCED_FACE('',(#590),#402,.T.);
#6827=ADVANCED_FACE('',(#591),#403,.T.);
#6828=ADVANCED_FACE('',(#592),#404,.T.);
#6829=ADVANCED_FACE('',(#593),#6619,.T.);
#6830=ADVANCED_FACE('',(#594,#292),#405,.T.);
#6831=ADVANCED_FACE('',(#595),#6620,.T.);
#6832=ADVANCED_FACE('',(#596),#6621,.T.);
#6833=ADVANCED_FACE('',(#597),#406,.T.);
#6834=ADVANCED_FACE('',(#598),#6622,.T.);
#6835=ADVANCED_FACE('',(#599),#407,.T.);
#6836=ADVANCED_FACE('',(#600),#6623,.T.);
#6837=ADVANCED_FACE('',(#601),#408,.T.);
#6838=ADVANCED_FACE('',(#602),#6624,.T.);
#6839=ADVANCED_FACE('',(#603),#271,.T.);
#6840=ADVANCED_FACE('',(#604),#6625,.T.);
#6841=ADVANCED_FACE('',(#605),#6626,.T.);
#6842=ADVANCED_FACE('',(#606),#207,.T.);
#6843=ADVANCED_FACE('',(#607),#6627,.T.);
#6844=ADVANCED_FACE('',(#608),#208,.T.);
#6845=ADVANCED_FACE('',(#609),#6628,.T.);
#6846=ADVANCED_FACE('',(#610),#6629,.T.);
#6847=ADVANCED_FACE('',(#611),#209,.T.);
#6848=ADVANCED_FACE('',(#612),#6630,.T.);
#6849=ADVANCED_FACE('',(#613),#210,.T.);
#6850=ADVANCED_FACE('',(#614),#6631,.T.);
#6851=ADVANCED_FACE('',(#615),#6632,.T.);
#6852=ADVANCED_FACE('',(#616),#272,.T.);
#6853=ADVANCED_FACE('',(#617),#6633,.T.);
#6854=ADVANCED_FACE('',(#618),#6634,.T.);
#6855=ADVANCED_FACE('',(#619),#409,.T.);
#6856=ADVANCED_FACE('',(#620),#410,.T.);
#6857=ADVANCED_FACE('',(#621),#411,.T.);
#6858=ADVANCED_FACE('',(#622),#412,.T.);
#6859=ADVANCED_FACE('',(#623),#413,.T.);
#6860=ADVANCED_FACE('',(#624),#273,.T.);
#6861=ADVANCED_FACE('',(#625),#6635,.T.);
#6862=ADVANCED_FACE('',(#626),#6636,.T.);
#6863=ADVANCED_FACE('',(#627),#211,.T.);
#6864=ADVANCED_FACE('',(#628),#6637,.T.);
#6865=ADVANCED_FACE('',(#629),#212,.T.);
#6866=ADVANCED_FACE('',(#630),#6638,.T.);
#6867=ADVANCED_FACE('',(#631),#213,.T.);
#6868=ADVANCED_FACE('',(#632),#6639,.T.);
#6869=ADVANCED_FACE('',(#633),#6640,.T.);
#6870=ADVANCED_FACE('',(#634),#214,.T.);
#6871=ADVANCED_FACE('',(#635),#6641,.T.);
#6872=ADVANCED_FACE('',(#636),#274,.T.);
#6873=ADVANCED_FACE('',(#637),#6642,.T.);
#6874=ADVANCED_FACE('',(#638),#6643,.T.);
#6875=ADVANCED_FACE('',(#639),#6644,.T.);
#6876=ADVANCED_FACE('',(#640),#414,.T.);
#6877=ADVANCED_FACE('',(#641),#415,.T.);
#6878=ADVANCED_FACE('',(#642),#416,.T.);
#6879=ADVANCED_FACE('',(#643),#6645,.F.);
#6880=ADVANCED_FACE('',(#644),#417,.T.);
#6881=ADVANCED_FACE('',(#645),#6646,.T.);
#6882=ADVANCED_FACE('',(#646),#215,.T.);
#6883=ADVANCED_FACE('',(#647),#6647,.T.);
#6884=ADVANCED_FACE('',(#648),#216,.T.);
#6885=ADVANCED_FACE('',(#649),#6648,.T.);
#6886=ADVANCED_FACE('',(#650),#6649,.T.);
#6887=ADVANCED_FACE('',(#651),#217,.T.);
#6888=ADVANCED_FACE('',(#652),#6650,.T.);
#6889=ADVANCED_FACE('',(#653),#218,.T.);
#6890=ADVANCED_FACE('',(#654),#6651,.T.);
#6891=ADVANCED_FACE('',(#655),#6652,.T.);
#6892=ADVANCED_FACE('',(#656),#6653,.T.);
#6893=ADVANCED_FACE('',(#657),#6654,.T.);
#6894=ADVANCED_FACE('',(#658),#275,.T.);
#6895=ADVANCED_FACE('',(#659),#418,.T.);
#6896=ADVANCED_FACE('',(#660),#419,.T.);
#6897=ADVANCED_FACE('',(#661),#420,.T.);
#6898=ADVANCED_FACE('',(#662),#421,.T.);
#6899=ADVANCED_FACE('',(#663),#276,.T.);
#6900=ADVANCED_FACE('',(#664),#6655,.T.);
#6901=ADVANCED_FACE('',(#665),#6656,.T.);
#6902=ADVANCED_FACE('',(#666),#219,.T.);
#6903=ADVANCED_FACE('',(#667),#6657,.T.);
#6904=ADVANCED_FACE('',(#668),#220,.T.);
#6905=ADVANCED_FACE('',(#669),#6658,.T.);
#6906=ADVANCED_FACE('',(#670),#6659,.T.);
#6907=ADVANCED_FACE('',(#671),#221,.T.);
#6908=ADVANCED_FACE('',(#672),#6660,.T.);
#6909=ADVANCED_FACE('',(#673),#222,.T.);
#6910=ADVANCED_FACE('',(#674),#6661,.T.);
#6911=ADVANCED_FACE('',(#675),#6662,.T.);
#6912=ADVANCED_FACE('',(#676),#277,.T.);
#6913=ADVANCED_FACE('',(#677),#6663,.T.);
#6914=ADVANCED_FACE('',(#678),#6664,.T.);
#6915=ADVANCED_FACE('',(#679),#422,.T.);
#6916=ADVANCED_FACE('',(#680),#423,.T.);
#6917=ADVANCED_FACE('',(#681),#424,.T.);
#6918=ADVANCED_FACE('',(#682),#278,.T.);
#6919=ADVANCED_FACE('',(#683),#425,.T.);
#6920=ADVANCED_FACE('',(#684),#426,.T.);
#6921=ADVANCED_FACE('',(#685),#6665,.T.);
#6922=ADVANCED_FACE('',(#686),#427,.T.);
#6923=ADVANCED_FACE('',(#687),#428,.T.);
#6924=ADVANCED_FACE('',(#688),#429,.T.);
#6925=ADVANCED_FACE('',(#689),#430,.T.);
#6926=ADVANCED_FACE('',(#690),#6666,.F.);
#6927=ADVANCED_FACE('',(#691),#431,.T.);
#6928=ADVANCED_FACE('',(#692),#6667,.F.);
#6929=ADVANCED_FACE('',(#693),#432,.T.);
#6930=ADVANCED_FACE('',(#694),#6668,.F.);
#6931=ADVANCED_FACE('',(#695),#433,.F.);
#6932=ADVANCED_FACE('',(#696),#434,.F.);
#6933=ADVANCED_FACE('',(#697),#435,.F.);
#6934=ADVANCED_FACE('',(#698),#436,.F.);
#6935=ADVANCED_FACE('',(#699),#437,.F.);
#6936=ADVANCED_FACE('',(#700),#438,.F.);
#6937=ADVANCED_FACE('',(#701,#293),#439,.F.);
#6938=ADVANCED_FACE('',(#702),#6669,.F.);
#6939=ADVANCED_FACE('',(#703),#440,.T.);
#6940=ADVANCED_FACE('',(#704,#294),#441,.F.);
#6941=ADVANCED_FACE('',(#705),#442,.F.);
#6942=ADVANCED_FACE('',(#706),#443,.F.);
#6943=ADVANCED_FACE('',(#707),#444,.T.);
#6944=ADVANCED_FACE('',(#708),#445,.T.);
#6945=ADVANCED_FACE('',(#709),#446,.T.);
#6946=ADVANCED_FACE('',(#710),#447,.T.);
#6947=ADVANCED_FACE('',(#711),#448,.F.);
#6948=ADVANCED_FACE('',(#712),#6670,.T.);
#6949=ADVANCED_FACE('',(#713),#6671,.T.);
#6950=ADVANCED_FACE('',(#714),#6672,.T.);
#6951=ADVANCED_FACE('',(#715),#449,.T.);
#6952=ADVANCED_FACE('',(#716),#450,.T.);
#6953=ADVANCED_FACE('',(#717),#451,.T.);
#6954=ADVANCED_FACE('',(#718),#452,.T.);
#6955=ADVANCED_FACE('',(#719),#453,.T.);
#6956=ADVANCED_FACE('',(#720),#454,.T.);
#6957=ADVANCED_FACE('',(#721),#455,.T.);
#6958=ADVANCED_FACE('',(#722),#456,.T.);
#6959=ADVANCED_FACE('',(#723),#457,.T.);
#6960=ADVANCED_FACE('',(#724),#458,.T.);
#6961=ADVANCED_FACE('',(#725),#459,.T.);
#6962=ADVANCED_FACE('',(#726),#460,.T.);
#6963=ADVANCED_FACE('',(#727),#461,.T.);
#6964=ADVANCED_FACE('',(#728),#462,.T.);
#6965=ADVANCED_FACE('',(#729),#463,.T.);
#6966=ADVANCED_FACE('',(#730),#464,.T.);
#6967=ADVANCED_FACE('',(#731),#223,.T.);
#6968=ADVANCED_FACE('',(#732),#6673,.T.);
#6969=ADVANCED_FACE('',(#733),#465,.T.);
#6970=ADVANCED_FACE('',(#734),#6674,.T.);
#6971=ADVANCED_FACE('',(#735),#6675,.T.);
#6972=ADVANCED_FACE('',(#736),#224,.T.);
#6973=ADVANCED_FACE('',(#737),#6676,.T.);
#6974=ADVANCED_FACE('',(#738),#466,.T.);
#6975=ADVANCED_FACE('',(#739),#6677,.T.);
#6976=ADVANCED_FACE('',(#740),#225,.T.);
#6977=ADVANCED_FACE('',(#741),#6678,.T.);
#6978=ADVANCED_FACE('',(#742),#6679,.F.);
#6979=ADVANCED_FACE('',(#743),#279,.T.);
#6980=ADVANCED_FACE('',(#744),#226,.T.);
#6981=ADVANCED_FACE('',(#745),#6680,.T.);
#6982=ADVANCED_FACE('',(#746),#467,.T.);
#6983=ADVANCED_FACE('',(#747),#227,.T.);
#6984=ADVANCED_FACE('',(#748),#6681,.T.);
#6985=ADVANCED_FACE('',(#749),#468,.T.);
#6986=ADVANCED_FACE('',(#750),#6682,.T.);
#6987=ADVANCED_FACE('',(#751),#280,.T.);
#6988=ADVANCED_FACE('',(#752),#228,.T.);
#6989=ADVANCED_FACE('',(#753),#6683,.T.);
#6990=ADVANCED_FACE('',(#754),#469,.T.);
#6991=ADVANCED_FACE('',(#755),#6684,.T.);
#6992=ADVANCED_FACE('',(#756),#229,.T.);
#6993=ADVANCED_FACE('',(#757),#6685,.T.);
#6994=ADVANCED_FACE('',(#758),#6686,.F.);
#6995=ADVANCED_FACE('',(#759),#230,.T.);
#6996=ADVANCED_FACE('',(#760),#6687,.T.);
#6997=ADVANCED_FACE('',(#761),#470,.T.);
#6998=ADVANCED_FACE('',(#762),#6688,.T.);
#6999=ADVANCED_FACE('',(#763),#231,.T.);
#7000=ADVANCED_FACE('',(#764),#6689,.T.);
#7001=ADVANCED_FACE('',(#765),#471,.T.);
#7002=ADVANCED_FACE('',(#766),#6690,.T.);
#7003=ADVANCED_FACE('',(#767),#232,.T.);
#7004=ADVANCED_FACE('',(#768),#6691,.T.);
#7005=ADVANCED_FACE('',(#769),#472,.T.);
#7006=ADVANCED_FACE('',(#770),#6692,.T.);
#7007=ADVANCED_FACE('',(#771),#281,.T.);
#7008=ADVANCED_FACE('',(#772),#233,.T.);
#7009=ADVANCED_FACE('',(#773),#6693,.T.);
#7010=ADVANCED_FACE('',(#774),#6694,.F.);
#7011=ADVANCED_FACE('',(#775),#6695,.T.);
#7012=ADVANCED_FACE('',(#776),#234,.T.);
#7013=ADVANCED_FACE('',(#777),#6696,.T.);
#7014=ADVANCED_FACE('',(#778),#473,.T.);
#7015=ADVANCED_FACE('',(#779),#6697,.T.);
#7016=ADVANCED_FACE('',(#780),#235,.T.);
#7017=ADVANCED_FACE('',(#781),#6698,.T.);
#7018=ADVANCED_FACE('',(#782),#474,.T.);
#7019=ADVANCED_FACE('',(#783),#236,.T.);
#7020=ADVANCED_FACE('',(#784),#6699,.T.);
#7021=ADVANCED_FACE('',(#785),#475,.T.);
#7022=ADVANCED_FACE('',(#786),#6700,.T.);
#7023=ADVANCED_FACE('',(#787),#237,.T.);
#7024=ADVANCED_FACE('',(#788),#6701,.T.);
#7025=ADVANCED_FACE('',(#789),#476,.T.);
#7026=ADVANCED_FACE('',(#790),#6702,.T.);
#7027=ADVANCED_FACE('',(#791),#238,.T.);
#7028=ADVANCED_FACE('',(#792),#6703,.T.);
#7029=ADVANCED_FACE('',(#793),#6704,.F.);
#7030=ADVANCED_FACE('',(#794),#282,.T.);
#7031=ADVANCED_FACE('',(#795),#239,.T.);
#7032=ADVANCED_FACE('',(#796),#6705,.T.);
#7033=ADVANCED_FACE('',(#797),#477,.T.);
#7034=ADVANCED_FACE('',(#798),#6706,.T.);
#7035=ADVANCED_FACE('',(#799),#240,.T.);
#7036=ADVANCED_FACE('',(#800),#6707,.T.);
#7037=ADVANCED_FACE('',(#801),#478,.T.);
#7038=ADVANCED_FACE('',(#802),#6708,.T.);
#7039=ADVANCED_FACE('',(#803),#6709,.T.);
#7040=ADVANCED_FACE('',(#804),#241,.T.);
#7041=ADVANCED_FACE('',(#805),#6710,.T.);
#7042=ADVANCED_FACE('',(#806),#479,.T.);
#7043=ADVANCED_FACE('',(#807),#6711,.T.);
#7044=ADVANCED_FACE('',(#808),#242,.T.);
#7045=ADVANCED_FACE('',(#809),#6712,.T.);
#7046=ADVANCED_FACE('',(#810),#6713,.F.);
#7047=ADVANCED_FACE('',(#811),#283,.T.);
#7048=ADVANCED_FACE('',(#812),#243,.T.);
#7049=ADVANCED_FACE('',(#813),#6714,.T.);
#7050=ADVANCED_FACE('',(#814),#480,.T.);
#7051=ADVANCED_FACE('',(#815),#6715,.T.);
#7052=ADVANCED_FACE('',(#816),#244,.T.);
#7053=ADVANCED_FACE('',(#817),#284,.T.);
#7054=ADVANCED_FACE('',(#818),#6716,.T.);
#7055=ADVANCED_FACE('',(#819),#481,.T.);
#7056=ADVANCED_FACE('',(#820),#245,.T.);
#7057=ADVANCED_FACE('',(#821),#6717,.T.);
#7058=ADVANCED_FACE('',(#822),#482,.T.);
#7059=ADVANCED_FACE('',(#823),#6718,.T.);
#7060=ADVANCED_FACE('',(#824),#246,.T.);
#7061=ADVANCED_FACE('',(#825),#6719,.T.);
#7062=ADVANCED_FACE('',(#826),#247,.T.);
#7063=ADVANCED_FACE('',(#827),#6720,.T.);
#7064=ADVANCED_FACE('',(#828),#248,.T.);
#7065=ADVANCED_FACE('',(#829),#6721,.T.);
#7066=ADVANCED_FACE('',(#830),#6722,.T.);
#7067=ADVANCED_FACE('',(#831),#249,.T.);
#7068=ADVANCED_FACE('',(#832),#6723,.T.);
#7069=ADVANCED_FACE('',(#833),#6724,.T.);
#7070=ADVANCED_FACE('',(#834),#285,.T.);
#7071=ADVANCED_FACE('',(#835),#6725,.T.);
#7072=ADVANCED_FACE('',(#836),#483,.T.);
#7073=ADVANCED_FACE('',(#837),#484,.T.);
#7074=ADVANCED_FACE('',(#838),#485,.T.);
#7075=ADVANCED_FACE('',(#839),#250,.T.);
#7076=ADVANCED_FACE('',(#840),#6726,.T.);
#7077=ADVANCED_FACE('',(#841),#251,.T.);
#7078=ADVANCED_FACE('',(#842),#6727,.T.);
#7079=ADVANCED_FACE('',(#843),#6728,.T.);
#7080=ADVANCED_FACE('',(#844),#252,.T.);
#7081=ADVANCED_FACE('',(#845),#6729,.T.);
#7082=ADVANCED_FACE('',(#846),#6730,.T.);
#7083=ADVANCED_FACE('',(#847),#486,.T.);
#7084=ADVANCED_FACE('',(#848),#487,.T.);
#7085=ADVANCED_FACE('',(#849),#488,.T.);
#7086=ADVANCED_FACE('',(#850),#489,.T.);
#7087=ADVANCED_FACE('',(#851),#253,.T.);
#7088=ADVANCED_FACE('',(#852),#6731,.T.);
#7089=ADVANCED_FACE('',(#853),#6732,.T.);
#7090=ADVANCED_FACE('',(#854),#490,.T.);
#7091=ADVANCED_FACE('',(#855),#491,.T.);
#7092=ADVANCED_FACE('',(#856),#492,.T.);
#7093=ADVANCED_FACE('',(#857),#493,.T.);
#7094=ADVANCED_FACE('',(#858),#254,.T.);
#7095=ADVANCED_FACE('',(#859),#6733,.T.);
#7096=ADVANCED_FACE('',(#860),#255,.T.);
#7097=ADVANCED_FACE('',(#861),#6734,.T.);
#7098=ADVANCED_FACE('',(#862),#286,.T.);
#7099=ADVANCED_FACE('',(#863),#256,.T.);
#7100=ADVANCED_FACE('',(#864),#6735,.T.);
#7101=ADVANCED_FACE('',(#865),#257,.T.);
#7102=ADVANCED_FACE('',(#866),#6736,.T.);
#7103=ADVANCED_FACE('',(#867),#6737,.T.);
#7104=ADVANCED_FACE('',(#868),#258,.T.);
#7105=ADVANCED_FACE('',(#869),#6738,.T.);
#7106=ADVANCED_FACE('',(#870),#6739,.T.);
#7107=ADVANCED_FACE('',(#871),#6740,.T.);
#7108=ADVANCED_FACE('',(#872),#6741,.T.);
#7109=ADVANCED_FACE('',(#873),#6742,.F.);
#7110=ADVANCED_FACE('',(#874),#494,.T.);
#7111=ADVANCED_FACE('',(#875),#495,.T.);
#7112=ADVANCED_FACE('',(#876),#496,.T.);
#7113=ADVANCED_FACE('',(#877),#6743,.F.);
#7114=ADVANCED_FACE('',(#878),#6744,.F.);
#7115=ADVANCED_FACE('',(#879),#497,.T.);
#7116=ADVANCED_FACE('',(#880),#498,.T.);
#7117=ADVANCED_FACE('',(#881),#499,.T.);
#7118=ADVANCED_FACE('',(#882),#500,.T.);
#7119=ADVANCED_FACE('',(#883),#501,.F.);
#7120=ADVANCED_FACE('',(#884),#502,.F.);
#7121=ADVANCED_FACE('',(#885),#503,.F.);
#7122=ADVANCED_FACE('',(#886),#504,.F.);
#7123=ADVANCED_FACE('',(#887),#505,.F.);
#7124=ADVANCED_FACE('',(#888),#506,.F.);
#7125=ADVANCED_FACE('',(#889,#295),#507,.F.);
#7126=ADVANCED_FACE('',(#890),#6745,.F.);
#7127=ADVANCED_FACE('',(#891),#508,.T.);
#7128=ADVANCED_FACE('',(#892),#509,.T.);
#7129=ADVANCED_FACE('',(#893),#510,.T.);
#7130=ADVANCED_FACE('',(#894),#511,.T.);
#7131=ADVANCED_FACE('',(#895,#296,#297,#298,#299,#300,#301,#302,#303,#304),
#512,.T.);
#7132=ADVANCED_FACE('',(#896,#305),#513,.F.);
#7133=ADVANCED_FACE('',(#897),#259,.T.);
#7134=ADVANCED_FACE('',(#898),#6746,.T.);
#7135=ADVANCED_FACE('',(#899),#6747,.T.);
#7136=ADVANCED_FACE('',(#900),#287,.T.);
#7137=ADVANCED_FACE('',(#901),#260,.T.);
#7138=ADVANCED_FACE('',(#902),#6748,.T.);
#7139=ADVANCED_FACE('',(#903),#261,.T.);
#7140=ADVANCED_FACE('',(#904),#6749,.T.);
#7141=ADVANCED_FACE('',(#905),#6750,.T.);
#7142=ADVANCED_FACE('',(#906),#6751,.T.);
#7143=ADVANCED_FACE('',(#907),#6752,.T.);
#7144=ADVANCED_FACE('',(#908),#6753,.T.);
#7145=ADVANCED_FACE('',(#909),#6754,.T.);
#7146=ADVANCED_FACE('',(#910),#514,.T.);
#7147=ADVANCED_FACE('',(#911),#515,.T.);
#7148=ADVANCED_FACE('',(#912),#6755,.F.);
#7149=ADVANCED_FACE('',(#913),#516,.T.);
#7150=ADVANCED_FACE('',(#914),#517,.T.);
#7151=ADVANCED_FACE('',(#915),#518,.T.);
#7152=ADVANCED_FACE('',(#916),#519,.T.);
#7153=ADVANCED_FACE('',(#917),#288,.T.);
#7154=ADVANCED_FACE('',(#918),#6756,.T.);
#7155=ADVANCED_FACE('',(#919,#306),#520,.T.);
#7156=ADVANCED_FACE('',(#920),#262,.T.);
#7157=ADVANCED_FACE('',(#921),#6757,.T.);
#7158=ADVANCED_FACE('',(#922),#6758,.T.);
#7159=ADVANCED_FACE('',(#923),#263,.T.);
#7160=ADVANCED_FACE('',(#924),#6759,.T.);
#7161=ADVANCED_FACE('',(#925),#289,.T.);
#7162=ADVANCED_FACE('',(#926),#264,.T.);
#7163=ADVANCED_FACE('',(#927),#6760,.T.);
#7164=ADVANCED_FACE('',(#928),#6761,.T.);
#7165=ADVANCED_FACE('',(#929),#6762,.T.);
#7166=ADVANCED_FACE('',(#930),#6763,.T.);
#7167=ADVANCED_FACE('',(#931),#6764,.T.);
#7168=ADVANCED_FACE('',(#932),#6765,.T.);
#7169=ADVANCED_FACE('',(#933),#521,.T.);
#7170=ADVANCED_FACE('',(#934),#6766,.F.);
#7171=ADVANCED_FACE('',(#935),#522,.T.);
#7172=ADVANCED_FACE('',(#936),#523,.T.);
#7173=ADVANCED_FACE('',(#937),#524,.T.);
#7174=ADVANCED_FACE('',(#938),#525,.T.);
#7175=ADVANCED_FACE('',(#939),#6767,.T.);
#7176=ADVANCED_FACE('',(#940),#265,.T.);
#7177=ADVANCED_FACE('',(#941),#6768,.T.);
#7178=ADVANCED_FACE('',(#942),#266,.T.);
#7179=ADVANCED_FACE('',(#943),#6769,.T.);
#7180=ADVANCED_FACE('',(#944),#6770,.T.);
#7181=ADVANCED_FACE('',(#945),#267,.T.);
#7182=ADVANCED_FACE('',(#946),#6771,.T.);
#7183=ADVANCED_FACE('',(#947),#6772,.T.);
#7184=ADVANCED_FACE('',(#948),#6773,.T.);
#7185=ADVANCED_FACE('',(#949),#6774,.T.);
#7186=ADVANCED_FACE('',(#950),#290,.T.);
#7187=ADVANCED_FACE('',(#951),#6775,.T.);
#7188=ADVANCED_FACE('',(#952),#526,.T.);
#7189=ADVANCED_FACE('',(#953),#527,.T.);
#7190=ADVANCED_FACE('',(#954),#528,.T.);
#7191=ADVANCED_FACE('',(#955),#529,.T.);
#7192=ADVANCED_FACE('',(#956),#268,.T.);
#7193=ADVANCED_FACE('',(#957),#6776,.T.);
#7194=ADVANCED_FACE('',(#958),#6777,.T.);
#7195=ADVANCED_FACE('',(#959),#291,.T.);
#7196=ADVANCED_FACE('',(#960),#269,.T.);
#7197=ADVANCED_FACE('',(#961),#6778,.T.);
#7198=ADVANCED_FACE('',(#962),#270,.T.);
#7199=ADVANCED_FACE('',(#963),#6779,.T.);
#7200=ADVANCED_FACE('',(#964),#6780,.T.);
#7201=ADVANCED_FACE('',(#965),#6781,.T.);
#7202=ADVANCED_FACE('',(#966),#6782,.T.);
#7203=ADVANCED_FACE('',(#967),#6783,.T.);
#7204=ADVANCED_FACE('',(#968),#6784,.T.);
#7205=ADVANCED_FACE('',(#969),#530,.T.);
#7206=ADVANCED_FACE('',(#970),#531,.T.);
#7207=ADVANCED_FACE('',(#971),#532,.T.);
#7208=ADVANCED_FACE('',(#972,#307),#533,.T.);
#7209=ADVANCED_FACE('',(#973),#534,.T.);
#7210=ADVANCED_FACE('',(#974),#535,.T.);
#7211=ADVANCED_FACE('',(#975),#536,.T.);
#7212=ADVANCED_FACE('',(#976),#537,.T.);
#7213=ADVANCED_FACE('',(#977),#6785,.F.);
#7214=ADVANCED_FACE('',(#978),#538,.T.);
#7215=ADVANCED_FACE('',(#979),#539,.T.);
#7216=ADVANCED_FACE('',(#980),#540,.T.);
#7217=ADVANCED_FACE('',(#981),#6786,.F.);
#7218=ADVANCED_FACE('',(#982),#541,.T.);
#7219=ADVANCED_FACE('',(#983),#542,.T.);
#7220=ADVANCED_FACE('',(#984),#543,.T.);
#7221=ADVANCED_FACE('',(#985),#544,.F.);
#7222=ADVANCED_FACE('',(#986),#545,.F.);
#7223=ADVANCED_FACE('',(#987),#546,.F.);
#7224=ADVANCED_FACE('',(#988),#547,.F.);
#7225=ADVANCED_FACE('',(#989),#548,.F.);
#7226=ADVANCED_FACE('',(#990),#549,.F.);
#7227=ADVANCED_FACE('',(#991,#308),#550,.F.);
#7228=ADVANCED_FACE('',(#992),#6787,.F.);
#7229=ADVANCED_FACE('',(#993,#309),#551,.F.);
#7230=CLOSED_SHELL('',(#6788,#6789,#6790,#6791,#6792,#6793,#6794,#6795,
#6796,#6797,#6798,#6799,#6800,#6801,#6802,#6803,#6804,#6805,#6806,#6807,
#6808,#6809,#6810,#6811,#6812,#6813,#6814));
#7231=CLOSED_SHELL('',(#6815,#6816,#6817,#6818,#6819,#6820,#6821,#6822,
#6823,#6824,#6825,#6826,#6827,#6828));
#7232=CLOSED_SHELL('',(#6829,#6830,#6831,#6832,#6833,#6834,#6835,#6836,
#6837,#6838,#6839,#6840,#6841,#6842,#6843,#6844,#6845,#6846,#6847,#6848,
#6849,#6850,#6851,#6852,#6853,#6854,#6855,#6856,#6857,#6858,#6859,#6860,
#6861,#6862,#6863,#6864,#6865,#6866,#6867,#6868,#6869,#6870,#6871,#6872,
#6873,#6874,#6875,#6876,#6877,#6878,#6879,#6880,#6881,#6882,#6883,#6884,
#6885,#6886,#6887,#6888,#6889,#6890,#6891,#6892,#6893,#6894,#6895,#6896,
#6897,#6898,#6899,#6900,#6901,#6902,#6903,#6904,#6905,#6906,#6907,#6908,
#6909,#6910,#6911,#6912,#6913,#6914,#6915,#6916,#6917,#6918,#6919,#6920,
#6921,#6922,#6923,#6924,#6925,#6926,#6927,#6928,#6929,#6930,#6931,#6932,
#6933,#6934,#6935,#6936,#6937,#6938,#6939,#6940));
#7233=CLOSED_SHELL('',(#6941,#6942,#6943,#6944,#6945,#6946,#6947,#6948,
#6949,#6950,#6951,#6952,#6953,#6954,#6955,#6956,#6957,#6958,#6959,#6960,
#6961,#6962,#6963,#6964,#6965,#6966));
#7234=CLOSED_SHELL('',(#6967,#6968,#6969,#6970,#6971,#6972,#6973,#6974,
#6975,#6976,#6977,#6978,#6979,#6980,#6981,#6982,#6983,#6984,#6985,#6986,
#6987,#6988,#6989,#6990,#6991,#6992,#6993,#6994,#6995,#6996,#6997,#6998,
#6999,#7000,#7001,#7002,#7003,#7004,#7005,#7006,#7007,#7008,#7009,#7010,
#7011,#7012,#7013,#7014,#7015,#7016,#7017,#7018,#7019,#7020,#7021,#7022,
#7023,#7024,#7025,#7026,#7027,#7028,#7029,#7030,#7031,#7032,#7033,#7034,
#7035,#7036,#7037,#7038,#7039,#7040,#7041,#7042,#7043,#7044,#7045,#7046,
#7047,#7048,#7049,#7050,#7051,#7052,#7053,#7054,#7055,#7056,#7057,#7058,
#7059,#7060,#7061,#7062,#7063,#7064,#7065,#7066,#7067,#7068,#7069,#7070,
#7071,#7072,#7073,#7074,#7075,#7076,#7077,#7078,#7079,#7080,#7081,#7082,
#7083,#7084,#7085,#7086,#7087,#7088,#7089,#7090,#7091,#7092,#7093,#7094,
#7095,#7096,#7097,#7098,#7099,#7100,#7101,#7102,#7103,#7104,#7105,#7106,
#7107,#7108,#7109,#7110,#7111,#7112,#7113,#7114,#7115,#7116,#7117,#7118,
#7119,#7120,#7121,#7122,#7123,#7124,#7125,#7126,#7127,#7128,#7129,#7130,
#7131,#7132));
#7235=CLOSED_SHELL('',(#7133,#7134,#7135,#7136,#7137,#7138,#7139,#7140,
#7141,#7142,#7143,#7144,#7145,#7146,#7147,#7148,#7149,#7150,#7151,#7152,
#7153,#7154,#7155,#7156,#7157,#7158,#7159,#7160,#7161,#7162,#7163,#7164,
#7165,#7166,#7167,#7168,#7169,#7170,#7171,#7172,#7173,#7174,#7175,#7176,
#7177,#7178,#7179,#7180,#7181,#7182,#7183,#7184,#7185,#7186,#7187,#7188,
#7189,#7190,#7191,#7192,#7193,#7194,#7195,#7196,#7197,#7198,#7199,#7200,
#7201,#7202,#7203,#7204,#7205,#7206,#7207,#7208,#7209,#7210,#7211,#7212,
#7213,#7214,#7215,#7216,#7217,#7218,#7219,#7220,#7221,#7222,#7223,#7224,
#7225,#7226,#7227,#7228,#7229));
#7236=DERIVED_UNIT_ELEMENT(#7249,1.);
#7237=DERIVED_UNIT_ELEMENT(#12874,-3.);
#7238=DERIVED_UNIT_ELEMENT(#7249,1.);
#7239=DERIVED_UNIT_ELEMENT(#12874,-3.);
#7240=DERIVED_UNIT_ELEMENT(#7249,1.);
#7241=DERIVED_UNIT_ELEMENT(#12874,-3.);
#7242=DERIVED_UNIT_ELEMENT(#7249,1.);
#7243=DERIVED_UNIT_ELEMENT(#12874,-3.);
#7244=DERIVED_UNIT_ELEMENT(#7249,1.);
#7245=DERIVED_UNIT_ELEMENT(#12874,-3.);
#7246=DERIVED_UNIT_ELEMENT(#7249,1.);
#7247=DERIVED_UNIT_ELEMENT(#12874,-3.);
#7248=DIMENSIONAL_EXPONENTS(0.,1.,0.,0.,0.,0.,0.);
#7249=(
CONVERSION_BASED_UNIT('gram',#7251)
MASS_UNIT()
NAMED_UNIT(#7248)
);
#7250=(
MASS_UNIT()
NAMED_UNIT(*)
SI_UNIT(.KILO.,.GRAM.)
);
#7251=MASS_MEASURE_WITH_UNIT(MASS_MEASURE(0.001),#7250);
#7252=DERIVED_UNIT((#7236,#7237));
#7253=DERIVED_UNIT((#7238,#7239));
#7254=DERIVED_UNIT((#7240,#7241));
#7255=DERIVED_UNIT((#7242,#7243));
#7256=DERIVED_UNIT((#7244,#7245));
#7257=DERIVED_UNIT((#7246,#7247));
#7258=MEASURE_REPRESENTATION_ITEM('density measure',
POSITIVE_RATIO_MEASURE(1.),#7252);
#7259=MEASURE_REPRESENTATION_ITEM('density measure',
POSITIVE_RATIO_MEASURE(1.),#7253);
#7260=MEASURE_REPRESENTATION_ITEM('density measure',
POSITIVE_RATIO_MEASURE(1.),#7254);
#7261=MEASURE_REPRESENTATION_ITEM('density measure',
POSITIVE_RATIO_MEASURE(1.),#7255);
#7262=MEASURE_REPRESENTATION_ITEM('density measure',
POSITIVE_RATIO_MEASURE(1.),#7256);
#7263=MEASURE_REPRESENTATION_ITEM('density measure',
POSITIVE_RATIO_MEASURE(1.),#7257);
#7264=PROPERTY_DEFINITION_REPRESENTATION(#7294,#7276);
#7265=PROPERTY_DEFINITION_REPRESENTATION(#7295,#7277);
#7266=PROPERTY_DEFINITION_REPRESENTATION(#7296,#7278);
#7267=PROPERTY_DEFINITION_REPRESENTATION(#7297,#7279);
#7268=PROPERTY_DEFINITION_REPRESENTATION(#7298,#7280);
#7269=PROPERTY_DEFINITION_REPRESENTATION(#7299,#7281);
#7270=PROPERTY_DEFINITION_REPRESENTATION(#7300,#7282);
#7271=PROPERTY_DEFINITION_REPRESENTATION(#7301,#7283);
#7272=PROPERTY_DEFINITION_REPRESENTATION(#7302,#7284);
#7273=PROPERTY_DEFINITION_REPRESENTATION(#7303,#7285);
#7274=PROPERTY_DEFINITION_REPRESENTATION(#7304,#7286);
#7275=PROPERTY_DEFINITION_REPRESENTATION(#7305,#7287);
#7276=REPRESENTATION('material name',(#7288),#12866);
#7277=REPRESENTATION('density',(#7258),#12866);
#7278=REPRESENTATION('material name',(#7289),#12867);
#7279=REPRESENTATION('density',(#7259),#12867);
#7280=REPRESENTATION('material name',(#7290),#12868);
#7281=REPRESENTATION('density',(#7260),#12868);
#7282=REPRESENTATION('material name',(#7291),#12869);
#7283=REPRESENTATION('density',(#7261),#12869);
#7284=REPRESENTATION('material name',(#7292),#12870);
#7285=REPRESENTATION('density',(#7262),#12870);
#7286=REPRESENTATION('material name',(#7293),#12871);
#7287=REPRESENTATION('density',(#7263),#12871);
#7288=DESCRIPTIVE_REPRESENTATION_ITEM('Generic','Generic');
#7289=DESCRIPTIVE_REPRESENTATION_ITEM('Generic','Generic');
#7290=DESCRIPTIVE_REPRESENTATION_ITEM('Generic','Generic');
#7291=DESCRIPTIVE_REPRESENTATION_ITEM('Generic','Generic');
#7292=DESCRIPTIVE_REPRESENTATION_ITEM('Generic','Generic');
#7293=DESCRIPTIVE_REPRESENTATION_ITEM('Generic','Generic');
#7294=PROPERTY_DEFINITION('material property','material name',#12949);
#7295=PROPERTY_DEFINITION('material property','density of part',#12949);
#7296=PROPERTY_DEFINITION('material property','material name',#12950);
#7297=PROPERTY_DEFINITION('material property','density of part',#12950);
#7298=PROPERTY_DEFINITION('material property','material name',#12951);
#7299=PROPERTY_DEFINITION('material property','density of part',#12951);
#7300=PROPERTY_DEFINITION('material property','material name',#12952);
#7301=PROPERTY_DEFINITION('material property','density of part',#12952);
#7302=PROPERTY_DEFINITION('material property','material name',#12953);
#7303=PROPERTY_DEFINITION('material property','density of part',#12953);
#7304=PROPERTY_DEFINITION('material property','material name',#12954);
#7305=PROPERTY_DEFINITION('material property','density of part',#12954);
#7306=PRESENTATION_STYLE_ASSIGNMENT((#7307));
#7307=SURFACE_STYLE_USAGE(.BOTH.,#7310);
#7308=SURFACE_STYLE_RENDERING_WITH_PROPERTIES($,#7314,(#7309));
#7309=SURFACE_STYLE_TRANSPARENT(0.);
#7310=SURFACE_SIDE_STYLE('',(#7311,#7308));
#7311=SURFACE_STYLE_FILL_AREA(#7312);
#7312=FILL_AREA_STYLE('',(#7313));
#7313=FILL_AREA_STYLE_COLOUR('',#7314);
#7314=COLOUR_RGB('',0.749019607843137,0.749019607843137,0.749019607843137);
#7315=DATE_TIME_ROLE('creation_date');
#7316=DATE_TIME_ROLE('creation_date');
#7317=DATE_TIME_ROLE('creation_date');
#7318=DATE_TIME_ROLE('creation_date');
#7319=DATE_TIME_ROLE('creation_date');
#7320=DATE_TIME_ROLE('creation_date');
#7321=DATE_TIME_ROLE('creation_date');
#7322=APPLIED_DATE_AND_TIME_ASSIGNMENT(#7329,#7315,(#12948));
#7323=APPLIED_DATE_AND_TIME_ASSIGNMENT(#7330,#7316,(#12949));
#7324=APPLIED_DATE_AND_TIME_ASSIGNMENT(#7331,#7317,(#12950));
#7325=APPLIED_DATE_AND_TIME_ASSIGNMENT(#7332,#7318,(#12951));
#7326=APPLIED_DATE_AND_TIME_ASSIGNMENT(#7333,#7319,(#12952));
#7327=APPLIED_DATE_AND_TIME_ASSIGNMENT(#7334,#7320,(#12953));
#7328=APPLIED_DATE_AND_TIME_ASSIGNMENT(#7335,#7321,(#12954));
#7329=DATE_AND_TIME(#7336,#7343);
#7330=DATE_AND_TIME(#7337,#7344);
#7331=DATE_AND_TIME(#7338,#7345);
#7332=DATE_AND_TIME(#7339,#7346);
#7333=DATE_AND_TIME(#7340,#7347);
#7334=DATE_AND_TIME(#7341,#7348);
#7335=DATE_AND_TIME(#7342,#7349);
#7336=CALENDAR_DATE(2026,30,4);
#7337=CALENDAR_DATE(2025,2,11);
#7338=CALENDAR_DATE(2025,2,11);
#7339=CALENDAR_DATE(2025,24,10);
#7340=CALENDAR_DATE(2025,2,11);
#7341=CALENDAR_DATE(2025,24,10);
#7342=CALENDAR_DATE(2025,24,10);
#7343=LOCAL_TIME(0,0,0.,#7350);
#7344=LOCAL_TIME(0,0,0.,#7351);
#7345=LOCAL_TIME(0,0,0.,#7352);
#7346=LOCAL_TIME(0,0,0.,#7353);
#7347=LOCAL_TIME(0,0,0.,#7354);
#7348=LOCAL_TIME(0,0,0.,#7355);
#7349=LOCAL_TIME(0,0,0.,#7356);
#7350=COORDINATED_UNIVERSAL_TIME_OFFSET(0,0,.BEHIND.);
#7351=COORDINATED_UNIVERSAL_TIME_OFFSET(0,0,.BEHIND.);
#7352=COORDINATED_UNIVERSAL_TIME_OFFSET(0,0,.BEHIND.);
#7353=COORDINATED_UNIVERSAL_TIME_OFFSET(0,0,.BEHIND.);
#7354=COORDINATED_UNIVERSAL_TIME_OFFSET(0,0,.BEHIND.);
#7355=COORDINATED_UNIVERSAL_TIME_OFFSET(0,0,.BEHIND.);
#7356=COORDINATED_UNIVERSAL_TIME_OFFSET(0,0,.BEHIND.);
#7357=AXIS2_PLACEMENT_3D('',#10577,#8226,#8227);
#7358=AXIS2_PLACEMENT_3D('',#10578,#8228,#8229);
#7359=AXIS2_PLACEMENT_3D('',#10579,#8230,#8231);
#7360=AXIS2_PLACEMENT_3D('',#10584,#8233,#8234);
#7361=AXIS2_PLACEMENT_3D('',#10587,#8236,#8237);
#7362=AXIS2_PLACEMENT_3D('',#10588,#8238,#8239);
#7363=AXIS2_PLACEMENT_3D('',#10593,#8242,#8243);
#7364=AXIS2_PLACEMENT_3D('',#10594,#8244,#8245);
#7365=AXIS2_PLACEMENT_3D('',#10599,#8248,#8249);
#7366=AXIS2_PLACEMENT_3D('',#10600,#8250,#8251);
#7367=AXIS2_PLACEMENT_3D('',#10605,#8254,#8255);
#7368=AXIS2_PLACEMENT_3D('',#10606,#8256,#8257);
#7369=AXIS2_PLACEMENT_3D('',#10611,#8260,#8261);
#7370=AXIS2_PLACEMENT_3D('',#10612,#8262,#8263);
#7371=AXIS2_PLACEMENT_3D('',#10616,#8266,#8267);
#7372=AXIS2_PLACEMENT_3D('',#10620,#8270,#8271);
#7373=AXIS2_PLACEMENT_3D('',#10622,#8273,#8274);
#7374=AXIS2_PLACEMENT_3D('',#10624,#8275,#8276);
#7375=AXIS2_PLACEMENT_3D('',#10629,#8279,#8280);
#7376=AXIS2_PLACEMENT_3D('',#10630,#8281,#8282);
#7377=AXIS2_PLACEMENT_3D('',#10632,#8284,#8285);
#7378=AXIS2_PLACEMENT_3D('',#10638,#8289,#8290);
#7379=AXIS2_PLACEMENT_3D('',#10647,#8295,#8296);
#7380=AXIS2_PLACEMENT_3D('',#10653,#8300,#8301);
#7381=AXIS2_PLACEMENT_3D('',#10659,#8305,#8306);
#7382=AXIS2_PLACEMENT_3D('',#10660,#8307,#8308);
#7383=AXIS2_PLACEMENT_3D('',#10661,#8309,#8310);
#7384=AXIS2_PLACEMENT_3D('',#10662,#8311,#8312);
#7385=AXIS2_PLACEMENT_3D('',#10668,#8316,#8317);
#7386=AXIS2_PLACEMENT_3D('',#10672,#8319,#8320);
#7387=AXIS2_PLACEMENT_3D('',#10674,#8322,#8323);
#7388=AXIS2_PLACEMENT_3D('',#10677,#8325,#8326);
#7389=AXIS2_PLACEMENT_3D('',#10678,#8327,#8328);
#7390=AXIS2_PLACEMENT_3D('',#10684,#8332,#8333);
#7391=AXIS2_PLACEMENT_3D('',#10687,#8336,#8337);
#7392=AXIS2_PLACEMENT_3D('',#10689,#8339,#8340);
#7393=AXIS2_PLACEMENT_3D('',#10691,#8342,#8343);
#7394=AXIS2_PLACEMENT_3D('',#10693,#8345,#8346);
#7395=AXIS2_PLACEMENT_3D('',#10695,#8348,#8349);
#7396=AXIS2_PLACEMENT_3D('',#10696,#8350,#8351);
#7397=AXIS2_PLACEMENT_3D('',#10698,#8353,#8354);
#7398=AXIS2_PLACEMENT_3D('',#10699,#8355,#8356);
#7399=AXIS2_PLACEMENT_3D('',#10700,#8357,#8358);
#7400=AXIS2_PLACEMENT_3D('',#10717,#8367,#8368);
#7401=AXIS2_PLACEMENT_3D('',#10719,#8369,#8370);
#7402=AXIS2_PLACEMENT_3D('',#10722,#8372,#8373);
#7403=AXIS2_PLACEMENT_3D('',#10723,#8374,#8375);
#7404=AXIS2_PLACEMENT_3D('',#10725,#8376,#8377);
#7405=AXIS2_PLACEMENT_3D('',#10729,#8380,#8381);
#7406=AXIS2_PLACEMENT_3D('',#10733,#8384,#8385);
#7407=AXIS2_PLACEMENT_3D('',#10741,#8390,#8391);
#7408=AXIS2_PLACEMENT_3D('',#10743,#8393,#8394);
#7409=AXIS2_PLACEMENT_3D('',#10746,#8396,#8397);
#7410=AXIS2_PLACEMENT_3D('',#10747,#8398,#8399);
#7411=AXIS2_PLACEMENT_3D('',#10753,#8403,#8404);
#7412=AXIS2_PLACEMENT_3D('',#10755,#8406,#8407);
#7413=AXIS2_PLACEMENT_3D('',#10759,#8410,#8411);
#7414=AXIS2_PLACEMENT_3D('',#10761,#8413,#8414);
#7415=AXIS2_PLACEMENT_3D('',#10763,#8416,#8417);
#7416=AXIS2_PLACEMENT_3D('',#10765,#8419,#8420);
#7417=AXIS2_PLACEMENT_3D('',#10766,#8421,#8422);
#7418=AXIS2_PLACEMENT_3D('',#10767,#8423,#8424);
#7419=AXIS2_PLACEMENT_3D('',#10787,#8426,#8427);
#7420=AXIS2_PLACEMENT_3D('',#10789,#8429,#8430);
#7421=AXIS2_PLACEMENT_3D('',#10791,#8431,#8432);
#7422=AXIS2_PLACEMENT_3D('',#10795,#8434,#8435);
#7423=AXIS2_PLACEMENT_3D('',#10797,#8436,#8437);
#7424=AXIS2_PLACEMENT_3D('',#10799,#8438,#8439);
#7425=AXIS2_PLACEMENT_3D('',#10803,#8441,#8442);
#7426=AXIS2_PLACEMENT_3D('',#10807,#8444,#8445);
#7427=AXIS2_PLACEMENT_3D('',#10809,#8446,#8447);
#7428=AXIS2_PLACEMENT_3D('',#10811,#8448,#8449);
#7429=AXIS2_PLACEMENT_3D('',#10815,#8451,#8452);
#7430=AXIS2_PLACEMENT_3D('',#10819,#8454,#8455);
#7431=AXIS2_PLACEMENT_3D('',#10821,#8456,#8457);
#7432=AXIS2_PLACEMENT_3D('',#10823,#8458,#8459);
#7433=AXIS2_PLACEMENT_3D('',#10827,#8461,#8462);
#7434=AXIS2_PLACEMENT_3D('',#10831,#8464,#8465);
#7435=AXIS2_PLACEMENT_3D('',#10833,#8466,#8467);
#7436=AXIS2_PLACEMENT_3D('',#10834,#8468,#8469);
#7437=AXIS2_PLACEMENT_3D('',#10836,#8470,#8471);
#7438=AXIS2_PLACEMENT_3D('',#10837,#8472,#8473);
#7439=AXIS2_PLACEMENT_3D('',#10839,#8474,#8475);
#7440=AXIS2_PLACEMENT_3D('',#10856,#8477,#8478);
#7441=AXIS2_PLACEMENT_3D('',#10858,#8479,#8480);
#7442=AXIS2_PLACEMENT_3D('',#10875,#8482,#8483);
#7443=AXIS2_PLACEMENT_3D('',#10889,#8491,#8492);
#7444=AXIS2_PLACEMENT_3D('',#10907,#8494,#8495);
#7445=AXIS2_PLACEMENT_3D('',#10908,#8496,#8497);
#7446=AXIS2_PLACEMENT_3D('',#10922,#8505,#8506);
#7447=AXIS2_PLACEMENT_3D('',#10940,#8508,#8509);
#7448=AXIS2_PLACEMENT_3D('',#10941,#8510,#8511);
#7449=AXIS2_PLACEMENT_3D('',#10955,#8519,#8520);
#7450=AXIS2_PLACEMENT_3D('',#10972,#8521,#8522);
#7451=AXIS2_PLACEMENT_3D('',#10974,#8524,#8525);
#7452=AXIS2_PLACEMENT_3D('',#10975,#8526,#8527);
#7453=AXIS2_PLACEMENT_3D('',#10976,#8528,#8529);
#7454=AXIS2_PLACEMENT_3D('',#10977,#8530,#8531);
#7455=AXIS2_PLACEMENT_3D('',#10978,#8532,#8533);
#7456=AXIS2_PLACEMENT_3D('',#10983,#8535,#8536);
#7457=AXIS2_PLACEMENT_3D('',#10986,#8538,#8539);
#7458=AXIS2_PLACEMENT_3D('',#10987,#8540,#8541);
#7459=AXIS2_PLACEMENT_3D('',#10990,#8542,#8543);
#7460=AXIS2_PLACEMENT_3D('',#10992,#8544,#8545);
#7461=AXIS2_PLACEMENT_3D('',#10993,#8546,#8547);
#7462=AXIS2_PLACEMENT_3D('',#10994,#8548,#8549);
#7463=AXIS2_PLACEMENT_3D('',#10997,#8552,#8553);
#7464=AXIS2_PLACEMENT_3D('',#10999,#8554,#8555);
#7465=AXIS2_PLACEMENT_3D('',#11001,#8556,#8557);
#7466=AXIS2_PLACEMENT_3D('',#11002,#8558,#8559);
#7467=AXIS2_PLACEMENT_3D('',#11003,#8560,#8561);
#7468=AXIS2_PLACEMENT_3D('',#11006,#8563,#8564);
#7469=AXIS2_PLACEMENT_3D('',#11007,#8565,#8566);
#7470=AXIS2_PLACEMENT_3D('',#11010,#8569,#8570);
#7471=AXIS2_PLACEMENT_3D('',#11013,#8571,#8572);
#7472=AXIS2_PLACEMENT_3D('',#11015,#8573,#8574);
#7473=AXIS2_PLACEMENT_3D('',#11016,#8575,#8576);
#7474=AXIS2_PLACEMENT_3D('',#11017,#8577,#8578);
#7475=AXIS2_PLACEMENT_3D('',#11020,#8581,#8582);
#7476=AXIS2_PLACEMENT_3D('',#11023,#8583,#8584);
#7477=AXIS2_PLACEMENT_3D('',#11024,#8585,#8586);
#7478=AXIS2_PLACEMENT_3D('',#11025,#8587,#8588);
#7479=AXIS2_PLACEMENT_3D('',#11026,#8589,#8590);
#7480=AXIS2_PLACEMENT_3D('',#11028,#8592,#8593);
#7481=AXIS2_PLACEMENT_3D('',#11030,#8595,#8596);
#7482=AXIS2_PLACEMENT_3D('',#11031,#8597,#8598);
#7483=AXIS2_PLACEMENT_3D('',#11032,#8599,#8600);
#7484=AXIS2_PLACEMENT_3D('',#11033,#8601,#8602);
#7485=AXIS2_PLACEMENT_3D('',#11036,#8605,#8606);
#7486=AXIS2_PLACEMENT_3D('',#11038,#8607,#8608);
#7487=AXIS2_PLACEMENT_3D('',#11040,#8610,#8611);
#7488=AXIS2_PLACEMENT_3D('',#11057,#8615,#8616);
#7489=AXIS2_PLACEMENT_3D('',#11059,#8618,#8619);
#7490=AXIS2_PLACEMENT_3D('',#11061,#8621,#8622);
#7491=AXIS2_PLACEMENT_3D('',#11071,#8628,#8629);
#7492=AXIS2_PLACEMENT_3D('',#11072,#8630,#8631);
#7493=AXIS2_PLACEMENT_3D('',#11073,#8632,#8633);
#7494=AXIS2_PLACEMENT_3D('',#11074,#8634,#8635);
#7495=AXIS2_PLACEMENT_3D('',#11075,#8636,#8637);
#7496=AXIS2_PLACEMENT_3D('',#11076,#8638,#8639);
#7497=AXIS2_PLACEMENT_3D('',#11080,#8641,#8642);
#7498=AXIS2_PLACEMENT_3D('',#11081,#8643,#8644);
#7499=AXIS2_PLACEMENT_3D('',#11082,#8645,#8646);
#7500=AXIS2_PLACEMENT_3D('',#11085,#8647,#8648);
#7501=AXIS2_PLACEMENT_3D('',#11087,#8649,#8650);
#7502=AXIS2_PLACEMENT_3D('',#11088,#8651,#8652);
#7503=AXIS2_PLACEMENT_3D('',#11089,#8653,#8654);
#7504=AXIS2_PLACEMENT_3D('',#11094,#8657,#8658);
#7505=AXIS2_PLACEMENT_3D('',#11095,#8659,#8660);
#7506=AXIS2_PLACEMENT_3D('',#11098,#8661,#8662);
#7507=AXIS2_PLACEMENT_3D('',#11099,#8663,#8664);
#7508=AXIS2_PLACEMENT_3D('',#11100,#8665,#8666);
#7509=AXIS2_PLACEMENT_3D('',#11101,#8667,#8668);
#7510=AXIS2_PLACEMENT_3D('',#11103,#8670,#8671);
#7511=AXIS2_PLACEMENT_3D('',#11106,#8672,#8673);
#7512=AXIS2_PLACEMENT_3D('',#11108,#8674,#8675);
#7513=AXIS2_PLACEMENT_3D('',#11109,#8676,#8677);
#7514=AXIS2_PLACEMENT_3D('',#11110,#8678,#8679);
#7515=AXIS2_PLACEMENT_3D('',#11113,#8682,#8683);
#7516=AXIS2_PLACEMENT_3D('',#11116,#8686,#8687);
#7517=AXIS2_PLACEMENT_3D('',#11118,#8688,#8689);
#7518=AXIS2_PLACEMENT_3D('',#11120,#8690,#8691);
#7519=AXIS2_PLACEMENT_3D('',#11121,#8692,#8693);
#7520=AXIS2_PLACEMENT_3D('',#11122,#8694,#8695);
#7521=AXIS2_PLACEMENT_3D('',#11124,#8697,#8698);
#7522=AXIS2_PLACEMENT_3D('',#11125,#8699,#8700);
#7523=AXIS2_PLACEMENT_3D('',#11126,#8701,#8702);
#7524=AXIS2_PLACEMENT_3D('',#11127,#8703,#8704);
#7525=AXIS2_PLACEMENT_3D('',#11129,#8706,#8707);
#7526=AXIS2_PLACEMENT_3D('',#11132,#8710,#8711);
#7527=AXIS2_PLACEMENT_3D('',#11136,#8713,#8714);
#7528=AXIS2_PLACEMENT_3D('',#11138,#8716,#8717);
#7529=AXIS2_PLACEMENT_3D('',#11144,#8721,#8722);
#7530=AXIS2_PLACEMENT_3D('',#11147,#8725,#8726);
#7531=AXIS2_PLACEMENT_3D('',#11154,#8731,#8732);
#7532=AXIS2_PLACEMENT_3D('',#11155,#8733,#8734);
#7533=AXIS2_PLACEMENT_3D('',#11156,#8735,#8736);
#7534=AXIS2_PLACEMENT_3D('',#11161,#8738,#8739);
#7535=AXIS2_PLACEMENT_3D('',#11164,#8741,#8742);
#7536=AXIS2_PLACEMENT_3D('',#11165,#8743,#8744);
#7537=AXIS2_PLACEMENT_3D('',#11168,#8745,#8746);
#7538=AXIS2_PLACEMENT_3D('',#11170,#8747,#8748);
#7539=AXIS2_PLACEMENT_3D('',#11171,#8749,#8750);
#7540=AXIS2_PLACEMENT_3D('',#11172,#8751,#8752);
#7541=AXIS2_PLACEMENT_3D('',#11175,#8755,#8756);
#7542=AXIS2_PLACEMENT_3D('',#11178,#8757,#8758);
#7543=AXIS2_PLACEMENT_3D('',#11180,#8759,#8760);
#7544=AXIS2_PLACEMENT_3D('',#11181,#8761,#8762);
#7545=AXIS2_PLACEMENT_3D('',#11182,#8763,#8764);
#7546=AXIS2_PLACEMENT_3D('',#11185,#8767,#8768);
#7547=AXIS2_PLACEMENT_3D('',#11188,#8771,#8772);
#7548=AXIS2_PLACEMENT_3D('',#11191,#8773,#8774);
#7549=AXIS2_PLACEMENT_3D('',#11193,#8775,#8776);
#7550=AXIS2_PLACEMENT_3D('',#11194,#8777,#8778);
#7551=AXIS2_PLACEMENT_3D('',#11195,#8779,#8780);
#7552=AXIS2_PLACEMENT_3D('',#11198,#8783,#8784);
#7553=AXIS2_PLACEMENT_3D('',#11201,#8785,#8786);
#7554=AXIS2_PLACEMENT_3D('',#11203,#8787,#8788);
#7555=AXIS2_PLACEMENT_3D('',#11204,#8789,#8790);
#7556=AXIS2_PLACEMENT_3D('',#11205,#8791,#8792);
#7557=AXIS2_PLACEMENT_3D('',#11210,#8795,#8796);
#7558=AXIS2_PLACEMENT_3D('',#11211,#8797,#8798);
#7559=AXIS2_PLACEMENT_3D('',#11215,#8800,#8801);
#7560=AXIS2_PLACEMENT_3D('',#11217,#8803,#8804);
#7561=AXIS2_PLACEMENT_3D('',#11220,#8807,#8808);
#7562=AXIS2_PLACEMENT_3D('',#11223,#8811,#8812);
#7563=AXIS2_PLACEMENT_3D('',#11224,#8813,#8814);
#7564=AXIS2_PLACEMENT_3D('',#11225,#8815,#8816);
#7565=AXIS2_PLACEMENT_3D('',#11226,#8817,#8818);
#7566=AXIS2_PLACEMENT_3D('',#11228,#8820,#8821);
#7567=AXIS2_PLACEMENT_3D('',#11230,#8823,#8824);
#7568=AXIS2_PLACEMENT_3D('',#11241,#8831,#8832);
#7569=AXIS2_PLACEMENT_3D('',#11242,#8833,#8834);
#7570=AXIS2_PLACEMENT_3D('',#11243,#8835,#8836);
#7571=AXIS2_PLACEMENT_3D('',#11244,#8837,#8838);
#7572=AXIS2_PLACEMENT_3D('',#11247,#8840,#8841);
#7573=AXIS2_PLACEMENT_3D('',#11248,#8842,#8843);
#7574=AXIS2_PLACEMENT_3D('',#11253,#8845,#8846);
#7575=AXIS2_PLACEMENT_3D('',#11256,#8848,#8849);
#7576=AXIS2_PLACEMENT_3D('',#11257,#8850,#8851);
#7577=AXIS2_PLACEMENT_3D('',#11260,#8852,#8853);
#7578=AXIS2_PLACEMENT_3D('',#11262,#8854,#8855);
#7579=AXIS2_PLACEMENT_3D('',#11263,#8856,#8857);
#7580=AXIS2_PLACEMENT_3D('',#11264,#8858,#8859);
#7581=AXIS2_PLACEMENT_3D('',#11267,#8862,#8863);
#7582=AXIS2_PLACEMENT_3D('',#11269,#8864,#8865);
#7583=AXIS2_PLACEMENT_3D('',#11271,#8866,#8867);
#7584=AXIS2_PLACEMENT_3D('',#11272,#8868,#8869);
#7585=AXIS2_PLACEMENT_3D('',#11273,#8870,#8871);
#7586=AXIS2_PLACEMENT_3D('',#11276,#8873,#8874);
#7587=AXIS2_PLACEMENT_3D('',#11277,#8875,#8876);
#7588=AXIS2_PLACEMENT_3D('',#11280,#8879,#8880);
#7589=AXIS2_PLACEMENT_3D('',#11283,#8881,#8882);
#7590=AXIS2_PLACEMENT_3D('',#11285,#8883,#8884);
#7591=AXIS2_PLACEMENT_3D('',#11286,#8885,#8886);
#7592=AXIS2_PLACEMENT_3D('',#11287,#8887,#8888);
#7593=AXIS2_PLACEMENT_3D('',#11290,#8891,#8892);
#7594=AXIS2_PLACEMENT_3D('',#11293,#8893,#8894);
#7595=AXIS2_PLACEMENT_3D('',#11294,#8895,#8896);
#7596=AXIS2_PLACEMENT_3D('',#11295,#8897,#8898);
#7597=AXIS2_PLACEMENT_3D('',#11296,#8899,#8900);
#7598=AXIS2_PLACEMENT_3D('',#11298,#8902,#8903);
#7599=AXIS2_PLACEMENT_3D('',#11300,#8905,#8906);
#7600=AXIS2_PLACEMENT_3D('',#11301,#8907,#8908);
#7601=AXIS2_PLACEMENT_3D('',#11302,#8909,#8910);
#7602=AXIS2_PLACEMENT_3D('',#11303,#8911,#8912);
#7603=AXIS2_PLACEMENT_3D('',#11306,#8915,#8916);
#7604=AXIS2_PLACEMENT_3D('',#11308,#8917,#8918);
#7605=AXIS2_PLACEMENT_3D('',#11310,#8920,#8921);
#7606=AXIS2_PLACEMENT_3D('',#11312,#8923,#8924);
#7607=AXIS2_PLACEMENT_3D('',#11314,#8926,#8927);
#7608=AXIS2_PLACEMENT_3D('',#11315,#8928,#8929);
#7609=AXIS2_PLACEMENT_3D('',#11317,#8930,#8931);
#7610=AXIS2_PLACEMENT_3D('',#11328,#8932,#8933);
#7611=AXIS2_PLACEMENT_3D('',#11330,#8935,#8936);
#7612=AXIS2_PLACEMENT_3D('',#11331,#8937,#8938);
#7613=AXIS2_PLACEMENT_3D('',#11335,#8940,#8941);
#7614=AXIS2_PLACEMENT_3D('',#11337,#8943,#8944);
#7615=AXIS2_PLACEMENT_3D('',#11342,#8948,#8949);
#7616=AXIS2_PLACEMENT_3D('',#11344,#8951,#8952);
#7617=AXIS2_PLACEMENT_3D('',#11345,#8953,#8954);
#7618=AXIS2_PLACEMENT_3D('',#11346,#8955,#8956);
#7619=AXIS2_PLACEMENT_3D('',#11347,#8957,#8958);
#7620=AXIS2_PLACEMENT_3D('',#11349,#8960,#8961);
#7621=AXIS2_PLACEMENT_3D('',#11350,#8962,#8963);
#7622=AXIS2_PLACEMENT_3D('',#11351,#8964,#8965);
#7623=AXIS2_PLACEMENT_3D('',#11352,#8966,#8967);
#7624=AXIS2_PLACEMENT_3D('',#11361,#8972,#8973);
#7625=AXIS2_PLACEMENT_3D('',#11367,#8977,#8978);
#7626=AXIS2_PLACEMENT_3D('',#11373,#8982,#8983);
#7627=AXIS2_PLACEMENT_3D('',#11379,#8987,#8988);
#7628=AXIS2_PLACEMENT_3D('',#11385,#8992,#8993);
#7629=AXIS2_PLACEMENT_3D('',#11388,#8996,#8997);
#7630=AXIS2_PLACEMENT_3D('',#11390,#8998,#8999);
#7631=AXIS2_PLACEMENT_3D('',#11391,#9000,#9001);
#7632=AXIS2_PLACEMENT_3D('',#11393,#9003,#9004);
#7633=AXIS2_PLACEMENT_3D('',#11395,#9006,#9007);
#7634=AXIS2_PLACEMENT_3D('',#11396,#9008,#9009);
#7635=AXIS2_PLACEMENT_3D('',#11397,#9010,#9011);
#7636=AXIS2_PLACEMENT_3D('',#11406,#9016,#9017);
#7637=AXIS2_PLACEMENT_3D('',#11415,#9022,#9023);
#7638=AXIS2_PLACEMENT_3D('',#11424,#9028,#9029);
#7639=AXIS2_PLACEMENT_3D('',#11430,#9033,#9034);
#7640=AXIS2_PLACEMENT_3D('',#11436,#9038,#9039);
#7641=AXIS2_PLACEMENT_3D('',#11437,#9040,#9041);
#7642=AXIS2_PLACEMENT_3D('',#11438,#9042,#9043);
#7643=AXIS2_PLACEMENT_3D('',#11439,#9044,#9045);
#7644=AXIS2_PLACEMENT_3D('',#11440,#9046,#9047);
#7645=AXIS2_PLACEMENT_3D('',#11446,#9051,#9052);
#7646=AXIS2_PLACEMENT_3D('',#11449,#9053,#9054);
#7647=AXIS2_PLACEMENT_3D('',#11452,#9057,#9058);
#7648=AXIS2_PLACEMENT_3D('',#11455,#9059,#9060);
#7649=AXIS2_PLACEMENT_3D('',#11458,#9063,#9064);
#7650=AXIS2_PLACEMENT_3D('',#11461,#9065,#9066);
#7651=AXIS2_PLACEMENT_3D('',#11464,#9069,#9070);
#7652=AXIS2_PLACEMENT_3D('',#11473,#9075,#9076);
#7653=AXIS2_PLACEMENT_3D('',#11476,#9079,#9080);
#7654=AXIS2_PLACEMENT_3D('',#11485,#9085,#9086);
#7655=AXIS2_PLACEMENT_3D('',#11488,#9089,#9090);
#7656=AXIS2_PLACEMENT_3D('',#11497,#9095,#9096);
#7657=AXIS2_PLACEMENT_3D('',#11500,#9099,#9100);
#7658=AXIS2_PLACEMENT_3D('',#11504,#9104,#9105);
#7659=AXIS2_PLACEMENT_3D('',#11506,#9107,#9108);
#7660=AXIS2_PLACEMENT_3D('',#11508,#9110,#9111);
#7661=AXIS2_PLACEMENT_3D('',#11510,#9113,#9114);
#7662=AXIS2_PLACEMENT_3D('',#11511,#9115,#9116);
#7663=AXIS2_PLACEMENT_3D('',#11513,#9118,#9119);
#7664=AXIS2_PLACEMENT_3D('',#11515,#9121,#9122);
#7665=AXIS2_PLACEMENT_3D('',#11516,#9123,#9124);
#7666=AXIS2_PLACEMENT_3D('',#11518,#9126,#9127);
#7667=AXIS2_PLACEMENT_3D('',#11519,#9128,#9129);
#7668=AXIS2_PLACEMENT_3D('',#11520,#9130,#9131);
#7669=AXIS2_PLACEMENT_3D('',#11523,#9132,#9133);
#7670=AXIS2_PLACEMENT_3D('',#11525,#9134,#9135);
#7671=AXIS2_PLACEMENT_3D('',#11526,#9136,#9137);
#7672=AXIS2_PLACEMENT_3D('',#11527,#9138,#9139);
#7673=AXIS2_PLACEMENT_3D('',#11530,#9140,#9141);
#7674=AXIS2_PLACEMENT_3D('',#11533,#9144,#9145);
#7675=AXIS2_PLACEMENT_3D('',#11539,#9149,#9150);
#7676=AXIS2_PLACEMENT_3D('',#11542,#9152,#9153);
#7677=AXIS2_PLACEMENT_3D('',#11543,#9154,#9155);
#7678=AXIS2_PLACEMENT_3D('',#11547,#9157,#9158);
#7679=AXIS2_PLACEMENT_3D('',#11549,#9160,#9161);
#7680=AXIS2_PLACEMENT_3D('',#11551,#9162,#9163);
#7681=AXIS2_PLACEMENT_3D('',#11552,#9164,#9165);
#7682=AXIS2_PLACEMENT_3D('',#11553,#9166,#9167);
#7683=AXIS2_PLACEMENT_3D('',#11555,#9168,#9169);
#7684=AXIS2_PLACEMENT_3D('',#11557,#9171,#9172);
#7685=AXIS2_PLACEMENT_3D('',#11563,#9176,#9177);
#7686=AXIS2_PLACEMENT_3D('',#11566,#9179,#9180);
#7687=AXIS2_PLACEMENT_3D('',#11567,#9181,#9182);
#7688=AXIS2_PLACEMENT_3D('',#11569,#9183,#9184);
#7689=AXIS2_PLACEMENT_3D('',#11570,#9185,#9186);
#7690=AXIS2_PLACEMENT_3D('',#11571,#9187,#9188);
#7691=AXIS2_PLACEMENT_3D('',#11573,#9189,#9190);
#7692=AXIS2_PLACEMENT_3D('',#11575,#9192,#9193);
#7693=AXIS2_PLACEMENT_3D('',#11577,#9194,#9195);
#7694=AXIS2_PLACEMENT_3D('',#11580,#9197,#9198);
#7695=AXIS2_PLACEMENT_3D('',#11581,#9199,#9200);
#7696=AXIS2_PLACEMENT_3D('',#11582,#9201,#9202);
#7697=AXIS2_PLACEMENT_3D('',#11583,#9203,#9204);
#7698=AXIS2_PLACEMENT_3D('',#11584,#9205,#9206);
#7699=AXIS2_PLACEMENT_3D('',#11585,#9207,#9208);
#7700=AXIS2_PLACEMENT_3D('',#11586,#9209,#9210);
#7701=AXIS2_PLACEMENT_3D('',#11588,#9211,#9212);
#7702=AXIS2_PLACEMENT_3D('',#11590,#9214,#9215);
#7703=AXIS2_PLACEMENT_3D('',#11592,#9217,#9218);
#7704=AXIS2_PLACEMENT_3D('',#11595,#9219,#9220);
#7705=AXIS2_PLACEMENT_3D('',#11597,#9221,#9222);
#7706=AXIS2_PLACEMENT_3D('',#11598,#9223,#9224);
#7707=AXIS2_PLACEMENT_3D('',#11599,#9225,#9226);
#7708=AXIS2_PLACEMENT_3D('',#11602,#9227,#9228);
#7709=AXIS2_PLACEMENT_3D('',#11605,#9231,#9232);
#7710=AXIS2_PLACEMENT_3D('',#11611,#9236,#9237);
#7711=AXIS2_PLACEMENT_3D('',#11614,#9239,#9240);
#7712=AXIS2_PLACEMENT_3D('',#11615,#9241,#9242);
#7713=AXIS2_PLACEMENT_3D('',#11617,#9243,#9244);
#7714=AXIS2_PLACEMENT_3D('',#11619,#9245,#9246);
#7715=AXIS2_PLACEMENT_3D('',#11620,#9247,#9248);
#7716=AXIS2_PLACEMENT_3D('',#11621,#9249,#9250);
#7717=AXIS2_PLACEMENT_3D('',#11624,#9251,#9252);
#7718=AXIS2_PLACEMENT_3D('',#11626,#9253,#9254);
#7719=AXIS2_PLACEMENT_3D('',#11627,#9255,#9256);
#7720=AXIS2_PLACEMENT_3D('',#11628,#9257,#9258);
#7721=AXIS2_PLACEMENT_3D('',#11631,#9259,#9260);
#7722=AXIS2_PLACEMENT_3D('',#11634,#9263,#9264);
#7723=AXIS2_PLACEMENT_3D('',#11640,#9268,#9269);
#7724=AXIS2_PLACEMENT_3D('',#11642,#9271,#9272);
#7725=AXIS2_PLACEMENT_3D('',#11643,#9273,#9274);
#7726=AXIS2_PLACEMENT_3D('',#11644,#9275,#9276);
#7727=AXIS2_PLACEMENT_3D('',#11645,#9277,#9278);
#7728=AXIS2_PLACEMENT_3D('',#11647,#9279,#9280);
#7729=AXIS2_PLACEMENT_3D('',#11649,#9282,#9283);
#7730=AXIS2_PLACEMENT_3D('',#11650,#9284,#9285);
#7731=AXIS2_PLACEMENT_3D('',#11651,#9286,#9287);
#7732=AXIS2_PLACEMENT_3D('',#11653,#9288,#9289);
#7733=AXIS2_PLACEMENT_3D('',#11654,#9290,#9291);
#7734=AXIS2_PLACEMENT_3D('',#11655,#9292,#9293);
#7735=AXIS2_PLACEMENT_3D('',#11657,#9294,#9295);
#7736=AXIS2_PLACEMENT_3D('',#11659,#9297,#9298);
#7737=AXIS2_PLACEMENT_3D('',#11665,#9302,#9303);
#7738=AXIS2_PLACEMENT_3D('',#11668,#9305,#9306);
#7739=AXIS2_PLACEMENT_3D('',#11669,#9307,#9308);
#7740=AXIS2_PLACEMENT_3D('',#11671,#9309,#9310);
#7741=AXIS2_PLACEMENT_3D('',#11672,#9311,#9312);
#7742=AXIS2_PLACEMENT_3D('',#11673,#9313,#9314);
#7743=AXIS2_PLACEMENT_3D('',#11675,#9315,#9316);
#7744=AXIS2_PLACEMENT_3D('',#11677,#9318,#9319);
#7745=AXIS2_PLACEMENT_3D('',#11680,#9322,#9323);
#7746=AXIS2_PLACEMENT_3D('',#11682,#9325,#9326);
#7747=AXIS2_PLACEMENT_3D('',#11685,#9327,#9328);
#7748=AXIS2_PLACEMENT_3D('',#11687,#9329,#9330);
#7749=AXIS2_PLACEMENT_3D('',#11688,#9331,#9332);
#7750=AXIS2_PLACEMENT_3D('',#11689,#9333,#9334);
#7751=AXIS2_PLACEMENT_3D('',#11692,#9335,#9336);
#7752=AXIS2_PLACEMENT_3D('',#11695,#9339,#9340);
#7753=AXIS2_PLACEMENT_3D('',#11701,#9344,#9345);
#7754=AXIS2_PLACEMENT_3D('',#11704,#9347,#9348);
#7755=AXIS2_PLACEMENT_3D('',#11705,#9349,#9350);
#7756=AXIS2_PLACEMENT_3D('',#11707,#9351,#9352);
#7757=AXIS2_PLACEMENT_3D('',#11709,#9353,#9354);
#7758=AXIS2_PLACEMENT_3D('',#11710,#9355,#9356);
#7759=AXIS2_PLACEMENT_3D('',#11711,#9357,#9358);
#7760=AXIS2_PLACEMENT_3D('',#11713,#9359,#9360);
#7761=AXIS2_PLACEMENT_3D('',#11714,#9361,#9362);
#7762=AXIS2_PLACEMENT_3D('',#11715,#9363,#9364);
#7763=AXIS2_PLACEMENT_3D('',#11718,#9365,#9366);
#7764=AXIS2_PLACEMENT_3D('',#11721,#9369,#9370);
#7765=AXIS2_PLACEMENT_3D('',#11722,#9371,#9372);
#7766=AXIS2_PLACEMENT_3D('',#11723,#9373,#9374);
#7767=AXIS2_PLACEMENT_3D('',#11727,#9376,#9377);
#7768=AXIS2_PLACEMENT_3D('',#11729,#9379,#9380);
#7769=AXIS2_PLACEMENT_3D('',#11731,#9381,#9382);
#7770=AXIS2_PLACEMENT_3D('',#11732,#9383,#9384);
#7771=AXIS2_PLACEMENT_3D('',#11733,#9385,#9386);
#7772=AXIS2_PLACEMENT_3D('',#11736,#9387,#9388);
#7773=AXIS2_PLACEMENT_3D('',#11739,#9391,#9392);
#7774=AXIS2_PLACEMENT_3D('',#11741,#9394,#9395);
#7775=AXIS2_PLACEMENT_3D('',#11744,#9397,#9398);
#7776=AXIS2_PLACEMENT_3D('',#11746,#9400,#9401);
#7777=AXIS2_PLACEMENT_3D('',#11747,#9402,#9403);
#7778=AXIS2_PLACEMENT_3D('',#11748,#9404,#9405);
#7779=AXIS2_PLACEMENT_3D('',#11750,#9406,#9407);
#7780=AXIS2_PLACEMENT_3D('',#11752,#9409,#9410);
#7781=AXIS2_PLACEMENT_3D('',#11754,#9412,#9413);
#7782=AXIS2_PLACEMENT_3D('',#11757,#9414,#9415);
#7783=AXIS2_PLACEMENT_3D('',#11759,#9416,#9417);
#7784=AXIS2_PLACEMENT_3D('',#11760,#9418,#9419);
#7785=AXIS2_PLACEMENT_3D('',#11761,#9420,#9421);
#7786=AXIS2_PLACEMENT_3D('',#11764,#9422,#9423);
#7787=AXIS2_PLACEMENT_3D('',#11767,#9426,#9427);
#7788=AXIS2_PLACEMENT_3D('',#11773,#9431,#9432);
#7789=AXIS2_PLACEMENT_3D('',#11776,#9434,#9435);
#7790=AXIS2_PLACEMENT_3D('',#11777,#9436,#9437);
#7791=AXIS2_PLACEMENT_3D('',#11779,#9438,#9439);
#7792=AXIS2_PLACEMENT_3D('',#11780,#9440,#9441);
#7793=AXIS2_PLACEMENT_3D('',#11781,#9442,#9443);
#7794=AXIS2_PLACEMENT_3D('',#11783,#9444,#9445);
#7795=AXIS2_PLACEMENT_3D('',#11785,#9447,#9448);
#7796=AXIS2_PLACEMENT_3D('',#11791,#9452,#9453);
#7797=AXIS2_PLACEMENT_3D('',#11794,#9455,#9456);
#7798=AXIS2_PLACEMENT_3D('',#11795,#9457,#9458);
#7799=AXIS2_PLACEMENT_3D('',#11797,#9459,#9460);
#7800=AXIS2_PLACEMENT_3D('',#11798,#9461,#9462);
#7801=AXIS2_PLACEMENT_3D('',#11799,#9463,#9464);
#7802=AXIS2_PLACEMENT_3D('',#11801,#9465,#9466);
#7803=AXIS2_PLACEMENT_3D('',#11803,#9468,#9469);
#7804=AXIS2_PLACEMENT_3D('',#11805,#9470,#9471);
#7805=AXIS2_PLACEMENT_3D('',#11808,#9473,#9474);
#7806=AXIS2_PLACEMENT_3D('',#11809,#9475,#9476);
#7807=AXIS2_PLACEMENT_3D('',#11811,#9477,#9478);
#7808=AXIS2_PLACEMENT_3D('',#11812,#9479,#9480);
#7809=AXIS2_PLACEMENT_3D('',#11813,#9481,#9482);
#7810=AXIS2_PLACEMENT_3D('',#11815,#9483,#9484);
#7811=AXIS2_PLACEMENT_3D('',#11816,#9485,#9486);
#7812=AXIS2_PLACEMENT_3D('',#11817,#9487,#9488);
#7813=AXIS2_PLACEMENT_3D('',#11819,#9489,#9490);
#7814=AXIS2_PLACEMENT_3D('',#11821,#9492,#9493);
#7815=AXIS2_PLACEMENT_3D('',#11827,#9497,#9498);
#7816=AXIS2_PLACEMENT_3D('',#11830,#9500,#9501);
#7817=AXIS2_PLACEMENT_3D('',#11831,#9502,#9503);
#7818=AXIS2_PLACEMENT_3D('',#11834,#9504,#9505);
#7819=AXIS2_PLACEMENT_3D('',#11836,#9506,#9507);
#7820=AXIS2_PLACEMENT_3D('',#11837,#9508,#9509);
#7821=AXIS2_PLACEMENT_3D('',#11838,#9510,#9511);
#7822=AXIS2_PLACEMENT_3D('',#11841,#9512,#9513);
#7823=AXIS2_PLACEMENT_3D('',#11844,#9516,#9517);
#7824=AXIS2_PLACEMENT_3D('',#11850,#9521,#9522);
#7825=AXIS2_PLACEMENT_3D('',#11853,#9524,#9525);
#7826=AXIS2_PLACEMENT_3D('',#11854,#9526,#9527);
#7827=AXIS2_PLACEMENT_3D('',#11858,#9529,#9530);
#7828=AXIS2_PLACEMENT_3D('',#11860,#9532,#9533);
#7829=AXIS2_PLACEMENT_3D('',#11862,#9534,#9535);
#7830=AXIS2_PLACEMENT_3D('',#11863,#9536,#9537);
#7831=AXIS2_PLACEMENT_3D('',#11864,#9538,#9539);
#7832=AXIS2_PLACEMENT_3D('',#11867,#9540,#9541);
#7833=AXIS2_PLACEMENT_3D('',#11870,#9544,#9545);
#7834=AXIS2_PLACEMENT_3D('',#11872,#9547,#9548);
#7835=AXIS2_PLACEMENT_3D('',#11876,#9550,#9551);
#7836=AXIS2_PLACEMENT_3D('',#11878,#9553,#9554);
#7837=AXIS2_PLACEMENT_3D('',#11880,#9555,#9556);
#7838=AXIS2_PLACEMENT_3D('',#11881,#9557,#9558);
#7839=AXIS2_PLACEMENT_3D('',#11882,#9559,#9560);
#7840=AXIS2_PLACEMENT_3D('',#11884,#9561,#9562);
#7841=AXIS2_PLACEMENT_3D('',#11886,#9564,#9565);
#7842=AXIS2_PLACEMENT_3D('',#11888,#9566,#9567);
#7843=AXIS2_PLACEMENT_3D('',#11891,#9569,#9570);
#7844=AXIS2_PLACEMENT_3D('',#11892,#9571,#9572);
#7845=AXIS2_PLACEMENT_3D('',#11893,#9573,#9574);
#7846=AXIS2_PLACEMENT_3D('',#11894,#9575,#9576);
#7847=AXIS2_PLACEMENT_3D('',#11895,#9577,#9578);
#7848=AXIS2_PLACEMENT_3D('',#11896,#9579,#9580);
#7849=AXIS2_PLACEMENT_3D('',#11897,#9581,#9582);
#7850=AXIS2_PLACEMENT_3D('',#11899,#9583,#9584);
#7851=AXIS2_PLACEMENT_3D('',#11901,#9586,#9587);
#7852=AXIS2_PLACEMENT_3D('',#11903,#9589,#9590);
#7853=AXIS2_PLACEMENT_3D('',#11906,#9591,#9592);
#7854=AXIS2_PLACEMENT_3D('',#11910,#9594,#9595);
#7855=AXIS2_PLACEMENT_3D('',#11912,#9597,#9598);
#7856=AXIS2_PLACEMENT_3D('',#11914,#9599,#9600);
#7857=AXIS2_PLACEMENT_3D('',#11915,#9601,#9602);
#7858=AXIS2_PLACEMENT_3D('',#11916,#9603,#9604);
#7859=AXIS2_PLACEMENT_3D('',#11918,#9605,#9606);
#7860=AXIS2_PLACEMENT_3D('',#11920,#9607,#9608);
#7861=AXIS2_PLACEMENT_3D('',#11921,#9609,#9610);
#7862=AXIS2_PLACEMENT_3D('',#11922,#9611,#9612);
#7863=AXIS2_PLACEMENT_3D('',#11926,#9614,#9615);
#7864=AXIS2_PLACEMENT_3D('',#11928,#9617,#9618);
#7865=AXIS2_PLACEMENT_3D('',#11932,#9621,#9622);
#7866=AXIS2_PLACEMENT_3D('',#11934,#9623,#9624);
#7867=AXIS2_PLACEMENT_3D('',#11935,#9625,#9626);
#7868=AXIS2_PLACEMENT_3D('',#11936,#9627,#9628);
#7869=AXIS2_PLACEMENT_3D('',#11939,#9629,#9630);
#7870=AXIS2_PLACEMENT_3D('',#11942,#9633,#9634);
#7871=AXIS2_PLACEMENT_3D('',#11948,#9638,#9639);
#7872=AXIS2_PLACEMENT_3D('',#11951,#9641,#9642);
#7873=AXIS2_PLACEMENT_3D('',#11952,#9643,#9644);
#7874=AXIS2_PLACEMENT_3D('',#11955,#9645,#9646);
#7875=AXIS2_PLACEMENT_3D('',#11957,#9647,#9648);
#7876=AXIS2_PLACEMENT_3D('',#11958,#9649,#9650);
#7877=AXIS2_PLACEMENT_3D('',#11959,#9651,#9652);
#7878=AXIS2_PLACEMENT_3D('',#11962,#9653,#9654);
#7879=AXIS2_PLACEMENT_3D('',#11965,#9657,#9658);
#7880=AXIS2_PLACEMENT_3D('',#11968,#9659,#9660);
#7881=AXIS2_PLACEMENT_3D('',#11970,#9661,#9662);
#7882=AXIS2_PLACEMENT_3D('',#11971,#9663,#9664);
#7883=AXIS2_PLACEMENT_3D('',#11972,#9665,#9666);
#7884=AXIS2_PLACEMENT_3D('',#11975,#9667,#9668);
#7885=AXIS2_PLACEMENT_3D('',#11978,#9671,#9672);
#7886=AXIS2_PLACEMENT_3D('',#11981,#9673,#9674);
#7887=AXIS2_PLACEMENT_3D('',#11983,#9675,#9676);
#7888=AXIS2_PLACEMENT_3D('',#11984,#9677,#9678);
#7889=AXIS2_PLACEMENT_3D('',#11985,#9679,#9680);
#7890=AXIS2_PLACEMENT_3D('',#11988,#9681,#9682);
#7891=AXIS2_PLACEMENT_3D('',#11991,#9685,#9686);
#7892=AXIS2_PLACEMENT_3D('',#11994,#9689,#9690);
#7893=AXIS2_PLACEMENT_3D('',#11997,#9691,#9692);
#7894=AXIS2_PLACEMENT_3D('',#11999,#9693,#9694);
#7895=AXIS2_PLACEMENT_3D('',#12000,#9695,#9696);
#7896=AXIS2_PLACEMENT_3D('',#12001,#9697,#9698);
#7897=AXIS2_PLACEMENT_3D('',#12004,#9699,#9700);
#7898=AXIS2_PLACEMENT_3D('',#12007,#9703,#9704);
#7899=AXIS2_PLACEMENT_3D('',#12010,#9707,#9708);
#7900=AXIS2_PLACEMENT_3D('',#12011,#9709,#9710);
#7901=AXIS2_PLACEMENT_3D('',#12012,#9711,#9712);
#7902=AXIS2_PLACEMENT_3D('',#12013,#9713,#9714);
#7903=AXIS2_PLACEMENT_3D('',#12016,#9717,#9718);
#7904=AXIS2_PLACEMENT_3D('',#12018,#9720,#9721);
#7905=AXIS2_PLACEMENT_3D('',#12020,#9723,#9724);
#7906=AXIS2_PLACEMENT_3D('',#12021,#9725,#9726);
#7907=AXIS2_PLACEMENT_3D('',#12023,#9727,#9728);
#7908=AXIS2_PLACEMENT_3D('',#12024,#9729,#9730);
#7909=AXIS2_PLACEMENT_3D('',#12025,#9731,#9732);
#7910=AXIS2_PLACEMENT_3D('',#12027,#9733,#9734);
#7911=AXIS2_PLACEMENT_3D('',#12029,#9736,#9737);
#7912=AXIS2_PLACEMENT_3D('',#12032,#9738,#9739);
#7913=AXIS2_PLACEMENT_3D('',#12034,#9740,#9741);
#7914=AXIS2_PLACEMENT_3D('',#12035,#9742,#9743);
#7915=AXIS2_PLACEMENT_3D('',#12036,#9744,#9745);
#7916=AXIS2_PLACEMENT_3D('',#12039,#9746,#9747);
#7917=AXIS2_PLACEMENT_3D('',#12042,#9750,#9751);
#7918=AXIS2_PLACEMENT_3D('',#12045,#9754,#9755);
#7919=AXIS2_PLACEMENT_3D('',#12047,#9756,#9757);
#7920=AXIS2_PLACEMENT_3D('',#12048,#9758,#9759);
#7921=AXIS2_PLACEMENT_3D('',#12049,#9760,#9761);
#7922=AXIS2_PLACEMENT_3D('',#12051,#9762,#9763);
#7923=AXIS2_PLACEMENT_3D('',#12053,#9765,#9766);
#7924=AXIS2_PLACEMENT_3D('',#12056,#9769,#9770);
#7925=AXIS2_PLACEMENT_3D('',#12058,#9772,#9773);
#7926=AXIS2_PLACEMENT_3D('',#12060,#9775,#9776);
#7927=AXIS2_PLACEMENT_3D('',#12061,#9777,#9778);
#7928=AXIS2_PLACEMENT_3D('',#12062,#9779,#9780);
#7929=AXIS2_PLACEMENT_3D('',#12064,#9781,#9782);
#7930=AXIS2_PLACEMENT_3D('',#12065,#9783,#9784);
#7931=AXIS2_PLACEMENT_3D('',#12066,#9785,#9786);
#7932=AXIS2_PLACEMENT_3D('',#12068,#9787,#9788);
#7933=AXIS2_PLACEMENT_3D('',#12070,#9790,#9791);
#7934=AXIS2_PLACEMENT_3D('',#12073,#9794,#9795);
#7935=AXIS2_PLACEMENT_3D('',#12074,#9796,#9797);
#7936=AXIS2_PLACEMENT_3D('',#12075,#9798,#9799);
#7937=AXIS2_PLACEMENT_3D('',#12076,#9800,#9801);
#7938=AXIS2_PLACEMENT_3D('',#12077,#9802,#9803);
#7939=AXIS2_PLACEMENT_3D('',#12080,#9804,#9805);
#7940=AXIS2_PLACEMENT_3D('',#12082,#9806,#9807);
#7941=AXIS2_PLACEMENT_3D('',#12083,#9808,#9809);
#7942=AXIS2_PLACEMENT_3D('',#12084,#9810,#9811);
#7943=AXIS2_PLACEMENT_3D('',#12087,#9812,#9813);
#7944=AXIS2_PLACEMENT_3D('',#12090,#9816,#9817);
#7945=AXIS2_PLACEMENT_3D('',#12093,#9818,#9819);
#7946=AXIS2_PLACEMENT_3D('',#12095,#9820,#9821);
#7947=AXIS2_PLACEMENT_3D('',#12096,#9822,#9823);
#7948=AXIS2_PLACEMENT_3D('',#12097,#9824,#9825);
#7949=AXIS2_PLACEMENT_3D('',#12100,#9826,#9827);
#7950=AXIS2_PLACEMENT_3D('',#12103,#9830,#9831);
#7951=AXIS2_PLACEMENT_3D('',#12104,#9832,#9833);
#7952=AXIS2_PLACEMENT_3D('',#12105,#9834,#9835);
#7953=AXIS2_PLACEMENT_3D('',#12106,#9836,#9837);
#7954=AXIS2_PLACEMENT_3D('',#12109,#9838,#9839);
#7955=AXIS2_PLACEMENT_3D('',#12111,#9840,#9841);
#7956=AXIS2_PLACEMENT_3D('',#12112,#9842,#9843);
#7957=AXIS2_PLACEMENT_3D('',#12113,#9844,#9845);
#7958=AXIS2_PLACEMENT_3D('',#12116,#9846,#9847);
#7959=AXIS2_PLACEMENT_3D('',#12119,#9850,#9851);
#7960=AXIS2_PLACEMENT_3D('',#12122,#9852,#9853);
#7961=AXIS2_PLACEMENT_3D('',#12124,#9854,#9855);
#7962=AXIS2_PLACEMENT_3D('',#12125,#9856,#9857);
#7963=AXIS2_PLACEMENT_3D('',#12126,#9858,#9859);
#7964=AXIS2_PLACEMENT_3D('',#12129,#9860,#9861);
#7965=AXIS2_PLACEMENT_3D('',#12132,#9864,#9865);
#7966=AXIS2_PLACEMENT_3D('',#12135,#9868,#9869);
#7967=AXIS2_PLACEMENT_3D('',#12138,#9870,#9871);
#7968=AXIS2_PLACEMENT_3D('',#12140,#9872,#9873);
#7969=AXIS2_PLACEMENT_3D('',#12141,#9874,#9875);
#7970=AXIS2_PLACEMENT_3D('',#12142,#9876,#9877);
#7971=AXIS2_PLACEMENT_3D('',#12145,#9878,#9879);
#7972=AXIS2_PLACEMENT_3D('',#12148,#9882,#9883);
#7973=AXIS2_PLACEMENT_3D('',#12151,#9886,#9887);
#7974=AXIS2_PLACEMENT_3D('',#12154,#9890,#9891);
#7975=AXIS2_PLACEMENT_3D('',#12157,#9894,#9895);
#7976=AXIS2_PLACEMENT_3D('',#12158,#9896,#9897);
#7977=AXIS2_PLACEMENT_3D('',#12159,#9898,#9899);
#7978=AXIS2_PLACEMENT_3D('',#12161,#9901,#9902);
#7979=AXIS2_PLACEMENT_3D('',#12163,#9904,#9905);
#7980=AXIS2_PLACEMENT_3D('',#12164,#9906,#9907);
#7981=AXIS2_PLACEMENT_3D('',#12165,#9908,#9909);
#7982=AXIS2_PLACEMENT_3D('',#12166,#9910,#9911);
#7983=AXIS2_PLACEMENT_3D('',#12167,#9912,#9913);
#7984=AXIS2_PLACEMENT_3D('',#12168,#9914,#9915);
#7985=AXIS2_PLACEMENT_3D('',#12170,#9917,#9918);
#7986=AXIS2_PLACEMENT_3D('',#12172,#9920,#9921);
#7987=AXIS2_PLACEMENT_3D('',#12174,#9923,#9924);
#7988=AXIS2_PLACEMENT_3D('',#12176,#9926,#9927);
#7989=AXIS2_PLACEMENT_3D('',#12185,#9932,#9933);
#7990=AXIS2_PLACEMENT_3D('',#12191,#9937,#9938);
#7991=AXIS2_PLACEMENT_3D('',#12197,#9942,#9943);
#7992=AXIS2_PLACEMENT_3D('',#12203,#9947,#9948);
#7993=AXIS2_PLACEMENT_3D('',#12209,#9952,#9953);
#7994=AXIS2_PLACEMENT_3D('',#12212,#9956,#9957);
#7995=AXIS2_PLACEMENT_3D('',#12214,#9958,#9959);
#7996=AXIS2_PLACEMENT_3D('',#12215,#9960,#9961);
#7997=AXIS2_PLACEMENT_3D('',#12217,#9962,#9963);
#7998=AXIS2_PLACEMENT_3D('',#12219,#9965,#9966);
#7999=AXIS2_PLACEMENT_3D('',#12228,#9971,#9972);
#8000=AXIS2_PLACEMENT_3D('',#12234,#9976,#9977);
#8001=AXIS2_PLACEMENT_3D('',#12240,#9981,#9982);
#8002=AXIS2_PLACEMENT_3D('',#12243,#9985,#9986);
#8003=AXIS2_PLACEMENT_3D('',#12244,#9987,#9988);
#8004=AXIS2_PLACEMENT_3D('',#12245,#9989,#9990);
#8005=AXIS2_PLACEMENT_3D('',#12246,#9991,#9992);
#8006=AXIS2_PLACEMENT_3D('',#12249,#9993,#9994);
#8007=AXIS2_PLACEMENT_3D('',#12251,#9995,#9996);
#8008=AXIS2_PLACEMENT_3D('',#12252,#9997,#9998);
#8009=AXIS2_PLACEMENT_3D('',#12253,#9999,#10000);
#8010=AXIS2_PLACEMENT_3D('',#12258,#10003,#10004);
#8011=AXIS2_PLACEMENT_3D('',#12259,#10005,#10006);
#8012=AXIS2_PLACEMENT_3D('',#12278,#10009,#10010);
#8013=AXIS2_PLACEMENT_3D('',#12280,#10011,#10012);
#8014=AXIS2_PLACEMENT_3D('',#12296,#10013,#10014);
#8015=AXIS2_PLACEMENT_3D('',#12297,#10015,#10016);
#8016=AXIS2_PLACEMENT_3D('',#12300,#10017,#10018);
#8017=AXIS2_PLACEMENT_3D('',#12302,#10019,#10020);
#8018=AXIS2_PLACEMENT_3D('',#12303,#10021,#10022);
#8019=AXIS2_PLACEMENT_3D('',#12304,#10023,#10024);
#8020=AXIS2_PLACEMENT_3D('',#12307,#10025,#10026);
#8021=AXIS2_PLACEMENT_3D('',#12310,#10029,#10030);
#8022=AXIS2_PLACEMENT_3D('',#12313,#10031,#10032);
#8023=AXIS2_PLACEMENT_3D('',#12315,#10033,#10034);
#8024=AXIS2_PLACEMENT_3D('',#12316,#10035,#10036);
#8025=AXIS2_PLACEMENT_3D('',#12317,#10037,#10038);
#8026=AXIS2_PLACEMENT_3D('',#12322,#10040,#10041);
#8027=AXIS2_PLACEMENT_3D('',#12325,#10043,#10044);
#8028=AXIS2_PLACEMENT_3D('',#12326,#10045,#10046);
#8029=AXIS2_PLACEMENT_3D('',#12329,#10049,#10050);
#8030=AXIS2_PLACEMENT_3D('',#12332,#10053,#10054);
#8031=AXIS2_PLACEMENT_3D('',#12335,#10057,#10058);
#8032=AXIS2_PLACEMENT_3D('',#12338,#10061,#10062);
#8033=AXIS2_PLACEMENT_3D('',#12342,#10064,#10065);
#8034=AXIS2_PLACEMENT_3D('',#12344,#10067,#10068);
#8035=AXIS2_PLACEMENT_3D('',#12352,#10072,#10073);
#8036=AXIS2_PLACEMENT_3D('',#12362,#10079,#10080);
#8037=AXIS2_PLACEMENT_3D('',#12366,#10083,#10084);
#8038=AXIS2_PLACEMENT_3D('',#12369,#10086,#10087);
#8039=AXIS2_PLACEMENT_3D('',#12370,#10088,#10089);
#8040=AXIS2_PLACEMENT_3D('',#12374,#10092,#10093);
#8041=AXIS2_PLACEMENT_3D('',#12378,#10097,#10098);
#8042=AXIS2_PLACEMENT_3D('',#12386,#10102,#10103);
#8043=AXIS2_PLACEMENT_3D('',#12390,#10106,#10107);
#8044=AXIS2_PLACEMENT_3D('',#12391,#10108,#10109);
#8045=AXIS2_PLACEMENT_3D('',#12393,#10110,#10111);
#8046=AXIS2_PLACEMENT_3D('',#12395,#10112,#10113);
#8047=AXIS2_PLACEMENT_3D('',#12397,#10114,#10115);
#8048=AXIS2_PLACEMENT_3D('',#12398,#10116,#10117);
#8049=AXIS2_PLACEMENT_3D('',#12399,#10118,#10119);
#8050=AXIS2_PLACEMENT_3D('',#12402,#10121,#10122);
#8051=AXIS2_PLACEMENT_3D('',#12403,#10123,#10124);
#8052=AXIS2_PLACEMENT_3D('',#12405,#10125,#10126);
#8053=AXIS2_PLACEMENT_3D('',#12406,#10127,#10128);
#8054=AXIS2_PLACEMENT_3D('',#12409,#10129,#10130);
#8055=AXIS2_PLACEMENT_3D('',#12411,#10131,#10132);
#8056=AXIS2_PLACEMENT_3D('',#12412,#10133,#10134);
#8057=AXIS2_PLACEMENT_3D('',#12413,#10135,#10136);
#8058=AXIS2_PLACEMENT_3D('',#12418,#10139,#10140);
#8059=AXIS2_PLACEMENT_3D('',#12419,#10141,#10142);
#8060=AXIS2_PLACEMENT_3D('',#12438,#10145,#10146);
#8061=AXIS2_PLACEMENT_3D('',#12441,#10147,#10148);
#8062=AXIS2_PLACEMENT_3D('',#12443,#10149,#10150);
#8063=AXIS2_PLACEMENT_3D('',#12444,#10151,#10152);
#8064=AXIS2_PLACEMENT_3D('',#12445,#10153,#10154);
#8065=AXIS2_PLACEMENT_3D('',#12448,#10155,#10156);
#8066=AXIS2_PLACEMENT_3D('',#12451,#10159,#10160);
#8067=AXIS2_PLACEMENT_3D('',#12453,#10161,#10162);
#8068=AXIS2_PLACEMENT_3D('',#12469,#10163,#10164);
#8069=AXIS2_PLACEMENT_3D('',#12470,#10165,#10166);
#8070=AXIS2_PLACEMENT_3D('',#12473,#10167,#10168);
#8071=AXIS2_PLACEMENT_3D('',#12475,#10169,#10170);
#8072=AXIS2_PLACEMENT_3D('',#12476,#10171,#10172);
#8073=AXIS2_PLACEMENT_3D('',#12477,#10173,#10174);
#8074=AXIS2_PLACEMENT_3D('',#12482,#10176,#10177);
#8075=AXIS2_PLACEMENT_3D('',#12485,#10179,#10180);
#8076=AXIS2_PLACEMENT_3D('',#12486,#10181,#10182);
#8077=AXIS2_PLACEMENT_3D('',#12489,#10185,#10186);
#8078=AXIS2_PLACEMENT_3D('',#12492,#10189,#10190);
#8079=AXIS2_PLACEMENT_3D('',#12495,#10193,#10194);
#8080=AXIS2_PLACEMENT_3D('',#12498,#10197,#10198);
#8081=AXIS2_PLACEMENT_3D('',#12501,#10201,#10202);
#8082=AXIS2_PLACEMENT_3D('',#12505,#10205,#10206);
#8083=AXIS2_PLACEMENT_3D('',#12508,#10208,#10209);
#8084=AXIS2_PLACEMENT_3D('',#12509,#10210,#10211);
#8085=AXIS2_PLACEMENT_3D('',#12513,#10214,#10215);
#8086=AXIS2_PLACEMENT_3D('',#12517,#10219,#10220);
#8087=AXIS2_PLACEMENT_3D('',#12525,#10224,#10225);
#8088=AXIS2_PLACEMENT_3D('',#12529,#10228,#10229);
#8089=AXIS2_PLACEMENT_3D('',#12530,#10230,#10231);
#8090=AXIS2_PLACEMENT_3D('',#12535,#10234,#10235);
#8091=AXIS2_PLACEMENT_3D('',#12536,#10236,#10237);
#8092=AXIS2_PLACEMENT_3D('',#12539,#10238,#10239);
#8093=AXIS2_PLACEMENT_3D('',#12541,#10240,#10241);
#8094=AXIS2_PLACEMENT_3D('',#12542,#10242,#10243);
#8095=AXIS2_PLACEMENT_3D('',#12543,#10244,#10245);
#8096=AXIS2_PLACEMENT_3D('',#12546,#10248,#10249);
#8097=AXIS2_PLACEMENT_3D('',#12549,#10250,#10251);
#8098=AXIS2_PLACEMENT_3D('',#12551,#10252,#10253);
#8099=AXIS2_PLACEMENT_3D('',#12552,#10254,#10255);
#8100=AXIS2_PLACEMENT_3D('',#12553,#10256,#10257);
#8101=AXIS2_PLACEMENT_3D('',#12556,#10258,#10259);
#8102=AXIS2_PLACEMENT_3D('',#12559,#10262,#10263);
#8103=AXIS2_PLACEMENT_3D('',#12562,#10266,#10267);
#8104=AXIS2_PLACEMENT_3D('',#12565,#10268,#10269);
#8105=AXIS2_PLACEMENT_3D('',#12567,#10270,#10271);
#8106=AXIS2_PLACEMENT_3D('',#12568,#10272,#10273);
#8107=AXIS2_PLACEMENT_3D('',#12569,#10274,#10275);
#8108=AXIS2_PLACEMENT_3D('',#12574,#10278,#10279);
#8109=AXIS2_PLACEMENT_3D('',#12575,#10280,#10281);
#8110=AXIS2_PLACEMENT_3D('',#12579,#10283,#10284);
#8111=AXIS2_PLACEMENT_3D('',#12581,#10286,#10287);
#8112=AXIS2_PLACEMENT_3D('',#12584,#10290,#10291);
#8113=AXIS2_PLACEMENT_3D('',#12603,#10294,#10295);
#8114=AXIS2_PLACEMENT_3D('',#12605,#10296,#10297);
#8115=AXIS2_PLACEMENT_3D('',#12607,#10298,#10299);
#8116=AXIS2_PLACEMENT_3D('',#12622,#10300,#10301);
#8117=AXIS2_PLACEMENT_3D('',#12625,#10304,#10305);
#8118=AXIS2_PLACEMENT_3D('',#12627,#10307,#10308);
#8119=AXIS2_PLACEMENT_3D('',#12629,#10310,#10311);
#8120=AXIS2_PLACEMENT_3D('',#12637,#10315,#10316);
#8121=AXIS2_PLACEMENT_3D('',#12641,#10320,#10321);
#8122=AXIS2_PLACEMENT_3D('',#12642,#10322,#10323);
#8123=AXIS2_PLACEMENT_3D('',#12645,#10324,#10325);
#8124=AXIS2_PLACEMENT_3D('',#12647,#10326,#10327);
#8125=AXIS2_PLACEMENT_3D('',#12648,#10328,#10329);
#8126=AXIS2_PLACEMENT_3D('',#12649,#10330,#10331);
#8127=AXIS2_PLACEMENT_3D('',#12654,#10334,#10335);
#8128=AXIS2_PLACEMENT_3D('',#12655,#10336,#10337);
#8129=AXIS2_PLACEMENT_3D('',#12674,#10340,#10341);
#8130=AXIS2_PLACEMENT_3D('',#12676,#10342,#10343);
#8131=AXIS2_PLACEMENT_3D('',#12692,#10344,#10345);
#8132=AXIS2_PLACEMENT_3D('',#12693,#10346,#10347);
#8133=AXIS2_PLACEMENT_3D('',#12696,#10348,#10349);
#8134=AXIS2_PLACEMENT_3D('',#12698,#10350,#10351);
#8135=AXIS2_PLACEMENT_3D('',#12699,#10352,#10353);
#8136=AXIS2_PLACEMENT_3D('',#12700,#10354,#10355);
#8137=AXIS2_PLACEMENT_3D('',#12703,#10356,#10357);
#8138=AXIS2_PLACEMENT_3D('',#12706,#10360,#10361);
#8139=AXIS2_PLACEMENT_3D('',#12709,#10362,#10363);
#8140=AXIS2_PLACEMENT_3D('',#12711,#10364,#10365);
#8141=AXIS2_PLACEMENT_3D('',#12712,#10366,#10367);
#8142=AXIS2_PLACEMENT_3D('',#12713,#10368,#10369);
#8143=AXIS2_PLACEMENT_3D('',#12718,#10372,#10373);
#8144=AXIS2_PLACEMENT_3D('',#12719,#10374,#10375);
#8145=AXIS2_PLACEMENT_3D('',#12722,#10378,#10379);
#8146=AXIS2_PLACEMENT_3D('',#12725,#10382,#10383);
#8147=AXIS2_PLACEMENT_3D('',#12728,#10386,#10387);
#8148=AXIS2_PLACEMENT_3D('',#12731,#10390,#10391);
#8149=AXIS2_PLACEMENT_3D('',#12734,#10394,#10395);
#8150=AXIS2_PLACEMENT_3D('',#12736,#10397,#10398);
#8151=AXIS2_PLACEMENT_3D('',#12738,#10400,#10401);
#8152=AXIS2_PLACEMENT_3D('',#12739,#10402,#10403);
#8153=AXIS2_PLACEMENT_3D('',#12743,#10405,#10406);
#8154=AXIS2_PLACEMENT_3D('',#12748,#10409,#10410);
#8155=AXIS2_PLACEMENT_3D('',#12750,#10412,#10413);
#8156=AXIS2_PLACEMENT_3D('',#12751,#10414,#10415);
#8157=AXIS2_PLACEMENT_3D('',#12752,#10416,#10417);
#8158=AXIS2_PLACEMENT_3D('',#12754,#10419,#10420);
#8159=AXIS2_PLACEMENT_3D('',#12756,#10422,#10423);
#8160=AXIS2_PLACEMENT_3D('',#12757,#10424,#10425);
#8161=AXIS2_PLACEMENT_3D('',#12758,#10426,#10427);
#8162=AXIS2_PLACEMENT_3D('',#12759,#10428,#10429);
#8163=AXIS2_PLACEMENT_3D('',#12761,#10431,#10432);
#8164=AXIS2_PLACEMENT_3D('',#12763,#10434,#10435);
#8165=AXIS2_PLACEMENT_3D('',#12764,#10436,#10437);
#8166=AXIS2_PLACEMENT_3D('',#12765,#10438,#10439);
#8167=AXIS2_PLACEMENT_3D('',#12766,#10440,#10441);
#8168=AXIS2_PLACEMENT_3D('',#12775,#10446,#10447);
#8169=AXIS2_PLACEMENT_3D('',#12781,#10451,#10452);
#8170=AXIS2_PLACEMENT_3D('',#12787,#10456,#10457);
#8171=AXIS2_PLACEMENT_3D('',#12793,#10461,#10462);
#8172=AXIS2_PLACEMENT_3D('',#12799,#10466,#10467);
#8173=AXIS2_PLACEMENT_3D('',#12802,#10470,#10471);
#8174=AXIS2_PLACEMENT_3D('',#12804,#10472,#10473);
#8175=AXIS2_PLACEMENT_3D('',#12805,#10474,#10475);
#8176=AXIS2_PLACEMENT_3D('',#12807,#10477,#10478);
#8177=AXIS2_PLACEMENT_3D('',#12808,#10479,#10480);
#8178=AXIS2_PLACEMENT_3D('',#12809,#10481,#10482);
#8179=AXIS2_PLACEMENT_3D('',#12810,#10483,#10484);
#8180=AXIS2_PLACEMENT_3D('',#12811,#10485,#10486);
#8181=AXIS2_PLACEMENT_3D('',#12812,#10487,#10488);
#8182=AXIS2_PLACEMENT_3D('',#12813,#10489,#10490);
#8183=AXIS2_PLACEMENT_3D('',#12814,#10491,#10492);
#8184=AXIS2_PLACEMENT_3D('',#12815,#10493,#10494);
#8185=AXIS2_PLACEMENT_3D('',#12816,#10495,#10496);
#8186=AXIS2_PLACEMENT_3D('',#12817,#10497,#10498);
#8187=AXIS2_PLACEMENT_3D('',#12818,#10499,#10500);
#8188=AXIS2_PLACEMENT_3D('',#12819,#10501,#10502);
#8189=AXIS2_PLACEMENT_3D('',#12820,#10503,#10504);
#8190=AXIS2_PLACEMENT_3D('',#12821,#10505,#10506);
#8191=AXIS2_PLACEMENT_3D('',#12822,#10507,#10508);
#8192=AXIS2_PLACEMENT_3D('',#12823,#10509,#10510);
#8193=AXIS2_PLACEMENT_3D('',#12824,#10511,#10512);
#8194=AXIS2_PLACEMENT_3D('',#12825,#10513,#10514);
#8195=AXIS2_PLACEMENT_3D('',#12826,#10515,#10516);
#8196=AXIS2_PLACEMENT_3D('',#12827,#10517,#10518);
#8197=AXIS2_PLACEMENT_3D('',#12828,#10519,#10520);
#8198=AXIS2_PLACEMENT_3D('',#12829,#10521,#10522);
#8199=AXIS2_PLACEMENT_3D('',#12830,#10523,#10524);
#8200=AXIS2_PLACEMENT_3D('',#12831,#10525,#10526);
#8201=AXIS2_PLACEMENT_3D('',#12832,#10527,#10528);
#8202=AXIS2_PLACEMENT_3D('',#12833,#10529,#10530);
#8203=AXIS2_PLACEMENT_3D('',#12834,#10531,#10532);
#8204=AXIS2_PLACEMENT_3D('',#12835,#10533,#10534);
#8205=AXIS2_PLACEMENT_3D('',#12836,#10535,#10536);
#8206=AXIS2_PLACEMENT_3D('',#12837,#10537,#10538);
#8207=AXIS2_PLACEMENT_3D('',#12838,#10539,#10540);
#8208=AXIS2_PLACEMENT_3D('',#12839,#10541,#10542);
#8209=AXIS2_PLACEMENT_3D('',#12840,#10543,#10544);
#8210=AXIS2_PLACEMENT_3D('',#12841,#10545,#10546);
#8211=AXIS2_PLACEMENT_3D('',#12842,#10547,#10548);
#8212=AXIS2_PLACEMENT_3D('',#12843,#10549,#10550);
#8213=AXIS2_PLACEMENT_3D('',#12844,#10551,#10552);
#8214=AXIS2_PLACEMENT_3D('',#12845,#10553,#10554);
#8215=AXIS2_PLACEMENT_3D('',#12846,#10555,#10556);
#8216=AXIS2_PLACEMENT_3D('',#12847,#10557,#10558);
#8217=AXIS2_PLACEMENT_3D('',#12848,#10559,#10560);
#8218=AXIS2_PLACEMENT_3D('',#12849,#10561,#10562);
#8219=AXIS2_PLACEMENT_3D('',#12850,#10563,#10564);
#8220=AXIS2_PLACEMENT_3D('',#12851,#10565,#10566);
#8221=AXIS2_PLACEMENT_3D('',#12852,#10567,#10568);
#8222=AXIS2_PLACEMENT_3D('',#12853,#10569,#10570);
#8223=AXIS2_PLACEMENT_3D('',#12854,#10571,#10572);
#8224=AXIS2_PLACEMENT_3D('',#12855,#10573,#10574);
#8225=AXIS2_PLACEMENT_3D('',#12856,#10575,#10576);
#8226=DIRECTION('axis',(0.,0.,1.));
#8227=DIRECTION('refdir',(1.,0.,0.));
#8228=DIRECTION('axis',(0.,0.,1.));
#8229=DIRECTION('refdir',(1.,0.,0.));
#8230=DIRECTION('center_axis',(1.,0.,0.));
#8231=DIRECTION('ref_axis',(0.,0.,-1.));
#8232=DIRECTION('',(1.,0.,0.));
#8233=DIRECTION('center_axis',(1.,0.,0.));
#8234=DIRECTION('ref_axis',(0.,-8.57899609937621E-16,-1.));
#8235=DIRECTION('',(-1.,0.,0.));
#8236=DIRECTION('center_axis',(1.,0.,0.));
#8237=DIRECTION('ref_axis',(0.,-8.57899609937621E-16,-1.));
#8238=DIRECTION('center_axis',(1.,0.,0.));
#8239=DIRECTION('ref_axis',(0.,0.,-1.));
#8240=DIRECTION('',(0.,0.,-1.));
#8241=DIRECTION('',(-1.2335811384724E-15,0.707106781186548,-0.707106781186547));
#8242=DIRECTION('center_axis',(1.,0.,0.));
#8243=DIRECTION('ref_axis',(0.,0.,-1.));
#8244=DIRECTION('center_axis',(1.,0.,0.));
#8245=DIRECTION('ref_axis',(0.,0.,-1.));
#8246=DIRECTION('',(1.,0.,0.));
#8247=DIRECTION('',(-1.,0.,0.));
#8248=DIRECTION('center_axis',(1.,0.,0.));
#8249=DIRECTION('ref_axis',(0.,0.,-1.));
#8250=DIRECTION('center_axis',(-1.,0.,0.));
#8251=DIRECTION('ref_axis',(0.,0.,1.));
#8252=DIRECTION('',(0.,0.,-1.));
#8253=DIRECTION('',(0.,-0.707106781186548,0.707106781186547));
#8254=DIRECTION('center_axis',(1.,0.,0.));
#8255=DIRECTION('ref_axis',(0.,-8.57899609937621E-16,-1.));
#8256=DIRECTION('center_axis',(1.,0.,0.));
#8257=DIRECTION('ref_axis',(0.,0.,-1.));
#8258=DIRECTION('',(1.,0.,0.));
#8259=DIRECTION('',(-1.,0.,0.));
#8260=DIRECTION('center_axis',(1.,0.,0.));
#8261=DIRECTION('ref_axis',(0.,-8.57899609937621E-16,-1.));
#8262=DIRECTION('center_axis',(1.,0.,0.));
#8263=DIRECTION('ref_axis',(0.,0.,-1.));
#8264=DIRECTION('',(0.,0.,1.));
#8265=DIRECTION('',(0.,0.707106781186548,-0.707106781186547));
#8266=DIRECTION('center_axis',(-1.,0.,0.));
#8267=DIRECTION('ref_axis',(0.,0.,1.));
#8268=DIRECTION('',(0.,0.,-1.));
#8269=DIRECTION('',(0.,-0.707106781186548,0.707106781186547));
#8270=DIRECTION('center_axis',(0.,0.707106781186547,0.707106781186548));
#8271=DIRECTION('ref_axis',(0.,-0.707106781186548,0.707106781186547));
#8272=DIRECTION('',(-1.,0.,0.));
#8273=DIRECTION('center_axis',(0.,0.,-1.));
#8274=DIRECTION('ref_axis',(-0.499999999999998,0.86602540378444,0.));
#8275=DIRECTION('center_axis',(0.,0.,-1.));
#8276=DIRECTION('ref_axis',(-0.499999999999998,0.86602540378444,0.));
#8277=DIRECTION('',(0.,0.,-1.));
#8278=DIRECTION('',(0.,0.,1.));
#8279=DIRECTION('center_axis',(0.,0.,1.));
#8280=DIRECTION('ref_axis',(-0.499999999999998,0.86602540378444,0.));
#8281=DIRECTION('center_axis',(0.,0.,-1.));
#8282=DIRECTION('ref_axis',(-1.,0.,0.));
#8283=DIRECTION('',(-0.866025403784437,-0.500000000000002,0.));
#8284=DIRECTION('center_axis',(0.,0.,-1.));
#8285=DIRECTION('ref_axis',(-1.,0.,0.));
#8286=DIRECTION('',(-0.5,-0.866025403784438,0.));
#8287=DIRECTION('',(-1.,-6.86706805469099E-15,0.));
#8288=DIRECTION('',(-0.5,0.866025403784439,0.));
#8289=DIRECTION('center_axis',(0.,0.,1.));
#8290=DIRECTION('ref_axis',(1.,0.,0.));
#8291=DIRECTION('',(-0.866025403784438,0.500000000000001,0.));
#8292=DIRECTION('',(0.5,0.866025403784438,0.));
#8293=DIRECTION('',(0.866025403784438,-0.500000000000001,0.));
#8294=DIRECTION('',(0.5,0.866025403784438,0.));
#8295=DIRECTION('center_axis',(-0.866025403784439,-0.5,0.));
#8296=DIRECTION('ref_axis',(0.5,-0.866025403784439,0.));
#8297=DIRECTION('',(0.5,-0.866025403784439,0.));
#8298=DIRECTION('',(0.,0.,1.));
#8299=DIRECTION('',(0.5,-0.866025403784439,0.));
#8300=DIRECTION('center_axis',(0.866025403784439,-0.5,0.));
#8301=DIRECTION('ref_axis',(0.5,0.866025403784438,0.));
#8302=DIRECTION('',(0.,0.,1.));
#8303=DIRECTION('',(0.5,0.866025403784438,0.));
#8304=DIRECTION('',(0.,0.,1.));
#8305=DIRECTION('center_axis',(0.,0.,1.));
#8306=DIRECTION('ref_axis',(1.,0.,0.));
#8307=DIRECTION('center_axis',(0.,0.,1.));
#8308=DIRECTION('ref_axis',(-0.499999999999998,-0.86602540378444,0.));
#8309=DIRECTION('center_axis',(0.,0.,1.));
#8310=DIRECTION('ref_axis',(1.,0.,0.));
#8311=DIRECTION('center_axis',(0.,0.,1.));
#8312=DIRECTION('ref_axis',(1.,0.,0.));
#8313=DIRECTION('',(-0.866025403784439,-0.499999999999999,0.));
#8314=DIRECTION('',(0.866025403784439,0.5,0.));
#8315=DIRECTION('',(0.5,-0.866025403784439,0.));
#8316=DIRECTION('center_axis',(0.,0.,-1.));
#8317=DIRECTION('ref_axis',(-0.499999999999998,-0.86602540378444,0.));
#8318=DIRECTION('',(0.,0.,-1.));
#8319=DIRECTION('center_axis',(0.,0.,-1.));
#8320=DIRECTION('ref_axis',(-0.499999999999998,-0.86602540378444,0.));
#8321=DIRECTION('',(0.,0.,-1.));
#8322=DIRECTION('center_axis',(0.,0.,-1.));
#8323=DIRECTION('ref_axis',(1.,0.,0.));
#8324=DIRECTION('',(0.,0.,-1.));
#8325=DIRECTION('center_axis',(0.,0.,-1.));
#8326=DIRECTION('ref_axis',(1.,0.,0.));
#8327=DIRECTION('center_axis',(-6.86706805469099E-15,1.,0.));
#8328=DIRECTION('ref_axis',(1.,6.86706805469099E-15,0.));
#8329=DIRECTION('',(0.,0.,-1.));
#8330=DIRECTION('',(1.,6.86706805469099E-15,0.));
#8331=DIRECTION('',(0.,0.,-1.));
#8332=DIRECTION('center_axis',(0.,0.,-1.));
#8333=DIRECTION('ref_axis',(-1.,0.,0.));
#8334=DIRECTION('',(0.866025403784439,-0.499999999999999,0.));
#8335=DIRECTION('',(0.866025403784439,0.499999999999999,0.));
#8336=DIRECTION('center_axis',(0.,0.,-1.));
#8337=DIRECTION('ref_axis',(-1.,0.,0.));
#8338=DIRECTION('',(-0.866025403784438,0.500000000000001,0.));
#8339=DIRECTION('center_axis',(-0.500000000000001,-0.866025403784438,0.));
#8340=DIRECTION('ref_axis',(-0.866025403784438,0.500000000000001,0.));
#8341=DIRECTION('',(0.,0.,-1.));
#8342=DIRECTION('center_axis',(0.5,-0.866025403784439,0.));
#8343=DIRECTION('ref_axis',(-0.866025403784439,-0.5,0.));
#8344=DIRECTION('',(0.,0.,-1.));
#8345=DIRECTION('center_axis',(-0.866025403784439,-0.5,0.));
#8346=DIRECTION('ref_axis',(-0.5,0.866025403784439,0.));
#8347=DIRECTION('',(0.,0.,-1.));
#8348=DIRECTION('center_axis',(-0.5,0.866025403784439,0.));
#8349=DIRECTION('ref_axis',(0.866025403784439,0.499999999999999,0.));
#8350=DIRECTION('center_axis',(0.500000000000001,0.866025403784438,0.));
#8351=DIRECTION('ref_axis',(0.866025403784438,-0.500000000000001,0.));
#8352=DIRECTION('',(0.,0.,-1.));
#8353=DIRECTION('center_axis',(0.866025403784438,-0.5,0.));
#8354=DIRECTION('ref_axis',(-0.5,-0.866025403784438,0.));
#8355=DIRECTION('axis',(0.,0.,1.));
#8356=DIRECTION('refdir',(1.,0.,0.));
#8357=DIRECTION('center_axis',(0.,1.,0.));
#8358=DIRECTION('ref_axis',(0.,0.,1.));
#8359=DIRECTION('',(0.,0.,-1.));
#8360=DIRECTION('',(-1.,0.,0.));
#8361=DIRECTION('',(0.,0.,-1.));
#8362=DIRECTION('',(1.,0.,0.));
#8363=DIRECTION('',(0.,0.,1.));
#8364=DIRECTION('',(-1.,0.,0.));
#8365=DIRECTION('',(0.,0.,-1.));
#8366=DIRECTION('',(-1.,0.,0.));
#8367=DIRECTION('center_axis',(0.,0.,1.));
#8368=DIRECTION('ref_axis',(1.,0.,0.));
#8369=DIRECTION('center_axis',(0.,0.,1.));
#8370=DIRECTION('ref_axis',(1.,0.,0.));
#8371=DIRECTION('',(-1.,-4.44089209850063E-16,0.));
#8372=DIRECTION('center_axis',(0.,0.,1.));
#8373=DIRECTION('ref_axis',(-0.499999999999998,0.86602540378444,0.));
#8374=DIRECTION('center_axis',(0.,0.,-1.));
#8375=DIRECTION('ref_axis',(1.,0.,0.));
#8376=DIRECTION('center_axis',(0.,0.,1.));
#8377=DIRECTION('ref_axis',(1.,0.,0.));
#8378=DIRECTION('',(0.,0.,-1.));
#8379=DIRECTION('',(0.,0.,1.));
#8380=DIRECTION('center_axis',(0.,0.,-1.));
#8381=DIRECTION('ref_axis',(-1.,0.,0.));
#8382=DIRECTION('',(-0.500000000000002,0.866025403784437,0.));
#8383=DIRECTION('',(0.,1.,0.));
#8384=DIRECTION('center_axis',(0.,0.,1.));
#8385=DIRECTION('ref_axis',(1.,0.,0.));
#8386=DIRECTION('',(2.77555756156289E-16,1.,0.));
#8387=DIRECTION('',(-1.,-4.44089209850063E-16,0.));
#8388=DIRECTION('',(0.,-1.,0.));
#8389=DIRECTION('',(-1.,-1.11022302462516E-16,0.));
#8390=DIRECTION('center_axis',(-4.44089209850063E-16,1.,0.));
#8391=DIRECTION('ref_axis',(-1.,-4.44089209850063E-16,0.));
#8392=DIRECTION('',(0.,0.,1.));
#8393=DIRECTION('center_axis',(0.,0.,-1.));
#8394=DIRECTION('ref_axis',(-0.499999999999998,0.86602540378444,0.));
#8395=DIRECTION('',(0.,0.,-1.));
#8396=DIRECTION('center_axis',(0.,0.,1.));
#8397=DIRECTION('ref_axis',(-0.499999999999998,0.86602540378444,0.));
#8398=DIRECTION('center_axis',(0.866025403784438,-0.500000000000001,0.));
#8399=DIRECTION('ref_axis',(-0.500000000000001,-0.866025403784438,0.));
#8400=DIRECTION('',(0.500000000000001,0.866025403784438,0.));
#8401=DIRECTION('',(-0.500000000000001,-0.866025403784438,0.));
#8402=DIRECTION('',(0.,0.,-1.));
#8403=DIRECTION('center_axis',(0.,0.,-1.));
#8404=DIRECTION('ref_axis',(-1.,0.,0.));
#8405=DIRECTION('',(-2.77555756156289E-16,-1.,0.));
#8406=DIRECTION('center_axis',(-0.866025403784437,-0.500000000000002,0.));
#8407=DIRECTION('ref_axis',(-0.500000000000002,0.866025403784437,0.));
#8408=DIRECTION('',(0.500000000000002,-0.866025403784437,0.));
#8409=DIRECTION('',(0.,0.,-1.));
#8410=DIRECTION('center_axis',(0.,0.,-1.));
#8411=DIRECTION('ref_axis',(-1.,0.,0.));
#8412=DIRECTION('',(1.,1.11022302462516E-16,0.));
#8413=DIRECTION('center_axis',(-1.,0.,0.));
#8414=DIRECTION('ref_axis',(0.,1.,0.));
#8415=DIRECTION('',(0.,0.,-1.));
#8416=DIRECTION('center_axis',(-1.11022302462516E-16,1.,0.));
#8417=DIRECTION('ref_axis',(1.,1.11022302462516E-16,0.));
#8418=DIRECTION('',(0.,0.,-1.));
#8419=DIRECTION('center_axis',(1.,-2.77555756156289E-16,0.));
#8420=DIRECTION('ref_axis',(-2.77555756156289E-16,-1.,0.));
#8421=DIRECTION('axis',(0.,0.,1.));
#8422=DIRECTION('refdir',(1.,0.,0.));
#8423=DIRECTION('center_axis',(0.,-1.,0.));
#8424=DIRECTION('ref_axis',(0.707106781186547,0.,0.707106781186548));
#8425=DIRECTION('',(0.,-1.,0.));
#8426=DIRECTION('center_axis',(0.,-0.707106781186548,0.707106781186548));
#8427=DIRECTION('ref_axis',(-1.2266347333467E-16,0.707106781186548,0.707106781186548));
#8428=DIRECTION('',(0.,1.,0.));
#8429=DIRECTION('center_axis',(0.,0.,1.));
#8430=DIRECTION('ref_axis',(1.,0.,0.));
#8431=DIRECTION('center_axis',(0.,0.,-1.));
#8432=DIRECTION('ref_axis',(0.707106781186547,-0.707106781186548,0.));
#8433=DIRECTION('',(-1.,0.,0.));
#8434=DIRECTION('center_axis',(0.,0.,-1.));
#8435=DIRECTION('ref_axis',(-0.810643483377778,-0.58554004376912,0.));
#8436=DIRECTION('center_axis',(0.,0.,1.));
#8437=DIRECTION('ref_axis',(-1.,0.,0.));
#8438=DIRECTION('center_axis',(0.,0.,-1.));
#8439=DIRECTION('ref_axis',(-0.810643483377778,0.58554004376912,0.));
#8440=DIRECTION('',(1.,0.,0.));
#8441=DIRECTION('center_axis',(0.,0.,-1.));
#8442=DIRECTION('ref_axis',(0.707106781186547,0.707106781186548,0.));
#8443=DIRECTION('',(2.89490087106138E-16,-1.,0.));
#8444=DIRECTION('center_axis',(0.,0.,-1.));
#8445=DIRECTION('ref_axis',(0.58554004376912,-0.810643483377778,0.));
#8446=DIRECTION('center_axis',(0.,0.,1.));
#8447=DIRECTION('ref_axis',(-1.,0.,0.));
#8448=DIRECTION('center_axis',(0.,0.,-1.));
#8449=DIRECTION('ref_axis',(-0.585540043769119,-0.810643483377778,0.));
#8450=DIRECTION('',(0.,1.,0.));
#8451=DIRECTION('center_axis',(0.,0.,-1.));
#8452=DIRECTION('ref_axis',(-0.707106781186547,0.707106781186548,0.));
#8453=DIRECTION('',(1.,0.,0.));
#8454=DIRECTION('center_axis',(0.,0.,-1.));
#8455=DIRECTION('ref_axis',(0.810643483377778,0.58554004376912,0.));
#8456=DIRECTION('center_axis',(0.,0.,1.));
#8457=DIRECTION('ref_axis',(-1.,0.,0.));
#8458=DIRECTION('center_axis',(0.,0.,-1.));
#8459=DIRECTION('ref_axis',(0.810643483377778,-0.585540043769119,0.));
#8460=DIRECTION('',(-1.,-2.33600942421446E-16,0.));
#8461=DIRECTION('center_axis',(0.,0.,-1.));
#8462=DIRECTION('ref_axis',(-0.707106781186548,-0.707106781186547,0.));
#8463=DIRECTION('',(-1.16800471210723E-16,1.,0.));
#8464=DIRECTION('center_axis',(0.,0.,-1.));
#8465=DIRECTION('ref_axis',(-0.58554004376912,0.810643483377778,0.));
#8466=DIRECTION('center_axis',(0.,0.,1.));
#8467=DIRECTION('ref_axis',(0.645161290322581,0.76404640531142,0.));
#8468=DIRECTION('center_axis',(0.,0.,-1.));
#8469=DIRECTION('ref_axis',(0.585540043769121,0.810643483377777,0.));
#8470=DIRECTION('center_axis',(0.,0.,-1.));
#8471=DIRECTION('ref_axis',(1.,0.,0.));
#8472=DIRECTION('center_axis',(-1.,0.,0.));
#8473=DIRECTION('ref_axis',(0.,-0.707106781186547,0.707106781186548));
#8474=DIRECTION('center_axis',(0.707106781186547,0.,0.707106781186548));
#8475=DIRECTION('ref_axis',(-0.707106781186548,-1.2266347333467E-16,0.707106781186547));
#8476=DIRECTION('',(1.,0.,0.));
#8477=DIRECTION('center_axis',(-1.,0.,0.));
#8478=DIRECTION('ref_axis',(0.,0.707106781186547,0.707106781186548));
#8479=DIRECTION('center_axis',(0.707106781186547,0.,0.707106781186548));
#8480=DIRECTION('ref_axis',(-0.707106781186548,1.2266347333467E-16,0.707106781186547));
#8481=DIRECTION('',(-1.,0.,0.));
#8482=DIRECTION('center_axis',(0.,1.,0.));
#8483=DIRECTION('ref_axis',(-1.,0.,0.));
#8484=DIRECTION('',(0.,0.,-1.));
#8485=DIRECTION('',(-1.,0.,0.));
#8486=DIRECTION('',(0.,0.,1.));
#8487=DIRECTION('',(-1.,0.,0.));
#8488=DIRECTION('',(0.,0.,1.));
#8489=DIRECTION('',(-1.,0.,0.));
#8490=DIRECTION('',(0.,0.,-1.));
#8491=DIRECTION('center_axis',(-2.89490087106138E-16,1.,0.));
#8492=DIRECTION('ref_axis',(0.707106781186547,0.,0.707106781186548));
#8493=DIRECTION('',(-2.89490087106138E-16,1.,0.));
#8494=DIRECTION('center_axis',(0.,0.707106781186548,0.707106781186548));
#8495=DIRECTION('ref_axis',(3.06658683336675E-16,-0.707106781186548,0.707106781186548));
#8496=DIRECTION('center_axis',(1.,2.89490087106138E-16,0.));
#8497=DIRECTION('ref_axis',(-2.89490087106138E-16,1.,0.));
#8498=DIRECTION('',(0.,0.,1.));
#8499=DIRECTION('',(0.,0.,-1.));
#8500=DIRECTION('',(-2.89490087106138E-16,1.,0.));
#8501=DIRECTION('',(0.,0.,-1.));
#8502=DIRECTION('',(-2.89490087106138E-16,1.,0.));
#8503=DIRECTION('',(0.,0.,-1.));
#8504=DIRECTION('',(-2.89490087106138E-16,1.,0.));
#8505=DIRECTION('center_axis',(-1.,0.,0.));
#8506=DIRECTION('ref_axis',(0.,0.707106781186547,0.707106781186548));
#8507=DIRECTION('',(-1.,0.,0.));
#8508=DIRECTION('center_axis',(-0.707106781186548,0.,0.707106781186548));
#8509=DIRECTION('ref_axis',(0.707106781186548,-1.2266347333467E-16,0.707106781186548));
#8510=DIRECTION('center_axis',(0.,1.,0.));
#8511=DIRECTION('ref_axis',(-1.,0.,0.));
#8512=DIRECTION('',(0.,0.,1.));
#8513=DIRECTION('',(0.,0.,-1.));
#8514=DIRECTION('',(-1.,0.,0.));
#8515=DIRECTION('',(0.,0.,-1.));
#8516=DIRECTION('',(-1.,0.,0.));
#8517=DIRECTION('',(0.,0.,-1.));
#8518=DIRECTION('',(-1.,0.,0.));
#8519=DIRECTION('center_axis',(-1.,-2.33600942421446E-16,0.));
#8520=DIRECTION('ref_axis',(0.,-0.707106781186547,0.707106781186548));
#8521=DIRECTION('center_axis',(-0.707106781186547,0.,0.707106781186548));
#8522=DIRECTION('ref_axis',(0.707106781186548,4.90653893338679E-16,0.707106781186547));
#8523=DIRECTION('',(1.,2.33600942421446E-16,0.));
#8524=DIRECTION('center_axis',(0.,0.,1.));
#8525=DIRECTION('ref_axis',(1.,0.,0.));
#8526=DIRECTION('center_axis',(0.,0.,1.));
#8527=DIRECTION('ref_axis',(0.707106781186547,0.707106781186548,0.));
#8528=DIRECTION('center_axis',(0.,0.,-1.));
#8529=DIRECTION('ref_axis',(-1.,0.,0.));
#8530=DIRECTION('center_axis',(0.,0.,1.));
#8531=DIRECTION('ref_axis',(-1.,0.,0.));
#8532=DIRECTION('center_axis',(0.,-1.,0.));
#8533=DIRECTION('ref_axis',(-0.707106781186547,0.,0.707106781186548));
#8534=DIRECTION('',(0.,1.,0.));
#8535=DIRECTION('center_axis',(0.,-1.,0.));
#8536=DIRECTION('ref_axis',(-0.707106781186547,0.,0.707106781186548));
#8537=DIRECTION('',(0.,-1.,0.));
#8538=DIRECTION('center_axis',(0.,0.707106781186548,-0.707106781186547));
#8539=DIRECTION('ref_axis',(0.,0.707106781186547,0.707106781186548));
#8540=DIRECTION('center_axis',(-0.408248290463862,-0.816496580927726,0.408248290463864));
#8541=DIRECTION('ref_axis',(-0.577350269189626,0.577350269189625,0.577350269189627));
#8542=DIRECTION('center_axis',(-1.,0.,0.));
#8543=DIRECTION('ref_axis',(0.,1.,0.));
#8544=DIRECTION('center_axis',(0.,0.,1.));
#8545=DIRECTION('ref_axis',(-1.,0.,0.));
#8546=DIRECTION('center_axis',(0.,1.,0.));
#8547=DIRECTION('ref_axis',(0.,0.,1.));
#8548=DIRECTION('center_axis',(0.,0.,1.));
#8549=DIRECTION('ref_axis',(-0.707106781186547,0.707106781186548,0.));
#8550=DIRECTION('',(0.,0.,1.));
#8551=DIRECTION('',(0.,0.,-1.));
#8552=DIRECTION('center_axis',(0.408248290463862,-0.816496580927726,0.408248290463864));
#8553=DIRECTION('ref_axis',(0.577350269189625,0.577350269189625,0.577350269189627));
#8554=DIRECTION('center_axis',(0.,1.,0.));
#8555=DIRECTION('ref_axis',(1.,0.,0.));
#8556=DIRECTION('center_axis',(0.,0.,1.));
#8557=DIRECTION('ref_axis',(0.,1.,0.));
#8558=DIRECTION('center_axis',(1.,-6.93889390390723E-16,0.));
#8559=DIRECTION('ref_axis',(0.,0.,1.));
#8560=DIRECTION('center_axis',(0.,0.,1.));
#8561=DIRECTION('ref_axis',(0.707106781186547,0.707106781186548,0.));
#8562=DIRECTION('',(0.,0.,1.));
#8563=DIRECTION('center_axis',(0.,-0.707106781186548,0.707106781186547));
#8564=DIRECTION('ref_axis',(0.,-0.707106781186547,-0.707106781186548));
#8565=DIRECTION('center_axis',(-1.,0.,0.));
#8566=DIRECTION('ref_axis',(0.,0.707106781186548,0.707106781186548));
#8567=DIRECTION('',(1.,0.,0.));
#8568=DIRECTION('',(-1.,0.,0.));
#8569=DIRECTION('center_axis',(0.348630881203436,-0.787378928211875,-0.508420035088345));
#8570=DIRECTION('ref_axis',(-0.445285110467587,-0.616469320735361,0.649374119431897));
#8571=DIRECTION('center_axis',(0.,-1.,0.));
#8572=DIRECTION('ref_axis',(-1.,0.,0.));
#8573=DIRECTION('center_axis',(0.,0.,1.));
#8574=DIRECTION('ref_axis',(0.314285714285714,-0.949328441476352,0.));
#8575=DIRECTION('center_axis',(-0.949328441476351,-0.314285714285715,0.));
#8576=DIRECTION('ref_axis',(0.,0.,1.));
#8577=DIRECTION('center_axis',(0.,0.,1.));
#8578=DIRECTION('ref_axis',(-0.585540043769119,-0.810643483377778,0.));
#8579=DIRECTION('',(0.,0.,1.));
#8580=DIRECTION('',(0.,0.,-1.));
#8581=DIRECTION('center_axis',(-0.348630881203436,-0.787378928211876,-0.508420035088344));
#8582=DIRECTION('ref_axis',(0.445285110467586,-0.616469320735361,0.649374119431898));
#8583=DIRECTION('center_axis',(0.949328441476352,-0.314285714285714,3.293644667683E-16));
#8584=DIRECTION('ref_axis',(-0.314285714285714,-0.949328441476352,0.));
#8585=DIRECTION('center_axis',(0.,0.,1.));
#8586=DIRECTION('ref_axis',(1.,0.,0.));
#8587=DIRECTION('center_axis',(0.,-1.,0.));
#8588=DIRECTION('ref_axis',(0.,0.,1.));
#8589=DIRECTION('center_axis',(0.,0.,1.));
#8590=DIRECTION('ref_axis',(0.58554004376912,-0.810643483377778,0.));
#8591=DIRECTION('',(0.,0.,-1.));
#8592=DIRECTION('center_axis',(-2.89490087106138E-16,1.,0.));
#8593=DIRECTION('ref_axis',(0.707106781186547,0.,0.707106781186548));
#8594=DIRECTION('',(2.89490087106138E-16,-1.,0.));
#8595=DIRECTION('center_axis',(0.,0.,-1.));
#8596=DIRECTION('ref_axis',(-1.,0.,0.));
#8597=DIRECTION('center_axis',(0.,0.,1.));
#8598=DIRECTION('ref_axis',(-6.12323399573677E-17,1.,0.));
#8599=DIRECTION('center_axis',(0.,0.,-1.));
#8600=DIRECTION('ref_axis',(-6.12323399573677E-17,1.,0.));
#8601=DIRECTION('center_axis',(0.,-1.,0.));
#8602=DIRECTION('ref_axis',(-0.707106781186547,0.,0.707106781186548));
#8603=DIRECTION('',(0.,1.,0.));
#8604=DIRECTION('',(0.,-1.,0.));
#8605=DIRECTION('center_axis',(-2.89490087106138E-16,1.,0.));
#8606=DIRECTION('ref_axis',(0.707106781186547,0.,0.707106781186548));
#8607=DIRECTION('center_axis',(0.,-1.,0.));
#8608=DIRECTION('ref_axis',(0.707106781186547,0.,0.707106781186548));
#8609=DIRECTION('',(2.89490087106138E-16,-1.,0.));
#8610=DIRECTION('center_axis',(-1.,0.,0.));
#8611=DIRECTION('ref_axis',(0.,-1.,0.));
#8612=DIRECTION('',(0.,0.,1.));
#8613=DIRECTION('',(0.,-1.,0.));
#8614=DIRECTION('',(0.,0.,-1.));
#8615=DIRECTION('center_axis',(0.,1.,0.));
#8616=DIRECTION('ref_axis',(-1.,0.,0.));
#8617=DIRECTION('',(1.,0.,0.));
#8618=DIRECTION('center_axis',(0.,0.,1.));
#8619=DIRECTION('ref_axis',(1.,0.,0.));
#8620=DIRECTION('',(-1.,0.,0.));
#8621=DIRECTION('center_axis',(0.,1.,0.));
#8622=DIRECTION('ref_axis',(-1.,0.,0.));
#8623=DIRECTION('',(1.,0.,0.));
#8624=DIRECTION('',(0.,0.,1.));
#8625=DIRECTION('',(-1.,0.,0.));
#8626=DIRECTION('',(0.,0.,1.));
#8627=DIRECTION('',(1.,0.,0.));
#8628=DIRECTION('center_axis',(0.,0.,1.));
#8629=DIRECTION('ref_axis',(1.,0.,0.));
#8630=DIRECTION('center_axis',(0.,0.,1.));
#8631=DIRECTION('ref_axis',(1.,0.,0.));
#8632=DIRECTION('center_axis',(0.,0.,1.));
#8633=DIRECTION('ref_axis',(-0.707106781186547,0.707106781186548,0.));
#8634=DIRECTION('center_axis',(0.,0.,-1.));
#8635=DIRECTION('ref_axis',(-1.,0.,0.));
#8636=DIRECTION('center_axis',(0.,0.,1.));
#8637=DIRECTION('ref_axis',(-1.,0.,0.));
#8638=DIRECTION('center_axis',(-1.,0.,0.));
#8639=DIRECTION('ref_axis',(0.,0.707106781186547,0.707106781186548));
#8640=DIRECTION('',(1.,0.,0.));
#8641=DIRECTION('center_axis',(-1.,0.,0.));
#8642=DIRECTION('ref_axis',(0.,0.707106781186547,0.707106781186548));
#8643=DIRECTION('center_axis',(0.707106781186548,0.,-0.707106781186548));
#8644=DIRECTION('ref_axis',(0.707106781186547,0.,0.707106781186547));
#8645=DIRECTION('center_axis',(-0.408248290463862,-0.816496580927726,-0.408248290463864));
#8646=DIRECTION('ref_axis',(0.577350269189626,-0.577350269189625,0.577350269189626));
#8647=DIRECTION('center_axis',(1.,0.,0.));
#8648=DIRECTION('ref_axis',(0.,-1.,0.));
#8649=DIRECTION('center_axis',(0.,0.,1.));
#8650=DIRECTION('ref_axis',(1.,0.,0.));
#8651=DIRECTION('center_axis',(3.46944695195361E-16,-1.,0.));
#8652=DIRECTION('ref_axis',(0.,0.,1.));
#8653=DIRECTION('center_axis',(0.,0.,1.));
#8654=DIRECTION('ref_axis',(0.707106781186548,-0.707106781186547,0.));
#8655=DIRECTION('',(0.,0.,1.));
#8656=DIRECTION('',(0.,0.,-1.));
#8657=DIRECTION('center_axis',(-0.707106781186548,0.,0.707106781186548));
#8658=DIRECTION('ref_axis',(-0.707106781186547,0.,-0.707106781186547));
#8659=DIRECTION('center_axis',(0.408248290463863,-0.816496580927726,0.408248290463863));
#8660=DIRECTION('ref_axis',(0.577350269189626,0.577350269189625,0.577350269189626));
#8661=DIRECTION('center_axis',(0.,1.,0.));
#8662=DIRECTION('ref_axis',(1.,0.,0.));
#8663=DIRECTION('center_axis',(0.,0.,1.));
#8664=DIRECTION('ref_axis',(0.,1.,0.));
#8665=DIRECTION('center_axis',(1.,0.,0.));
#8666=DIRECTION('ref_axis',(0.,0.,1.));
#8667=DIRECTION('center_axis',(0.,0.,1.));
#8668=DIRECTION('ref_axis',(0.707106781186548,0.707106781186547,0.));
#8669=DIRECTION('',(0.,0.,-1.));
#8670=DIRECTION('center_axis',(0.306575867459892,-0.895388837542589,-0.322939726722102));
#8671=DIRECTION('ref_axis',(-0.616469320735362,-0.445285110467587,0.649374119431896));
#8672=DIRECTION('center_axis',(-0.314285714285714,-0.949328441476352,-2.74171031276655E-15));
#8673=DIRECTION('ref_axis',(-0.949328441476352,0.314285714285714,0.));
#8674=DIRECTION('center_axis',(0.,0.,1.));
#8675=DIRECTION('ref_axis',(0.,-1.,0.));
#8676=DIRECTION('center_axis',(-1.,-1.38777878078145E-15,0.));
#8677=DIRECTION('ref_axis',(0.,0.,1.));
#8678=DIRECTION('center_axis',(0.,0.,1.));
#8679=DIRECTION('ref_axis',(-0.810643483377778,-0.58554004376912,0.));
#8680=DIRECTION('',(0.,0.,1.));
#8681=DIRECTION('',(0.,0.,-1.));
#8682=DIRECTION('center_axis',(1.,0.,0.));
#8683=DIRECTION('ref_axis',(0.,-0.707106781186547,0.707106781186548));
#8684=DIRECTION('',(-1.,0.,0.));
#8685=DIRECTION('',(1.,0.,0.));
#8686=DIRECTION('center_axis',(-0.306575867459893,-0.895388837542589,0.322939726722102));
#8687=DIRECTION('ref_axis',(-0.616469320735362,0.445285110467587,0.649374119431896));
#8688=DIRECTION('center_axis',(-1.,0.,-1.38777878078144E-15));
#8689=DIRECTION('ref_axis',(0.,1.,0.));
#8690=DIRECTION('center_axis',(0.,0.,1.));
#8691=DIRECTION('ref_axis',(-0.949328441476351,-0.314285714285714,0.));
#8692=DIRECTION('center_axis',(-0.314285714285716,0.949328441476351,0.));
#8693=DIRECTION('ref_axis',(0.,0.,1.));
#8694=DIRECTION('center_axis',(0.,0.,1.));
#8695=DIRECTION('ref_axis',(-0.810643483377778,0.58554004376912,0.));
#8696=DIRECTION('',(0.,0.,1.));
#8697=DIRECTION('center_axis',(0.,0.,-1.));
#8698=DIRECTION('ref_axis',(1.,-1.22464679914735E-16,0.));
#8699=DIRECTION('center_axis',(0.,0.,1.));
#8700=DIRECTION('ref_axis',(1.,1.22464679914735E-16,0.));
#8701=DIRECTION('center_axis',(0.,0.,-1.));
#8702=DIRECTION('ref_axis',(1.,1.22464679914735E-16,0.));
#8703=DIRECTION('center_axis',(-1.,0.,0.));
#8704=DIRECTION('ref_axis',(0.,0.707106781186547,0.707106781186548));
#8705=DIRECTION('',(1.,0.,0.));
#8706=DIRECTION('center_axis',(-6.16790569236198E-17,1.,0.));
#8707=DIRECTION('ref_axis',(0.707106781186548,0.,0.707106781186548));
#8708=DIRECTION('',(6.16790569236198E-17,-1.,0.));
#8709=DIRECTION('',(-6.16790569236198E-17,1.,0.));
#8710=DIRECTION('center_axis',(1.,0.,0.));
#8711=DIRECTION('ref_axis',(0.,-0.707106781186547,0.707106781186548));
#8712=DIRECTION('',(1.,0.,0.));
#8713=DIRECTION('center_axis',(-1.,0.,0.));
#8714=DIRECTION('ref_axis',(0.,-0.707106781186547,0.707106781186548));
#8715=DIRECTION('',(-1.,0.,0.));
#8716=DIRECTION('center_axis',(0.,-1.,0.));
#8717=DIRECTION('ref_axis',(1.,0.,0.));
#8718=DIRECTION('',(0.,0.,-1.));
#8719=DIRECTION('',(1.,1.11022302462516E-15,0.));
#8720=DIRECTION('',(0.,0.,-1.));
#8721=DIRECTION('center_axis',(0.,0.,1.));
#8722=DIRECTION('ref_axis',(1.,0.,0.));
#8723=DIRECTION('',(0.,1.,0.));
#8724=DIRECTION('',(6.16790569236198E-17,-1.,0.));
#8725=DIRECTION('center_axis',(1.,0.,0.));
#8726=DIRECTION('ref_axis',(0.,1.,0.));
#8727=DIRECTION('',(0.,-1.,0.));
#8728=DIRECTION('',(0.,0.,1.));
#8729=DIRECTION('',(0.,1.,0.));
#8730=DIRECTION('',(0.,-1.,0.));
#8731=DIRECTION('center_axis',(0.,0.,1.));
#8732=DIRECTION('ref_axis',(1.,-1.22464679914735E-16,0.));
#8733=DIRECTION('center_axis',(0.,0.,1.));
#8734=DIRECTION('ref_axis',(1.,0.,0.));
#8735=DIRECTION('center_axis',(0.,1.,0.));
#8736=DIRECTION('ref_axis',(0.707106781186547,0.,0.707106781186548));
#8737=DIRECTION('',(0.,-1.,0.));
#8738=DIRECTION('center_axis',(5.55111512312578E-17,1.,0.));
#8739=DIRECTION('ref_axis',(0.707106781186547,0.,0.707106781186548));
#8740=DIRECTION('',(0.,1.,0.));
#8741=DIRECTION('center_axis',(0.,-0.707106781186548,-0.707106781186548));
#8742=DIRECTION('ref_axis',(0.,-0.707106781186547,0.707106781186547));
#8743=DIRECTION('center_axis',(0.348630881203436,-0.787378928211876,0.508420035088343));
#8744=DIRECTION('ref_axis',(0.445285110467588,0.61646932073536,0.649374119431897));
#8745=DIRECTION('center_axis',(0.,1.,0.));
#8746=DIRECTION('ref_axis',(1.,0.,0.));
#8747=DIRECTION('center_axis',(0.,0.,1.));
#8748=DIRECTION('ref_axis',(-0.314285714285714,0.949328441476352,0.));
#8749=DIRECTION('center_axis',(0.949328441476351,0.314285714285715,0.));
#8750=DIRECTION('ref_axis',(0.,0.,1.));
#8751=DIRECTION('center_axis',(0.,0.,1.));
#8752=DIRECTION('ref_axis',(0.585540043769121,0.810643483377777,0.));
#8753=DIRECTION('',(0.,0.,1.));
#8754=DIRECTION('',(0.,0.,-1.));
#8755=DIRECTION('center_axis',(-0.408248290463862,-0.816496580927726,-0.408248290463864));
#8756=DIRECTION('ref_axis',(0.577350269189625,-0.577350269189625,0.577350269189627));
#8757=DIRECTION('center_axis',(1.,0.,0.));
#8758=DIRECTION('ref_axis',(0.,-1.,0.));
#8759=DIRECTION('center_axis',(0.,0.,1.));
#8760=DIRECTION('ref_axis',(1.,0.,0.));
#8761=DIRECTION('center_axis',(0.,-1.,0.));
#8762=DIRECTION('ref_axis',(0.,0.,1.));
#8763=DIRECTION('center_axis',(0.,0.,1.));
#8764=DIRECTION('ref_axis',(0.707106781186547,-0.707106781186548,0.));
#8765=DIRECTION('',(0.,0.,1.));
#8766=DIRECTION('',(0.,0.,-1.));
#8767=DIRECTION('center_axis',(0.,1.,0.));
#8768=DIRECTION('ref_axis',(0.707106781186547,0.,0.707106781186548));
#8769=DIRECTION('',(0.,-1.,0.));
#8770=DIRECTION('',(0.,1.,0.));
#8771=DIRECTION('center_axis',(-0.348630881203436,-0.787378928211876,0.508420035088344));
#8772=DIRECTION('ref_axis',(-0.445285110467587,0.616469320735361,0.649374119431898));
#8773=DIRECTION('center_axis',(-0.949328441476352,0.314285714285714,-9.880934003049E-16));
#8774=DIRECTION('ref_axis',(0.314285714285714,0.949328441476352,0.));
#8775=DIRECTION('center_axis',(0.,0.,1.));
#8776=DIRECTION('ref_axis',(-1.,0.,0.));
#8777=DIRECTION('center_axis',(-1.38777878078145E-15,1.,0.));
#8778=DIRECTION('ref_axis',(0.,0.,1.));
#8779=DIRECTION('center_axis',(0.,0.,1.));
#8780=DIRECTION('ref_axis',(-0.58554004376912,0.810643483377778,0.));
#8781=DIRECTION('',(0.,0.,1.));
#8782=DIRECTION('',(0.,0.,-1.));
#8783=DIRECTION('center_axis',(0.408248290463863,-0.816496580927726,-0.408248290463864));
#8784=DIRECTION('ref_axis',(-0.577350269189625,-0.577350269189626,0.577350269189626));
#8785=DIRECTION('center_axis',(0.,-1.,0.));
#8786=DIRECTION('ref_axis',(-1.,0.,0.));
#8787=DIRECTION('center_axis',(0.,0.,1.));
#8788=DIRECTION('ref_axis',(0.,-1.,0.));
#8789=DIRECTION('center_axis',(-1.,0.,0.));
#8790=DIRECTION('ref_axis',(0.,0.,1.));
#8791=DIRECTION('center_axis',(0.,0.,1.));
#8792=DIRECTION('ref_axis',(-0.707106781186547,-0.707106781186548,0.));
#8793=DIRECTION('',(0.,0.,1.));
#8794=DIRECTION('',(0.,0.,-1.));
#8795=DIRECTION('center_axis',(0.,0.707106781186548,0.707106781186548));
#8796=DIRECTION('ref_axis',(0.,0.707106781186547,-0.707106781186547));
#8797=DIRECTION('center_axis',(1.16800471210723E-16,-1.,0.));
#8798=DIRECTION('ref_axis',(-0.707106781186547,0.,0.707106781186548));
#8799=DIRECTION('',(1.16800471210723E-16,-1.,0.));
#8800=DIRECTION('center_axis',(5.55111512312578E-17,1.,0.));
#8801=DIRECTION('ref_axis',(-0.707106781186547,0.,0.707106781186548));
#8802=DIRECTION('',(-1.16800471210723E-16,1.,0.));
#8803=DIRECTION('center_axis',(1.,1.2335811384724E-16,0.));
#8804=DIRECTION('ref_axis',(0.,-0.707106781186548,0.707106781186548));
#8805=DIRECTION('',(-1.,-1.2335811384724E-16,0.));
#8806=DIRECTION('',(1.,1.2335811384724E-16,0.));
#8807=DIRECTION('center_axis',(1.16800471210723E-16,-1.,0.));
#8808=DIRECTION('ref_axis',(-0.707106781186548,0.,0.707106781186548));
#8809=DIRECTION('',(-1.16800471210723E-16,1.,0.));
#8810=DIRECTION('',(1.16800471210723E-16,-1.,0.));
#8811=DIRECTION('center_axis',(0.,0.,-1.));
#8812=DIRECTION('ref_axis',(-1.,0.,0.));
#8813=DIRECTION('center_axis',(0.,0.,1.));
#8814=DIRECTION('ref_axis',(-1.79068229778251E-16,-1.,0.));
#8815=DIRECTION('center_axis',(0.,0.,-1.));
#8816=DIRECTION('ref_axis',(-1.79068229778251E-16,-1.,0.));
#8817=DIRECTION('center_axis',(1.2335811384724E-16,-1.,0.));
#8818=DIRECTION('ref_axis',(1.,1.2335811384724E-16,0.));
#8819=DIRECTION('',(-1.,-1.2335811384724E-16,0.));
#8820=DIRECTION('center_axis',(0.,0.,1.));
#8821=DIRECTION('ref_axis',(1.,0.,0.));
#8822=DIRECTION('',(1.,-5.55111512312578E-17,0.));
#8823=DIRECTION('center_axis',(-5.55111512312578E-17,-1.,0.));
#8824=DIRECTION('ref_axis',(1.,-5.55111512312578E-17,0.));
#8825=DIRECTION('',(0.,0.,-1.));
#8826=DIRECTION('',(-1.,5.55111512312578E-17,0.));
#8827=DIRECTION('',(0.,0.,1.));
#8828=DIRECTION('',(1.,-5.55111512312578E-17,0.));
#8829=DIRECTION('',(-1.,5.55111512312578E-17,0.));
#8830=DIRECTION('',(0.,0.,1.));
#8831=DIRECTION('center_axis',(0.,0.,1.));
#8832=DIRECTION('ref_axis',(1.,0.,0.));
#8833=DIRECTION('center_axis',(0.,0.,1.));
#8834=DIRECTION('ref_axis',(1.,0.,0.));
#8835=DIRECTION('center_axis',(0.,0.,1.));
#8836=DIRECTION('ref_axis',(0.707106781186547,-0.707106781186548,0.));
#8837=DIRECTION('center_axis',(0.,0.,-1.));
#8838=DIRECTION('ref_axis',(-1.,0.,0.));
#8839=DIRECTION('',(0.,0.,-1.));
#8840=DIRECTION('center_axis',(0.,0.,1.));
#8841=DIRECTION('ref_axis',(-1.,0.,0.));
#8842=DIRECTION('center_axis',(1.,2.33600942421446E-16,0.));
#8843=DIRECTION('ref_axis',(0.,-0.707106781186547,0.707106781186548));
#8844=DIRECTION('',(-1.,-2.33600942421446E-16,0.));
#8845=DIRECTION('center_axis',(1.,1.66533453693774E-16,0.));
#8846=DIRECTION('ref_axis',(0.,-0.707106781186547,0.707106781186548));
#8847=DIRECTION('',(1.,2.33600942421446E-16,0.));
#8848=DIRECTION('center_axis',(-0.707106781186548,0.,-0.707106781186547));
#8849=DIRECTION('ref_axis',(-0.707106781186547,-3.30361620955545E-16,0.707106781186548));
#8850=DIRECTION('center_axis',(0.408248290463862,-0.816496580927726,-0.408248290463864));
#8851=DIRECTION('ref_axis',(-0.577350269189625,-0.577350269189625,0.577350269189627));
#8852=DIRECTION('center_axis',(0.,-1.,1.38777878078144E-15));
#8853=DIRECTION('ref_axis',(-1.,0.,0.));
#8854=DIRECTION('center_axis',(0.,0.,1.));
#8855=DIRECTION('ref_axis',(0.,-1.,0.));
#8856=DIRECTION('center_axis',(-1.,0.,0.));
#8857=DIRECTION('ref_axis',(0.,0.,1.));
#8858=DIRECTION('center_axis',(0.,0.,1.));
#8859=DIRECTION('ref_axis',(-0.707106781186547,-0.707106781186548,0.));
#8860=DIRECTION('',(0.,0.,1.));
#8861=DIRECTION('',(0.,0.,-1.));
#8862=DIRECTION('center_axis',(-0.408248290463862,-0.816496580927726,0.408248290463864));
#8863=DIRECTION('ref_axis',(-0.577350269189625,0.577350269189627,0.577350269189625));
#8864=DIRECTION('center_axis',(-1.,0.,0.));
#8865=DIRECTION('ref_axis',(0.,1.,0.));
#8866=DIRECTION('center_axis',(0.,0.,1.));
#8867=DIRECTION('ref_axis',(-1.,0.,0.));
#8868=DIRECTION('center_axis',(-3.46944695195362E-16,1.,0.));
#8869=DIRECTION('ref_axis',(0.,0.,1.));
#8870=DIRECTION('center_axis',(0.,0.,1.));
#8871=DIRECTION('ref_axis',(-0.707106781186548,0.707106781186547,0.));
#8872=DIRECTION('',(0.,0.,1.));
#8873=DIRECTION('center_axis',(0.707106781186548,0.,0.707106781186547));
#8874=DIRECTION('ref_axis',(0.707106781186547,0.,-0.707106781186548));
#8875=DIRECTION('center_axis',(1.2335811384724E-16,-1.,0.));
#8876=DIRECTION('ref_axis',(-0.707106781186548,0.,0.707106781186548));
#8877=DIRECTION('',(-1.2335811384724E-16,1.,0.));
#8878=DIRECTION('',(1.2335811384724E-16,-1.,0.));
#8879=DIRECTION('center_axis',(-0.306575867459891,-0.895388837542589,-0.322939726722102));
#8880=DIRECTION('ref_axis',(0.616469320735362,-0.445285110467586,0.649374119431897));
#8881=DIRECTION('center_axis',(1.,0.,0.));
#8882=DIRECTION('ref_axis',(0.,-1.,0.));
#8883=DIRECTION('center_axis',(0.,0.,1.));
#8884=DIRECTION('ref_axis',(0.949328441476352,0.314285714285714,0.));
#8885=DIRECTION('center_axis',(0.314285714285715,-0.949328441476351,0.));
#8886=DIRECTION('ref_axis',(0.,0.,1.));
#8887=DIRECTION('center_axis',(0.,0.,1.));
#8888=DIRECTION('ref_axis',(0.810643483377778,-0.585540043769119,0.));
#8889=DIRECTION('',(0.,0.,1.));
#8890=DIRECTION('',(0.,0.,-1.));
#8891=DIRECTION('center_axis',(0.306575867459892,-0.895388837542589,0.322939726722102));
#8892=DIRECTION('ref_axis',(0.61646932073536,0.445285110467587,0.649374119431898));
#8893=DIRECTION('center_axis',(0.314285714285714,0.949328441476352,3.293644667683E-16));
#8894=DIRECTION('ref_axis',(0.949328441476352,-0.314285714285714,0.));
#8895=DIRECTION('center_axis',(0.,0.,1.));
#8896=DIRECTION('ref_axis',(0.,1.,0.));
#8897=DIRECTION('center_axis',(1.,0.,0.));
#8898=DIRECTION('ref_axis',(0.,0.,1.));
#8899=DIRECTION('center_axis',(0.,0.,1.));
#8900=DIRECTION('ref_axis',(0.810643483377778,0.58554004376912,0.));
#8901=DIRECTION('',(0.,0.,-1.));
#8902=DIRECTION('center_axis',(-1.,0.,0.));
#8903=DIRECTION('ref_axis',(0.,0.707106781186547,0.707106781186548));
#8904=DIRECTION('',(1.,0.,0.));
#8905=DIRECTION('center_axis',(0.,0.,-1.));
#8906=DIRECTION('ref_axis',(-1.,0.,0.));
#8907=DIRECTION('center_axis',(0.,0.,1.));
#8908=DIRECTION('ref_axis',(-1.,1.66533453693774E-16,0.));
#8909=DIRECTION('center_axis',(0.,0.,-1.));
#8910=DIRECTION('ref_axis',(-1.,1.66533453693773E-16,0.));
#8911=DIRECTION('center_axis',(1.,2.33600942421446E-16,0.));
#8912=DIRECTION('ref_axis',(0.,-0.707106781186547,0.707106781186548));
#8913=DIRECTION('',(-1.,-2.33600942421446E-16,0.));
#8914=DIRECTION('',(1.,2.33600942421446E-16,0.));
#8915=DIRECTION('center_axis',(-1.,0.,0.));
#8916=DIRECTION('ref_axis',(0.,0.707106781186547,0.707106781186548));
#8917=DIRECTION('center_axis',(1.,1.66533453693774E-16,0.));
#8918=DIRECTION('ref_axis',(0.,0.707106781186547,0.707106781186548));
#8919=DIRECTION('',(1.,0.,0.));
#8920=DIRECTION('center_axis',(-1.,-1.2335811384724E-16,0.));
#8921=DIRECTION('ref_axis',(1.2335811384724E-16,-1.,0.));
#8922=DIRECTION('',(-1.2335811384724E-16,1.,0.));
#8923=DIRECTION('center_axis',(0.,0.,1.));
#8924=DIRECTION('ref_axis',(1.,0.,0.));
#8925=DIRECTION('',(1.66533453693774E-16,-1.,0.));
#8926=DIRECTION('center_axis',(0.,0.,1.));
#8927=DIRECTION('ref_axis',(1.,0.,0.));
#8928=DIRECTION('center_axis',(0.,0.,1.));
#8929=DIRECTION('ref_axis',(1.,0.,0.));
#8930=DIRECTION('center_axis',(0.,0.,1.));
#8931=DIRECTION('ref_axis',(-0.707106781186548,-0.707106781186547,0.));
#8932=DIRECTION('center_axis',(0.,0.,1.));
#8933=DIRECTION('ref_axis',(1.,0.,0.));
#8934=DIRECTION('',(0.,1.,0.));
#8935=DIRECTION('center_axis',(0.,0.,1.));
#8936=DIRECTION('ref_axis',(1.,0.,0.));
#8937=DIRECTION('center_axis',(0.,0.,-1.));
#8938=DIRECTION('ref_axis',(-0.707106781186548,-0.707106781186547,0.));
#8939=DIRECTION('',(0.,0.,-1.));
#8940=DIRECTION('center_axis',(0.,0.,1.));
#8941=DIRECTION('ref_axis',(0.645161290322581,0.76404640531142,0.));
#8942=DIRECTION('',(0.,0.,-1.));
#8943=DIRECTION('center_axis',(0.,0.,1.));
#8944=DIRECTION('ref_axis',(1.,0.,0.));
#8945=DIRECTION('',(1.,2.33600942421446E-16,0.));
#8946=DIRECTION('',(-1.66533453693774E-16,1.,0.));
#8947=DIRECTION('',(2.22044604925031E-15,-1.,0.));
#8948=DIRECTION('center_axis',(0.,0.,1.));
#8949=DIRECTION('ref_axis',(1.,0.,0.));
#8950=DIRECTION('',(-1.66533453693774E-16,1.,0.));
#8951=DIRECTION('center_axis',(1.,0.,0.));
#8952=DIRECTION('ref_axis',(0.,1.,0.));
#8953=DIRECTION('center_axis',(-1.,-1.16800471210723E-16,0.));
#8954=DIRECTION('ref_axis',(1.16800471210723E-16,-1.,0.));
#8955=DIRECTION('center_axis',(0.,0.,1.));
#8956=DIRECTION('ref_axis',(0.645161290322581,0.76404640531142,0.));
#8957=DIRECTION('center_axis',(2.33600942421446E-16,-1.,0.));
#8958=DIRECTION('ref_axis',(1.,2.33600942421446E-16,0.));
#8959=DIRECTION('',(0.,0.,1.));
#8960=DIRECTION('center_axis',(0.,0.,1.));
#8961=DIRECTION('ref_axis',(-1.,0.,0.));
#8962=DIRECTION('center_axis',(1.,6.16790569236198E-17,0.));
#8963=DIRECTION('ref_axis',(-6.16790569236198E-17,1.,0.));
#8964=DIRECTION('center_axis',(0.,0.,1.));
#8965=DIRECTION('ref_axis',(-1.,0.,0.));
#8966=DIRECTION('center_axis',(7.64814704811644E-16,1.,0.));
#8967=DIRECTION('ref_axis',(-1.,7.64814704811644E-16,0.));
#8968=DIRECTION('',(-1.,7.64814704811644E-16,0.));
#8969=DIRECTION('',(0.,0.,1.));
#8970=DIRECTION('',(-1.,7.64814704811644E-16,0.));
#8971=DIRECTION('',(0.,0.,1.));
#8972=DIRECTION('center_axis',(0.866025403784439,0.499999999999999,0.));
#8973=DIRECTION('ref_axis',(-0.499999999999999,0.866025403784439,0.));
#8974=DIRECTION('',(-0.499999999999999,0.866025403784439,0.));
#8975=DIRECTION('',(0.,0.,1.));
#8976=DIRECTION('',(-0.499999999999999,0.866025403784439,0.));
#8977=DIRECTION('center_axis',(0.866025403784438,-0.5,0.));
#8978=DIRECTION('ref_axis',(0.5,0.866025403784438,0.));
#8979=DIRECTION('',(0.5,0.866025403784438,0.));
#8980=DIRECTION('',(0.,0.,1.));
#8981=DIRECTION('',(0.5,0.866025403784438,0.));
#8982=DIRECTION('center_axis',(-2.18518487089041E-16,-1.,0.));
#8983=DIRECTION('ref_axis',(1.,-2.18518487089041E-16,0.));
#8984=DIRECTION('',(1.,-2.18518487089041E-16,0.));
#8985=DIRECTION('',(0.,0.,1.));
#8986=DIRECTION('',(1.,-2.18518487089041E-16,0.));
#8987=DIRECTION('center_axis',(-0.866025403784439,-0.5,0.));
#8988=DIRECTION('ref_axis',(0.5,-0.866025403784439,0.));
#8989=DIRECTION('',(0.5,-0.866025403784439,0.));
#8990=DIRECTION('',(0.,0.,1.));
#8991=DIRECTION('',(0.5,-0.866025403784439,0.));
#8992=DIRECTION('center_axis',(-0.866025403784439,0.5,0.));
#8993=DIRECTION('ref_axis',(-0.5,-0.866025403784439,0.));
#8994=DIRECTION('',(-0.5,-0.866025403784439,0.));
#8995=DIRECTION('',(-0.5,-0.866025403784439,0.));
#8996=DIRECTION('center_axis',(0.,0.,1.));
#8997=DIRECTION('ref_axis',(1.,0.,0.));
#8998=DIRECTION('center_axis',(0.,0.,-1.));
#8999=DIRECTION('ref_axis',(1.,0.,0.));
#9000=DIRECTION('center_axis',(0.,0.,-1.));
#9001=DIRECTION('ref_axis',(1.,0.,0.));
#9002=DIRECTION('',(0.,0.,-1.));
#9003=DIRECTION('center_axis',(-1.,-1.66533453693774E-16,0.));
#9004=DIRECTION('ref_axis',(1.66533453693774E-16,-1.,0.));
#9005=DIRECTION('',(1.66533453693774E-16,-1.,0.));
#9006=DIRECTION('center_axis',(0.,0.,1.));
#9007=DIRECTION('ref_axis',(1.,0.,0.));
#9008=DIRECTION('axis',(0.,0.,1.));
#9009=DIRECTION('refdir',(1.,0.,0.));
#9010=DIRECTION('center_axis',(0.,0.,1.));
#9011=DIRECTION('ref_axis',(1.,0.,0.));
#9012=DIRECTION('',(-0.866025403784438,0.500000000000001,0.));
#9013=DIRECTION('',(0.5,0.866025403784438,0.));
#9014=DIRECTION('',(0.866025403784438,-0.500000000000001,0.));
#9015=DIRECTION('',(0.5,0.866025403784438,0.));
#9016=DIRECTION('center_axis',(0.,0.,1.));
#9017=DIRECTION('ref_axis',(1.,0.,0.));
#9018=DIRECTION('',(2.77555756156289E-16,1.,0.));
#9019=DIRECTION('',(-1.,-4.44089209850063E-16,0.));
#9020=DIRECTION('',(0.,-1.,0.));
#9021=DIRECTION('',(-1.,-1.11022302462516E-16,0.));
#9022=DIRECTION('center_axis',(-0.866025403784439,-0.5,0.));
#9023=DIRECTION('ref_axis',(0.5,-0.866025403784439,0.));
#9024=DIRECTION('',(0.5,-0.866025403784439,0.));
#9025=DIRECTION('',(0.,0.,1.));
#9026=DIRECTION('',(0.5,-0.866025403784439,0.));
#9027=DIRECTION('',(0.,0.,1.));
#9028=DIRECTION('center_axis',(-4.44089209850063E-16,1.,0.));
#9029=DIRECTION('ref_axis',(-1.,-4.44089209850063E-16,0.));
#9030=DIRECTION('',(0.,0.,1.));
#9031=DIRECTION('',(-1.,-4.44089209850063E-16,0.));
#9032=DIRECTION('',(0.,0.,1.));
#9033=DIRECTION('center_axis',(0.866025403784439,-0.5,0.));
#9034=DIRECTION('ref_axis',(0.5,0.866025403784438,0.));
#9035=DIRECTION('',(0.,0.,1.));
#9036=DIRECTION('',(0.5,0.866025403784438,0.));
#9037=DIRECTION('',(0.,0.,1.));
#9038=DIRECTION('center_axis',(0.,0.,1.));
#9039=DIRECTION('ref_axis',(1.,0.,0.));
#9040=DIRECTION('center_axis',(0.,0.,1.));
#9041=DIRECTION('ref_axis',(1.,0.,0.));
#9042=DIRECTION('center_axis',(0.,0.,1.));
#9043=DIRECTION('ref_axis',(-0.499999999999998,0.86602540378444,0.));
#9044=DIRECTION('center_axis',(0.,0.,1.));
#9045=DIRECTION('ref_axis',(-0.499999999999998,-0.86602540378444,0.));
#9046=DIRECTION('center_axis',(0.,0.,1.));
#9047=DIRECTION('ref_axis',(1.,0.,0.));
#9048=DIRECTION('',(-0.866025403784439,-0.499999999999999,0.));
#9049=DIRECTION('',(0.866025403784439,0.5,0.));
#9050=DIRECTION('',(0.5,-0.866025403784439,0.));
#9051=DIRECTION('center_axis',(0.,0.,-1.));
#9052=DIRECTION('ref_axis',(-0.499999999999998,-0.86602540378444,0.));
#9053=DIRECTION('center_axis',(0.,0.,1.));
#9054=DIRECTION('ref_axis',(-0.499999999999998,-0.86602540378444,0.));
#9055=DIRECTION('',(0.,0.,-1.));
#9056=DIRECTION('',(0.,0.,-1.));
#9057=DIRECTION('center_axis',(0.,0.,-1.));
#9058=DIRECTION('ref_axis',(-0.499999999999998,0.86602540378444,0.));
#9059=DIRECTION('center_axis',(0.,0.,1.));
#9060=DIRECTION('ref_axis',(-0.499999999999998,0.86602540378444,0.));
#9061=DIRECTION('',(0.,0.,-1.));
#9062=DIRECTION('',(0.,0.,-1.));
#9063=DIRECTION('center_axis',(0.,0.,-1.));
#9064=DIRECTION('ref_axis',(1.,0.,0.));
#9065=DIRECTION('center_axis',(0.,0.,1.));
#9066=DIRECTION('ref_axis',(1.,0.,0.));
#9067=DIRECTION('',(0.,0.,-1.));
#9068=DIRECTION('',(0.,0.,-1.));
#9069=DIRECTION('center_axis',(0.866025403784438,-0.500000000000001,0.));
#9070=DIRECTION('ref_axis',(-0.500000000000001,-0.866025403784438,0.));
#9071=DIRECTION('',(0.500000000000001,0.866025403784438,0.));
#9072=DIRECTION('',(0.,0.,-1.));
#9073=DIRECTION('',(-0.500000000000001,-0.866025403784438,0.));
#9074=DIRECTION('',(0.,0.,-1.));
#9075=DIRECTION('center_axis',(0.,0.,-1.));
#9076=DIRECTION('ref_axis',(-1.,0.,0.));
#9077=DIRECTION('',(-2.77555756156289E-16,-1.,0.));
#9078=DIRECTION('',(-0.866025403784437,-0.500000000000002,0.));
#9079=DIRECTION('center_axis',(-6.86706805469099E-15,1.,0.));
#9080=DIRECTION('ref_axis',(1.,6.86706805469099E-15,0.));
#9081=DIRECTION('',(-1.,-6.86706805469099E-15,0.));
#9082=DIRECTION('',(0.,0.,-1.));
#9083=DIRECTION('',(1.,6.86706805469099E-15,0.));
#9084=DIRECTION('',(0.,0.,-1.));
#9085=DIRECTION('center_axis',(0.,0.,-1.));
#9086=DIRECTION('ref_axis',(-1.,0.,0.));
#9087=DIRECTION('',(0.866025403784439,-0.499999999999999,0.));
#9088=DIRECTION('',(0.866025403784439,0.499999999999999,0.));
#9089=DIRECTION('center_axis',(-0.866025403784437,-0.500000000000002,0.));
#9090=DIRECTION('ref_axis',(-0.500000000000002,0.866025403784437,0.));
#9091=DIRECTION('',(0.500000000000002,-0.866025403784437,0.));
#9092=DIRECTION('',(0.,0.,-1.));
#9093=DIRECTION('',(-0.500000000000002,0.866025403784437,0.));
#9094=DIRECTION('',(0.,0.,-1.));
#9095=DIRECTION('center_axis',(0.,0.,-1.));
#9096=DIRECTION('ref_axis',(-1.,0.,0.));
#9097=DIRECTION('',(0.,1.,0.));
#9098=DIRECTION('',(-0.866025403784438,0.500000000000001,0.));
#9099=DIRECTION('center_axis',(0.,0.,-1.));
#9100=DIRECTION('ref_axis',(-1.,0.,0.));
#9101=DIRECTION('',(1.,1.11022302462516E-16,0.));
#9102=DIRECTION('',(-0.5,-0.866025403784438,0.));
#9103=DIRECTION('',(-0.5,0.866025403784439,0.));
#9104=DIRECTION('center_axis',(-0.500000000000001,-0.866025403784438,0.));
#9105=DIRECTION('ref_axis',(-0.866025403784438,0.500000000000001,0.));
#9106=DIRECTION('',(0.,0.,-1.));
#9107=DIRECTION('center_axis',(-1.,0.,0.));
#9108=DIRECTION('ref_axis',(0.,1.,0.));
#9109=DIRECTION('',(0.,0.,-1.));
#9110=DIRECTION('center_axis',(-1.11022302462516E-16,1.,0.));
#9111=DIRECTION('ref_axis',(1.,1.11022302462516E-16,0.));
#9112=DIRECTION('',(0.,0.,-1.));
#9113=DIRECTION('center_axis',(1.,-2.77555756156289E-16,0.));
#9114=DIRECTION('ref_axis',(-2.77555756156289E-16,-1.,0.));
#9115=DIRECTION('center_axis',(0.5,-0.866025403784439,0.));
#9116=DIRECTION('ref_axis',(-0.866025403784439,-0.5,0.));
#9117=DIRECTION('',(0.,0.,-1.));
#9118=DIRECTION('center_axis',(-0.866025403784439,-0.5,0.));
#9119=DIRECTION('ref_axis',(-0.5,0.866025403784439,0.));
#9120=DIRECTION('',(0.,0.,-1.));
#9121=DIRECTION('center_axis',(-0.5,0.866025403784439,0.));
#9122=DIRECTION('ref_axis',(0.866025403784439,0.499999999999999,0.));
#9123=DIRECTION('center_axis',(0.500000000000001,0.866025403784438,0.));
#9124=DIRECTION('ref_axis',(0.866025403784438,-0.500000000000001,0.));
#9125=DIRECTION('',(0.,0.,-1.));
#9126=DIRECTION('center_axis',(0.866025403784438,-0.5,0.));
#9127=DIRECTION('ref_axis',(-0.5,-0.866025403784438,0.));
#9128=DIRECTION('axis',(0.,0.,1.));
#9129=DIRECTION('refdir',(1.,0.,0.));
#9130=DIRECTION('center_axis',(0.408248290463863,-0.816496580927726,-0.408248290463864));
#9131=DIRECTION('ref_axis',(-0.577350269189625,-0.577350269189626,0.577350269189627));
#9132=DIRECTION('center_axis',(0.,0.,1.));
#9133=DIRECTION('ref_axis',(-1.,0.,0.));
#9134=DIRECTION('center_axis',(-1.,-2.33600942421446E-16,0.));
#9135=DIRECTION('ref_axis',(0.,-0.707106781186547,0.707106781186548));
#9136=DIRECTION('center_axis',(1.2335811384724E-16,-1.,0.));
#9137=DIRECTION('ref_axis',(-0.707106781186548,0.,0.707106781186548));
#9138=DIRECTION('center_axis',(0.,0.,1.));
#9139=DIRECTION('ref_axis',(-0.707106781186547,-0.707106781186548,0.));
#9140=DIRECTION('center_axis',(0.,0.,-1.));
#9141=DIRECTION('ref_axis',(-0.707106781186547,-0.707106781186548,0.));
#9142=DIRECTION('',(0.,0.,1.));
#9143=DIRECTION('',(0.,0.,-1.));
#9144=DIRECTION('center_axis',(-1.,-1.2335811384724E-16,0.));
#9145=DIRECTION('ref_axis',(1.2335811384724E-16,-1.,0.));
#9146=DIRECTION('',(1.2335811384724E-16,-1.,0.));
#9147=DIRECTION('',(0.,0.,1.));
#9148=DIRECTION('',(-1.2335811384724E-16,1.,0.));
#9149=DIRECTION('center_axis',(1.2335811384724E-16,-1.,0.));
#9150=DIRECTION('ref_axis',(-0.707106781186548,0.,0.707106781186548));
#9151=DIRECTION('',(-1.2335811384724E-16,1.,0.));
#9152=DIRECTION('center_axis',(-1.2335811384724E-16,1.,0.));
#9153=DIRECTION('ref_axis',(-0.707106781186548,0.,0.707106781186548));
#9154=DIRECTION('center_axis',(1.,2.33600942421446E-16,0.));
#9155=DIRECTION('ref_axis',(0.,-0.707106781186547,0.707106781186548));
#9156=DIRECTION('',(1.,2.33600942421446E-16,0.));
#9157=DIRECTION('center_axis',(1.,2.33600942421446E-16,0.));
#9158=DIRECTION('ref_axis',(0.,-0.707106781186547,0.707106781186548));
#9159=DIRECTION('',(-1.,-2.33600942421446E-16,0.));
#9160=DIRECTION('center_axis',(-0.408248290463862,-0.816496580927726,0.408248290463864));
#9161=DIRECTION('ref_axis',(-0.577350269189625,0.577350269189626,0.577350269189627));
#9162=DIRECTION('center_axis',(0.,0.,1.));
#9163=DIRECTION('ref_axis',(0.,1.,0.));
#9164=DIRECTION('center_axis',(-1.,0.,0.));
#9165=DIRECTION('ref_axis',(0.,0.707106781186547,0.707106781186548));
#9166=DIRECTION('center_axis',(0.,0.,1.));
#9167=DIRECTION('ref_axis',(-0.707106781186548,0.707106781186547,0.));
#9168=DIRECTION('center_axis',(0.,0.,-1.));
#9169=DIRECTION('ref_axis',(-0.707106781186548,0.707106781186547,0.));
#9170=DIRECTION('',(0.,0.,-1.));
#9171=DIRECTION('center_axis',(0.,1.,0.));
#9172=DIRECTION('ref_axis',(-1.,0.,0.));
#9173=DIRECTION('',(-1.,0.,0.));
#9174=DIRECTION('',(0.,0.,1.));
#9175=DIRECTION('',(1.,0.,0.));
#9176=DIRECTION('center_axis',(-1.,0.,0.));
#9177=DIRECTION('ref_axis',(0.,0.707106781186547,0.707106781186548));
#9178=DIRECTION('',(1.,0.,0.));
#9179=DIRECTION('center_axis',(1.,0.,0.));
#9180=DIRECTION('ref_axis',(0.,0.707106781186547,0.707106781186548));
#9181=DIRECTION('center_axis',(0.306575867459891,-0.89538883754259,0.3229397267221));
#9182=DIRECTION('ref_axis',(0.616469320735361,0.445285110467585,0.649374119431898));
#9183=DIRECTION('center_axis',(0.,0.,1.));
#9184=DIRECTION('ref_axis',(0.949328441476351,-0.314285714285714,0.));
#9185=DIRECTION('center_axis',(0.314285714285715,0.949328441476351,0.));
#9186=DIRECTION('ref_axis',(-0.949328441476351,0.314285714285715,0.));
#9187=DIRECTION('center_axis',(0.,0.,1.));
#9188=DIRECTION('ref_axis',(0.810643483377778,0.58554004376912,0.));
#9189=DIRECTION('center_axis',(0.,0.,-1.));
#9190=DIRECTION('ref_axis',(0.810643483377778,0.58554004376912,0.));
#9191=DIRECTION('',(0.,0.,-1.));
#9192=DIRECTION('center_axis',(0.,0.,1.));
#9193=DIRECTION('ref_axis',(-1.,0.,0.));
#9194=DIRECTION('center_axis',(0.,0.,-1.));
#9195=DIRECTION('ref_axis',(-1.,1.66533453693773E-16,0.));
#9196=DIRECTION('',(0.,0.,1.));
#9197=DIRECTION('center_axis',(0.,0.,1.));
#9198=DIRECTION('ref_axis',(-1.,0.,0.));
#9199=DIRECTION('center_axis',(0.,0.,-1.));
#9200=DIRECTION('ref_axis',(-1.,0.,0.));
#9201=DIRECTION('center_axis',(0.,0.,1.));
#9202=DIRECTION('ref_axis',(-1.,1.66533453693774E-16,0.));
#9203=DIRECTION('center_axis',(0.314285714285714,-0.949328441476352,0.));
#9204=DIRECTION('ref_axis',(-0.949328441476352,-0.314285714285714,0.));
#9205=DIRECTION('center_axis',(-0.306575867459892,-0.895388837542589,-0.322939726722102));
#9206=DIRECTION('ref_axis',(0.616469320735361,-0.445285110467587,0.649374119431898));
#9207=DIRECTION('center_axis',(0.,0.,1.));
#9208=DIRECTION('ref_axis',(0.,-1.,0.));
#9209=DIRECTION('center_axis',(0.,0.,1.));
#9210=DIRECTION('ref_axis',(0.810643483377778,-0.585540043769119,0.));
#9211=DIRECTION('center_axis',(0.,0.,-1.));
#9212=DIRECTION('ref_axis',(0.810643483377778,-0.585540043769119,0.));
#9213=DIRECTION('',(0.,0.,-1.));
#9214=DIRECTION('center_axis',(2.33600942421446E-16,-1.,0.));
#9215=DIRECTION('ref_axis',(1.,2.33600942421446E-16,0.));
#9216=DIRECTION('',(-1.,-2.33600942421446E-16,0.));
#9217=DIRECTION('center_axis',(0.439101876010956,0.18959881966484,-0.878203752021909));
#9218=DIRECTION('ref_axis',(0.806254727329275,0.348130930433589,0.478286702652959));
#9219=DIRECTION('center_axis',(0.,0.,1.));
#9220=DIRECTION('ref_axis',(1.,0.,0.));
#9221=DIRECTION('center_axis',(0.727870811591828,-0.685714285714286,0.));
#9222=DIRECTION('ref_axis',(-0.685714285714286,-0.727870811591828,0.));
#9223=DIRECTION('center_axis',(0.,1.,0.));
#9224=DIRECTION('ref_axis',(0.707106781186547,0.,0.707106781186548));
#9225=DIRECTION('center_axis',(0.,0.,1.));
#9226=DIRECTION('ref_axis',(0.918072515031979,0.396412483586046,0.));
#9227=DIRECTION('center_axis',(0.,0.,-1.));
#9228=DIRECTION('ref_axis',(0.918072515031979,0.396412483586046,0.));
#9229=DIRECTION('',(0.,0.,1.));
#9230=DIRECTION('',(0.,0.,-1.));
#9231=DIRECTION('center_axis',(1.,0.,0.));
#9232=DIRECTION('ref_axis',(0.,1.,0.));
#9233=DIRECTION('',(0.,1.,0.));
#9234=DIRECTION('',(0.,0.,1.));
#9235=DIRECTION('',(0.,-1.,0.));
#9236=DIRECTION('center_axis',(0.,1.,0.));
#9237=DIRECTION('ref_axis',(0.707106781186547,0.,0.707106781186548));
#9238=DIRECTION('',(0.,-1.,0.));
#9239=DIRECTION('center_axis',(0.,-1.,0.));
#9240=DIRECTION('ref_axis',(0.707106781186547,0.,0.707106781186548));
#9241=DIRECTION('center_axis',(0.,0.,-1.));
#9242=DIRECTION('ref_axis',(-1.,0.,0.));
#9243=DIRECTION('center_axis',(0.,0.,-1.));
#9244=DIRECTION('ref_axis',(-0.707106781186547,-0.707106781186547,0.));
#9245=DIRECTION('center_axis',(-0.685714285714286,0.727870811591828,0.));
#9246=DIRECTION('ref_axis',(-0.727870811591828,-0.685714285714286,0.));
#9247=DIRECTION('center_axis',(0.,0.,1.));
#9248=DIRECTION('ref_axis',(-0.707106781186548,-0.707106781186548,0.));
#9249=DIRECTION('center_axis',(-0.408248290463862,-0.816496580927726,0.408248290463864));
#9250=DIRECTION('ref_axis',(-0.577350269189625,0.577350269189626,0.577350269189627));
#9251=DIRECTION('center_axis',(0.,0.,1.));
#9252=DIRECTION('ref_axis',(0.,1.,0.));
#9253=DIRECTION('center_axis',(-1.2335811384724E-16,1.,0.));
#9254=DIRECTION('ref_axis',(-0.707106781186548,0.,0.707106781186548));
#9255=DIRECTION('center_axis',(-1.,0.,0.));
#9256=DIRECTION('ref_axis',(0.,0.707106781186547,0.707106781186548));
#9257=DIRECTION('center_axis',(0.,0.,1.));
#9258=DIRECTION('ref_axis',(-0.707106781186548,0.707106781186548,0.));
#9259=DIRECTION('center_axis',(0.,0.,-1.));
#9260=DIRECTION('ref_axis',(-0.707106781186548,0.707106781186548,0.));
#9261=DIRECTION('',(0.,0.,1.));
#9262=DIRECTION('',(0.,0.,-1.));
#9263=DIRECTION('center_axis',(0.,1.,0.));
#9264=DIRECTION('ref_axis',(-1.,0.,0.));
#9265=DIRECTION('',(-1.,0.,0.));
#9266=DIRECTION('',(0.,0.,1.));
#9267=DIRECTION('',(1.,0.,0.));
#9268=DIRECTION('center_axis',(-1.,0.,0.));
#9269=DIRECTION('ref_axis',(0.,0.707106781186547,0.707106781186548));
#9270=DIRECTION('',(1.,0.,0.));
#9271=DIRECTION('center_axis',(1.,0.,0.));
#9272=DIRECTION('ref_axis',(0.,0.707106781186547,0.707106781186548));
#9273=DIRECTION('center_axis',(-0.937445921253831,0.299411626876789,0.177617066791316));
#9274=DIRECTION('ref_axis',(0.348130930433588,0.806254727329275,0.478286702652959));
#9275=DIRECTION('center_axis',(0.,0.,1.));
#9276=DIRECTION('ref_axis',(0.727870811591828,0.685714285714286,0.));
#9277=DIRECTION('center_axis',(0.,0.,1.));
#9278=DIRECTION('ref_axis',(0.396412483586046,0.918072515031979,0.));
#9279=DIRECTION('center_axis',(0.,0.,-1.));
#9280=DIRECTION('ref_axis',(0.396412483586046,0.918072515031979,0.));
#9281=DIRECTION('',(0.,0.,-1.));
#9282=DIRECTION('center_axis',(0.,0.,1.));
#9283=DIRECTION('ref_axis',(-1.,0.,0.));
#9284=DIRECTION('center_axis',(0.,0.,1.));
#9285=DIRECTION('ref_axis',(-1.,0.,0.));
#9286=DIRECTION('center_axis',(-0.408248290463863,-0.816496580927726,-0.408248290463862));
#9287=DIRECTION('ref_axis',(0.577350269189626,-0.577350269189625,0.577350269189627));
#9288=DIRECTION('center_axis',(0.,0.,1.));
#9289=DIRECTION('ref_axis',(0.,-1.,0.));
#9290=DIRECTION('center_axis',(1.,1.2335811384724E-16,0.));
#9291=DIRECTION('ref_axis',(0.,-0.707106781186548,0.707106781186548));
#9292=DIRECTION('center_axis',(0.,0.,1.));
#9293=DIRECTION('ref_axis',(0.707106781186548,-0.707106781186547,0.));
#9294=DIRECTION('center_axis',(0.,0.,-1.));
#9295=DIRECTION('ref_axis',(0.707106781186548,-0.707106781186547,0.));
#9296=DIRECTION('',(0.,0.,-1.));
#9297=DIRECTION('center_axis',(1.2335811384724E-16,-1.,0.));
#9298=DIRECTION('ref_axis',(1.,1.2335811384724E-16,0.));
#9299=DIRECTION('',(1.,1.2335811384724E-16,0.));
#9300=DIRECTION('',(0.,0.,1.));
#9301=DIRECTION('',(-1.,-1.2335811384724E-16,0.));
#9302=DIRECTION('center_axis',(1.,1.2335811384724E-16,0.));
#9303=DIRECTION('ref_axis',(0.,-0.707106781186548,0.707106781186548));
#9304=DIRECTION('',(-1.,-1.2335811384724E-16,0.));
#9305=DIRECTION('center_axis',(-1.,-1.2335811384724E-16,0.));
#9306=DIRECTION('ref_axis',(0.,-0.707106781186548,0.707106781186548));
#9307=DIRECTION('center_axis',(0.408248290463863,-0.816496580927726,-0.408248290463864));
#9308=DIRECTION('ref_axis',(-0.577350269189625,-0.577350269189625,0.577350269189627));
#9309=DIRECTION('center_axis',(0.,0.,1.));
#9310=DIRECTION('ref_axis',(-1.,0.,0.));
#9311=DIRECTION('center_axis',(1.2335811384724E-16,-1.,0.));
#9312=DIRECTION('ref_axis',(-0.707106781186548,0.,0.707106781186548));
#9313=DIRECTION('center_axis',(0.,0.,1.));
#9314=DIRECTION('ref_axis',(-0.707106781186547,-0.707106781186548,0.));
#9315=DIRECTION('center_axis',(0.,0.,-1.));
#9316=DIRECTION('ref_axis',(-0.707106781186547,-0.707106781186548,0.));
#9317=DIRECTION('',(0.,0.,-1.));
#9318=DIRECTION('center_axis',(-1.,-1.2335811384724E-16,0.));
#9319=DIRECTION('ref_axis',(1.2335811384724E-16,-1.,0.));
#9320=DIRECTION('',(-1.2335811384724E-16,1.,0.));
#9321=DIRECTION('',(1.2335811384724E-16,-1.,0.));
#9322=DIRECTION('center_axis',(1.2335811384724E-16,-1.,0.));
#9323=DIRECTION('ref_axis',(-0.707106781186548,0.,0.707106781186548));
#9324=DIRECTION('',(-1.2335811384724E-16,1.,0.));
#9325=DIRECTION('center_axis',(0.348630881203436,-0.787378928211876,0.508420035088344));
#9326=DIRECTION('ref_axis',(0.445285110467588,0.61646932073536,0.649374119431898));
#9327=DIRECTION('center_axis',(0.,0.,1.));
#9328=DIRECTION('ref_axis',(1.,0.,0.));
#9329=DIRECTION('center_axis',(0.949328441476352,0.314285714285714,0.));
#9330=DIRECTION('ref_axis',(0.314285714285714,-0.949328441476352,0.));
#9331=DIRECTION('center_axis',(0.,1.,0.));
#9332=DIRECTION('ref_axis',(0.707106781186547,0.,0.707106781186548));
#9333=DIRECTION('center_axis',(0.,0.,1.));
#9334=DIRECTION('ref_axis',(0.585540043769121,0.810643483377777,0.));
#9335=DIRECTION('center_axis',(0.,0.,-1.));
#9336=DIRECTION('ref_axis',(0.585540043769121,0.810643483377777,0.));
#9337=DIRECTION('',(0.,0.,1.));
#9338=DIRECTION('',(0.,0.,-1.));
#9339=DIRECTION('center_axis',(1.,0.,0.));
#9340=DIRECTION('ref_axis',(0.,1.,0.));
#9341=DIRECTION('',(0.,1.,0.));
#9342=DIRECTION('',(0.,0.,1.));
#9343=DIRECTION('',(0.,-1.,0.));
#9344=DIRECTION('center_axis',(0.,1.,0.));
#9345=DIRECTION('ref_axis',(0.707106781186547,0.,0.707106781186548));
#9346=DIRECTION('',(0.,-1.,0.));
#9347=DIRECTION('center_axis',(0.,-1.,0.));
#9348=DIRECTION('ref_axis',(0.707106781186547,0.,0.707106781186548));
#9349=DIRECTION('center_axis',(0.,0.,-1.));
#9350=DIRECTION('ref_axis',(-1.,0.,0.));
#9351=DIRECTION('center_axis',(0.,0.,-1.));
#9352=DIRECTION('ref_axis',(-1.79068229778251E-16,-1.,0.));
#9353=DIRECTION('center_axis',(-0.949328441476351,0.314285714285714,0.));
#9354=DIRECTION('ref_axis',(-0.314285714285714,-0.949328441476351,0.));
#9355=DIRECTION('center_axis',(0.,0.,1.));
#9356=DIRECTION('ref_axis',(-1.79068229778251E-16,-1.,0.));
#9357=DIRECTION('center_axis',(-0.348630881203436,-0.787378928211875,0.508420035088346));
#9358=DIRECTION('ref_axis',(-0.445285110467585,0.616469320735362,0.649374119431897));
#9359=DIRECTION('center_axis',(0.,0.,1.));
#9360=DIRECTION('ref_axis',(0.314285714285714,0.949328441476351,0.));
#9361=DIRECTION('center_axis',(-1.16800471210723E-16,1.,0.));
#9362=DIRECTION('ref_axis',(-0.707106781186548,0.,0.707106781186548));
#9363=DIRECTION('center_axis',(0.,0.,1.));
#9364=DIRECTION('ref_axis',(-0.58554004376912,0.810643483377778,0.));
#9365=DIRECTION('center_axis',(0.,0.,-1.));
#9366=DIRECTION('ref_axis',(-0.58554004376912,0.810643483377778,0.));
#9367=DIRECTION('',(0.,0.,1.));
#9368=DIRECTION('',(0.,0.,-1.));
#9369=DIRECTION('center_axis',(0.,0.,1.));
#9370=DIRECTION('ref_axis',(0.645161290322581,0.76404640531142,0.));
#9371=DIRECTION('center_axis',(0.,0.,1.));
#9372=DIRECTION('ref_axis',(0.645161290322581,0.76404640531142,0.));
#9373=DIRECTION('center_axis',(1.16800471210723E-16,-1.,0.));
#9374=DIRECTION('ref_axis',(-0.707106781186548,0.,0.707106781186548));
#9375=DIRECTION('',(1.16800471210723E-16,-1.,0.));
#9376=DIRECTION('center_axis',(1.16800471210723E-16,-1.,0.));
#9377=DIRECTION('ref_axis',(-0.707106781186548,0.,0.707106781186547));
#9378=DIRECTION('',(-1.16800471210723E-16,1.,0.));
#9379=DIRECTION('center_axis',(0.408248290463863,-0.816496580927726,-0.408248290463864));
#9380=DIRECTION('ref_axis',(-0.577350269189625,-0.577350269189626,0.577350269189626));
#9381=DIRECTION('center_axis',(0.,0.,1.));
#9382=DIRECTION('ref_axis',(-1.,0.,0.));
#9383=DIRECTION('center_axis',(-1.,-1.2335811384724E-16,0.));
#9384=DIRECTION('ref_axis',(0.,-0.707106781186548,0.707106781186548));
#9385=DIRECTION('center_axis',(0.,0.,1.));
#9386=DIRECTION('ref_axis',(-0.707106781186547,-0.707106781186548,0.));
#9387=DIRECTION('center_axis',(0.,0.,-1.));
#9388=DIRECTION('ref_axis',(-0.707106781186547,-0.707106781186548,0.));
#9389=DIRECTION('',(0.,0.,1.));
#9390=DIRECTION('',(0.,0.,-1.));
#9391=DIRECTION('center_axis',(-1.,-1.16800471210723E-16,0.));
#9392=DIRECTION('ref_axis',(1.16800471210723E-16,-1.,0.));
#9393=DIRECTION('',(-1.16800471210723E-16,1.,0.));
#9394=DIRECTION('center_axis',(1.,1.2335811384724E-16,0.));
#9395=DIRECTION('ref_axis',(0.,-0.707106781186548,0.707106781186548));
#9396=DIRECTION('',(1.,1.2335811384724E-16,0.));
#9397=DIRECTION('center_axis',(1.,1.2335811384724E-16,0.));
#9398=DIRECTION('ref_axis',(0.,-0.707106781186548,0.707106781186548));
#9399=DIRECTION('',(-1.,-1.2335811384724E-16,0.));
#9400=DIRECTION('center_axis',(-0.408248290463863,-0.816496580927726,-0.408248290463864));
#9401=DIRECTION('ref_axis',(0.577350269189625,-0.577350269189626,0.577350269189626));
#9402=DIRECTION('center_axis',(0.,0.,1.));
#9403=DIRECTION('ref_axis',(0.,-1.,0.));
#9404=DIRECTION('center_axis',(0.,0.,1.));
#9405=DIRECTION('ref_axis',(0.707106781186547,-0.707106781186548,0.));
#9406=DIRECTION('center_axis',(0.,0.,-1.));
#9407=DIRECTION('ref_axis',(0.707106781186547,-0.707106781186548,0.));
#9408=DIRECTION('',(0.,0.,-1.));
#9409=DIRECTION('center_axis',(1.2335811384724E-16,-1.,0.));
#9410=DIRECTION('ref_axis',(1.,1.2335811384724E-16,0.));
#9411=DIRECTION('',(-1.,-1.2335811384724E-16,0.));
#9412=DIRECTION('center_axis',(-0.408248290463863,-0.816496580927726,-0.408248290463864));
#9413=DIRECTION('ref_axis',(0.577350269189626,-0.577350269189626,0.577350269189626));
#9414=DIRECTION('center_axis',(0.,0.,1.));
#9415=DIRECTION('ref_axis',(0.,-1.,0.));
#9416=DIRECTION('center_axis',(6.16790569236198E-17,-1.,0.));
#9417=DIRECTION('ref_axis',(0.707106781186548,0.,0.707106781186548));
#9418=DIRECTION('center_axis',(1.,1.2335811384724E-16,0.));
#9419=DIRECTION('ref_axis',(0.,-0.707106781186548,0.707106781186548));
#9420=DIRECTION('center_axis',(0.,0.,1.));
#9421=DIRECTION('ref_axis',(0.707106781186548,-0.707106781186548,0.));
#9422=DIRECTION('center_axis',(0.,0.,-1.));
#9423=DIRECTION('ref_axis',(0.707106781186548,-0.707106781186548,0.));
#9424=DIRECTION('',(0.,0.,1.));
#9425=DIRECTION('',(0.,0.,-1.));
#9426=DIRECTION('center_axis',(1.2335811384724E-16,-1.,0.));
#9427=DIRECTION('ref_axis',(1.,1.2335811384724E-16,0.));
#9428=DIRECTION('',(1.,1.2335811384724E-16,0.));
#9429=DIRECTION('',(0.,0.,1.));
#9430=DIRECTION('',(-1.,-1.2335811384724E-16,0.));
#9431=DIRECTION('center_axis',(1.,1.2335811384724E-16,0.));
#9432=DIRECTION('ref_axis',(0.,-0.707106781186548,0.707106781186548));
#9433=DIRECTION('',(-1.,-1.2335811384724E-16,0.));
#9434=DIRECTION('center_axis',(-1.,-1.2335811384724E-16,0.));
#9435=DIRECTION('ref_axis',(0.,-0.707106781186548,0.707106781186548));
#9436=DIRECTION('center_axis',(0.408248290463863,-0.816496580927726,-0.408248290463864));
#9437=DIRECTION('ref_axis',(-0.577350269189625,-0.577350269189626,0.577350269189626));
#9438=DIRECTION('center_axis',(0.,0.,1.));
#9439=DIRECTION('ref_axis',(-1.,0.,0.));
#9440=DIRECTION('center_axis',(0.,-1.,0.));
#9441=DIRECTION('ref_axis',(-0.707106781186547,0.,0.707106781186548));
#9442=DIRECTION('center_axis',(0.,0.,1.));
#9443=DIRECTION('ref_axis',(-0.707106781186548,-0.707106781186548,0.));
#9444=DIRECTION('center_axis',(0.,0.,-1.));
#9445=DIRECTION('ref_axis',(-0.707106781186548,-0.707106781186548,0.));
#9446=DIRECTION('',(0.,0.,-1.));
#9447=DIRECTION('center_axis',(-1.,0.,0.));
#9448=DIRECTION('ref_axis',(0.,-1.,0.));
#9449=DIRECTION('',(0.,-1.,0.));
#9450=DIRECTION('',(0.,0.,1.));
#9451=DIRECTION('',(0.,1.,0.));
#9452=DIRECTION('center_axis',(0.,-1.,0.));
#9453=DIRECTION('ref_axis',(-0.707106781186547,0.,0.707106781186548));
#9454=DIRECTION('',(0.,1.,0.));
#9455=DIRECTION('center_axis',(0.,1.,0.));
#9456=DIRECTION('ref_axis',(-0.707106781186547,0.,0.707106781186548));
#9457=DIRECTION('center_axis',(-0.439101876010955,0.18959881966484,-0.878203752021909));
#9458=DIRECTION('ref_axis',(-0.806254727329275,0.348130930433589,0.478286702652959));
#9459=DIRECTION('center_axis',(0.,0.,1.));
#9460=DIRECTION('ref_axis',(-0.685714285714286,0.727870811591828,0.));
#9461=DIRECTION('center_axis',(-0.727870811591828,-0.685714285714286,0.));
#9462=DIRECTION('ref_axis',(0.685714285714286,-0.727870811591828,0.));
#9463=DIRECTION('center_axis',(0.,0.,1.));
#9464=DIRECTION('ref_axis',(-0.918072515031979,0.396412483586046,0.));
#9465=DIRECTION('center_axis',(0.,0.,-1.));
#9466=DIRECTION('ref_axis',(-0.918072515031979,0.396412483586046,0.));
#9467=DIRECTION('',(0.,0.,-1.));
#9468=DIRECTION('center_axis',(0.,0.,1.));
#9469=DIRECTION('ref_axis',(-1.,0.,0.));
#9470=DIRECTION('center_axis',(0.,0.,-1.));
#9471=DIRECTION('ref_axis',(0.707106781186547,-0.707106781186548,0.));
#9472=DIRECTION('',(0.,0.,1.));
#9473=DIRECTION('center_axis',(0.,0.,1.));
#9474=DIRECTION('ref_axis',(-1.,0.,0.));
#9475=DIRECTION('center_axis',(0.,0.,-1.));
#9476=DIRECTION('ref_axis',(-1.,0.,0.));
#9477=DIRECTION('center_axis',(0.,0.,1.));
#9478=DIRECTION('ref_axis',(0.707106781186548,-0.707106781186548,0.));
#9479=DIRECTION('center_axis',(0.685714285714286,0.727870811591828,0.));
#9480=DIRECTION('ref_axis',(0.727870811591828,-0.685714285714286,0.));
#9481=DIRECTION('center_axis',(-0.937445921253831,-0.299411626876789,-0.177617066791316));
#9482=DIRECTION('ref_axis',(-0.348130930433589,0.806254727329275,0.478286702652959));
#9483=DIRECTION('center_axis',(0.,0.,1.));
#9484=DIRECTION('ref_axis',(0.,1.,0.));
#9485=DIRECTION('center_axis',(-1.,0.,0.));
#9486=DIRECTION('ref_axis',(0.,0.707106781186547,0.707106781186548));
#9487=DIRECTION('center_axis',(0.,0.,1.));
#9488=DIRECTION('ref_axis',(-0.396412483586046,0.918072515031979,0.));
#9489=DIRECTION('center_axis',(0.,0.,-1.));
#9490=DIRECTION('ref_axis',(-0.396412483586046,0.918072515031979,0.));
#9491=DIRECTION('',(0.,0.,-1.));
#9492=DIRECTION('center_axis',(0.,1.,0.));
#9493=DIRECTION('ref_axis',(-1.,0.,0.));
#9494=DIRECTION('',(-1.,0.,0.));
#9495=DIRECTION('',(0.,0.,1.));
#9496=DIRECTION('',(1.,0.,0.));
#9497=DIRECTION('center_axis',(-1.,0.,0.));
#9498=DIRECTION('ref_axis',(0.,0.707106781186547,0.707106781186548));
#9499=DIRECTION('',(1.,0.,0.));
#9500=DIRECTION('center_axis',(1.,0.,0.));
#9501=DIRECTION('ref_axis',(0.,0.,1.));
#9502=DIRECTION('center_axis',(-0.408248290463863,-0.816496580927727,-0.408248290463862));
#9503=DIRECTION('ref_axis',(0.577350269189626,-0.577350269189625,0.577350269189626));
#9504=DIRECTION('center_axis',(0.,0.,1.));
#9505=DIRECTION('ref_axis',(0.,-1.,0.));
#9506=DIRECTION('center_axis',(6.16790569236198E-17,-1.,0.));
#9507=DIRECTION('ref_axis',(0.707106781186548,0.,0.707106781186548));
#9508=DIRECTION('center_axis',(1.,0.,0.));
#9509=DIRECTION('ref_axis',(0.,-0.707106781186547,0.707106781186548));
#9510=DIRECTION('center_axis',(0.,0.,1.));
#9511=DIRECTION('ref_axis',(0.707106781186548,-0.707106781186547,0.));
#9512=DIRECTION('center_axis',(0.,0.,-1.));
#9513=DIRECTION('ref_axis',(0.707106781186548,-0.707106781186547,0.));
#9514=DIRECTION('',(0.,0.,1.));
#9515=DIRECTION('',(0.,0.,-1.));
#9516=DIRECTION('center_axis',(0.,-1.,0.));
#9517=DIRECTION('ref_axis',(1.,0.,0.));
#9518=DIRECTION('',(1.,0.,0.));
#9519=DIRECTION('',(0.,0.,1.));
#9520=DIRECTION('',(-1.,0.,0.));
#9521=DIRECTION('center_axis',(1.,0.,0.));
#9522=DIRECTION('ref_axis',(0.,-0.707106781186547,0.707106781186548));
#9523=DIRECTION('',(-1.,0.,0.));
#9524=DIRECTION('center_axis',(-1.,0.,0.));
#9525=DIRECTION('ref_axis',(0.,-0.707106781186547,0.707106781186548));
#9526=DIRECTION('center_axis',(-6.16790569236198E-17,1.,0.));
#9527=DIRECTION('ref_axis',(0.707106781186548,0.,0.707106781186548));
#9528=DIRECTION('',(-6.16790569236198E-17,1.,0.));
#9529=DIRECTION('center_axis',(-6.16790569236198E-17,1.,0.));
#9530=DIRECTION('ref_axis',(0.707106781186548,0.,0.707106781186548));
#9531=DIRECTION('',(6.16790569236198E-17,-1.,0.));
#9532=DIRECTION('center_axis',(0.408248290463864,-0.816496580927725,0.408248290463864));
#9533=DIRECTION('ref_axis',(0.577350269189626,0.577350269189625,0.577350269189626));
#9534=DIRECTION('center_axis',(0.,0.,1.));
#9535=DIRECTION('ref_axis',(1.,0.,0.));
#9536=DIRECTION('center_axis',(1.,0.,0.));
#9537=DIRECTION('ref_axis',(0.,0.707106781186547,0.707106781186548));
#9538=DIRECTION('center_axis',(0.,0.,1.));
#9539=DIRECTION('ref_axis',(0.707106781186548,0.707106781186547,0.));
#9540=DIRECTION('center_axis',(0.,0.,-1.));
#9541=DIRECTION('ref_axis',(0.707106781186548,0.707106781186547,0.));
#9542=DIRECTION('',(0.,0.,1.));
#9543=DIRECTION('',(0.,0.,-1.));
#9544=DIRECTION('center_axis',(1.,6.16790569236198E-17,0.));
#9545=DIRECTION('ref_axis',(-6.16790569236198E-17,1.,0.));
#9546=DIRECTION('',(6.16790569236198E-17,-1.,0.));
#9547=DIRECTION('center_axis',(-1.,0.,0.));
#9548=DIRECTION('ref_axis',(0.,0.707106781186547,0.707106781186548));
#9549=DIRECTION('',(-1.,0.,0.));
#9550=DIRECTION('center_axis',(-1.,0.,0.));
#9551=DIRECTION('ref_axis',(0.,0.707106781186547,0.707106781186548));
#9552=DIRECTION('',(1.,0.,0.));
#9553=DIRECTION('center_axis',(0.306575867459892,-0.895388837542589,-0.322939726722102));
#9554=DIRECTION('ref_axis',(-0.616469320735361,-0.445285110467587,0.649374119431898));
#9555=DIRECTION('center_axis',(0.,0.,1.));
#9556=DIRECTION('ref_axis',(-0.949328441476352,0.314285714285714,0.));
#9557=DIRECTION('center_axis',(-0.314285714285714,-0.949328441476352,0.));
#9558=DIRECTION('ref_axis',(0.949328441476351,-0.314285714285714,0.));
#9559=DIRECTION('center_axis',(0.,0.,1.));
#9560=DIRECTION('ref_axis',(-0.810643483377778,-0.58554004376912,0.));
#9561=DIRECTION('center_axis',(0.,0.,-1.));
#9562=DIRECTION('ref_axis',(-0.810643483377778,-0.58554004376912,0.));
#9563=DIRECTION('',(0.,0.,-1.));
#9564=DIRECTION('center_axis',(0.,0.,1.));
#9565=DIRECTION('ref_axis',(1.,-1.22464679914735E-16,0.));
#9566=DIRECTION('center_axis',(0.,0.,-1.));
#9567=DIRECTION('ref_axis',(1.,1.22464679914735E-16,0.));
#9568=DIRECTION('',(0.,0.,1.));
#9569=DIRECTION('center_axis',(0.,0.,1.));
#9570=DIRECTION('ref_axis',(-1.,0.,0.));
#9571=DIRECTION('center_axis',(0.,0.,-1.));
#9572=DIRECTION('ref_axis',(1.,-1.22464679914735E-16,0.));
#9573=DIRECTION('center_axis',(0.,0.,1.));
#9574=DIRECTION('ref_axis',(1.,1.22464679914735E-16,0.));
#9575=DIRECTION('center_axis',(-0.314285714285714,0.949328441476352,0.));
#9576=DIRECTION('ref_axis',(0.949328441476351,0.314285714285714,0.));
#9577=DIRECTION('center_axis',(-0.306575867459893,-0.895388837542589,0.322939726722102));
#9578=DIRECTION('ref_axis',(-0.61646932073536,0.445285110467588,0.649374119431898));
#9579=DIRECTION('center_axis',(0.,0.,1.));
#9580=DIRECTION('ref_axis',(0.,1.,0.));
#9581=DIRECTION('center_axis',(0.,0.,1.));
#9582=DIRECTION('ref_axis',(-0.810643483377778,0.58554004376912,0.));
#9583=DIRECTION('center_axis',(0.,0.,-1.));
#9584=DIRECTION('ref_axis',(-0.810643483377778,0.58554004376912,0.));
#9585=DIRECTION('',(0.,0.,-1.));
#9586=DIRECTION('center_axis',(0.,1.,0.));
#9587=DIRECTION('ref_axis',(-1.,0.,0.));
#9588=DIRECTION('',(1.,0.,0.));
#9589=DIRECTION('center_axis',(0.,0.,1.));
#9590=DIRECTION('ref_axis',(-0.396412483586046,-0.918072515031979,0.));
#9591=DIRECTION('center_axis',(0.,0.,-1.));
#9592=DIRECTION('ref_axis',(-0.396412483586046,-0.918072515031979,0.));
#9593=DIRECTION('',(0.,0.,1.));
#9594=DIRECTION('center_axis',(0.,0.,-1.));
#9595=DIRECTION('ref_axis',(0.,-1.,0.));
#9596=DIRECTION('',(0.,0.,-1.));
#9597=DIRECTION('center_axis',(-0.93744592125383,0.299411626876791,-0.177617066791316));
#9598=DIRECTION('ref_axis',(-0.34813093043359,-0.806254727329274,0.478286702652959));
#9599=DIRECTION('center_axis',(-1.,-1.95553019574491E-16,0.));
#9600=DIRECTION('ref_axis',(0.,-0.707106781186547,0.707106781186548));
#9601=DIRECTION('center_axis',(0.685714285714285,-0.727870811591829,0.));
#9602=DIRECTION('ref_axis',(0.727870811591829,0.685714285714285,0.));
#9603=DIRECTION('center_axis',(0.,0.,-1.));
#9604=DIRECTION('ref_axis',(-1.,0.,0.));
#9605=DIRECTION('center_axis',(0.,0.,1.));
#9606=DIRECTION('ref_axis',(0.707106781186548,0.707106781186547,0.));
#9607=DIRECTION('center_axis',(-0.727870811591828,0.685714285714286,0.));
#9608=DIRECTION('ref_axis',(0.685714285714286,0.727870811591828,0.));
#9609=DIRECTION('center_axis',(0.,0.,-1.));
#9610=DIRECTION('ref_axis',(0.707106781186548,0.707106781186547,0.));
#9611=DIRECTION('center_axis',(1.,1.95553019574491E-16,0.));
#9612=DIRECTION('ref_axis',(0.,-0.707106781186547,0.707106781186548));
#9613=DIRECTION('',(1.,1.95553019574491E-16,0.));
#9614=DIRECTION('center_axis',(1.,0.,0.));
#9615=DIRECTION('ref_axis',(0.,-1.,0.));
#9616=DIRECTION('',(-1.,-1.95553019574491E-16,0.));
#9617=DIRECTION('center_axis',(1.95553019574491E-16,-1.,0.));
#9618=DIRECTION('ref_axis',(1.,1.95553019574491E-16,0.));
#9619=DIRECTION('',(-1.,-1.95553019574491E-16,0.));
#9620=DIRECTION('',(0.,0.,-1.));
#9621=DIRECTION('center_axis',(-0.439101876010956,-0.18959881966484,-0.878203752021909));
#9622=DIRECTION('ref_axis',(-0.806254727329274,-0.34813093043359,0.478286702652959));
#9623=DIRECTION('center_axis',(0.,0.,1.));
#9624=DIRECTION('ref_axis',(-1.,0.,0.));
#9625=DIRECTION('center_axis',(1.66266999483549E-16,-1.,0.));
#9626=DIRECTION('ref_axis',(-0.707106781186547,0.,0.707106781186548));
#9627=DIRECTION('center_axis',(0.,0.,1.));
#9628=DIRECTION('ref_axis',(-0.918072515031979,-0.396412483586046,0.));
#9629=DIRECTION('center_axis',(0.,0.,-1.));
#9630=DIRECTION('ref_axis',(-0.918072515031979,-0.396412483586046,0.));
#9631=DIRECTION('',(0.,0.,1.));
#9632=DIRECTION('',(0.,0.,-1.));
#9633=DIRECTION('center_axis',(-1.,-1.66266999483549E-16,0.));
#9634=DIRECTION('ref_axis',(1.66266999483549E-16,-1.,0.));
#9635=DIRECTION('',(1.66266999483549E-16,-1.,0.));
#9636=DIRECTION('',(0.,0.,1.));
#9637=DIRECTION('',(-1.66266999483549E-16,1.,0.));
#9638=DIRECTION('center_axis',(1.66266999483549E-16,-1.,0.));
#9639=DIRECTION('ref_axis',(-0.707106781186547,0.,0.707106781186548));
#9640=DIRECTION('',(-1.66266999483549E-16,1.,0.));
#9641=DIRECTION('center_axis',(0.,1.,0.));
#9642=DIRECTION('ref_axis',(0.,0.,1.));
#9643=DIRECTION('center_axis',(-0.408248290463862,-0.816496580927726,0.408248290463864));
#9644=DIRECTION('ref_axis',(-0.577350269189626,0.577350269189625,0.577350269189627));
#9645=DIRECTION('center_axis',(-1.,0.,0.));
#9646=DIRECTION('ref_axis',(0.,1.,0.));
#9647=DIRECTION('center_axis',(0.,0.,1.));
#9648=DIRECTION('ref_axis',(-1.,0.,0.));
#9649=DIRECTION('center_axis',(0.,1.,0.));
#9650=DIRECTION('ref_axis',(0.,0.,1.));
#9651=DIRECTION('center_axis',(0.,0.,1.));
#9652=DIRECTION('ref_axis',(-0.707106781186547,0.707106781186548,0.));
#9653=DIRECTION('center_axis',(0.,0.,-1.));
#9654=DIRECTION('ref_axis',(-0.707106781186547,0.707106781186548,0.));
#9655=DIRECTION('',(0.,0.,1.));
#9656=DIRECTION('',(0.,0.,-1.));
#9657=DIRECTION('center_axis',(0.348630881203436,-0.787378928211875,-0.508420035088345));
#9658=DIRECTION('ref_axis',(-0.445285110467587,-0.616469320735361,0.649374119431897));
#9659=DIRECTION('center_axis',(0.,-1.,0.));
#9660=DIRECTION('ref_axis',(-1.,0.,0.));
#9661=DIRECTION('center_axis',(0.,0.,1.));
#9662=DIRECTION('ref_axis',(0.314285714285714,-0.949328441476352,0.));
#9663=DIRECTION('center_axis',(-0.949328441476351,-0.314285714285715,0.));
#9664=DIRECTION('ref_axis',(0.,0.,1.));
#9665=DIRECTION('center_axis',(0.,0.,1.));
#9666=DIRECTION('ref_axis',(-0.585540043769119,-0.810643483377778,0.));
#9667=DIRECTION('center_axis',(0.,0.,-1.));
#9668=DIRECTION('ref_axis',(-0.585540043769119,-0.810643483377778,0.));
#9669=DIRECTION('',(0.,0.,1.));
#9670=DIRECTION('',(0.,0.,-1.));
#9671=DIRECTION('center_axis',(0.408248290463862,-0.816496580927726,0.408248290463864));
#9672=DIRECTION('ref_axis',(0.577350269189625,0.577350269189625,0.577350269189627));
#9673=DIRECTION('center_axis',(0.,1.,0.));
#9674=DIRECTION('ref_axis',(1.,0.,0.));
#9675=DIRECTION('center_axis',(0.,0.,1.));
#9676=DIRECTION('ref_axis',(0.,1.,0.));
#9677=DIRECTION('center_axis',(1.,-6.93889390390723E-16,0.));
#9678=DIRECTION('ref_axis',(0.,0.,1.));
#9679=DIRECTION('center_axis',(0.,0.,1.));
#9680=DIRECTION('ref_axis',(0.707106781186547,0.707106781186548,0.));
#9681=DIRECTION('center_axis',(0.,0.,-1.));
#9682=DIRECTION('ref_axis',(0.707106781186547,0.707106781186548,0.));
#9683=DIRECTION('',(0.,0.,1.));
#9684=DIRECTION('',(0.,0.,-1.));
#9685=DIRECTION('center_axis',(-1.,0.,0.));
#9686=DIRECTION('ref_axis',(0.,0.707106781186548,0.707106781186548));
#9687=DIRECTION('',(1.,0.,0.));
#9688=DIRECTION('',(-1.,0.,0.));
#9689=DIRECTION('center_axis',(-0.348630881203436,-0.787378928211876,-0.508420035088344));
#9690=DIRECTION('ref_axis',(0.445285110467586,-0.616469320735361,0.649374119431898));
#9691=DIRECTION('center_axis',(0.949328441476352,-0.314285714285714,3.293644667683E-16));
#9692=DIRECTION('ref_axis',(-0.314285714285714,-0.949328441476352,0.));
#9693=DIRECTION('center_axis',(0.,0.,1.));
#9694=DIRECTION('ref_axis',(1.,0.,0.));
#9695=DIRECTION('center_axis',(0.,-1.,0.));
#9696=DIRECTION('ref_axis',(0.,0.,1.));
#9697=DIRECTION('center_axis',(0.,0.,1.));
#9698=DIRECTION('ref_axis',(0.58554004376912,-0.810643483377778,0.));
#9699=DIRECTION('center_axis',(0.,0.,-1.));
#9700=DIRECTION('ref_axis',(0.58554004376912,-0.810643483377778,0.));
#9701=DIRECTION('',(0.,0.,1.));
#9702=DIRECTION('',(0.,0.,-1.));
#9703=DIRECTION('center_axis',(-2.89490087106138E-16,1.,0.));
#9704=DIRECTION('ref_axis',(0.707106781186547,0.,0.707106781186548));
#9705=DIRECTION('',(2.89490087106138E-16,-1.,0.));
#9706=DIRECTION('',(-2.89490087106138E-16,1.,0.));
#9707=DIRECTION('center_axis',(0.,0.,-1.));
#9708=DIRECTION('ref_axis',(-1.,0.,0.));
#9709=DIRECTION('center_axis',(0.,0.,1.));
#9710=DIRECTION('ref_axis',(-6.12323399573677E-17,1.,0.));
#9711=DIRECTION('center_axis',(0.,0.,-1.));
#9712=DIRECTION('ref_axis',(-6.12323399573677E-17,1.,0.));
#9713=DIRECTION('center_axis',(0.,-1.,0.));
#9714=DIRECTION('ref_axis',(-0.707106781186547,0.,0.707106781186548));
#9715=DIRECTION('',(0.,1.,0.));
#9716=DIRECTION('',(0.,-1.,0.));
#9717=DIRECTION('center_axis',(0.,1.,0.));
#9718=DIRECTION('ref_axis',(-1.,0.,0.));
#9719=DIRECTION('',(1.,0.,0.));
#9720=DIRECTION('center_axis',(1.,2.89490087106138E-16,0.));
#9721=DIRECTION('ref_axis',(-2.89490087106138E-16,1.,0.));
#9722=DIRECTION('',(2.89490087106138E-16,-1.,0.));
#9723=DIRECTION('center_axis',(0.,0.,1.));
#9724=DIRECTION('ref_axis',(1.,0.,0.));
#9725=DIRECTION('center_axis',(-0.408248290463863,-0.816496580927726,0.408248290463864));
#9726=DIRECTION('ref_axis',(-0.577350269189626,0.577350269189625,0.577350269189627));
#9727=DIRECTION('center_axis',(-1.,0.,0.));
#9728=DIRECTION('ref_axis',(0.,1.,0.));
#9729=DIRECTION('center_axis',(0.,0.,1.));
#9730=DIRECTION('ref_axis',(-1.,0.,0.));
#9731=DIRECTION('center_axis',(0.,0.,1.));
#9732=DIRECTION('ref_axis',(-0.707106781186547,0.707106781186548,0.));
#9733=DIRECTION('center_axis',(0.,0.,-1.));
#9734=DIRECTION('ref_axis',(-0.707106781186547,0.707106781186548,0.));
#9735=DIRECTION('',(0.,0.,-1.));
#9736=DIRECTION('center_axis',(0.408248290463862,-0.816496580927726,0.408248290463864));
#9737=DIRECTION('ref_axis',(0.577350269189625,0.577350269189625,0.577350269189627));
#9738=DIRECTION('center_axis',(0.,1.,0.));
#9739=DIRECTION('ref_axis',(1.,0.,0.));
#9740=DIRECTION('center_axis',(0.,0.,1.));
#9741=DIRECTION('ref_axis',(0.,1.,0.));
#9742=DIRECTION('center_axis',(1.,0.,0.));
#9743=DIRECTION('ref_axis',(0.,0.,1.));
#9744=DIRECTION('center_axis',(0.,0.,1.));
#9745=DIRECTION('ref_axis',(0.707106781186548,0.707106781186548,0.));
#9746=DIRECTION('center_axis',(0.,0.,-1.));
#9747=DIRECTION('ref_axis',(0.707106781186548,0.707106781186548,0.));
#9748=DIRECTION('',(0.,0.,1.));
#9749=DIRECTION('',(0.,0.,-1.));
#9750=DIRECTION('center_axis',(-1.,0.,0.));
#9751=DIRECTION('ref_axis',(0.,0.707106781186548,0.707106781186548));
#9752=DIRECTION('',(1.,0.,0.));
#9753=DIRECTION('',(-1.,0.,0.));
#9754=DIRECTION('center_axis',(-0.816496580927726,-0.408248290463863,0.408248290463862));
#9755=DIRECTION('ref_axis',(0.577350269189625,-0.577350269189627,0.577350269189625));
#9756=DIRECTION('center_axis',(0.,0.,1.));
#9757=DIRECTION('ref_axis',(1.,0.,0.));
#9758=DIRECTION('center_axis',(6.93889390390723E-16,-1.,0.));
#9759=DIRECTION('ref_axis',(0.,0.,1.));
#9760=DIRECTION('center_axis',(0.,0.,1.));
#9761=DIRECTION('ref_axis',(0.707106781186548,-0.707106781186548,0.));
#9762=DIRECTION('center_axis',(0.,0.,-1.));
#9763=DIRECTION('ref_axis',(0.707106781186548,-0.707106781186548,0.));
#9764=DIRECTION('',(0.,0.,1.));
#9765=DIRECTION('center_axis',(-6.16790569236198E-17,1.,0.));
#9766=DIRECTION('ref_axis',(0.707106781186548,0.,0.707106781186548));
#9767=DIRECTION('',(6.16790569236198E-17,-1.,0.));
#9768=DIRECTION('',(-6.16790569236198E-17,1.,0.));
#9769=DIRECTION('center_axis',(0.,1.,0.));
#9770=DIRECTION('ref_axis',(-1.,0.,0.));
#9771=DIRECTION('',(1.,0.,0.));
#9772=DIRECTION('center_axis',(1.,6.16790569236198E-17,0.));
#9773=DIRECTION('ref_axis',(-6.16790569236198E-17,1.,0.));
#9774=DIRECTION('',(6.16790569236198E-17,-1.,0.));
#9775=DIRECTION('center_axis',(0.,0.,1.));
#9776=DIRECTION('ref_axis',(1.,0.,0.));
#9777=DIRECTION('center_axis',(0.,0.,1.));
#9778=DIRECTION('ref_axis',(1.,0.,0.));
#9779=DIRECTION('center_axis',(0.408248290463863,-0.816496580927726,0.408248290463863));
#9780=DIRECTION('ref_axis',(0.577350269189626,0.577350269189625,0.577350269189626));
#9781=DIRECTION('center_axis',(0.,1.,0.));
#9782=DIRECTION('ref_axis',(1.,0.,0.));
#9783=DIRECTION('center_axis',(0.,0.,1.));
#9784=DIRECTION('ref_axis',(0.,1.,0.));
#9785=DIRECTION('center_axis',(0.,0.,1.));
#9786=DIRECTION('ref_axis',(0.707106781186548,0.707106781186547,0.));
#9787=DIRECTION('center_axis',(0.,0.,-1.));
#9788=DIRECTION('ref_axis',(0.707106781186548,0.707106781186547,0.));
#9789=DIRECTION('',(0.,0.,-1.));
#9790=DIRECTION('center_axis',(-6.16790569236198E-17,1.,0.));
#9791=DIRECTION('ref_axis',(0.707106781186548,0.,0.707106781186548));
#9792=DIRECTION('',(-6.16790569236198E-17,1.,0.));
#9793=DIRECTION('',(6.16790569236198E-17,-1.,0.));
#9794=DIRECTION('center_axis',(0.,0.,1.));
#9795=DIRECTION('ref_axis',(1.,0.,0.));
#9796=DIRECTION('center_axis',(0.,0.,1.));
#9797=DIRECTION('ref_axis',(1.,0.,0.));
#9798=DIRECTION('center_axis',(0.,0.,1.));
#9799=DIRECTION('ref_axis',(1.,0.,0.));
#9800=DIRECTION('center_axis',(0.,0.,1.));
#9801=DIRECTION('ref_axis',(1.,0.,0.));
#9802=DIRECTION('center_axis',(0.439101876010955,-0.18959881966484,-0.878203752021909));
#9803=DIRECTION('ref_axis',(0.806254727329275,-0.348130930433589,0.478286702652959));
#9804=DIRECTION('center_axis',(0.727870811591829,0.685714285714285,-1.01012366747731E-15));
#9805=DIRECTION('ref_axis',(0.685714285714285,-0.727870811591829,0.));
#9806=DIRECTION('center_axis',(0.,0.,1.));
#9807=DIRECTION('ref_axis',(1.,0.,0.));
#9808=DIRECTION('center_axis',(-1.38777878078145E-15,-1.,0.));
#9809=DIRECTION('ref_axis',(0.,0.,1.));
#9810=DIRECTION('center_axis',(0.,0.,1.));
#9811=DIRECTION('ref_axis',(0.918072515031979,-0.396412483586046,0.));
#9812=DIRECTION('center_axis',(0.,0.,-1.));
#9813=DIRECTION('ref_axis',(0.918072515031979,-0.396412483586046,0.));
#9814=DIRECTION('',(0.,0.,1.));
#9815=DIRECTION('',(0.,0.,-1.));
#9816=DIRECTION('center_axis',(-0.937445921253831,-0.29941162687679,0.177617066791316));
#9817=DIRECTION('ref_axis',(0.34813093043359,-0.806254727329275,0.478286702652959));
#9818=DIRECTION('center_axis',(1.,0.,0.));
#9819=DIRECTION('ref_axis',(0.,-1.,0.));
#9820=DIRECTION('center_axis',(0.,0.,1.));
#9821=DIRECTION('ref_axis',(0.727870811591829,-0.685714285714285,0.));
#9822=DIRECTION('center_axis',(-0.685714285714285,-0.727870811591829,0.));
#9823=DIRECTION('ref_axis',(0.,0.,1.));
#9824=DIRECTION('center_axis',(0.,0.,1.));
#9825=DIRECTION('ref_axis',(0.396412483586046,-0.918072515031979,0.));
#9826=DIRECTION('center_axis',(0.,0.,-1.));
#9827=DIRECTION('ref_axis',(0.396412483586046,-0.918072515031979,0.));
#9828=DIRECTION('',(0.,0.,1.));
#9829=DIRECTION('',(0.,0.,-1.));
#9830=DIRECTION('center_axis',(0.,0.,-1.));
#9831=DIRECTION('ref_axis',(-1.,0.,0.));
#9832=DIRECTION('center_axis',(0.,0.,1.));
#9833=DIRECTION('ref_axis',(-0.707106781186548,0.707106781186547,0.));
#9834=DIRECTION('center_axis',(0.,0.,-1.));
#9835=DIRECTION('ref_axis',(-0.707106781186548,0.707106781186547,0.));
#9836=DIRECTION('center_axis',(0.408248290463863,0.408248290463862,-0.816496580927726));
#9837=DIRECTION('ref_axis',(0.577350269189627,0.577350269189625,0.577350269189625));
#9838=DIRECTION('center_axis',(0.,1.,0.));
#9839=DIRECTION('ref_axis',(1.,0.,0.));
#9840=DIRECTION('center_axis',(0.,0.,1.));
#9841=DIRECTION('ref_axis',(0.,1.,0.));
#9842=DIRECTION('center_axis',(1.,0.,0.));
#9843=DIRECTION('ref_axis',(0.,0.,1.));
#9844=DIRECTION('center_axis',(0.,0.,1.));
#9845=DIRECTION('ref_axis',(0.707106781186548,0.707106781186548,0.));
#9846=DIRECTION('center_axis',(0.,0.,-1.));
#9847=DIRECTION('ref_axis',(0.707106781186548,0.707106781186548,0.));
#9848=DIRECTION('',(0.,0.,1.));
#9849=DIRECTION('',(0.,0.,-1.));
#9850=DIRECTION('center_axis',(0.408248290463863,-0.816496580927727,-0.408248290463862));
#9851=DIRECTION('ref_axis',(-0.577350269189626,-0.577350269189625,0.577350269189626));
#9852=DIRECTION('center_axis',(0.,-1.,0.));
#9853=DIRECTION('ref_axis',(-1.,0.,0.));
#9854=DIRECTION('center_axis',(0.,0.,1.));
#9855=DIRECTION('ref_axis',(0.,-1.,0.));
#9856=DIRECTION('center_axis',(-1.,0.,0.));
#9857=DIRECTION('ref_axis',(0.,0.,1.));
#9858=DIRECTION('center_axis',(0.,0.,1.));
#9859=DIRECTION('ref_axis',(-0.707106781186548,-0.707106781186547,0.));
#9860=DIRECTION('center_axis',(0.,0.,-1.));
#9861=DIRECTION('ref_axis',(-0.707106781186548,-0.707106781186547,0.));
#9862=DIRECTION('',(0.,0.,1.));
#9863=DIRECTION('',(0.,0.,-1.));
#9864=DIRECTION('center_axis',(1.,0.,0.));
#9865=DIRECTION('ref_axis',(0.,-0.707106781186547,0.707106781186548));
#9866=DIRECTION('',(-1.,0.,0.));
#9867=DIRECTION('',(1.,0.,0.));
#9868=DIRECTION('center_axis',(-0.408248290463863,-0.816496580927726,0.408248290463863));
#9869=DIRECTION('ref_axis',(-0.577350269189627,0.577350269189624,0.577350269189627));
#9870=DIRECTION('center_axis',(-1.,0.,0.));
#9871=DIRECTION('ref_axis',(0.,1.,0.));
#9872=DIRECTION('center_axis',(0.,0.,1.));
#9873=DIRECTION('ref_axis',(-1.,0.,0.));
#9874=DIRECTION('center_axis',(0.,1.,0.));
#9875=DIRECTION('ref_axis',(0.,0.,1.));
#9876=DIRECTION('center_axis',(0.,0.,1.));
#9877=DIRECTION('ref_axis',(-0.707106781186548,0.707106781186548,0.));
#9878=DIRECTION('center_axis',(0.,0.,-1.));
#9879=DIRECTION('ref_axis',(-0.707106781186548,0.707106781186548,0.));
#9880=DIRECTION('',(0.,0.,1.));
#9881=DIRECTION('',(0.,0.,-1.));
#9882=DIRECTION('center_axis',(1.2335811384724E-16,-1.,0.));
#9883=DIRECTION('ref_axis',(-0.707106781186548,0.,0.707106781186548));
#9884=DIRECTION('',(-1.2335811384724E-16,1.,0.));
#9885=DIRECTION('',(1.2335811384724E-16,-1.,0.));
#9886=DIRECTION('center_axis',(-1.,0.,0.));
#9887=DIRECTION('ref_axis',(0.,0.707106781186548,0.707106781186548));
#9888=DIRECTION('',(1.,0.,0.));
#9889=DIRECTION('',(-1.,0.,0.));
#9890=DIRECTION('center_axis',(-9.77765097872454E-17,1.,0.));
#9891=DIRECTION('ref_axis',(0.707106781186547,0.,0.707106781186548));
#9892=DIRECTION('',(9.77765097872454E-17,-1.,0.));
#9893=DIRECTION('',(-9.77765097872454E-17,1.,0.));
#9894=DIRECTION('center_axis',(0.,0.,1.));
#9895=DIRECTION('ref_axis',(-1.,0.,0.));
#9896=DIRECTION('center_axis',(0.,0.,1.));
#9897=DIRECTION('ref_axis',(-1.,0.,0.));
#9898=DIRECTION('center_axis',(0.,-1.,0.));
#9899=DIRECTION('ref_axis',(1.,0.,0.));
#9900=DIRECTION('',(-1.,0.,0.));
#9901=DIRECTION('center_axis',(-1.,-1.2335811384724E-16,0.));
#9902=DIRECTION('ref_axis',(1.2335811384724E-16,-1.,0.));
#9903=DIRECTION('',(-1.2335811384724E-16,1.,0.));
#9904=DIRECTION('center_axis',(0.,0.,1.));
#9905=DIRECTION('ref_axis',(1.,0.,0.));
#9906=DIRECTION('center_axis',(0.,0.,1.));
#9907=DIRECTION('ref_axis',(-1.,0.,0.));
#9908=DIRECTION('center_axis',(0.,0.,1.));
#9909=DIRECTION('ref_axis',(-1.,0.,0.));
#9910=DIRECTION('center_axis',(0.,0.,1.));
#9911=DIRECTION('ref_axis',(-1.,0.,0.));
#9912=DIRECTION('center_axis',(0.,0.,1.));
#9913=DIRECTION('ref_axis',(-1.,0.,0.));
#9914=DIRECTION('center_axis',(-1.,0.,0.));
#9915=DIRECTION('ref_axis',(0.,-1.,0.));
#9916=DIRECTION('',(0.,1.,0.));
#9917=DIRECTION('center_axis',(1.,6.16790569236198E-17,0.));
#9918=DIRECTION('ref_axis',(-6.16790569236198E-17,1.,0.));
#9919=DIRECTION('',(6.16790569236198E-17,-1.,0.));
#9920=DIRECTION('center_axis',(0.,1.,0.));
#9921=DIRECTION('ref_axis',(-1.,0.,0.));
#9922=DIRECTION('',(1.,0.,0.));
#9923=DIRECTION('center_axis',(1.,9.77765097872454E-17,0.));
#9924=DIRECTION('ref_axis',(-9.77765097872454E-17,1.,0.));
#9925=DIRECTION('',(9.77765097872454E-17,-1.,0.));
#9926=DIRECTION('center_axis',(7.64814704811644E-16,1.,0.));
#9927=DIRECTION('ref_axis',(-1.,7.64814704811644E-16,0.));
#9928=DIRECTION('',(-1.,7.64814704811644E-16,0.));
#9929=DIRECTION('',(0.,0.,1.));
#9930=DIRECTION('',(-1.,7.64814704811644E-16,0.));
#9931=DIRECTION('',(0.,0.,1.));
#9932=DIRECTION('center_axis',(0.866025403784439,0.499999999999999,0.));
#9933=DIRECTION('ref_axis',(-0.499999999999999,0.866025403784439,0.));
#9934=DIRECTION('',(-0.499999999999999,0.866025403784439,0.));
#9935=DIRECTION('',(0.,0.,1.));
#9936=DIRECTION('',(-0.499999999999999,0.866025403784439,0.));
#9937=DIRECTION('center_axis',(0.866025403784438,-0.5,0.));
#9938=DIRECTION('ref_axis',(0.5,0.866025403784438,0.));
#9939=DIRECTION('',(0.5,0.866025403784438,0.));
#9940=DIRECTION('',(0.,0.,1.));
#9941=DIRECTION('',(0.5,0.866025403784438,0.));
#9942=DIRECTION('center_axis',(-2.18518487089041E-16,-1.,0.));
#9943=DIRECTION('ref_axis',(1.,-2.18518487089041E-16,0.));
#9944=DIRECTION('',(1.,-2.18518487089041E-16,0.));
#9945=DIRECTION('',(0.,0.,1.));
#9946=DIRECTION('',(1.,-2.18518487089041E-16,0.));
#9947=DIRECTION('center_axis',(-0.866025403784439,-0.5,0.));
#9948=DIRECTION('ref_axis',(0.5,-0.866025403784439,0.));
#9949=DIRECTION('',(0.5,-0.866025403784439,0.));
#9950=DIRECTION('',(0.,0.,1.));
#9951=DIRECTION('',(0.5,-0.866025403784439,0.));
#9952=DIRECTION('center_axis',(-0.866025403784439,0.5,0.));
#9953=DIRECTION('ref_axis',(-0.5,-0.866025403784439,0.));
#9954=DIRECTION('',(-0.5,-0.866025403784439,0.));
#9955=DIRECTION('',(-0.5,-0.866025403784439,0.));
#9956=DIRECTION('center_axis',(0.,0.,1.));
#9957=DIRECTION('ref_axis',(1.,0.,0.));
#9958=DIRECTION('center_axis',(0.,0.,-1.));
#9959=DIRECTION('ref_axis',(1.,0.,0.));
#9960=DIRECTION('center_axis',(0.,0.,-1.));
#9961=DIRECTION('ref_axis',(1.,0.,0.));
#9962=DIRECTION('center_axis',(0.,0.,-1.));
#9963=DIRECTION('ref_axis',(1.,0.,0.));
#9964=DIRECTION('',(0.,0.,-1.));
#9965=DIRECTION('center_axis',(-1.,-1.66533453693774E-16,0.));
#9966=DIRECTION('ref_axis',(1.66533453693774E-16,-1.,0.));
#9967=DIRECTION('',(1.66533453693774E-16,-1.,0.));
#9968=DIRECTION('',(0.,0.,1.));
#9969=DIRECTION('',(1.66533453693774E-16,-1.,0.));
#9970=DIRECTION('',(0.,0.,1.));
#9971=DIRECTION('center_axis',(0.,1.,0.));
#9972=DIRECTION('ref_axis',(-1.,0.,0.));
#9973=DIRECTION('',(-1.,0.,0.));
#9974=DIRECTION('',(-1.,0.,0.));
#9975=DIRECTION('',(0.,0.,1.));
#9976=DIRECTION('center_axis',(1.,0.,0.));
#9977=DIRECTION('ref_axis',(0.,1.,0.));
#9978=DIRECTION('',(0.,1.,0.));
#9979=DIRECTION('',(0.,1.,0.));
#9980=DIRECTION('',(0.,0.,1.));
#9981=DIRECTION('center_axis',(-5.55111512312578E-17,-1.,0.));
#9982=DIRECTION('ref_axis',(1.,-5.55111512312578E-17,0.));
#9983=DIRECTION('',(1.,-5.55111512312578E-17,0.));
#9984=DIRECTION('',(1.,-5.55111512312578E-17,0.));
#9985=DIRECTION('center_axis',(0.,0.,1.));
#9986=DIRECTION('ref_axis',(1.,0.,0.));
#9987=DIRECTION('center_axis',(0.,0.,1.));
#9988=DIRECTION('ref_axis',(1.,0.,0.));
#9989=DIRECTION('axis',(0.,0.,1.));
#9990=DIRECTION('refdir',(1.,0.,0.));
#9991=DIRECTION('center_axis',(-0.816496580927726,-0.408248290463863,0.408248290463862));
#9992=DIRECTION('ref_axis',(0.577350269189625,-0.577350269189627,0.577350269189625));
#9993=DIRECTION('center_axis',(1.,0.,0.));
#9994=DIRECTION('ref_axis',(0.,-1.,0.));
#9995=DIRECTION('center_axis',(0.,0.,1.));
#9996=DIRECTION('ref_axis',(1.,0.,0.));
#9997=DIRECTION('center_axis',(6.93889390390723E-16,-1.,0.));
#9998=DIRECTION('ref_axis',(0.,0.,1.));
#9999=DIRECTION('center_axis',(0.,0.,1.));
#10000=DIRECTION('ref_axis',(0.707106781186548,-0.707106781186548,0.));
#10001=DIRECTION('',(0.,0.,1.));
#10002=DIRECTION('',(0.,0.,-1.));
#10003=DIRECTION('center_axis',(-0.707106781186548,0.,0.707106781186547));
#10004=DIRECTION('ref_axis',(-0.707106781186547,0.,-0.707106781186548));
#10005=DIRECTION('center_axis',(1.,1.95553019574491E-16,0.));
#10006=DIRECTION('ref_axis',(0.,-0.707106781186547,0.707106781186548));
#10007=DIRECTION('',(1.,1.95553019574491E-16,0.));
#10008=DIRECTION('',(-1.,-1.95553019574491E-16,0.));
#10009=DIRECTION('center_axis',(0.,0.,-1.));
#10010=DIRECTION('ref_axis',(-1.,0.,0.));
#10011=DIRECTION('center_axis',(0.,0.,1.));
#10012=DIRECTION('ref_axis',(0.707106781186548,0.707106781186547,0.));
#10013=DIRECTION('center_axis',(0.,0.,-1.));
#10014=DIRECTION('ref_axis',(0.707106781186548,0.707106781186547,0.));
#10015=DIRECTION('center_axis',(0.408248290463862,-0.816496580927726,0.408248290463864));
#10016=DIRECTION('ref_axis',(0.577350269189625,0.577350269189625,0.577350269189627));
#10017=DIRECTION('center_axis',(0.,1.,0.));
#10018=DIRECTION('ref_axis',(1.,0.,0.));
#10019=DIRECTION('center_axis',(0.,0.,1.));
#10020=DIRECTION('ref_axis',(0.,1.,0.));
#10021=DIRECTION('center_axis',(1.,0.,0.));
#10022=DIRECTION('ref_axis',(0.,0.,1.));
#10023=DIRECTION('center_axis',(0.,0.,1.));
#10024=DIRECTION('ref_axis',(0.707106781186548,0.707106781186548,0.));
#10025=DIRECTION('center_axis',(0.,0.,-1.));
#10026=DIRECTION('ref_axis',(0.707106781186548,0.707106781186548,0.));
#10027=DIRECTION('',(0.,0.,1.));
#10028=DIRECTION('',(0.,0.,-1.));
#10029=DIRECTION('center_axis',(-0.408248290463863,-0.816496580927726,0.408248290463864));
#10030=DIRECTION('ref_axis',(-0.577350269189626,0.577350269189625,0.577350269189627));
#10031=DIRECTION('center_axis',(-1.,0.,0.));
#10032=DIRECTION('ref_axis',(0.,1.,0.));
#10033=DIRECTION('center_axis',(0.,0.,1.));
#10034=DIRECTION('ref_axis',(-1.,0.,0.));
#10035=DIRECTION('center_axis',(0.,1.,0.));
#10036=DIRECTION('ref_axis',(0.,0.,1.));
#10037=DIRECTION('center_axis',(1.66266999483549E-16,-1.,0.));
#10038=DIRECTION('ref_axis',(-0.707106781186548,0.,0.707106781186548));
#10039=DIRECTION('',(-1.66266999483549E-16,1.,0.));
#10040=DIRECTION('center_axis',(0.,-1.,0.));
#10041=DIRECTION('ref_axis',(-0.707106781186548,0.,0.707106781186548));
#10042=DIRECTION('',(1.66266999483549E-16,-1.,0.));
#10043=DIRECTION('center_axis',(0.,0.707106781186548,-0.707106781186547));
#10044=DIRECTION('ref_axis',(-2.35137045644716E-16,0.707106781186547,0.707106781186548));
#10045=DIRECTION('center_axis',(0.,0.,1.));
#10046=DIRECTION('ref_axis',(-0.707106781186547,0.707106781186548,0.));
#10047=DIRECTION('',(0.,0.,1.));
#10048=DIRECTION('',(0.,0.,-1.));
#10049=DIRECTION('center_axis',(1.66266999483549E-16,-1.,0.));
#10050=DIRECTION('ref_axis',(-0.707106781186547,0.,0.707106781186548));
#10051=DIRECTION('',(-1.66266999483549E-16,1.,0.));
#10052=DIRECTION('',(1.66266999483549E-16,-1.,0.));
#10053=DIRECTION('center_axis',(-1.,0.,0.));
#10054=DIRECTION('ref_axis',(0.,0.707106781186548,0.707106781186548));
#10055=DIRECTION('',(1.,0.,0.));
#10056=DIRECTION('',(-1.,0.,0.));
#10057=DIRECTION('center_axis',(-6.16790569236198E-17,1.,0.));
#10058=DIRECTION('ref_axis',(0.707106781186548,0.,0.707106781186548));
#10059=DIRECTION('',(6.16790569236198E-17,-1.,0.));
#10060=DIRECTION('',(-6.16790569236198E-17,1.,0.));
#10061=DIRECTION('center_axis',(1.,1.95553019574491E-16,0.));
#10062=DIRECTION('ref_axis',(0.,-0.707106781186548,0.707106781186548));
#10063=DIRECTION('',(1.,1.95553019574491E-16,0.));
#10064=DIRECTION('center_axis',(-1.,0.,0.));
#10065=DIRECTION('ref_axis',(0.,-0.707106781186548,0.707106781186548));
#10066=DIRECTION('',(-1.,-1.95553019574491E-16,0.));
#10067=DIRECTION('center_axis',(1.,0.,0.));
#10068=DIRECTION('ref_axis',(0.,1.,0.));
#10069=DIRECTION('',(0.,0.,-1.));
#10070=DIRECTION('',(0.,-1.,0.));
#10071=DIRECTION('',(0.,0.,1.));
#10072=DIRECTION('center_axis',(-1.,0.,0.));
#10073=DIRECTION('ref_axis',(0.,0.707106781186547,0.707106781186548));
#10074=DIRECTION('',(0.,1.,0.));
#10075=DIRECTION('',(0.,0.,1.));
#10076=DIRECTION('',(0.,1.,0.));
#10077=DIRECTION('',(0.,0.,1.));
#10078=DIRECTION('',(0.,1.,0.));
#10079=DIRECTION('center_axis',(1.95553019574491E-16,-1.,0.));
#10080=DIRECTION('ref_axis',(1.,1.95553019574491E-16,0.));
#10081=DIRECTION('',(0.,0.,-1.));
#10082=DIRECTION('',(1.,1.11022302462516E-15,0.));
#10083=DIRECTION('center_axis',(0.,0.,1.));
#10084=DIRECTION('ref_axis',(-1.,0.,0.));
#10085=DIRECTION('',(0.,0.,-1.));
#10086=DIRECTION('center_axis',(0.,0.,-1.));
#10087=DIRECTION('ref_axis',(1.,0.,0.));
#10088=DIRECTION('center_axis',(-1.,-1.66266999483549E-16,0.));
#10089=DIRECTION('ref_axis',(1.66266999483549E-16,-1.,0.));
#10090=DIRECTION('',(0.,0.,1.));
#10091=DIRECTION('',(1.66266999483549E-16,-1.,0.));
#10092=DIRECTION('center_axis',(0.,0.,1.));
#10093=DIRECTION('ref_axis',(1.,0.,0.));
#10094=DIRECTION('',(-1.,0.,0.));
#10095=DIRECTION('',(1.,0.,0.));
#10096=DIRECTION('',(6.16790569236198E-17,-1.,0.));
#10097=DIRECTION('center_axis',(0.,1.,0.));
#10098=DIRECTION('ref_axis',(-1.,0.,0.));
#10099=DIRECTION('',(-1.,0.,0.));
#10100=DIRECTION('',(0.,0.,1.));
#10101=DIRECTION('',(-1.,0.,0.));
#10102=DIRECTION('center_axis',(0.,-1.,0.));
#10103=DIRECTION('ref_axis',(0.707106781186547,0.,0.707106781186548));
#10104=DIRECTION('',(0.,0.,-1.));
#10105=DIRECTION('',(1.,0.,0.));
#10106=DIRECTION('center_axis',(0.,0.,1.));
#10107=DIRECTION('ref_axis',(1.,0.,0.));
#10108=DIRECTION('center_axis',(0.,0.,1.));
#10109=DIRECTION('ref_axis',(1.,0.,0.));
#10110=DIRECTION('center_axis',(0.,0.,-1.));
#10111=DIRECTION('ref_axis',(-1.,0.,0.));
#10112=DIRECTION('center_axis',(1.22464679914735E-16,-1.,0.));
#10113=DIRECTION('ref_axis',(-1.,-1.22464679914735E-16,0.));
#10114=DIRECTION('center_axis',(0.,0.,1.));
#10115=DIRECTION('ref_axis',(-1.,0.,0.));
#10116=DIRECTION('center_axis',(0.,0.,1.));
#10117=DIRECTION('ref_axis',(-1.,0.,0.));
#10118=DIRECTION('center_axis',(0.,0.,-1.));
#10119=DIRECTION('ref_axis',(-1.,0.,0.));
#10120=DIRECTION('',(0.,0.,-1.));
#10121=DIRECTION('center_axis',(0.,0.,1.));
#10122=DIRECTION('ref_axis',(-1.,0.,0.));
#10123=DIRECTION('center_axis',(0.,0.,1.));
#10124=DIRECTION('ref_axis',(1.,0.,0.));
#10125=DIRECTION('center_axis',(0.,0.,-1.));
#10126=DIRECTION('ref_axis',(1.,0.,0.));
#10127=DIRECTION('center_axis',(0.408248290463863,0.408248290463862,-0.816496580927726));
#10128=DIRECTION('ref_axis',(0.577350269189627,0.577350269189625,0.577350269189625));
#10129=DIRECTION('center_axis',(0.,1.,0.));
#10130=DIRECTION('ref_axis',(1.,0.,0.));
#10131=DIRECTION('center_axis',(0.,0.,1.));
#10132=DIRECTION('ref_axis',(0.,1.,0.));
#10133=DIRECTION('center_axis',(1.,0.,0.));
#10134=DIRECTION('ref_axis',(0.,0.,1.));
#10135=DIRECTION('center_axis',(0.,0.,1.));
#10136=DIRECTION('ref_axis',(0.707106781186548,0.707106781186548,0.));
#10137=DIRECTION('',(0.,0.,1.));
#10138=DIRECTION('',(0.,0.,-1.));
#10139=DIRECTION('center_axis',(0.,-0.707106781186548,0.707106781186547));
#10140=DIRECTION('ref_axis',(0.,-0.707106781186547,-0.707106781186548));
#10141=DIRECTION('center_axis',(-9.77765097872454E-17,1.,0.));
#10142=DIRECTION('ref_axis',(0.707106781186547,0.,0.707106781186548));
#10143=DIRECTION('',(-9.77765097872454E-17,1.,0.));
#10144=DIRECTION('',(9.77765097872454E-17,-1.,0.));
#10145=DIRECTION('center_axis',(-0.408248290463863,-0.816496580927726,0.408248290463863));
#10146=DIRECTION('ref_axis',(-0.577350269189627,0.577350269189624,0.577350269189627));
#10147=DIRECTION('center_axis',(-1.,0.,0.));
#10148=DIRECTION('ref_axis',(0.,1.,0.));
#10149=DIRECTION('center_axis',(0.,0.,1.));
#10150=DIRECTION('ref_axis',(-1.,0.,0.));
#10151=DIRECTION('center_axis',(0.,1.,0.));
#10152=DIRECTION('ref_axis',(0.,0.,1.));
#10153=DIRECTION('center_axis',(0.,0.,1.));
#10154=DIRECTION('ref_axis',(-0.707106781186548,0.707106781186548,0.));
#10155=DIRECTION('center_axis',(0.,0.,-1.));
#10156=DIRECTION('ref_axis',(-0.707106781186548,0.707106781186548,0.));
#10157=DIRECTION('',(0.,0.,1.));
#10158=DIRECTION('',(0.,0.,-1.));
#10159=DIRECTION('center_axis',(0.,0.,-1.));
#10160=DIRECTION('ref_axis',(-1.,0.,0.));
#10161=DIRECTION('center_axis',(0.,0.,1.));
#10162=DIRECTION('ref_axis',(-0.707106781186548,0.707106781186547,0.));
#10163=DIRECTION('center_axis',(0.,0.,-1.));
#10164=DIRECTION('ref_axis',(-0.707106781186548,0.707106781186547,0.));
#10165=DIRECTION('center_axis',(0.408248290463863,-0.816496580927727,-0.408248290463862));
#10166=DIRECTION('ref_axis',(-0.577350269189626,-0.577350269189625,0.577350269189626));
#10167=DIRECTION('center_axis',(0.,-1.,0.));
#10168=DIRECTION('ref_axis',(-1.,0.,0.));
#10169=DIRECTION('center_axis',(0.,0.,1.));
#10170=DIRECTION('ref_axis',(0.,-1.,0.));
#10171=DIRECTION('center_axis',(-1.,0.,0.));
#10172=DIRECTION('ref_axis',(0.,0.,1.));
#10173=DIRECTION('center_axis',(1.,0.,0.));
#10174=DIRECTION('ref_axis',(0.,-0.707106781186547,0.707106781186548));
#10175=DIRECTION('',(-1.,0.,0.));
#10176=DIRECTION('center_axis',(1.,1.66533453693774E-16,0.));
#10177=DIRECTION('ref_axis',(0.,-0.707106781186547,0.707106781186548));
#10178=DIRECTION('',(1.,0.,0.));
#10179=DIRECTION('center_axis',(-0.707106781186548,0.,-0.707106781186548));
#10180=DIRECTION('ref_axis',(-0.707106781186547,0.,0.707106781186547));
#10181=DIRECTION('center_axis',(0.,0.,1.));
#10182=DIRECTION('ref_axis',(-0.707106781186548,-0.707106781186547,0.));
#10183=DIRECTION('',(0.,0.,1.));
#10184=DIRECTION('',(0.,0.,-1.));
#10185=DIRECTION('center_axis',(1.,0.,0.));
#10186=DIRECTION('ref_axis',(0.,-0.707106781186547,0.707106781186548));
#10187=DIRECTION('',(-1.,0.,0.));
#10188=DIRECTION('',(1.,0.,0.));
#10189=DIRECTION('center_axis',(1.2335811384724E-16,-1.,0.));
#10190=DIRECTION('ref_axis',(-0.707106781186548,0.,0.707106781186548));
#10191=DIRECTION('',(-1.2335811384724E-16,1.,0.));
#10192=DIRECTION('',(1.2335811384724E-16,-1.,0.));
#10193=DIRECTION('center_axis',(-1.,0.,0.));
#10194=DIRECTION('ref_axis',(0.,0.707106781186548,0.707106781186548));
#10195=DIRECTION('',(1.,0.,0.));
#10196=DIRECTION('',(-1.,0.,0.));
#10197=DIRECTION('center_axis',(-9.77765097872454E-17,1.,0.));
#10198=DIRECTION('ref_axis',(0.707106781186547,0.,0.707106781186548));
#10199=DIRECTION('',(-9.77765097872454E-17,1.,0.));
#10200=DIRECTION('',(9.77765097872454E-17,-1.,0.));
#10201=DIRECTION('center_axis',(1.,9.77765097872454E-17,0.));
#10202=DIRECTION('ref_axis',(-9.77765097872454E-17,1.,0.));
#10203=DIRECTION('',(0.,0.,-1.));
#10204=DIRECTION('',(-4.16333634234434E-14,1.,0.));
#10205=DIRECTION('center_axis',(0.,0.,1.));
#10206=DIRECTION('ref_axis',(-1.,0.,0.));
#10207=DIRECTION('',(0.,0.,1.));
#10208=DIRECTION('center_axis',(0.,0.,-1.));
#10209=DIRECTION('ref_axis',(1.,0.,0.));
#10210=DIRECTION('center_axis',(0.,-1.,0.));
#10211=DIRECTION('ref_axis',(1.,0.,0.));
#10212=DIRECTION('',(0.,0.,1.));
#10213=DIRECTION('',(1.,0.,0.));
#10214=DIRECTION('center_axis',(0.,0.,1.));
#10215=DIRECTION('ref_axis',(1.,0.,0.));
#10216=DIRECTION('',(1.66533453693774E-16,-1.,0.));
#10217=DIRECTION('',(-1.2335811384724E-16,1.,0.));
#10218=DIRECTION('',(1.,0.,0.));
#10219=DIRECTION('center_axis',(-1.,-1.66533453693774E-16,0.));
#10220=DIRECTION('ref_axis',(1.66533453693774E-16,-1.,0.));
#10221=DIRECTION('',(1.66533453693774E-16,-1.,0.));
#10222=DIRECTION('',(0.,0.,1.));
#10223=DIRECTION('',(1.66533453693774E-16,-1.,0.));
#10224=DIRECTION('center_axis',(1.,1.66533453693774E-16,0.));
#10225=DIRECTION('ref_axis',(0.,0.707106781186547,0.707106781186548));
#10226=DIRECTION('',(0.,0.,-1.));
#10227=DIRECTION('',(-1.66533453693774E-16,1.,0.));
#10228=DIRECTION('center_axis',(0.,0.,1.));
#10229=DIRECTION('ref_axis',(1.,0.,0.));
#10230=DIRECTION('center_axis',(-1.,0.,0.));
#10231=DIRECTION('ref_axis',(0.,0.707106781186547,0.707106781186548));
#10232=DIRECTION('',(1.,0.,0.));
#10233=DIRECTION('',(-1.,0.,0.));
#10234=DIRECTION('center_axis',(0.707106781186548,0.,-0.707106781186548));
#10235=DIRECTION('ref_axis',(0.707106781186547,0.,0.707106781186547));
#10236=DIRECTION('center_axis',(0.408248290463863,-0.816496580927726,0.408248290463863));
#10237=DIRECTION('ref_axis',(0.577350269189626,0.577350269189625,0.577350269189626));
#10238=DIRECTION('center_axis',(0.,1.,0.));
#10239=DIRECTION('ref_axis',(1.,0.,0.));
#10240=DIRECTION('center_axis',(0.,0.,1.));
#10241=DIRECTION('ref_axis',(0.,1.,0.));
#10242=DIRECTION('center_axis',(1.,0.,0.));
#10243=DIRECTION('ref_axis',(0.,0.,1.));
#10244=DIRECTION('center_axis',(0.,0.,1.));
#10245=DIRECTION('ref_axis',(0.707106781186548,0.707106781186547,0.));
#10246=DIRECTION('',(0.,0.,1.));
#10247=DIRECTION('',(0.,0.,-1.));
#10248=DIRECTION('center_axis',(-0.408248290463862,-0.816496580927726,-0.408248290463863));
#10249=DIRECTION('ref_axis',(0.577350269189626,-0.577350269189626,0.577350269189626));
#10250=DIRECTION('center_axis',(1.,0.,0.));
#10251=DIRECTION('ref_axis',(0.,-1.,0.));
#10252=DIRECTION('center_axis',(0.,0.,1.));
#10253=DIRECTION('ref_axis',(1.,0.,0.));
#10254=DIRECTION('center_axis',(0.,-1.,0.));
#10255=DIRECTION('ref_axis',(0.,0.,1.));
#10256=DIRECTION('center_axis',(0.,0.,1.));
#10257=DIRECTION('ref_axis',(0.707106781186548,-0.707106781186548,0.));
#10258=DIRECTION('center_axis',(0.,0.,-1.));
#10259=DIRECTION('ref_axis',(0.707106781186548,-0.707106781186548,0.));
#10260=DIRECTION('',(0.,0.,1.));
#10261=DIRECTION('',(0.,0.,-1.));
#10262=DIRECTION('center_axis',(-6.16790569236198E-17,1.,0.));
#10263=DIRECTION('ref_axis',(0.707106781186548,0.,0.707106781186548));
#10264=DIRECTION('',(6.16790569236198E-17,-1.,0.));
#10265=DIRECTION('',(-6.16790569236198E-17,1.,0.));
#10266=DIRECTION('center_axis',(-0.408248290463864,-0.408248290463864,-0.816496580927725));
#10267=DIRECTION('ref_axis',(-0.577350269189626,-0.577350269189626,0.577350269189626));
#10268=DIRECTION('center_axis',(0.,-1.,0.));
#10269=DIRECTION('ref_axis',(-1.,0.,0.));
#10270=DIRECTION('center_axis',(0.,0.,1.));
#10271=DIRECTION('ref_axis',(0.,-1.,0.));
#10272=DIRECTION('center_axis',(-1.,-6.93889390390722E-16,0.));
#10273=DIRECTION('ref_axis',(0.,0.,1.));
#10274=DIRECTION('center_axis',(0.,0.,1.));
#10275=DIRECTION('ref_axis',(-0.707106781186548,-0.707106781186548,0.));
#10276=DIRECTION('',(0.,0.,1.));
#10277=DIRECTION('',(0.,0.,-1.));
#10278=DIRECTION('center_axis',(0.,0.707106781186548,0.707106781186548));
#10279=DIRECTION('ref_axis',(0.,0.707106781186547,-0.707106781186547));
#10280=DIRECTION('center_axis',(0.,-1.,0.));
#10281=DIRECTION('ref_axis',(-0.707106781186547,0.,0.707106781186548));
#10282=DIRECTION('',(0.,-1.,0.));
#10283=DIRECTION('center_axis',(5.55111512312578E-17,1.,0.));
#10284=DIRECTION('ref_axis',(-0.707106781186547,0.,0.707106781186548));
#10285=DIRECTION('',(0.,1.,0.));
#10286=DIRECTION('center_axis',(1.,1.2335811384724E-16,0.));
#10287=DIRECTION('ref_axis',(0.,-0.707106781186548,0.707106781186548));
#10288=DIRECTION('',(-1.,-1.2335811384724E-16,0.));
#10289=DIRECTION('',(1.,1.2335811384724E-16,0.));
#10290=DIRECTION('center_axis',(0.,-1.,0.));
#10291=DIRECTION('ref_axis',(-0.707106781186547,0.,0.707106781186548));
#10292=DIRECTION('',(0.,-1.,0.));
#10293=DIRECTION('',(0.,1.,0.));
#10294=DIRECTION('center_axis',(0.,0.,-1.));
#10295=DIRECTION('ref_axis',(-1.,0.,0.));
#10296=DIRECTION('center_axis',(0.,0.,-1.));
#10297=DIRECTION('ref_axis',(0.707106781186547,-0.707106781186548,0.));
#10298=DIRECTION('center_axis',(0.,0.,1.));
#10299=DIRECTION('ref_axis',(0.707106781186548,-0.707106781186548,0.));
#10300=DIRECTION('center_axis',(-1.,0.,0.));
#10301=DIRECTION('ref_axis',(0.,0.707106781186547,0.707106781186548));
#10302=DIRECTION('',(1.,0.,0.));
#10303=DIRECTION('',(-1.,0.,0.));
#10304=DIRECTION('center_axis',(1.,6.16790569236198E-17,0.));
#10305=DIRECTION('ref_axis',(-6.16790569236198E-17,1.,0.));
#10306=DIRECTION('',(6.16790569236198E-17,-1.,0.));
#10307=DIRECTION('center_axis',(1.2335811384724E-16,-1.,0.));
#10308=DIRECTION('ref_axis',(1.,1.2335811384724E-16,0.));
#10309=DIRECTION('',(-1.,-1.2335811384724E-16,0.));
#10310=DIRECTION('center_axis',(-5.55111512312578E-17,-1.,0.));
#10311=DIRECTION('ref_axis',(1.,-5.55111512312578E-17,0.));
#10312=DIRECTION('',(0.,0.,-1.));
#10313=DIRECTION('',(-1.,5.55111512312578E-17,0.));
#10314=DIRECTION('',(0.,0.,1.));
#10315=DIRECTION('center_axis',(5.55111512312578E-17,1.,0.));
#10316=DIRECTION('ref_axis',(0.707106781186547,0.,0.707106781186548));
#10317=DIRECTION('',(1.,-5.55111512312578E-17,0.));
#10318=DIRECTION('',(1.,-5.55111512312578E-17,0.));
#10319=DIRECTION('',(1.,-5.55111512312578E-17,0.));
#10320=DIRECTION('center_axis',(0.,0.,1.));
#10321=DIRECTION('ref_axis',(1.,0.,0.));
#10322=DIRECTION('center_axis',(-0.816496580927726,-0.408248290463863,-0.408248290463862));
#10323=DIRECTION('ref_axis',(-0.577350269189625,0.577350269189627,0.577350269189625));
#10324=DIRECTION('center_axis',(-1.,0.,0.));
#10325=DIRECTION('ref_axis',(0.,1.,0.));
#10326=DIRECTION('center_axis',(0.,0.,1.));
#10327=DIRECTION('ref_axis',(-1.,0.,0.));
#10328=DIRECTION('center_axis',(-6.93889390390723E-16,1.,0.));
#10329=DIRECTION('ref_axis',(0.,0.,1.));
#10330=DIRECTION('center_axis',(0.,0.,1.));
#10331=DIRECTION('ref_axis',(-0.707106781186548,0.707106781186548,0.));
#10332=DIRECTION('',(0.,0.,1.));
#10333=DIRECTION('',(0.,0.,-1.));
#10334=DIRECTION('center_axis',(0.707106781186548,0.,0.707106781186547));
#10335=DIRECTION('ref_axis',(0.707106781186547,0.,-0.707106781186548));
#10336=DIRECTION('center_axis',(-1.,0.,0.));
#10337=DIRECTION('ref_axis',(0.,0.707106781186547,0.707106781186548));
#10338=DIRECTION('',(-1.,0.,0.));
#10339=DIRECTION('',(1.,0.,0.));
#10340=DIRECTION('center_axis',(0.,0.,-1.));
#10341=DIRECTION('ref_axis',(-1.,0.,0.));
#10342=DIRECTION('center_axis',(0.,0.,1.));
#10343=DIRECTION('ref_axis',(-0.707106781186548,-0.707106781186548,0.));
#10344=DIRECTION('center_axis',(0.,0.,-1.));
#10345=DIRECTION('ref_axis',(-0.707106781186547,-0.707106781186547,0.));
#10346=DIRECTION('center_axis',(0.408248290463862,-0.816496580927726,-0.408248290463864));
#10347=DIRECTION('ref_axis',(-0.577350269189625,-0.577350269189625,0.577350269189627));
#10348=DIRECTION('center_axis',(0.,-1.,0.));
#10349=DIRECTION('ref_axis',(-1.,0.,0.));
#10350=DIRECTION('center_axis',(0.,0.,1.));
#10351=DIRECTION('ref_axis',(0.,-1.,0.));
#10352=DIRECTION('center_axis',(-1.,0.,0.));
#10353=DIRECTION('ref_axis',(0.,0.,1.));
#10354=DIRECTION('center_axis',(0.,0.,1.));
#10355=DIRECTION('ref_axis',(-0.707106781186547,-0.707106781186548,0.));
#10356=DIRECTION('center_axis',(0.,0.,-1.));
#10357=DIRECTION('ref_axis',(-0.707106781186547,-0.707106781186548,0.));
#10358=DIRECTION('',(0.,0.,1.));
#10359=DIRECTION('',(0.,0.,-1.));
#10360=DIRECTION('center_axis',(-0.408248290463862,-0.816496580927727,-0.408248290463862));
#10361=DIRECTION('ref_axis',(0.577350269189626,-0.577350269189625,0.577350269189627));
#10362=DIRECTION('center_axis',(1.,0.,0.));
#10363=DIRECTION('ref_axis',(0.,-1.,0.));
#10364=DIRECTION('center_axis',(0.,0.,1.));
#10365=DIRECTION('ref_axis',(1.,0.,0.));
#10366=DIRECTION('center_axis',(0.,-1.,0.));
#10367=DIRECTION('ref_axis',(0.,0.,1.));
#10368=DIRECTION('center_axis',(0.,1.,0.));
#10369=DIRECTION('ref_axis',(0.707106781186547,0.,0.707106781186548));
#10370=DIRECTION('',(0.,-1.,0.));
#10371=DIRECTION('',(0.,1.,0.));
#10372=DIRECTION('center_axis',(0.,-0.707106781186548,-0.707106781186547));
#10373=DIRECTION('ref_axis',(0.,-0.707106781186547,0.707106781186548));
#10374=DIRECTION('center_axis',(0.,0.,1.));
#10375=DIRECTION('ref_axis',(0.707106781186548,-0.707106781186547,0.));
#10376=DIRECTION('',(0.,0.,1.));
#10377=DIRECTION('',(0.,0.,-1.));
#10378=DIRECTION('center_axis',(0.,1.,0.));
#10379=DIRECTION('ref_axis',(0.707106781186547,0.,0.707106781186548));
#10380=DIRECTION('',(0.,-1.,0.));
#10381=DIRECTION('',(0.,1.,0.));
#10382=DIRECTION('center_axis',(1.,1.2335811384724E-16,0.));
#10383=DIRECTION('ref_axis',(0.,-0.707106781186548,0.707106781186548));
#10384=DIRECTION('',(-1.,-1.2335811384724E-16,0.));
#10385=DIRECTION('',(1.,1.2335811384724E-16,0.));
#10386=DIRECTION('center_axis',(1.2335811384724E-16,-1.,0.));
#10387=DIRECTION('ref_axis',(-0.707106781186548,0.,0.707106781186548));
#10388=DIRECTION('',(-1.2335811384724E-16,1.,0.));
#10389=DIRECTION('',(1.2335811384724E-16,-1.,0.));
#10390=DIRECTION('center_axis',(-1.,0.,0.));
#10391=DIRECTION('ref_axis',(0.,0.707106781186547,0.707106781186548));
#10392=DIRECTION('',(-1.,0.,0.));
#10393=DIRECTION('',(1.,0.,0.));
#10394=DIRECTION('center_axis',(1.2335811384724E-16,-1.,0.));
#10395=DIRECTION('ref_axis',(1.,1.2335811384724E-16,0.));
#10396=DIRECTION('',(-1.,-1.2335811384724E-16,0.));
#10397=DIRECTION('center_axis',(-1.,-1.2335811384724E-16,0.));
#10398=DIRECTION('ref_axis',(1.2335811384724E-16,-1.,0.));
#10399=DIRECTION('',(-1.2335811384724E-16,1.,0.));
#10400=DIRECTION('center_axis',(0.,0.,1.));
#10401=DIRECTION('ref_axis',(1.,0.,0.));
#10402=DIRECTION('center_axis',(0.,0.,1.));
#10403=DIRECTION('ref_axis',(1.,0.,0.));
#10404=DIRECTION('',(-1.,-1.11022302462516E-15,0.));
#10405=DIRECTION('center_axis',(0.,0.,-1.));
#10406=DIRECTION('ref_axis',(1.,0.,0.));
#10407=DIRECTION('',(0.,1.,0.));
#10408=DIRECTION('',(2.22044604925031E-15,-1.,0.));
#10409=DIRECTION('center_axis',(0.,0.,-1.));
#10410=DIRECTION('ref_axis',(1.,0.,0.));
#10411=DIRECTION('',(-1.,0.,0.));
#10412=DIRECTION('center_axis',(0.,0.,1.));
#10413=DIRECTION('ref_axis',(1.,0.,0.));
#10414=DIRECTION('center_axis',(0.,0.,1.));
#10415=DIRECTION('ref_axis',(1.,0.,0.));
#10416=DIRECTION('center_axis',(0.,1.,0.));
#10417=DIRECTION('ref_axis',(-1.,0.,0.));
#10418=DIRECTION('',(0.,0.,1.));
#10419=DIRECTION('center_axis',(-1.,0.,0.));
#10420=DIRECTION('ref_axis',(0.,-1.,0.));
#10421=DIRECTION('',(0.,0.,-1.));
#10422=DIRECTION('center_axis',(0.,0.,1.));
#10423=DIRECTION('ref_axis',(-1.,0.,0.));
#10424=DIRECTION('center_axis',(0.,1.,0.));
#10425=DIRECTION('ref_axis',(-1.,0.,0.));
#10426=DIRECTION('center_axis',(1.,6.16790569236198E-17,0.));
#10427=DIRECTION('ref_axis',(-6.16790569236198E-17,1.,0.));
#10428=DIRECTION('center_axis',(0.,1.,0.));
#10429=DIRECTION('ref_axis',(-1.,0.,0.));
#10430=DIRECTION('',(0.,0.,-1.));
#10431=DIRECTION('center_axis',(0.,0.,1.));
#10432=DIRECTION('ref_axis',(-1.,0.,0.));
#10433=DIRECTION('',(0.,0.,-1.));
#10434=DIRECTION('center_axis',(1.,0.,0.));
#10435=DIRECTION('ref_axis',(0.,1.,0.));
#10436=DIRECTION('center_axis',(-1.,-1.2335811384724E-16,0.));
#10437=DIRECTION('ref_axis',(1.2335811384724E-16,-1.,0.));
#10438=DIRECTION('center_axis',(0.,1.,0.));
#10439=DIRECTION('ref_axis',(-1.,0.,0.));
#10440=DIRECTION('center_axis',(7.64814704811644E-16,1.,0.));
#10441=DIRECTION('ref_axis',(-1.,7.64814704811644E-16,0.));
#10442=DIRECTION('',(-1.,7.64814704811644E-16,0.));
#10443=DIRECTION('',(0.,0.,1.));
#10444=DIRECTION('',(-1.,7.64814704811644E-16,0.));
#10445=DIRECTION('',(0.,0.,1.));
#10446=DIRECTION('center_axis',(0.866025403784439,0.499999999999999,0.));
#10447=DIRECTION('ref_axis',(-0.499999999999999,0.866025403784439,0.));
#10448=DIRECTION('',(-0.499999999999999,0.866025403784439,0.));
#10449=DIRECTION('',(0.,0.,1.));
#10450=DIRECTION('',(-0.499999999999999,0.866025403784439,0.));
#10451=DIRECTION('center_axis',(0.866025403784438,-0.5,0.));
#10452=DIRECTION('ref_axis',(0.5,0.866025403784438,0.));
#10453=DIRECTION('',(0.5,0.866025403784438,0.));
#10454=DIRECTION('',(0.,0.,1.));
#10455=DIRECTION('',(0.5,0.866025403784438,0.));
#10456=DIRECTION('center_axis',(-2.18518487089041E-16,-1.,0.));
#10457=DIRECTION('ref_axis',(1.,-2.18518487089041E-16,0.));
#10458=DIRECTION('',(1.,-2.18518487089041E-16,0.));
#10459=DIRECTION('',(0.,0.,1.));
#10460=DIRECTION('',(1.,-2.18518487089041E-16,0.));
#10461=DIRECTION('center_axis',(-0.866025403784439,-0.5,0.));
#10462=DIRECTION('ref_axis',(0.5,-0.866025403784439,0.));
#10463=DIRECTION('',(0.5,-0.866025403784439,0.));
#10464=DIRECTION('',(0.,0.,1.));
#10465=DIRECTION('',(0.5,-0.866025403784439,0.));
#10466=DIRECTION('center_axis',(-0.866025403784439,0.5,0.));
#10467=DIRECTION('ref_axis',(-0.5,-0.866025403784439,0.));
#10468=DIRECTION('',(-0.5,-0.866025403784439,0.));
#10469=DIRECTION('',(-0.5,-0.866025403784439,0.));
#10470=DIRECTION('center_axis',(0.,0.,1.));
#10471=DIRECTION('ref_axis',(1.,0.,0.));
#10472=DIRECTION('center_axis',(0.,0.,-1.));
#10473=DIRECTION('ref_axis',(1.,0.,0.));
#10474=DIRECTION('center_axis',(0.,0.,-1.));
#10475=DIRECTION('ref_axis',(1.,0.,0.));
#10476=DIRECTION('',(0.,0.,-1.));
#10477=DIRECTION('center_axis',(0.,0.,1.));
#10478=DIRECTION('ref_axis',(1.,0.,0.));
#10479=DIRECTION('',(4.64236052764023E-14,-7.29619362985007E-13,1.));
#10480=DIRECTION('',(1.,4.47582707387742E-14,-4.64236052763696E-14));
#10481=DIRECTION('',(6.34672366463767E-14,-0.707106781187044,0.707106781186051));
#10482=DIRECTION('',(1.,4.35597235740777E-14,-4.61965032575728E-14));
#10483=DIRECTION('',(-4.78304449444051E-14,7.35528902844946E-13,-1.));
#10484=DIRECTION('',(-0.500000000000095,0.866025403784384,6.60901937553586E-13));
#10485=DIRECTION('',(-0.612372435695786,-0.353553390592818,-0.707106781186783));
#10486=DIRECTION('',(-0.500000000000007,0.866025403784434,5.60045859247705E-13));
#10487=DIRECTION('',(1.59714806843115E-14,-7.52363908573039E-13,1.));
#10488=DIRECTION('',(-0.499999999999925,-0.866025403784482,-6.43580517372683E-13));
#10489=DIRECTION('',(-0.61237243569582,0.353553390592692,0.707106781186816));
#10490=DIRECTION('',(-0.499999999999912,-0.866025403784489,-6.29242282648477E-13));
#10491=DIRECTION('',(5.6081424081431E-14,-7.27597479353552E-13,1.));
#10492=DIRECTION('',(0.499999999999944,0.866025403784471,6.02077188809011E-13));
#10493=DIRECTION('',(0.612372435695865,-0.353553390593753,0.707106781186247));
#10494=DIRECTION('',(0.499999999999941,0.866025403784473,6.05192294488487E-13));
#10495=DIRECTION('',(1.83996622103721E-14,-7.23339732605412E-13,1.));
#10496=DIRECTION('',(-1.,-6.47537579120534E-14,1.83996622103253E-14));
#10497=DIRECTION('',(-3.27772954064187E-14,0.707106781186025,0.70710678118707));
#10498=DIRECTION('',(-1.,-6.46851810404255E-14,1.83310853386975E-14));
#10499=DIRECTION('',(-0.866025403784413,-0.500000000000044,-3.31964024100715E-13));
#10500=DIRECTION('',(3.75402411808837E-14,-7.28949653255043E-13,1.));
#10501=DIRECTION('',(0.866025403784471,-0.499999999999945,-3.96287896869441E-13));
#10502=DIRECTION('',(-3.63317334133828E-14,7.29647385539934E-13,-1.));
#10503=DIRECTION('',(-6.32557932973924E-15,0.707106781186028,0.707106781187067));
#10504=DIRECTION('',(-7.51315555624912E-14,0.707106781187067,-0.707106781186028));
#10505=DIRECTION('',(0.86602540378442,0.500000000000033,3.22522266468852E-13));
#10506=DIRECTION('',(5.05012698326401E-14,-7.32515298134532E-13,1.));
#10507=DIRECTION('',(5.38735722698496E-14,-1.,-7.31761082675202E-13));
#10508=DIRECTION('',(5.23331378232715E-14,-7.31761082675199E-13,1.));
#10509=DIRECTION('',(-0.612372435695766,0.353553390592716,0.707106781186851));
#10510=DIRECTION('',(0.612372435695969,-0.353553390593578,0.707106781186244));
#10511=DIRECTION('',(1.00475183728858E-14,-7.37100605136278E-13,1.));
#10512=DIRECTION('',(1.,3.84692278032623E-14,-1.00475183728575E-14));
#10513=DIRECTION('',(0.866025403784469,-0.499999999999947,-3.77462402260386E-13));
#10514=DIRECTION('',(-9.20097331658502E-15,7.38988251257438E-13,-1.));
#10515=DIRECTION('',(-5.38735722698495E-14,1.,7.38988251257441E-13));
#10516=DIRECTION('',(-9.20097331659488E-15,7.3898825125744E-13,-1.));
#10517=DIRECTION('',(-0.866025403784417,-0.500000000000038,-3.61525848997052E-13));
#10518=DIRECTION('',(9.17321774096137E-15,-7.38940177190285E-13,1.));
#10519=DIRECTION('',(-0.866025403784411,-0.500000000000048,-3.6760446840446E-13));
#10520=DIRECTION('',(-5.33625339003685E-16,-7.34284670609488E-13,1.));
#10521=DIRECTION('',(-7.35245198057916E-14,1.,7.51864575191248E-13));
#10522=DIRECTION('',(-1.14588893929114E-13,-7.51864575191256E-13,1.));
#10523=DIRECTION('',(0.612372435695849,-0.353553390593727,0.707106781186274));
#10524=DIRECTION('',(0.612372435695712,-0.353553390592869,-0.707106781186821));
#10525=DIRECTION('',(8.9483975784712E-14,-1.,-7.36972459756274E-13));
#10526=DIRECTION('',(3.35148575558755E-14,-7.36972459756271E-13,1.));
#10527=DIRECTION('',(-0.866025403784471,0.499999999999944,3.96287896869441E-13));
#10528=DIRECTION('',(-3.63594889889989E-14,7.29599311472774E-13,-1.));
#10529=DIRECTION('',(-0.866025403784469,0.499999999999947,3.76678570087249E-13));
#10530=DIRECTION('',(-8.94643114714479E-15,7.37861466881304E-13,-1.));
#10531=DIRECTION('',(0.866025403784414,0.500000000000043,3.61182896794048E-13));
#10532=DIRECTION('',(8.97418672276057E-15,-7.37909540948462E-13,1.));
#10533=DIRECTION('',(7.80251899796998E-14,-0.707106781187077,0.707106781186018));
#10534=DIRECTION('',(4.6347268324125E-14,-0.707106781186018,-0.707106781187077));
#10535=DIRECTION('',(0.612372435695791,0.353553390593736,-0.70710678118632));
#10536=DIRECTION('',(-0.612372435695681,-0.353553390593014,-0.707106781186775));
#10537=DIRECTION('',(0.612372435695781,0.353553390592832,0.70710678118678));
#10538=DIRECTION('',(0.780330085889917,-0.126826484043903,-0.612372435695873));
#10539=DIRECTION('',(-0.612372435695781,-0.353553390593755,0.707106781186319));
#10540=DIRECTION('',(-0.500000000000021,0.866025403784427,5.75266776242981E-13));
#10541=DIRECTION('',(-0.126826484044354,0.926776695296862,-0.353553390592672));
#10542=DIRECTION('',(0.78033008588991,-0.126826484043901,-0.612372435695883));
#10543=DIRECTION('',(0.739198919740092,-0.573223304703164,-0.353553390593647));
#10544=DIRECTION('',(-0.280330085889919,-0.73919891974049,0.61237243569534));
#10545=DIRECTION('',(-0.612372435695779,0.353553390592759,0.707106781186819));
#10546=DIRECTION('',(0.280330085889914,-0.73919891974057,0.612372435695245));
#10547=DIRECTION('',(-0.612372435695801,0.35355339059381,-0.707106781186274));
#10548=DIRECTION('',(0.500000000000014,0.86602540378443,6.35679524028401E-13));
#10549=DIRECTION('',(0.739198919740138,0.573223304703091,0.35355339059367));
#10550=DIRECTION('',(0.28033008588991,-0.739198919740566,0.612372435695252));
#10551=DIRECTION('',(-0.126826484044363,-0.926776695296888,0.353553390592601));
#10552=DIRECTION('',(-0.780330085889932,-0.126826484043834,-0.612372435695868));
#10553=DIRECTION('',(7.91589016557737E-14,-0.707106781187037,0.707106781186059));
#10554=DIRECTION('',(0.49999999999998,0.612372435695407,0.612372435696198));
#10555=DIRECTION('',(1.10629419836546E-14,-0.707106781186067,-0.707106781187028));
#10556=DIRECTION('',(-1.,-6.37079699164901E-14,4.80626073233831E-14));
#10557=DIRECTION('',(-0.866025403784451,0.353553390592967,0.35355339059355));
#10558=DIRECTION('',(0.499999999999978,0.612372435695408,0.612372435696198));
#10559=DIRECTION('',(0.866025403784429,0.35355339059309,0.353553390593481));
#10560=DIRECTION('',(0.500000000000017,-0.612372435695342,-0.612372435696234));
#10561=DIRECTION('',(-3.45001804902267E-14,0.707106781186026,0.707106781187069));
#10562=DIRECTION('',(-0.499999999999954,-0.612372435696277,0.612372435695349));
#10563=DIRECTION('',(0.866025403784465,-0.353553390593476,0.353553390593007));
#10564=DIRECTION('',(-0.499999999999955,-0.612372435696281,0.612372435695345));
#10565=DIRECTION('',(-0.866025403784415,-0.353553390593593,0.353553390593014));
#10566=DIRECTION('',(-0.500000000000042,0.61237243569622,-0.612372435695336));
#10567=DIRECTION('',(-8.68816290022293E-14,0.70710678118708,-0.707106781186015));
#10568=DIRECTION('',(1.,8.57863509185886E-14,-3.7082827137395E-14));
#10569=DIRECTION('',(0.612372435695915,-0.353553390593666,0.707106781186247));
#10570=DIRECTION('',(-0.280330085890045,0.739198919739592,0.612372435696366));
#10571=DIRECTION('',(-0.739198919740019,-0.573223304703731,0.353553390592882));
#10572=DIRECTION('',(-0.280330085889998,0.739198919739628,0.612372435696344));
#10573=DIRECTION('',(0.126826484044066,0.926776695296435,0.353553390593894));
#10574=DIRECTION('',(0.780330085889813,0.126826484044983,-0.612372435695782));
#10575=DIRECTION('',(0.612372435695839,-0.3535533905926,-0.707106781186846));
#10576=DIRECTION('',(-0.49999999999981,-0.866025403784549,-6.361668282795E-13));
#10577=CARTESIAN_POINT('',(0.,0.,0.));
#10578=CARTESIAN_POINT('',(0.,0.,0.));
#10579=CARTESIAN_POINT('Origin',(-4.08346433899874,1.,0.5));
#10580=CARTESIAN_POINT('',(-4.89897948556636,1.,-5.));
#10581=CARTESIAN_POINT('',(-3.26794919243113,1.,-5.));
#10582=CARTESIAN_POINT('',(-0.241025403784438,1.,-5.));
#10583=CARTESIAN_POINT('',(-4.89897948556636,4.88908729652601,-3.38908729652601));
#10584=CARTESIAN_POINT('Origin',(-4.89897948556636,1.00000000000001,0.499999999999997));
#10585=CARTESIAN_POINT('',(-3.26794919243113,4.88908729652601,-3.38908729652601));
#10586=CARTESIAN_POINT('',(-3.26794919243113,4.88908729652601,-3.38908729652601));
#10587=CARTESIAN_POINT('Origin',(-3.26794919243113,1.00000000000001,0.499999999999997));
#10588=CARTESIAN_POINT('Origin',(-3.26794919243112,1.,-0.5));
#10589=CARTESIAN_POINT('',(-3.26794919243112,0.999999999999999,-0.5));
#10590=CARTESIAN_POINT('',(-3.26794919243113,1.,-0.5));
#10591=CARTESIAN_POINT('',(-3.26794919243112,1.70710678118655,-0.207106781186548));
#10592=CARTESIAN_POINT('',(-3.26794919243112,1.70710678118655,-0.207106781186548));
#10593=CARTESIAN_POINT('Origin',(-3.26794919243112,1.,0.500000000000002));
#10594=CARTESIAN_POINT('Origin',(1.66533453693773E-15,1.,0.5));
#10595=CARTESIAN_POINT('',(3.26794919243112,1.,-0.5));
#10596=CARTESIAN_POINT('',(1.63397459621556,1.,-0.5));
#10597=CARTESIAN_POINT('',(3.26794919243112,1.70710678118655,-0.207106781186548));
#10598=CARTESIAN_POINT('',(3.26794919243112,1.70710678118655,-0.207106781186548));
#10599=CARTESIAN_POINT('Origin',(3.26794919243112,1.,0.500000000000002));
#10600=CARTESIAN_POINT('Origin',(3.26794919243112,1.,-5.));
#10601=CARTESIAN_POINT('',(3.26794919243112,1.,-5.));
#10602=CARTESIAN_POINT('',(3.26794919243112,1.,-0.5));
#10603=CARTESIAN_POINT('',(3.26794919243112,4.88908729652601,-3.38908729652601));
#10604=CARTESIAN_POINT('',(3.26794919243112,4.88908729652601,-3.38908729652601));
#10605=CARTESIAN_POINT('Origin',(3.26794919243112,1.00000000000001,0.499999999999997));
#10606=CARTESIAN_POINT('Origin',(4.08346433899874,1.,0.5));
#10607=CARTESIAN_POINT('',(4.89897948556636,1.,-5.));
#10608=CARTESIAN_POINT('',(3.50897459621556,1.,-5.));
#10609=CARTESIAN_POINT('',(4.89897948556636,4.88908729652601,-3.38908729652601));
#10610=CARTESIAN_POINT('',(4.89897948556636,4.88908729652601,-3.38908729652601));
#10611=CARTESIAN_POINT('Origin',(4.89897948556636,1.00000000000001,0.499999999999997));
#10612=CARTESIAN_POINT('Origin',(4.89897948556636,1.,0.5));
#10613=CARTESIAN_POINT('',(4.89897948556636,1.,0.5));
#10614=CARTESIAN_POINT('',(4.89897948556636,1.,0.));
#10615=CARTESIAN_POINT('',(4.89897948556636,1.,0.5));
#10616=CARTESIAN_POINT('Origin',(-4.89897948556636,1.,-5.));
#10617=CARTESIAN_POINT('',(-4.89897948556636,1.,0.5));
#10618=CARTESIAN_POINT('',(-4.89897948556636,1.,0.));
#10619=CARTESIAN_POINT('',(-4.89897948556636,4.88908729652601,-3.38908729652601));
#10620=CARTESIAN_POINT('Origin',(0.,2.94454364826301,-1.44454364826301));
#10621=CARTESIAN_POINT('',(1.63397459621556,1.,0.5));
#10622=CARTESIAN_POINT('Origin',(0.,0.,0.));
#10623=CARTESIAN_POINT('',(-5.,-1.66533453693773E-15,-5.));
#10624=CARTESIAN_POINT('Origin',(0.,0.,-5.));
#10625=CARTESIAN_POINT('',(-5.,-5.55111512312578E-16,0.));
#10626=CARTESIAN_POINT('',(-5.,-5.55111512312578E-16,0.));
#10627=CARTESIAN_POINT('',(-5.,-5.55111512312578E-16,0.5));
#10628=CARTESIAN_POINT('',(-5.,-8.12739661758407E-16,0.));
#10629=CARTESIAN_POINT('Origin',(0.,0.,0.5));
#10630=CARTESIAN_POINT('Origin',(-3.75,2.1650635094611,-5.));
#10631=CARTESIAN_POINT('',(-3.26794919243113,1.,-5.));
#10632=CARTESIAN_POINT('Origin',(5.55111512312578E-16,5.55111512312578E-16,
-0.5));
#10633=CARTESIAN_POINT('',(0.767949192431122,-3.33012701892219,-0.5));
#10634=CARTESIAN_POINT('',(0.767949192431122,-3.33012701892219,-0.5));
#10635=CARTESIAN_POINT('',(-0.767949192431122,-3.3301270189222,-0.5));
#10636=CARTESIAN_POINT('',(-0.383974596215549,-3.33012701892219,-0.5));
#10637=CARTESIAN_POINT('',(-3.26794919243112,0.999999999999999,-0.5));
#10638=CARTESIAN_POINT('Origin',(5.55111512312578E-16,5.55111512312578E-16,
0.));
#10639=CARTESIAN_POINT('',(2.5,-4.33012701892219,0.));
#10640=CARTESIAN_POINT('',(0.767949192431122,-3.33012701892219,0.));
#10641=CARTESIAN_POINT('',(2.5,-4.33012701892219,0.));
#10642=CARTESIAN_POINT('',(3.26794919243112,1.,0.));
#10643=CARTESIAN_POINT('',(0.767949192431122,-3.33012701892219,0.));
#10644=CARTESIAN_POINT('',(5.,-1.83400382508157E-15,0.));
#10645=CARTESIAN_POINT('',(3.26794919243112,1.,0.));
#10646=CARTESIAN_POINT('',(2.5,-4.33012701892219,0.));
#10647=CARTESIAN_POINT('Origin',(-5.,-7.4833262439695E-16,0.));
#10648=CARTESIAN_POINT('',(-2.5,-4.33012701892219,0.));
#10649=CARTESIAN_POINT('',(-5.,-5.55111512312578E-16,0.));
#10650=CARTESIAN_POINT('',(-2.5,-4.33012701892219,0.5));
#10651=CARTESIAN_POINT('',(-2.5,-4.33012701892219,0.));
#10652=CARTESIAN_POINT('',(-5.,-5.55111512312578E-16,0.5));
#10653=CARTESIAN_POINT('Origin',(2.5,-4.33012701892219,0.));
#10654=CARTESIAN_POINT('',(5.,-1.66533453693773E-15,0.5));
#10655=CARTESIAN_POINT('',(5.,-1.83400382508157E-15,0.));
#10656=CARTESIAN_POINT('',(2.5,-4.33012701892219,0.5));
#10657=CARTESIAN_POINT('',(2.5,-4.33012701892219,0.5));
#10658=CARTESIAN_POINT('',(2.5,-4.33012701892219,0.));
#10659=CARTESIAN_POINT('Origin',(5.55111512312578E-16,5.55111512312578E-16,
0.5));
#10660=CARTESIAN_POINT('Origin',(0.,0.,0.5));
#10661=CARTESIAN_POINT('Origin',(0.,0.,0.5));
#10662=CARTESIAN_POINT('Origin',(5.55111512312578E-16,5.55111512312578E-16,
0.));
#10663=CARTESIAN_POINT('',(-0.767949192431122,-3.3301270189222,0.));
#10664=CARTESIAN_POINT('',(-0.767949192431122,-3.3301270189222,0.));
#10665=CARTESIAN_POINT('',(-3.26794919243112,0.999999999999999,0.));
#10666=CARTESIAN_POINT('',(-5.,-1.11022302462516E-15,0.));
#10667=CARTESIAN_POINT('',(-3.26794919243112,0.999999999999999,0.));
#10668=CARTESIAN_POINT('Origin',(0.,0.,0.));
#10669=CARTESIAN_POINT('',(-2.5,-4.33012701892219,-5.));
#10670=CARTESIAN_POINT('',(-2.5,-4.33012701892219,0.));
#10671=CARTESIAN_POINT('',(2.5,-4.33012701892218,-5.));
#10672=CARTESIAN_POINT('Origin',(0.,0.,-5.));
#10673=CARTESIAN_POINT('',(2.5,-4.33012701892219,0.));
#10674=CARTESIAN_POINT('Origin',(0.,0.,0.));
#10675=CARTESIAN_POINT('',(5.,-1.94289029309402E-15,-5.));
#10676=CARTESIAN_POINT('',(5.,-1.83400382508157E-15,0.));
#10677=CARTESIAN_POINT('Origin',(0.,0.,-5.));
#10678=CARTESIAN_POINT('Origin',(-0.767949192431122,-3.3301270189222,-0.5));
#10679=CARTESIAN_POINT('',(0.767949192431119,-3.33012701892218,-5.));
#10680=CARTESIAN_POINT('',(0.767949192431119,-3.33012701892218,-0.5));
#10681=CARTESIAN_POINT('',(-0.767949192431122,-3.3301270189222,-5.));
#10682=CARTESIAN_POINT('',(-0.767949192431122,-3.3301270189222,-5.));
#10683=CARTESIAN_POINT('',(-0.767949192431122,-3.3301270189222,-0.5));
#10684=CARTESIAN_POINT('Origin',(-1.11022302462516E-15,-3.83012701892219,
-5.));
#10685=CARTESIAN_POINT('',(0.767949192431119,-3.33012701892218,-5.));
#10686=CARTESIAN_POINT('',(-2.5,-4.33012701892219,-5.));
#10687=CARTESIAN_POINT('Origin',(3.75,2.1650635094611,-5.));
#10688=CARTESIAN_POINT('',(5.,-1.83400382508157E-15,-5.));
#10689=CARTESIAN_POINT('Origin',(5.,-8.32667268468867E-16,0.));
#10690=CARTESIAN_POINT('',(3.26794919243112,1.,0.));
#10691=CARTESIAN_POINT('Origin',(-3.26794919243112,1.,0.));
#10692=CARTESIAN_POINT('',(-3.26794919243112,0.999999999999999,0.));
#10693=CARTESIAN_POINT('Origin',(-0.767949192431121,-3.3301270189222,0.));
#10694=CARTESIAN_POINT('',(-0.767949192431122,-3.3301270189222,0.));
#10695=CARTESIAN_POINT('Origin',(-2.5,-4.3301270189222,0.));
#10696=CARTESIAN_POINT('Origin',(0.767949192431122,-3.33012701892219,0.));
#10697=CARTESIAN_POINT('',(0.767949192431122,-3.33012701892219,0.));
#10698=CARTESIAN_POINT('Origin',(3.26794919243113,1.,0.));
#10699=CARTESIAN_POINT('',(0.,0.,0.));
#10700=CARTESIAN_POINT('Origin',(3.26794919243112,1.,-5.));
#10701=CARTESIAN_POINT('',(3.26794919243112,1.,-0.5));
#10702=CARTESIAN_POINT('',(3.26794919243112,1.,-5.));
#10703=CARTESIAN_POINT('',(3.26794919243112,1.,-0.5));
#10704=CARTESIAN_POINT('',(4.89897948556636,1.,-5.));
#10705=CARTESIAN_POINT('',(3.50897459621556,1.,-5.));
#10706=CARTESIAN_POINT('',(4.89897948556636,1.,0.5));
#10707=CARTESIAN_POINT('',(4.89897948556636,1.,0.));
#10708=CARTESIAN_POINT('',(-4.89897948556636,1.,0.5));
#10709=CARTESIAN_POINT('',(1.63397459621556,1.,0.5));
#10710=CARTESIAN_POINT('',(-4.89897948556636,1.,-5.));
#10711=CARTESIAN_POINT('',(-4.89897948556636,1.,0.));
#10712=CARTESIAN_POINT('',(-3.26794919243113,1.,-5.));
#10713=CARTESIAN_POINT('',(-0.241025403784438,1.,-5.));
#10714=CARTESIAN_POINT('',(-3.26794919243112,0.999999999999999,-0.5));
#10715=CARTESIAN_POINT('',(-3.26794919243113,1.,-0.5));
#10716=CARTESIAN_POINT('',(1.63397459621556,1.,-0.5));
#10717=CARTESIAN_POINT('Origin',(5.55111512312578E-16,5.55111512312578E-16,
0.5));
#10718=CARTESIAN_POINT('',(2.5,4.3301270189222,0.5));
#10719=CARTESIAN_POINT('Origin',(0.,0.,0.5));
#10720=CARTESIAN_POINT('',(-2.5,4.33012701892219,0.5));
#10721=CARTESIAN_POINT('',(2.5,4.3301270189222,0.5));
#10722=CARTESIAN_POINT('Origin',(0.,0.,0.5));
#10723=CARTESIAN_POINT('Origin',(0.,0.,0.));
#10724=CARTESIAN_POINT('',(2.5,4.3301270189222,-5.));
#10725=CARTESIAN_POINT('Origin',(0.,0.,-5.));
#10726=CARTESIAN_POINT('',(2.5,4.3301270189222,0.));
#10727=CARTESIAN_POINT('',(2.5,4.3301270189222,0.));
#10728=CARTESIAN_POINT('',(2.5,4.3301270189222,0.));
#10729=CARTESIAN_POINT('Origin',(3.75,2.1650635094611,-5.));
#10730=CARTESIAN_POINT('',(2.5,2.33012701892219,-5.));
#10731=CARTESIAN_POINT('',(3.26794919243112,1.,-5.));
#10732=CARTESIAN_POINT('',(2.5,2.33012701892219,-5.));
#10733=CARTESIAN_POINT('Origin',(5.55111512312578E-16,5.55111512312578E-16,
0.));
#10734=CARTESIAN_POINT('',(-2.5,2.33012701892219,0.));
#10735=CARTESIAN_POINT('',(-2.5,4.33012701892219,0.));
#10736=CARTESIAN_POINT('',(-2.5,2.33012701892219,0.));
#10737=CARTESIAN_POINT('',(2.5,4.3301270189222,0.));
#10738=CARTESIAN_POINT('',(2.5,2.33012701892219,0.));
#10739=CARTESIAN_POINT('',(2.5,4.33012701892219,0.));
#10740=CARTESIAN_POINT('',(2.5,2.33012701892219,0.));
#10741=CARTESIAN_POINT('Origin',(2.5,4.3301270189222,0.));
#10742=CARTESIAN_POINT('',(-2.5,4.33012701892219,0.));
#10743=CARTESIAN_POINT('Origin',(0.,0.,0.));
#10744=CARTESIAN_POINT('',(-2.5,4.33012701892219,-5.));
#10745=CARTESIAN_POINT('',(-2.5,4.33012701892219,0.));
#10746=CARTESIAN_POINT('Origin',(0.,0.,-5.));
#10747=CARTESIAN_POINT('Origin',(-2.5,2.33012701892219,-0.5));
#10748=CARTESIAN_POINT('',(-2.5,2.33012701892219,-0.5));
#10749=CARTESIAN_POINT('',(-2.69198729810778,1.99759526419165,-0.5));
#10750=CARTESIAN_POINT('',(-2.5,2.33012701892219,-5.));
#10751=CARTESIAN_POINT('',(-2.5,2.33012701892219,-5.));
#10752=CARTESIAN_POINT('',(-2.5,2.33012701892219,-0.5));
#10753=CARTESIAN_POINT('Origin',(-3.75,2.1650635094611,-5.));
#10754=CARTESIAN_POINT('',(-2.5,4.33012701892219,-5.));
#10755=CARTESIAN_POINT('Origin',(3.26794919243112,1.,-0.5));
#10756=CARTESIAN_POINT('',(2.5,2.33012701892219,-0.5));
#10757=CARTESIAN_POINT('',(3.07596189432334,1.33253175473055,-0.5));
#10758=CARTESIAN_POINT('',(2.5,2.33012701892219,-0.5));
#10759=CARTESIAN_POINT('Origin',(5.55111512312578E-16,5.55111512312578E-16,
-0.5));
#10760=CARTESIAN_POINT('',(2.5,2.33012701892219,-0.5));
#10761=CARTESIAN_POINT('Origin',(2.5,2.33012701892219,0.));
#10762=CARTESIAN_POINT('',(2.5,2.33012701892219,0.));
#10763=CARTESIAN_POINT('Origin',(-2.5,2.33012701892219,0.));
#10764=CARTESIAN_POINT('',(-2.5,2.33012701892219,0.));
#10765=CARTESIAN_POINT('Origin',(-2.5,4.33012701892219,0.));
#10766=CARTESIAN_POINT('',(0.,0.,0.));
#10767=CARTESIAN_POINT('Origin',(0.55,-1.125,1.8));
#10768=CARTESIAN_POINT('',(0.75,-1.35646599662505,1.8));
#10769=CARTESIAN_POINT('',(0.55,-1.2328828005938,2.));
#10770=CARTESIAN_POINT('Ctrl Pts',(0.55,-1.2328828005938,2.));
#10771=CARTESIAN_POINT('Ctrl Pts',(0.550647373607944,-1.23330287206053,
2.));
#10772=CARTESIAN_POINT('Ctrl Pts',(0.551294845789001,-1.23372279279308,
1.99999685680581));
#10773=CARTESIAN_POINT('Ctrl Pts',(0.569277238246802,-1.24537939922363,
1.99982220414196));
#10774=CARTESIAN_POINT('Ctrl Pts',(0.586672966499082,-1.25649986610934,
1.99739932901882));
#10775=CARTESIAN_POINT('Ctrl Pts',(0.621421031189013,-1.27843623101345,
1.98771921513822));
#10776=CARTESIAN_POINT('Ctrl Pts',(0.638723420835632,-1.28920810797746,
1.98025657753744));
#10777=CARTESIAN_POINT('Ctrl Pts',(0.674585632151736,-1.31129055113755,
1.95814396066115));
#10778=CARTESIAN_POINT('Ctrl Pts',(0.692532632803571,-1.32217000290185,
1.94239929119183));
#10779=CARTESIAN_POINT('Ctrl Pts',(0.720892435493034,-1.33921332152083,
1.90614020801186));
#10780=CARTESIAN_POINT('Ctrl Pts',(0.731694535339458,-1.34563383438749,
1.88660723287235));
#10781=CARTESIAN_POINT('Ctrl Pts',(0.746245442813521,-1.35425652402171,
1.84439596464738));
#10782=CARTESIAN_POINT('Ctrl Pts',(0.75,-1.35646599662505,1.8223765095442));
#10783=CARTESIAN_POINT('Ctrl Pts',(0.75,-1.35646599662505,1.8));
#10784=CARTESIAN_POINT('',(0.55,-1.46132477258362,2.));
#10785=CARTESIAN_POINT('',(0.55,-1.125,2.));
#10786=CARTESIAN_POINT('',(0.75,-1.66132477258362,1.8));
#10787=CARTESIAN_POINT('Origin',(0.55,-1.66132477258362,1.8));
#10788=CARTESIAN_POINT('',(0.75,-1.125,1.8));
#10789=CARTESIAN_POINT('Origin',(-2.77555756156289E-16,0.,2.));
#10790=CARTESIAN_POINT('',(1.23288280059379,-0.55,2.));
#10791=CARTESIAN_POINT('Origin',(0.,0.,2.));
#10792=CARTESIAN_POINT('',(1.46132477258362,-0.55,2.));
#10793=CARTESIAN_POINT('',(0.678232998312527,-0.55,2.));
#10794=CARTESIAN_POINT('',(1.47145908428835,-0.487142857142857,2.));
#10795=CARTESIAN_POINT('Origin',(1.66132477258362,-0.55,2.));
#10796=CARTESIAN_POINT('',(1.47145908428835,0.487142857142857,2.));
#10797=CARTESIAN_POINT('Origin',(0.,0.,2.));
#10798=CARTESIAN_POINT('',(1.46132477258362,0.55,2.));
#10799=CARTESIAN_POINT('Origin',(1.66132477258362,0.55,2.));
#10800=CARTESIAN_POINT('',(1.23288280059379,0.55,2.));
#10801=CARTESIAN_POINT('',(1.125,0.55,2.));
#10802=CARTESIAN_POINT('',(0.55,1.2328828005938,2.));
#10803=CARTESIAN_POINT('Origin',(0.,0.,2.));
#10804=CARTESIAN_POINT('',(0.55,1.46132477258362,2.));
#10805=CARTESIAN_POINT('',(0.55,0.678232998312527,2.));
#10806=CARTESIAN_POINT('',(0.487142857142857,1.47145908428835,2.));
#10807=CARTESIAN_POINT('Origin',(0.55,1.66132477258362,2.));
#10808=CARTESIAN_POINT('',(-0.487142857142857,1.47145908428835,2.));
#10809=CARTESIAN_POINT('Origin',(0.,0.,2.));
#10810=CARTESIAN_POINT('',(-0.75,1.66132477258362,2.));
#10811=CARTESIAN_POINT('Origin',(-0.55,1.66132477258362,2.));
#10812=CARTESIAN_POINT('',(-0.75,1.12249721603218,2.));
#10813=CARTESIAN_POINT('',(-0.75,1.125,2.));
#10814=CARTESIAN_POINT('',(-1.23288280059379,0.55,2.));
#10815=CARTESIAN_POINT('Origin',(0.,0.,2.));
#10816=CARTESIAN_POINT('',(-1.46132477258362,0.55,2.));
#10817=CARTESIAN_POINT('',(-0.678232998312527,0.55,2.));
#10818=CARTESIAN_POINT('',(-1.47145908428834,0.487142857142858,2.));
#10819=CARTESIAN_POINT('Origin',(-1.66132477258362,0.55,2.));
#10820=CARTESIAN_POINT('',(-1.47145908428835,-0.487142857142857,2.));
#10821=CARTESIAN_POINT('Origin',(0.,0.,2.));
#10822=CARTESIAN_POINT('',(-1.46132477258362,-0.55,2.));
#10823=CARTESIAN_POINT('Origin',(-1.66132477258362,-0.55,2.));
#10824=CARTESIAN_POINT('',(-1.2328828005938,-0.55,2.));
#10825=CARTESIAN_POINT('',(-1.125,-0.55,2.));
#10826=CARTESIAN_POINT('',(-0.75,-1.12249721603218,2.));
#10827=CARTESIAN_POINT('Origin',(0.,0.,2.));
#10828=CARTESIAN_POINT('',(-0.75,-1.66132477258362,2.));
#10829=CARTESIAN_POINT('',(-0.75,-0.678232998312527,2.));
#10830=CARTESIAN_POINT('',(-0.487142857142857,-1.47145908428834,2.));
#10831=CARTESIAN_POINT('Origin',(-0.55,-1.66132477258362,2.));
#10832=CARTESIAN_POINT('',(0.487142857142857,-1.47145908428835,2.));
#10833=CARTESIAN_POINT('Origin',(0.,0.,2.));
#10834=CARTESIAN_POINT('Origin',(0.549999999999999,-1.66132477258362,2.));
#10835=CARTESIAN_POINT('',(-0.75,9.18485099360515E-17,2.));
#10836=CARTESIAN_POINT('Origin',(0.,0.,2.));
#10837=CARTESIAN_POINT('Origin',(0.678232998312527,-0.55,1.8));
#10838=CARTESIAN_POINT('',(1.66132477258362,-0.75,1.8));
#10839=CARTESIAN_POINT('Origin',(1.66132477258362,-0.55,1.8));
#10840=CARTESIAN_POINT('',(1.35646599662505,-0.750000000000001,1.8));
#10841=CARTESIAN_POINT('Ctrl Pts',(1.35646599662505,-0.75,1.8));
#10842=CARTESIAN_POINT('Ctrl Pts',(1.35646599662505,-0.75,1.8223765095442));
#10843=CARTESIAN_POINT('Ctrl Pts',(1.35425652402171,-0.746245442813522,
1.84439596464737));
#10844=CARTESIAN_POINT('Ctrl Pts',(1.34563383438749,-0.731694535339459,
1.88660723287235));
#10845=CARTESIAN_POINT('Ctrl Pts',(1.33921332152083,-0.720892435493034,
1.90614020801186));
#10846=CARTESIAN_POINT('Ctrl Pts',(1.32217000290185,-0.692532632803571,
1.94239929119183));
#10847=CARTESIAN_POINT('Ctrl Pts',(1.31129055113755,-0.674585632151736,
1.95814396066115));
#10848=CARTESIAN_POINT('Ctrl Pts',(1.28920810797746,-0.638723420835633,
1.98025657753744));
#10849=CARTESIAN_POINT('Ctrl Pts',(1.27843623101345,-0.621421031189015,
1.98771921513822));
#10850=CARTESIAN_POINT('Ctrl Pts',(1.2564998661095,-0.58667296649934,1.99739932901875));
#10851=CARTESIAN_POINT('Ctrl Pts',(1.24537939922444,-0.569277238248427,
1.99982220414194));
#10852=CARTESIAN_POINT('Ctrl Pts',(1.23372279279302,-0.551294845788844,
1.99999685680581));
#10853=CARTESIAN_POINT('Ctrl Pts',(1.23330287206063,-0.550647373608095,
2.));
#10854=CARTESIAN_POINT('Ctrl Pts',(1.23288280059379,-0.55,2.));
#10855=CARTESIAN_POINT('',(0.678232998312527,-0.75,1.8));
#10856=CARTESIAN_POINT('Origin',(1.125,0.55,1.8));
#10857=CARTESIAN_POINT('',(1.66132477258362,0.75,1.8));
#10858=CARTESIAN_POINT('Origin',(1.66132477258362,0.55,1.8));
#10859=CARTESIAN_POINT('',(1.35646599662505,0.75,1.8));
#10860=CARTESIAN_POINT('',(1.125,0.75,1.8));
#10861=CARTESIAN_POINT('Ctrl Pts',(1.23288280059379,0.55,2.));
#10862=CARTESIAN_POINT('Ctrl Pts',(1.23330287206063,0.550647373608095,2.));
#10863=CARTESIAN_POINT('Ctrl Pts',(1.23372279279302,0.551294845788844,1.99999685680581));
#10864=CARTESIAN_POINT('Ctrl Pts',(1.24537939922444,0.569277238248427,1.99982220414194));
#10865=CARTESIAN_POINT('Ctrl Pts',(1.2564998661095,0.586672966499341,1.99739932901875));
#10866=CARTESIAN_POINT('Ctrl Pts',(1.27843623101345,0.621421031189014,1.98771921513822));
#10867=CARTESIAN_POINT('Ctrl Pts',(1.28920810797746,0.638723420835632,1.98025657753744));
#10868=CARTESIAN_POINT('Ctrl Pts',(1.31129055113755,0.674585632151738,1.95814396066115));
#10869=CARTESIAN_POINT('Ctrl Pts',(1.32217000290185,0.692532632803571,1.94239929119183));
#10870=CARTESIAN_POINT('Ctrl Pts',(1.33921332152083,0.720892435493034,1.90614020801186));
#10871=CARTESIAN_POINT('Ctrl Pts',(1.34563383438749,0.731694535339459,1.88660723287235));
#10872=CARTESIAN_POINT('Ctrl Pts',(1.35425652402171,0.746245442813522,1.84439596464737));
#10873=CARTESIAN_POINT('Ctrl Pts',(1.35646599662505,0.75,1.8223765095442));
#10874=CARTESIAN_POINT('Ctrl Pts',(1.35646599662505,0.75,1.8));
#10875=CARTESIAN_POINT('Origin',(2.25,0.75,2.));
#10876=CARTESIAN_POINT('',(1.66132477258362,0.75,2.8));
#10877=CARTESIAN_POINT('',(1.66132477258362,0.75,2.));
#10878=CARTESIAN_POINT('',(2.05,0.75,2.8));
#10879=CARTESIAN_POINT('',(2.02661649915626,0.75,2.8));
#10880=CARTESIAN_POINT('',(2.05,0.75,1.8));
#10881=CARTESIAN_POINT('',(2.05,0.75,2.));
#10882=CARTESIAN_POINT('',(2.5,0.75,1.8));
#10883=CARTESIAN_POINT('',(1.125,0.75,1.8));
#10884=CARTESIAN_POINT('',(2.5,0.750000000000001,1.));
#10885=CARTESIAN_POINT('',(2.5,0.75,1.));
#10886=CARTESIAN_POINT('',(1.35646599662505,0.75,1.));
#10887=CARTESIAN_POINT('',(1.06183802907976,0.75,1.));
#10888=CARTESIAN_POINT('',(1.35646599662505,0.75,2.));
#10889=CARTESIAN_POINT('Origin',(0.55,0.678232998312527,1.8));
#10890=CARTESIAN_POINT('',(0.75,1.35646599662505,1.8));
#10891=CARTESIAN_POINT('Ctrl Pts',(0.75,1.35646599662505,1.8));
#10892=CARTESIAN_POINT('Ctrl Pts',(0.75,1.35646599662505,1.8223765095442));
#10893=CARTESIAN_POINT('Ctrl Pts',(0.746245442813521,1.35425652402171,1.84439596464738));
#10894=CARTESIAN_POINT('Ctrl Pts',(0.731694535339458,1.34563383438749,1.88660723287235));
#10895=CARTESIAN_POINT('Ctrl Pts',(0.720892435493034,1.33921332152083,1.90614020801186));
#10896=CARTESIAN_POINT('Ctrl Pts',(0.692532632803571,1.32217000290185,1.94239929119183));
#10897=CARTESIAN_POINT('Ctrl Pts',(0.674585632151736,1.31129055113755,1.95814396066115));
#10898=CARTESIAN_POINT('Ctrl Pts',(0.638723420835633,1.28920810797746,1.98025657753744));
#10899=CARTESIAN_POINT('Ctrl Pts',(0.621421031189016,1.27843623101346,1.98771921513822));
#10900=CARTESIAN_POINT('Ctrl Pts',(0.586672966499341,1.2564998661095,1.99739932901875));
#10901=CARTESIAN_POINT('Ctrl Pts',(0.569277238248432,1.24537939922444,1.99982220414194));
#10902=CARTESIAN_POINT('Ctrl Pts',(0.551294845788843,1.23372279279302,1.99999685680581));
#10903=CARTESIAN_POINT('Ctrl Pts',(0.550647373608095,1.23330287206063,2.));
#10904=CARTESIAN_POINT('Ctrl Pts',(0.55,1.2328828005938,2.));
#10905=CARTESIAN_POINT('',(0.75,1.66132477258362,1.8));
#10906=CARTESIAN_POINT('',(0.75,0.678232998312527,1.8));
#10907=CARTESIAN_POINT('Origin',(0.55,1.66132477258362,1.8));
#10908=CARTESIAN_POINT('Origin',(0.75,1.35646599662505,2.));
#10909=CARTESIAN_POINT('',(0.75,1.66132477258362,2.8));
#10910=CARTESIAN_POINT('',(0.75,1.66132477258362,2.));
#10911=CARTESIAN_POINT('',(0.75,1.35646599662505,1.));
#10912=CARTESIAN_POINT('',(0.75,1.35646599662505,2.));
#10913=CARTESIAN_POINT('',(0.75,2.5,1.));
#10914=CARTESIAN_POINT('',(0.75,2.5,1.));
#10915=CARTESIAN_POINT('',(0.749999999999999,2.5,1.8));
#10916=CARTESIAN_POINT('',(0.749999999999999,2.5,1.));
#10917=CARTESIAN_POINT('',(0.75,2.05,1.8));
#10918=CARTESIAN_POINT('',(0.75,0.678232998312527,1.8));
#10919=CARTESIAN_POINT('',(0.75,2.05,2.8));
#10920=CARTESIAN_POINT('',(0.75,2.05,2.));
#10921=CARTESIAN_POINT('',(0.75,1.57984949746879,2.8));
#10922=CARTESIAN_POINT('Origin',(-0.678232998312527,0.55,1.8));
#10923=CARTESIAN_POINT('',(-1.35646599662505,0.75,1.8));
#10924=CARTESIAN_POINT('Ctrl Pts',(-1.35646599662505,0.75,1.8));
#10925=CARTESIAN_POINT('Ctrl Pts',(-1.35646599662505,0.75,1.8223765095442));
#10926=CARTESIAN_POINT('Ctrl Pts',(-1.35425652402171,0.746245442813521,
1.84439596464738));
#10927=CARTESIAN_POINT('Ctrl Pts',(-1.34563383438749,0.731694535339458,
1.88660723287235));
#10928=CARTESIAN_POINT('Ctrl Pts',(-1.33921332152083,0.720892435493035,
1.90614020801186));
#10929=CARTESIAN_POINT('Ctrl Pts',(-1.32217000290185,0.692532632803571,
1.94239929119183));
#10930=CARTESIAN_POINT('Ctrl Pts',(-1.31129055113755,0.674585632151737,
1.95814396066115));
#10931=CARTESIAN_POINT('Ctrl Pts',(-1.28920810797746,0.638723420835633,
1.98025657753744));
#10932=CARTESIAN_POINT('Ctrl Pts',(-1.27843623101345,0.621421031189014,
1.98771921513822));
#10933=CARTESIAN_POINT('Ctrl Pts',(-1.2564998661095,0.586672966499338,1.99739932901875));
#10934=CARTESIAN_POINT('Ctrl Pts',(-1.24537939922443,0.569277238248408,
1.99982220414194));
#10935=CARTESIAN_POINT('Ctrl Pts',(-1.23372279279302,0.551294845788846,
1.99999685680581));
#10936=CARTESIAN_POINT('Ctrl Pts',(-1.23330287206062,0.550647373608093,
2.));
#10937=CARTESIAN_POINT('Ctrl Pts',(-1.23288280059379,0.55,2.));
#10938=CARTESIAN_POINT('',(-1.66132477258362,0.75,1.8));
#10939=CARTESIAN_POINT('',(-0.678232998312527,0.75,1.8));
#10940=CARTESIAN_POINT('Origin',(-1.66132477258362,0.55,1.8));
#10941=CARTESIAN_POINT('Origin',(-1.35646599662505,0.75,2.));
#10942=CARTESIAN_POINT('',(-1.66132477258362,0.75,2.8));
#10943=CARTESIAN_POINT('',(-1.66132477258362,0.75,2.));
#10944=CARTESIAN_POINT('',(-1.35646599662505,0.75,1.));
#10945=CARTESIAN_POINT('',(-1.35646599662505,0.75,2.));
#10946=CARTESIAN_POINT('',(-2.5,0.75,1.));
#10947=CARTESIAN_POINT('',(-2.5,0.75,1.));
#10948=CARTESIAN_POINT('',(-2.5,0.75,1.8));
#10949=CARTESIAN_POINT('',(-2.5,0.75,1.));
#10950=CARTESIAN_POINT('',(-2.05,0.75,1.8));
#10951=CARTESIAN_POINT('',(-0.678232998312527,0.75,1.8));
#10952=CARTESIAN_POINT('',(-2.05,0.75,2.8));
#10953=CARTESIAN_POINT('',(-2.05,0.75,2.));
#10954=CARTESIAN_POINT('',(-1.57984949746879,0.75,2.8));
#10955=CARTESIAN_POINT('Origin',(-1.125,-0.55,1.8));
#10956=CARTESIAN_POINT('',(-1.35646599662505,-0.75,1.8));
#10957=CARTESIAN_POINT('Ctrl Pts',(-1.23288280059384,-0.549999999999896,
2.));
#10958=CARTESIAN_POINT('Ctrl Pts',(-1.23330287206051,-0.550647373607735,
2.));
#10959=CARTESIAN_POINT('Ctrl Pts',(-1.23372279279319,-0.5512948457891,1.9999968568058));
#10960=CARTESIAN_POINT('Ctrl Pts',(-1.24537939922443,-0.569277238248402,
1.99982220414194));
#10961=CARTESIAN_POINT('Ctrl Pts',(-1.2564998661095,-0.586672966499336,
1.99739932901875));
#10962=CARTESIAN_POINT('Ctrl Pts',(-1.27843623101345,-0.621421031189014,
1.98771921513822));
#10963=CARTESIAN_POINT('Ctrl Pts',(-1.28920810797746,-0.638723420835632,
1.98025657753744));
#10964=CARTESIAN_POINT('Ctrl Pts',(-1.31129055113755,-0.674585632151736,
1.95814396066115));
#10965=CARTESIAN_POINT('Ctrl Pts',(-1.32217000290185,-0.69253263280357,
1.94239929119183));
#10966=CARTESIAN_POINT('Ctrl Pts',(-1.33921332152083,-0.720892435493034,
1.90614020801186));
#10967=CARTESIAN_POINT('Ctrl Pts',(-1.34563383438749,-0.731694535339458,
1.88660723287235));
#10968=CARTESIAN_POINT('Ctrl Pts',(-1.35425652402171,-0.746245442813521,
1.84439596464738));
#10969=CARTESIAN_POINT('Ctrl Pts',(-1.35646599662505,-0.75,1.8223765095442));
#10970=CARTESIAN_POINT('Ctrl Pts',(-1.35646599662505,-0.75,1.8));
#10971=CARTESIAN_POINT('',(-1.66132477258362,-0.75,1.8));
#10972=CARTESIAN_POINT('Origin',(-1.66132477258362,-0.55,1.8));
#10973=CARTESIAN_POINT('',(-1.125,-0.75,1.8));
#10974=CARTESIAN_POINT('Origin',(0.,0.,1.8));
#10975=CARTESIAN_POINT('Origin',(0.,0.,1.8));
#10976=CARTESIAN_POINT('Origin',(0.,0.,2.));
#10977=CARTESIAN_POINT('Origin',(0.,0.,1.));
#10978=CARTESIAN_POINT('Origin',(-0.55,1.125,1.8));
#10979=CARTESIAN_POINT('',(-0.55,2.25,2.));
#10980=CARTESIAN_POINT('',(-0.55,2.5,2.));
#10981=CARTESIAN_POINT('',(-0.55,1.125,2.));
#10982=CARTESIAN_POINT('',(-0.75,2.5,1.8));
#10983=CARTESIAN_POINT('Origin',(-0.55,2.5,1.8));
#10984=CARTESIAN_POINT('',(-0.75,2.05,1.8));
#10985=CARTESIAN_POINT('',(-0.75,1.125,1.8));
#10986=CARTESIAN_POINT('Origin',(-0.55,2.05,1.8));
#10987=CARTESIAN_POINT('Origin',(-0.55,2.05,2.8));
#10988=CARTESIAN_POINT('',(-0.55,2.25,2.8));
#10989=CARTESIAN_POINT('',(-0.55,2.05,3.));
#10990=CARTESIAN_POINT('Origin',(-0.55,2.05,2.8));
#10991=CARTESIAN_POINT('',(-0.75,2.05,2.8));
#10992=CARTESIAN_POINT('Origin',(-0.55,2.05,2.8));
#10993=CARTESIAN_POINT('Origin',(-0.55,2.05,2.8));
#10994=CARTESIAN_POINT('Origin',(-0.55,2.05,2.));
#10995=CARTESIAN_POINT('',(-0.75,2.05,2.));
#10996=CARTESIAN_POINT('',(-0.55,2.25,2.));
#10997=CARTESIAN_POINT('Origin',(0.55,2.05,2.8));
#10998=CARTESIAN_POINT('',(0.55,2.05,3.));
#10999=CARTESIAN_POINT('Origin',(0.55,2.05,2.8));
#11000=CARTESIAN_POINT('',(0.55,2.25,2.8));
#11001=CARTESIAN_POINT('Origin',(0.55,2.05,2.8));
#11002=CARTESIAN_POINT('Origin',(0.55,2.05,2.8));
#11003=CARTESIAN_POINT('Origin',(0.55,2.05,2.));
#11004=CARTESIAN_POINT('',(0.55,2.25,2.));
#11005=CARTESIAN_POINT('',(0.55,2.25,2.));
#11006=CARTESIAN_POINT('Origin',(0.55,2.05,1.8));
#11007=CARTESIAN_POINT('Origin',(0.375,2.05,2.8));
#11008=CARTESIAN_POINT('',(0.375,2.05,3.));
#11009=CARTESIAN_POINT('',(0.375,2.25,2.8));
#11010=CARTESIAN_POINT('Origin',(-0.55,1.66132477258362,2.8));
#11011=CARTESIAN_POINT('',(-0.75,1.66132477258362,2.8));
#11012=CARTESIAN_POINT('',(-0.55,1.66132477258362,3.));
#11013=CARTESIAN_POINT('Origin',(-0.55,1.66132477258362,2.8));
#11014=CARTESIAN_POINT('',(-0.487142857142857,1.47145908428834,2.8));
#11015=CARTESIAN_POINT('Origin',(-0.55,1.66132477258362,2.8));
#11016=CARTESIAN_POINT('Origin',(-0.55,1.66132477258362,2.8));
#11017=CARTESIAN_POINT('Origin',(-0.55,1.66132477258362,2.));
#11018=CARTESIAN_POINT('',(-0.487142857142857,1.47145908428834,2.));
#11019=CARTESIAN_POINT('',(-0.75,1.66132477258362,2.));
#11020=CARTESIAN_POINT('Origin',(0.55,1.66132477258362,2.8));
#11021=CARTESIAN_POINT('',(0.487142857142857,1.47145908428835,2.8));
#11022=CARTESIAN_POINT('',(0.55,1.66132477258362,3.));
#11023=CARTESIAN_POINT('Origin',(0.55,1.66132477258362,2.8));
#11024=CARTESIAN_POINT('Origin',(0.55,1.66132477258362,2.8));
#11025=CARTESIAN_POINT('Origin',(0.55,1.66132477258362,2.8));
#11026=CARTESIAN_POINT('Origin',(0.55,1.66132477258362,2.));
#11027=CARTESIAN_POINT('',(0.487142857142857,1.47145908428835,2.));
#11028=CARTESIAN_POINT('Origin',(0.55,1.57984949746879,2.8));
#11029=CARTESIAN_POINT('',(0.55,1.57984949746879,3.));
#11030=CARTESIAN_POINT('Origin',(0.,0.,2.8));
#11031=CARTESIAN_POINT('Origin',(0.,0.,3.));
#11032=CARTESIAN_POINT('Origin',(0.,0.,2.8));
#11033=CARTESIAN_POINT('Origin',(-0.55,2.02661649915626,2.8));
#11034=CARTESIAN_POINT('',(-0.55,2.02661649915626,3.));
#11035=CARTESIAN_POINT('',(-0.75,2.02661649915626,2.8));
#11036=CARTESIAN_POINT('Origin',(0.55,0.678232998312527,1.8));
#11037=CARTESIAN_POINT('',(0.549999999999999,2.5,2.));
#11038=CARTESIAN_POINT('Origin',(0.549999999999999,2.5,1.8));
#11039=CARTESIAN_POINT('',(0.55,0.678232998312527,2.));
#11040=CARTESIAN_POINT('Origin',(-0.75,2.25,2.));
#11041=CARTESIAN_POINT('',(-0.75,2.5,1.));
#11042=CARTESIAN_POINT('',(-0.75,2.5,1.));
#11043=CARTESIAN_POINT('',(-0.75,1.35646599662505,1.));
#11044=CARTESIAN_POINT('',(-0.75,1.06183802907977,1.));
#11045=CARTESIAN_POINT('',(-0.75,1.35646599662505,1.8));
#11046=CARTESIAN_POINT('',(-0.75,1.35646599662505,2.));
#11047=CARTESIAN_POINT('Ctrl Pts',(-0.75,1.35646599662505,1.8));
#11048=CARTESIAN_POINT('Ctrl Pts',(-0.75,1.35646599662505,1.82352182010149));
#11049=CARTESIAN_POINT('Ctrl Pts',(-0.75,1.35045037554988,1.85109952437789));
#11050=CARTESIAN_POINT('Ctrl Pts',(-0.75,1.33059221583504,1.89560156362908));
#11051=CARTESIAN_POINT('Ctrl Pts',(-0.75,1.31262350424992,1.91993877291643));
#11052=CARTESIAN_POINT('Ctrl Pts',(-0.75,1.27363449977516,1.95581209190076));
#11053=CARTESIAN_POINT('Ctrl Pts',(-0.75,1.24502069299428,1.97289622744271));
#11054=CARTESIAN_POINT('Ctrl Pts',(-0.75,1.19009103709663,1.9937077000947));
#11055=CARTESIAN_POINT('Ctrl Pts',(-0.75,1.15346558104273,2.));
#11056=CARTESIAN_POINT('Ctrl Pts',(-0.75,1.12249721603218,2.));
#11057=CARTESIAN_POINT('Origin',(0.75,2.25,2.));
#11058=CARTESIAN_POINT('',(0.375,2.25,2.));
#11059=CARTESIAN_POINT('Origin',(-2.77555756156289E-16,0.,2.));
#11060=CARTESIAN_POINT('',(2.5,2.5,2.));
#11061=CARTESIAN_POINT('Origin',(2.5,2.5,0.));
#11062=CARTESIAN_POINT('',(2.5,2.5,1.));
#11063=CARTESIAN_POINT('',(2.0625,2.5,1.));
#11064=CARTESIAN_POINT('',(2.5,2.5,0.));
#11065=CARTESIAN_POINT('',(2.5,2.5,0.));
#11066=CARTESIAN_POINT('',(-2.5,2.5,0.));
#11067=CARTESIAN_POINT('',(2.5,2.5,0.));
#11068=CARTESIAN_POINT('',(-2.5,2.5,1.));
#11069=CARTESIAN_POINT('',(-2.5,2.5,0.));
#11070=CARTESIAN_POINT('',(0.4375,2.5,1.));
#11071=CARTESIAN_POINT('Origin',(-1.38777878078145E-16,1.80323299831253,
3.));
#11072=CARTESIAN_POINT('Origin',(0.,0.,1.8));
#11073=CARTESIAN_POINT('Origin',(0.,0.,1.8));
#11074=CARTESIAN_POINT('Origin',(0.,0.,2.));
#11075=CARTESIAN_POINT('Origin',(0.,0.,1.));
#11076=CARTESIAN_POINT('Origin',(1.125,0.55,1.8));
#11077=CARTESIAN_POINT('',(2.25,0.55,2.));
#11078=CARTESIAN_POINT('',(2.5,0.55,2.));
#11079=CARTESIAN_POINT('',(1.125,0.55,2.));
#11080=CARTESIAN_POINT('Origin',(2.5,0.55,1.8));
#11081=CARTESIAN_POINT('Origin',(2.05,0.55,1.8));
#11082=CARTESIAN_POINT('Origin',(2.05,-0.55,2.8));
#11083=CARTESIAN_POINT('',(2.05,-0.75,2.8));
#11084=CARTESIAN_POINT('',(2.05,-0.55,3.));
#11085=CARTESIAN_POINT('Origin',(2.05,-0.55,2.8));
#11086=CARTESIAN_POINT('',(2.25,-0.55,2.8));
#11087=CARTESIAN_POINT('Origin',(2.05,-0.55,2.8));
#11088=CARTESIAN_POINT('Origin',(2.05,-0.55,2.8));
#11089=CARTESIAN_POINT('Origin',(2.05,-0.55,2.));
#11090=CARTESIAN_POINT('',(2.25,-0.55,2.));
#11091=CARTESIAN_POINT('',(2.25,-0.55,2.));
#11092=CARTESIAN_POINT('',(2.05,-0.75,1.8));
#11093=CARTESIAN_POINT('',(2.05,-0.75,2.));
#11094=CARTESIAN_POINT('Origin',(2.05,-0.55,1.8));
#11095=CARTESIAN_POINT('Origin',(2.05,0.55,2.8));
#11096=CARTESIAN_POINT('',(2.25,0.55,2.8));
#11097=CARTESIAN_POINT('',(2.05,0.55,3.));
#11098=CARTESIAN_POINT('Origin',(2.05,0.55,2.8));
#11099=CARTESIAN_POINT('Origin',(2.05,0.55,2.8));
#11100=CARTESIAN_POINT('Origin',(2.05,0.55,2.8));
#11101=CARTESIAN_POINT('Origin',(2.05,0.55,2.));
#11102=CARTESIAN_POINT('',(2.25,0.55,2.));
#11103=CARTESIAN_POINT('Origin',(1.66132477258362,-0.55,2.8));
#11104=CARTESIAN_POINT('',(1.47145908428834,-0.487142857142857,2.8));
#11105=CARTESIAN_POINT('',(1.66132477258362,-0.55,3.));
#11106=CARTESIAN_POINT('Origin',(1.66132477258362,-0.55,2.8));
#11107=CARTESIAN_POINT('',(1.66132477258362,-0.75,2.8));
#11108=CARTESIAN_POINT('Origin',(1.66132477258362,-0.55,2.8));
#11109=CARTESIAN_POINT('Origin',(1.66132477258362,-0.55,2.8));
#11110=CARTESIAN_POINT('Origin',(1.66132477258362,-0.55,2.));
#11111=CARTESIAN_POINT('',(1.66132477258362,-0.75,2.));
#11112=CARTESIAN_POINT('',(1.47145908428834,-0.487142857142857,2.));
#11113=CARTESIAN_POINT('Origin',(1.57984949746879,-0.55,2.8));
#11114=CARTESIAN_POINT('',(1.57984949746879,-0.55,3.));
#11115=CARTESIAN_POINT('',(1.57984949746879,-0.75,2.8));
#11116=CARTESIAN_POINT('Origin',(1.66132477258362,0.55,2.8));
#11117=CARTESIAN_POINT('',(1.66132477258362,0.55,3.));
#11118=CARTESIAN_POINT('Origin',(1.66132477258362,0.55,2.8));
#11119=CARTESIAN_POINT('',(1.47145908428834,0.487142857142857,2.8));
#11120=CARTESIAN_POINT('Origin',(1.66132477258362,0.55,2.8));
#11121=CARTESIAN_POINT('Origin',(1.66132477258362,0.55,2.8));
#11122=CARTESIAN_POINT('Origin',(1.66132477258362,0.55,2.));
#11123=CARTESIAN_POINT('',(1.47145908428834,0.487142857142857,2.));
#11124=CARTESIAN_POINT('Origin',(0.,0.,2.8));
#11125=CARTESIAN_POINT('Origin',(0.,0.,3.));
#11126=CARTESIAN_POINT('Origin',(0.,0.,2.8));
#11127=CARTESIAN_POINT('Origin',(2.02661649915626,0.55,2.8));
#11128=CARTESIAN_POINT('',(2.02661649915626,0.55,3.));
#11129=CARTESIAN_POINT('Origin',(2.05,-0.375,2.8));
#11130=CARTESIAN_POINT('',(2.05,-0.375,3.));
#11131=CARTESIAN_POINT('',(2.25,-0.375,2.8));
#11132=CARTESIAN_POINT('Origin',(0.678232998312527,-0.55,1.8));
#11133=CARTESIAN_POINT('',(2.5,-0.75,1.8));
#11134=CARTESIAN_POINT('',(0.678232998312527,-0.75,1.8));
#11135=CARTESIAN_POINT('',(2.5,-0.55,2.));
#11136=CARTESIAN_POINT('Origin',(2.5,-0.55,1.8));
#11137=CARTESIAN_POINT('',(0.678232998312527,-0.55,2.));
#11138=CARTESIAN_POINT('Origin',(1.35646599662505,-0.75,2.));
#11139=CARTESIAN_POINT('',(1.35646599662505,-0.750000000000001,1.));
#11140=CARTESIAN_POINT('',(1.35646599662505,-0.750000000000001,2.));
#11141=CARTESIAN_POINT('',(2.5,-0.75,1.));
#11142=CARTESIAN_POINT('',(2.5,-0.75,1.));
#11143=CARTESIAN_POINT('',(2.5,-0.75,1.));
#11144=CARTESIAN_POINT('Origin',(-2.77555756156289E-16,0.,2.));
#11145=CARTESIAN_POINT('',(2.5,-2.5,2.));
#11146=CARTESIAN_POINT('',(2.25,-0.375,2.));
#11147=CARTESIAN_POINT('Origin',(2.5,-2.5,0.));
#11148=CARTESIAN_POINT('',(2.5,-2.5,1.));
#11149=CARTESIAN_POINT('',(2.5,-2.0625,1.));
#11150=CARTESIAN_POINT('',(2.5,-2.5,0.));
#11151=CARTESIAN_POINT('',(2.5,-2.5,0.));
#11152=CARTESIAN_POINT('',(2.5,-2.5,0.));
#11153=CARTESIAN_POINT('',(2.5,-0.4375,1.));
#11154=CARTESIAN_POINT('Origin',(0.,0.,2.));
#11155=CARTESIAN_POINT('Origin',(1.80323299831253,-6.93889390390723E-17,
3.));
#11156=CARTESIAN_POINT('Origin',(0.55,-1.125,1.8));
#11157=CARTESIAN_POINT('',(0.55,-2.25,2.));
#11158=CARTESIAN_POINT('',(0.55,-2.5,2.));
#11159=CARTESIAN_POINT('',(0.55,-1.125,2.));
#11160=CARTESIAN_POINT('',(0.75,-2.5,1.8));
#11161=CARTESIAN_POINT('Origin',(0.55,-2.5,1.8));
#11162=CARTESIAN_POINT('',(0.75,-2.05,1.8));
#11163=CARTESIAN_POINT('',(0.75,-1.125,1.8));
#11164=CARTESIAN_POINT('Origin',(0.55,-2.05,1.8));
#11165=CARTESIAN_POINT('Origin',(0.549999999999999,-1.66132477258362,2.8));
#11166=CARTESIAN_POINT('',(0.75,-1.66132477258362,2.8));
#11167=CARTESIAN_POINT('',(0.55,-1.66132477258362,3.));
#11168=CARTESIAN_POINT('Origin',(0.55,-1.66132477258362,2.8));
#11169=CARTESIAN_POINT('',(0.487142857142857,-1.47145908428834,2.8));
#11170=CARTESIAN_POINT('Origin',(0.549999999999999,-1.66132477258362,2.8));
#11171=CARTESIAN_POINT('Origin',(0.55,-1.66132477258362,2.8));
#11172=CARTESIAN_POINT('Origin',(0.549999999999999,-1.66132477258362,2.));
#11173=CARTESIAN_POINT('',(0.487142857142857,-1.47145908428834,2.));
#11174=CARTESIAN_POINT('',(0.75,-1.66132477258362,2.));
#11175=CARTESIAN_POINT('Origin',(0.55,-2.05,2.8));
#11176=CARTESIAN_POINT('',(0.55,-2.25,2.8));
#11177=CARTESIAN_POINT('',(0.55,-2.05,3.));
#11178=CARTESIAN_POINT('Origin',(0.55,-2.05,2.8));
#11179=CARTESIAN_POINT('',(0.75,-2.05,2.8));
#11180=CARTESIAN_POINT('Origin',(0.55,-2.05,2.8));
#11181=CARTESIAN_POINT('Origin',(0.55,-2.05,2.8));
#11182=CARTESIAN_POINT('Origin',(0.55,-2.05,2.));
#11183=CARTESIAN_POINT('',(0.75,-2.05,2.));
#11184=CARTESIAN_POINT('',(0.55,-2.25,2.));
#11185=CARTESIAN_POINT('Origin',(0.55,-2.02661649915626,2.8));
#11186=CARTESIAN_POINT('',(0.55,-2.02661649915626,3.));
#11187=CARTESIAN_POINT('',(0.75,-2.02661649915626,2.8));
#11188=CARTESIAN_POINT('Origin',(-0.55,-1.66132477258362,2.8));
#11189=CARTESIAN_POINT('',(-0.487142857142857,-1.47145908428834,2.8));
#11190=CARTESIAN_POINT('',(-0.55,-1.66132477258362,3.));
#11191=CARTESIAN_POINT('Origin',(-0.55,-1.66132477258362,2.8));
#11192=CARTESIAN_POINT('',(-0.75,-1.66132477258362,2.8));
#11193=CARTESIAN_POINT('Origin',(-0.55,-1.66132477258362,2.8));
#11194=CARTESIAN_POINT('Origin',(-0.55,-1.66132477258361,2.8));
#11195=CARTESIAN_POINT('Origin',(-0.55,-1.66132477258362,2.));
#11196=CARTESIAN_POINT('',(-0.75,-1.66132477258362,2.));
#11197=CARTESIAN_POINT('',(-0.487142857142857,-1.47145908428834,2.));
#11198=CARTESIAN_POINT('Origin',(-0.55,-2.05,2.8));
#11199=CARTESIAN_POINT('',(-0.75,-2.05,2.8));
#11200=CARTESIAN_POINT('',(-0.55,-2.05,3.));
#11201=CARTESIAN_POINT('Origin',(-0.55,-2.05,2.8));
#11202=CARTESIAN_POINT('',(-0.55,-2.25,2.8));
#11203=CARTESIAN_POINT('Origin',(-0.55,-2.05,2.8));
#11204=CARTESIAN_POINT('Origin',(-0.55,-2.05,2.8));
#11205=CARTESIAN_POINT('Origin',(-0.55,-2.05,2.));
#11206=CARTESIAN_POINT('',(-0.55,-2.25,2.));
#11207=CARTESIAN_POINT('',(-0.55,-2.25,2.));
#11208=CARTESIAN_POINT('',(-0.75,-2.05,1.8));
#11209=CARTESIAN_POINT('',(-0.75,-2.05,2.));
#11210=CARTESIAN_POINT('Origin',(-0.55,-2.05,1.8));
#11211=CARTESIAN_POINT('Origin',(-0.55,-0.678232998312527,1.8));
#11212=CARTESIAN_POINT('',(-0.75,-2.5,1.8));
#11213=CARTESIAN_POINT('',(-0.75,-0.678232998312527,1.8));
#11214=CARTESIAN_POINT('',(-0.55,-2.5,2.));
#11215=CARTESIAN_POINT('Origin',(-0.55,-2.5,1.8));
#11216=CARTESIAN_POINT('',(-0.55,-0.678232998312527,2.));
#11217=CARTESIAN_POINT('Origin',(-0.375,-2.05,2.8));
#11218=CARTESIAN_POINT('',(-0.375,-2.05,3.));
#11219=CARTESIAN_POINT('',(-0.375,-2.25,2.8));
#11220=CARTESIAN_POINT('Origin',(-0.55,-1.57984949746879,2.8));
#11221=CARTESIAN_POINT('',(-0.55,-1.57984949746879,3.));
#11222=CARTESIAN_POINT('',(-0.75,-1.57984949746879,2.8));
#11223=CARTESIAN_POINT('Origin',(0.,0.,2.8));
#11224=CARTESIAN_POINT('Origin',(0.,0.,3.));
#11225=CARTESIAN_POINT('Origin',(0.,0.,2.8));
#11226=CARTESIAN_POINT('Origin',(-0.75,-2.25,2.));
#11227=CARTESIAN_POINT('',(-0.375,-2.25,2.));
#11228=CARTESIAN_POINT('Origin',(-2.77555756156289E-16,0.,2.));
#11229=CARTESIAN_POINT('',(-2.5,-2.5,2.));
#11230=CARTESIAN_POINT('Origin',(-2.5,-2.5,0.));
#11231=CARTESIAN_POINT('',(-0.75,-2.5,1.));
#11232=CARTESIAN_POINT('',(-0.75,-2.5,1.));
#11233=CARTESIAN_POINT('',(-2.5,-2.5,1.));
#11234=CARTESIAN_POINT('',(-2.0625,-2.5,1.));
#11235=CARTESIAN_POINT('',(-2.5,-2.5,0.));
#11236=CARTESIAN_POINT('',(-2.5,-2.5,0.));
#11237=CARTESIAN_POINT('',(-2.5,-2.5,0.));
#11238=CARTESIAN_POINT('',(0.75,-2.5,1.));
#11239=CARTESIAN_POINT('',(-0.4375,-2.5,1.));
#11240=CARTESIAN_POINT('',(0.75,-2.5,1.));
#11241=CARTESIAN_POINT('Origin',(-3.46944695195361E-16,-1.80323299831253,
3.));
#11242=CARTESIAN_POINT('Origin',(0.,0.,1.8));
#11243=CARTESIAN_POINT('Origin',(0.,0.,1.8));
#11244=CARTESIAN_POINT('Origin',(0.,0.,2.));
#11245=CARTESIAN_POINT('',(0.75,-1.35646599662505,1.));
#11246=CARTESIAN_POINT('',(0.75,-1.35646599662505,2.));
#11247=CARTESIAN_POINT('Origin',(0.,0.,1.));
#11248=CARTESIAN_POINT('Origin',(-1.125,-0.55,1.8));
#11249=CARTESIAN_POINT('',(-2.25,-0.55,2.));
#11250=CARTESIAN_POINT('',(-2.5,-0.55,2.));
#11251=CARTESIAN_POINT('',(-1.125,-0.55,2.));
#11252=CARTESIAN_POINT('',(-2.5,-0.75,1.8));
#11253=CARTESIAN_POINT('Origin',(-2.5,-0.55,1.8));
#11254=CARTESIAN_POINT('',(-2.05,-0.75,1.8));
#11255=CARTESIAN_POINT('',(-1.125,-0.75,1.8));
#11256=CARTESIAN_POINT('Origin',(-2.05,-0.55,1.8));
#11257=CARTESIAN_POINT('Origin',(-2.05,-0.55,2.8));
#11258=CARTESIAN_POINT('',(-2.25,-0.55,2.8));
#11259=CARTESIAN_POINT('',(-2.05,-0.55,3.));
#11260=CARTESIAN_POINT('Origin',(-2.05,-0.55,2.8));
#11261=CARTESIAN_POINT('',(-2.05,-0.75,2.8));
#11262=CARTESIAN_POINT('Origin',(-2.05,-0.55,2.8));
#11263=CARTESIAN_POINT('Origin',(-2.05,-0.55,2.8));
#11264=CARTESIAN_POINT('Origin',(-2.05,-0.55,2.));
#11265=CARTESIAN_POINT('',(-2.05,-0.75,2.));
#11266=CARTESIAN_POINT('',(-2.25,-0.55,2.));
#11267=CARTESIAN_POINT('Origin',(-2.05,0.55,2.8));
#11268=CARTESIAN_POINT('',(-2.05,0.55,3.));
#11269=CARTESIAN_POINT('Origin',(-2.05,0.55,2.8));
#11270=CARTESIAN_POINT('',(-2.25,0.55,2.8));
#11271=CARTESIAN_POINT('Origin',(-2.05,0.55,2.8));
#11272=CARTESIAN_POINT('Origin',(-2.05,0.55,2.8));
#11273=CARTESIAN_POINT('Origin',(-2.05,0.55,2.));
#11274=CARTESIAN_POINT('',(-2.25,0.55,2.));
#11275=CARTESIAN_POINT('',(-2.25,0.55,2.));
#11276=CARTESIAN_POINT('Origin',(-2.05,0.55,1.8));
#11277=CARTESIAN_POINT('Origin',(-2.05,0.375,2.8));
#11278=CARTESIAN_POINT('',(-2.05,0.375,3.));
#11279=CARTESIAN_POINT('',(-2.25,0.375,2.8));
#11280=CARTESIAN_POINT('Origin',(-1.66132477258362,-0.55,2.8));
#11281=CARTESIAN_POINT('',(-1.66132477258362,-0.75,2.8));
#11282=CARTESIAN_POINT('',(-1.66132477258362,-0.55,3.));
#11283=CARTESIAN_POINT('Origin',(-1.66132477258362,-0.55,2.8));
#11284=CARTESIAN_POINT('',(-1.47145908428834,-0.487142857142857,2.8));
#11285=CARTESIAN_POINT('Origin',(-1.66132477258362,-0.55,2.8));
#11286=CARTESIAN_POINT('Origin',(-1.66132477258362,-0.55,2.8));
#11287=CARTESIAN_POINT('Origin',(-1.66132477258362,-0.55,2.));
#11288=CARTESIAN_POINT('',(-1.47145908428834,-0.487142857142857,2.));
#11289=CARTESIAN_POINT('',(-1.66132477258362,-0.75,2.));
#11290=CARTESIAN_POINT('Origin',(-1.66132477258362,0.55,2.8));
#11291=CARTESIAN_POINT('',(-1.47145908428834,0.487142857142858,2.8));
#11292=CARTESIAN_POINT('',(-1.66132477258362,0.55,3.));
#11293=CARTESIAN_POINT('Origin',(-1.66132477258362,0.55,2.8));
#11294=CARTESIAN_POINT('Origin',(-1.66132477258362,0.55,2.8));
#11295=CARTESIAN_POINT('Origin',(-1.66132477258362,0.55,2.8));
#11296=CARTESIAN_POINT('Origin',(-1.66132477258362,0.55,2.));
#11297=CARTESIAN_POINT('',(-1.47145908428834,0.487142857142858,2.));
#11298=CARTESIAN_POINT('Origin',(-1.57984949746879,0.55,2.8));
#11299=CARTESIAN_POINT('',(-1.57984949746879,0.55,3.));
#11300=CARTESIAN_POINT('Origin',(0.,0.,2.8));
#11301=CARTESIAN_POINT('Origin',(0.,0.,3.));
#11302=CARTESIAN_POINT('Origin',(0.,0.,2.8));
#11303=CARTESIAN_POINT('Origin',(-2.02661649915626,-0.55,2.8));
#11304=CARTESIAN_POINT('',(-2.02661649915626,-0.55,3.));
#11305=CARTESIAN_POINT('',(-2.02661649915626,-0.75,2.8));
#11306=CARTESIAN_POINT('Origin',(-0.678232998312527,0.55,1.8));
#11307=CARTESIAN_POINT('',(-2.5,0.55,2.));
#11308=CARTESIAN_POINT('Origin',(-2.5,0.55,1.8));
#11309=CARTESIAN_POINT('',(-0.678232998312527,0.55,2.));
#11310=CARTESIAN_POINT('Origin',(-2.25,0.75,2.));
#11311=CARTESIAN_POINT('',(-2.25,0.375,2.));
#11312=CARTESIAN_POINT('Origin',(-2.77555756156289E-16,0.,2.));
#11313=CARTESIAN_POINT('',(-2.5,2.5,2.));
#11314=CARTESIAN_POINT('Origin',(-1.80323299831253,2.08166817117217E-16,
3.));
#11315=CARTESIAN_POINT('Origin',(0.,0.,1.8));
#11316=CARTESIAN_POINT('',(-0.75,-1.35646599662505,1.8));
#11317=CARTESIAN_POINT('Origin',(0.,0.,1.8));
#11318=CARTESIAN_POINT('Ctrl Pts',(-0.75,-1.12249721603218,2.));
#11319=CARTESIAN_POINT('Ctrl Pts',(-0.75,-1.15346558104273,2.));
#11320=CARTESIAN_POINT('Ctrl Pts',(-0.75,-1.19009103709663,1.9937077000947));
#11321=CARTESIAN_POINT('Ctrl Pts',(-0.75,-1.24502069299428,1.97289622744271));
#11322=CARTESIAN_POINT('Ctrl Pts',(-0.75,-1.27363449977516,1.95581209190076));
#11323=CARTESIAN_POINT('Ctrl Pts',(-0.75,-1.31262350424992,1.91993877291643));
#11324=CARTESIAN_POINT('Ctrl Pts',(-0.75,-1.33059221583504,1.89560156362908));
#11325=CARTESIAN_POINT('Ctrl Pts',(-0.75,-1.35045037554988,1.85109952437789));
#11326=CARTESIAN_POINT('Ctrl Pts',(-0.75,-1.35646599662505,1.82352182010149));
#11327=CARTESIAN_POINT('Ctrl Pts',(-0.75,-1.35646599662505,1.8));
#11328=CARTESIAN_POINT('Origin',(1.625,-1.625,1.));
#11329=CARTESIAN_POINT('',(0.75,-1.06183802907977,1.));
#11330=CARTESIAN_POINT('Origin',(1.625,1.625,1.));
#11331=CARTESIAN_POINT('Origin',(0.,0.,2.));
#11332=CARTESIAN_POINT('',(-1.35646599662505,-0.75,1.));
#11333=CARTESIAN_POINT('',(-1.35646599662505,-0.75,2.));
#11334=CARTESIAN_POINT('',(-0.75,-1.35646599662505,1.));
#11335=CARTESIAN_POINT('Origin',(0.,0.,1.));
#11336=CARTESIAN_POINT('',(-0.75,-1.35646599662505,2.));
#11337=CARTESIAN_POINT('Origin',(-1.625,-1.625,1.));
#11338=CARTESIAN_POINT('',(-2.5,-0.75,1.));
#11339=CARTESIAN_POINT('',(-1.06183802907977,-0.75,1.));
#11340=CARTESIAN_POINT('',(-2.5,0.4375,1.));
#11341=CARTESIAN_POINT('',(-0.75,-2.5,1.));
#11342=CARTESIAN_POINT('Origin',(-1.625,1.625,1.));
#11343=CARTESIAN_POINT('',(-2.5,2.0625,1.));
#11344=CARTESIAN_POINT('Origin',(0.75,-2.25,2.));
#11345=CARTESIAN_POINT('Origin',(-0.75,-1.35646599662505,2.));
#11346=CARTESIAN_POINT('Origin',(0.,0.,2.));
#11347=CARTESIAN_POINT('Origin',(-2.25,-0.75,2.));
#11348=CARTESIAN_POINT('',(-2.5,-0.75,1.));
#11349=CARTESIAN_POINT('Origin',(0.,0.,2.));
#11350=CARTESIAN_POINT('Origin',(2.25,-0.75,2.));
#11351=CARTESIAN_POINT('Origin',(0.,0.,2.));
#11352=CARTESIAN_POINT('Origin',(0.63508529610859,1.1,0.));
#11353=CARTESIAN_POINT('',(0.63508529610859,1.1,0.));
#11354=CARTESIAN_POINT('',(-0.635085296108588,1.1,0.));
#11355=CARTESIAN_POINT('',(0.317542648054295,1.1,0.));
#11356=CARTESIAN_POINT('',(0.63508529610859,1.1,1.8));
#11357=CARTESIAN_POINT('',(0.63508529610859,1.1,0.));
#11358=CARTESIAN_POINT('',(-0.635085296108588,1.1,1.8));
#11359=CARTESIAN_POINT('',(-0.635085296108588,1.1,1.8));
#11360=CARTESIAN_POINT('',(-0.635085296108588,1.1,0.));
#11361=CARTESIAN_POINT('Origin',(1.27017059221718,-8.32667268468867E-16,
0.));
#11362=CARTESIAN_POINT('',(1.27017059221718,-7.19620089685498E-16,0.));
#11363=CARTESIAN_POINT('',(1.11139926819003,0.274999999999999,0.));
#11364=CARTESIAN_POINT('',(1.27017059221718,-7.19620089685498E-16,1.8));
#11365=CARTESIAN_POINT('',(1.27017059221718,-7.19620089685498E-16,0.));
#11366=CARTESIAN_POINT('',(0.63508529610859,1.1,1.8));
#11367=CARTESIAN_POINT('Origin',(0.635085296108588,-1.1,0.));
#11368=CARTESIAN_POINT('',(0.635085296108588,-1.1,0.));
#11369=CARTESIAN_POINT('',(0.793856620135735,-0.825,0.));
#11370=CARTESIAN_POINT('',(0.635085296108588,-1.1,1.8));
#11371=CARTESIAN_POINT('',(0.635085296108588,-1.1,0.));
#11372=CARTESIAN_POINT('',(1.27017059221718,-6.93889390390723E-16,1.8));
#11373=CARTESIAN_POINT('Origin',(-0.635085296108589,-1.1,0.));
#11374=CARTESIAN_POINT('',(-0.635085296108589,-1.1,0.));
#11375=CARTESIAN_POINT('',(-0.317542648054295,-1.1,0.));
#11376=CARTESIAN_POINT('',(-0.635085296108589,-1.1,1.8));
#11377=CARTESIAN_POINT('',(-0.635085296108589,-1.1,0.));
#11378=CARTESIAN_POINT('',(0.635085296108588,-1.1,1.8));
#11379=CARTESIAN_POINT('Origin',(-1.27017059221718,1.38777878078145E-16,
0.));
#11380=CARTESIAN_POINT('',(-1.27017059221718,2.82034527336256E-16,0.));
#11381=CARTESIAN_POINT('',(-1.11139926819003,-0.275,0.));
#11382=CARTESIAN_POINT('',(-1.27017059221718,2.82034527336256E-16,1.8));
#11383=CARTESIAN_POINT('',(-1.27017059221718,2.82034527336256E-16,0.));
#11384=CARTESIAN_POINT('',(-0.635085296108589,-1.1,1.8));
#11385=CARTESIAN_POINT('Origin',(-0.635085296108588,1.1,0.));
#11386=CARTESIAN_POINT('',(-0.793856620135735,0.825,0.));
#11387=CARTESIAN_POINT('',(-1.27017059221718,2.77555756156289E-16,1.8));
#11388=CARTESIAN_POINT('Origin',(0.,0.,1.8));
#11389=CARTESIAN_POINT('',(-0.75,9.18485099360515E-17,1.8));
#11390=CARTESIAN_POINT('Origin',(0.,0.,1.8));
#11391=CARTESIAN_POINT('Origin',(0.,0.,2.));
#11392=CARTESIAN_POINT('',(-0.75,9.18485099360515E-17,2.));
#11393=CARTESIAN_POINT('Origin',(-2.5,2.5,0.));
#11394=CARTESIAN_POINT('',(-2.5,2.5,0.));
#11395=CARTESIAN_POINT('Origin',(-2.77555756156289E-16,-1.38777878078145E-16,
0.));
#11396=CARTESIAN_POINT('',(0.,0.,0.));
#11397=CARTESIAN_POINT('Origin',(5.55111512312578E-16,5.55111512312578E-16,
0.));
#11398=CARTESIAN_POINT('',(2.5,-4.33012701892219,0.));
#11399=CARTESIAN_POINT('',(0.767949192431122,-3.33012701892219,0.));
#11400=CARTESIAN_POINT('',(2.5,-4.33012701892219,0.));
#11401=CARTESIAN_POINT('',(3.26794919243112,1.,0.));
#11402=CARTESIAN_POINT('',(0.767949192431122,-3.33012701892219,0.));
#11403=CARTESIAN_POINT('',(5.,-1.83400382508157E-15,0.));
#11404=CARTESIAN_POINT('',(3.26794919243112,1.,0.));
#11405=CARTESIAN_POINT('',(2.5,-4.33012701892219,0.));
#11406=CARTESIAN_POINT('Origin',(5.55111512312578E-16,5.55111512312578E-16,
0.));
#11407=CARTESIAN_POINT('',(-2.5,2.33012701892219,0.));
#11408=CARTESIAN_POINT('',(-2.5,4.33012701892219,0.));
#11409=CARTESIAN_POINT('',(-2.5,2.33012701892219,0.));
#11410=CARTESIAN_POINT('',(2.5,4.3301270189222,0.));
#11411=CARTESIAN_POINT('',(2.5,4.3301270189222,0.));
#11412=CARTESIAN_POINT('',(2.5,2.33012701892219,0.));
#11413=CARTESIAN_POINT('',(2.5,4.33012701892219,0.));
#11414=CARTESIAN_POINT('',(2.5,2.33012701892219,0.));
#11415=CARTESIAN_POINT('Origin',(-5.,-7.4833262439695E-16,0.));
#11416=CARTESIAN_POINT('',(-5.,-5.55111512312578E-16,0.));
#11417=CARTESIAN_POINT('',(-2.5,-4.33012701892219,0.));
#11418=CARTESIAN_POINT('',(-5.,-5.55111512312578E-16,0.));
#11419=CARTESIAN_POINT('',(-2.5,-4.33012701892219,0.5));
#11420=CARTESIAN_POINT('',(-2.5,-4.33012701892219,0.));
#11421=CARTESIAN_POINT('',(-5.,-5.55111512312578E-16,0.5));
#11422=CARTESIAN_POINT('',(-5.,-5.55111512312578E-16,0.5));
#11423=CARTESIAN_POINT('',(-5.,-8.12739661758407E-16,0.));
#11424=CARTESIAN_POINT('Origin',(2.5,4.3301270189222,0.));
#11425=CARTESIAN_POINT('',(-2.5,4.33012701892219,0.5));
#11426=CARTESIAN_POINT('',(-2.5,4.33012701892219,0.));
#11427=CARTESIAN_POINT('',(2.5,4.3301270189222,0.5));
#11428=CARTESIAN_POINT('',(2.5,4.3301270189222,0.5));
#11429=CARTESIAN_POINT('',(2.5,4.3301270189222,0.));
#11430=CARTESIAN_POINT('Origin',(2.5,-4.33012701892219,0.));
#11431=CARTESIAN_POINT('',(5.,-1.66533453693773E-15,0.5));
#11432=CARTESIAN_POINT('',(5.,-1.83400382508157E-15,0.));
#11433=CARTESIAN_POINT('',(2.5,-4.33012701892219,0.5));
#11434=CARTESIAN_POINT('',(2.5,-4.33012701892219,0.5));
#11435=CARTESIAN_POINT('',(2.5,-4.33012701892219,0.));
#11436=CARTESIAN_POINT('Origin',(5.55111512312578E-16,5.55111512312578E-16,
0.5));
#11437=CARTESIAN_POINT('Origin',(0.,0.,0.5));
#11438=CARTESIAN_POINT('Origin',(0.,0.,0.5));
#11439=CARTESIAN_POINT('Origin',(0.,0.,0.5));
#11440=CARTESIAN_POINT('Origin',(5.55111512312578E-16,5.55111512312578E-16,
0.));
#11441=CARTESIAN_POINT('',(-0.767949192431122,-3.3301270189222,0.));
#11442=CARTESIAN_POINT('',(-0.767949192431122,-3.3301270189222,0.));
#11443=CARTESIAN_POINT('',(-3.26794919243112,0.999999999999999,0.));
#11444=CARTESIAN_POINT('',(-5.,-1.11022302462516E-15,0.));
#11445=CARTESIAN_POINT('',(-3.26794919243112,0.999999999999999,0.));
#11446=CARTESIAN_POINT('Origin',(0.,0.,0.));
#11447=CARTESIAN_POINT('',(-2.5,-4.33012701892219,-5.));
#11448=CARTESIAN_POINT('',(2.5,-4.33012701892218,-5.));
#11449=CARTESIAN_POINT('Origin',(0.,0.,-5.));
#11450=CARTESIAN_POINT('',(2.5,-4.33012701892219,0.));
#11451=CARTESIAN_POINT('',(-2.5,-4.33012701892219,0.));
#11452=CARTESIAN_POINT('Origin',(0.,0.,0.));
#11453=CARTESIAN_POINT('',(-2.5,4.33012701892219,-5.));
#11454=CARTESIAN_POINT('',(-5.,-1.66533453693773E-15,-5.));
#11455=CARTESIAN_POINT('Origin',(0.,0.,-5.));
#11456=CARTESIAN_POINT('',(-5.,-5.55111512312578E-16,0.));
#11457=CARTESIAN_POINT('',(-2.5,4.33012701892219,0.));
#11458=CARTESIAN_POINT('Origin',(0.,0.,0.));
#11459=CARTESIAN_POINT('',(5.,-1.94289029309402E-15,-5.));
#11460=CARTESIAN_POINT('',(2.5,4.3301270189222,-5.));
#11461=CARTESIAN_POINT('Origin',(0.,0.,-5.));
#11462=CARTESIAN_POINT('',(2.5,4.3301270189222,0.));
#11463=CARTESIAN_POINT('',(5.,-1.83400382508157E-15,0.));
#11464=CARTESIAN_POINT('Origin',(-2.5,2.33012701892219,-0.5));
#11465=CARTESIAN_POINT('',(-3.26794919243112,0.999999999999999,-0.5));
#11466=CARTESIAN_POINT('',(-2.5,2.33012701892219,-0.5));
#11467=CARTESIAN_POINT('',(-2.69198729810778,1.99759526419165,-0.5));
#11468=CARTESIAN_POINT('',(-3.26794919243113,1.,-5.));
#11469=CARTESIAN_POINT('',(-3.26794919243113,1.,-0.5));
#11470=CARTESIAN_POINT('',(-2.5,2.33012701892219,-5.));
#11471=CARTESIAN_POINT('',(-2.5,2.33012701892219,-5.));
#11472=CARTESIAN_POINT('',(-2.5,2.33012701892219,-0.5));
#11473=CARTESIAN_POINT('Origin',(-3.75,2.1650635094611,-5.));
#11474=CARTESIAN_POINT('',(-2.5,4.33012701892219,-5.));
#11475=CARTESIAN_POINT('',(-3.26794919243113,1.,-5.));
#11476=CARTESIAN_POINT('Origin',(-0.767949192431122,-3.3301270189222,-0.5));
#11477=CARTESIAN_POINT('',(0.767949192431122,-3.33012701892219,-0.5));
#11478=CARTESIAN_POINT('',(-0.767949192431122,-3.3301270189222,-0.5));
#11479=CARTESIAN_POINT('',(-0.383974596215549,-3.33012701892219,-0.5));
#11480=CARTESIAN_POINT('',(0.767949192431119,-3.33012701892218,-5.));
#11481=CARTESIAN_POINT('',(0.767949192431119,-3.33012701892218,-0.5));
#11482=CARTESIAN_POINT('',(-0.767949192431122,-3.3301270189222,-5.));
#11483=CARTESIAN_POINT('',(-0.767949192431122,-3.3301270189222,-5.));
#11484=CARTESIAN_POINT('',(-0.767949192431122,-3.3301270189222,-0.5));
#11485=CARTESIAN_POINT('Origin',(-1.11022302462516E-15,-3.83012701892219,
-5.));
#11486=CARTESIAN_POINT('',(0.767949192431119,-3.33012701892218,-5.));
#11487=CARTESIAN_POINT('',(-2.5,-4.33012701892219,-5.));
#11488=CARTESIAN_POINT('Origin',(3.26794919243112,1.,-0.5));
#11489=CARTESIAN_POINT('',(2.5,2.33012701892219,-0.5));
#11490=CARTESIAN_POINT('',(3.26794919243112,1.,-0.5));
#11491=CARTESIAN_POINT('',(3.07596189432334,1.33253175473055,-0.5));
#11492=CARTESIAN_POINT('',(2.5,2.33012701892219,-5.));
#11493=CARTESIAN_POINT('',(2.5,2.33012701892219,-0.5));
#11494=CARTESIAN_POINT('',(3.26794919243112,1.,-5.));
#11495=CARTESIAN_POINT('',(3.26794919243112,1.,-5.));
#11496=CARTESIAN_POINT('',(3.26794919243112,1.,-0.5));
#11497=CARTESIAN_POINT('Origin',(3.75,2.1650635094611,-5.));
#11498=CARTESIAN_POINT('',(2.5,2.33012701892219,-5.));
#11499=CARTESIAN_POINT('',(5.,-1.83400382508157E-15,-5.));
#11500=CARTESIAN_POINT('Origin',(5.55111512312578E-16,5.55111512312578E-16,
-0.5));
#11501=CARTESIAN_POINT('',(2.5,2.33012701892219,-0.5));
#11502=CARTESIAN_POINT('',(0.767949192431122,-3.33012701892219,-0.5));
#11503=CARTESIAN_POINT('',(-3.26794919243112,0.999999999999999,-0.5));
#11504=CARTESIAN_POINT('Origin',(5.,-8.32667268468867E-16,0.));
#11505=CARTESIAN_POINT('',(3.26794919243112,1.,0.));
#11506=CARTESIAN_POINT('Origin',(2.5,2.33012701892219,0.));
#11507=CARTESIAN_POINT('',(2.5,2.33012701892219,0.));
#11508=CARTESIAN_POINT('Origin',(-2.5,2.33012701892219,0.));
#11509=CARTESIAN_POINT('',(-2.5,2.33012701892219,0.));
#11510=CARTESIAN_POINT('Origin',(-2.5,4.33012701892219,0.));
#11511=CARTESIAN_POINT('Origin',(-3.26794919243112,1.,0.));
#11512=CARTESIAN_POINT('',(-3.26794919243112,0.999999999999999,0.));
#11513=CARTESIAN_POINT('Origin',(-0.767949192431121,-3.3301270189222,0.));
#11514=CARTESIAN_POINT('',(-0.767949192431122,-3.3301270189222,0.));
#11515=CARTESIAN_POINT('Origin',(-2.5,-4.3301270189222,0.));
#11516=CARTESIAN_POINT('Origin',(0.767949192431122,-3.33012701892219,0.));
#11517=CARTESIAN_POINT('',(0.767949192431122,-3.33012701892219,0.));
#11518=CARTESIAN_POINT('Origin',(3.26794919243113,1.,0.));
#11519=CARTESIAN_POINT('',(0.,0.,0.));
#11520=CARTESIAN_POINT('Origin',(-2.05,-0.55,3.3));
#11521=CARTESIAN_POINT('',(-2.25,-0.55,3.3));
#11522=CARTESIAN_POINT('',(-2.05,-0.75,3.3));
#11523=CARTESIAN_POINT('Origin',(-2.05,-0.55,3.3));
#11524=CARTESIAN_POINT('',(-2.05,-0.55,3.5));
#11525=CARTESIAN_POINT('Origin',(-2.05,-0.55,3.3));
#11526=CARTESIAN_POINT('Origin',(-2.05,-0.55,3.3));
#11527=CARTESIAN_POINT('Origin',(-2.05,-0.55,2.));
#11528=CARTESIAN_POINT('',(-2.25,-0.55,2.));
#11529=CARTESIAN_POINT('',(-2.05,-0.75,2.));
#11530=CARTESIAN_POINT('Origin',(-2.05,-0.55,2.));
#11531=CARTESIAN_POINT('',(-2.05,-0.75,2.));
#11532=CARTESIAN_POINT('',(-2.25,-0.55,2.));
#11533=CARTESIAN_POINT('Origin',(-2.25,0.75,2.));
#11534=CARTESIAN_POINT('',(-2.25,0.55,3.3));
#11535=CARTESIAN_POINT('',(-2.25,0.375,3.3));
#11536=CARTESIAN_POINT('',(-2.25,0.55,2.));
#11537=CARTESIAN_POINT('',(-2.25,0.55,2.));
#11538=CARTESIAN_POINT('',(-2.25,0.375,2.));
#11539=CARTESIAN_POINT('Origin',(-2.05,0.375,3.3));
#11540=CARTESIAN_POINT('',(-2.05,0.55,3.5));
#11541=CARTESIAN_POINT('',(-2.05,0.375,3.5));
#11542=CARTESIAN_POINT('Origin',(-2.05,0.55,3.3));
#11543=CARTESIAN_POINT('Origin',(-2.02661649915626,-0.55,3.3));
#11544=CARTESIAN_POINT('',(-1.66132477258362,-0.75,3.3));
#11545=CARTESIAN_POINT('',(-2.02661649915626,-0.75,3.3));
#11546=CARTESIAN_POINT('',(-1.66132477258362,-0.55,3.5));
#11547=CARTESIAN_POINT('Origin',(-1.66132477258362,-0.55,3.3));
#11548=CARTESIAN_POINT('',(-2.02661649915626,-0.55,3.5));
#11549=CARTESIAN_POINT('Origin',(-2.05,0.55,3.3));
#11550=CARTESIAN_POINT('',(-2.05,0.75,3.3));
#11551=CARTESIAN_POINT('Origin',(-2.05,0.55,3.3));
#11552=CARTESIAN_POINT('Origin',(-2.05,0.55,3.3));
#11553=CARTESIAN_POINT('Origin',(-2.05,0.55,2.));
#11554=CARTESIAN_POINT('',(-2.05,0.75,2.));
#11555=CARTESIAN_POINT('Origin',(-2.05,0.55,2.));
#11556=CARTESIAN_POINT('',(-2.05,0.75,2.));
#11557=CARTESIAN_POINT('Origin',(-1.35646599662505,0.75,2.));
#11558=CARTESIAN_POINT('',(-1.66132477258362,0.75,3.3));
#11559=CARTESIAN_POINT('',(-1.57984949746879,0.75,3.3));
#11560=CARTESIAN_POINT('',(-1.66132477258362,0.75,2.));
#11561=CARTESIAN_POINT('',(-1.66132477258362,0.75,2.));
#11562=CARTESIAN_POINT('',(-0.678232998312527,0.75,2.));
#11563=CARTESIAN_POINT('Origin',(-1.57984949746879,0.55,3.3));
#11564=CARTESIAN_POINT('',(-1.66132477258362,0.55,3.5));
#11565=CARTESIAN_POINT('',(-1.57984949746879,0.55,3.5));
#11566=CARTESIAN_POINT('Origin',(-1.66132477258362,0.55,3.3));
#11567=CARTESIAN_POINT('Origin',(-1.66132477258362,0.55,3.3));
#11568=CARTESIAN_POINT('',(-1.47145908428834,0.487142857142858,3.3));
#11569=CARTESIAN_POINT('Origin',(-1.66132477258362,0.55,3.3));
#11570=CARTESIAN_POINT('Origin',(-1.66132477258362,0.55,3.3));
#11571=CARTESIAN_POINT('Origin',(-1.66132477258362,0.55,2.));
#11572=CARTESIAN_POINT('',(-1.47145908428834,0.487142857142858,2.));
#11573=CARTESIAN_POINT('Origin',(-1.66132477258362,0.55,2.));
#11574=CARTESIAN_POINT('',(-1.47145908428834,0.487142857142858,2.));
#11575=CARTESIAN_POINT('Origin',(0.,0.,2.));
#11576=CARTESIAN_POINT('',(-1.47145908428835,-0.487142857142857,3.3));
#11577=CARTESIAN_POINT('Origin',(0.,0.,3.3));
#11578=CARTESIAN_POINT('',(-1.47145908428835,-0.487142857142857,2.));
#11579=CARTESIAN_POINT('',(-1.47145908428834,-0.487142857142857,2.));
#11580=CARTESIAN_POINT('Origin',(0.,0.,2.));
#11581=CARTESIAN_POINT('Origin',(0.,0.,3.3));
#11582=CARTESIAN_POINT('Origin',(0.,0.,3.5));
#11583=CARTESIAN_POINT('Origin',(-1.66132477258362,-0.55,3.3));
#11584=CARTESIAN_POINT('Origin',(-1.66132477258362,-0.55,3.3));
#11585=CARTESIAN_POINT('Origin',(-1.66132477258362,-0.55,3.3));
#11586=CARTESIAN_POINT('Origin',(-1.66132477258362,-0.55,2.));
#11587=CARTESIAN_POINT('',(-1.66132477258362,-0.75,2.));
#11588=CARTESIAN_POINT('Origin',(-1.66132477258362,-0.55,2.));
#11589=CARTESIAN_POINT('',(-1.66132477258362,-0.75,2.));
#11590=CARTESIAN_POINT('Origin',(-2.25,-0.75,2.));
#11591=CARTESIAN_POINT('',(-1.125,-0.75,2.));
#11592=CARTESIAN_POINT('Origin',(-1.2,-1.2737739202857,3.3));
#11593=CARTESIAN_POINT('',(-1.,-1.2737739202857,3.3));
#11594=CARTESIAN_POINT('',(-1.06285714285714,-1.12819975796733,3.3));
#11595=CARTESIAN_POINT('Origin',(-1.2,-1.2737739202857,3.3));
#11596=CARTESIAN_POINT('',(-1.2,-1.2737739202857,3.5));
#11597=CARTESIAN_POINT('Origin',(-1.2,-1.2737739202857,3.3));
#11598=CARTESIAN_POINT('Origin',(-1.2,-1.2737739202857,3.3));
#11599=CARTESIAN_POINT('Origin',(-1.2,-1.2737739202857,2.));
#11600=CARTESIAN_POINT('',(-1.,-1.2737739202857,2.));
#11601=CARTESIAN_POINT('',(-1.06285714285714,-1.12819975796733,2.));
#11602=CARTESIAN_POINT('Origin',(-1.2,-1.2737739202857,2.));
#11603=CARTESIAN_POINT('',(-1.06285714285714,-1.12819975796733,2.));
#11604=CARTESIAN_POINT('',(-1.,-1.2737739202857,2.));
#11605=CARTESIAN_POINT('Origin',(-1.,-2.25,2.));
#11606=CARTESIAN_POINT('',(-1.,-2.05,3.3));
#11607=CARTESIAN_POINT('',(-1.,-1.9375,3.3));
#11608=CARTESIAN_POINT('',(-1.,-2.05,2.));
#11609=CARTESIAN_POINT('',(-1.,-2.05,2.));
#11610=CARTESIAN_POINT('',(-1.,-1.125,2.));
#11611=CARTESIAN_POINT('Origin',(-1.2,-1.9375,3.3));
#11612=CARTESIAN_POINT('',(-1.2,-2.05,3.5));
#11613=CARTESIAN_POINT('',(-1.2,-1.9375,3.5));
#11614=CARTESIAN_POINT('Origin',(-1.2,-2.05,3.3));
#11615=CARTESIAN_POINT('Origin',(0.,0.,3.3));
#11616=CARTESIAN_POINT('',(-1.12819975796733,-1.06285714285714,3.3));
#11617=CARTESIAN_POINT('Origin',(0.,0.,3.3));
#11618=CARTESIAN_POINT('',(-1.2737739202857,-1.2,3.5));
#11619=CARTESIAN_POINT('Origin',(-1.2737739202857,-1.2,3.3));
#11620=CARTESIAN_POINT('Origin',(0.,0.,3.5));
#11621=CARTESIAN_POINT('Origin',(-2.05,-1.2,3.3));
#11622=CARTESIAN_POINT('',(-2.05,-1.,3.3));
#11623=CARTESIAN_POINT('',(-2.25,-1.2,3.3));
#11624=CARTESIAN_POINT('Origin',(-2.05,-1.2,3.3));
#11625=CARTESIAN_POINT('',(-2.05,-1.2,3.5));
#11626=CARTESIAN_POINT('Origin',(-2.05,-1.2,3.3));
#11627=CARTESIAN_POINT('Origin',(-2.05,-1.2,3.3));
#11628=CARTESIAN_POINT('Origin',(-2.05,-1.2,2.));
#11629=CARTESIAN_POINT('',(-2.05,-1.,2.));
#11630=CARTESIAN_POINT('',(-2.25,-1.2,2.));
#11631=CARTESIAN_POINT('Origin',(-2.05,-1.2,2.));
#11632=CARTESIAN_POINT('',(-2.25,-1.2,2.));
#11633=CARTESIAN_POINT('',(-2.05,-1.,2.));
#11634=CARTESIAN_POINT('Origin',(-1.1842719282327,-1.,2.));
#11635=CARTESIAN_POINT('',(-1.2737739202857,-1.,3.3));
#11636=CARTESIAN_POINT('',(-1.40463596411635,-1.,3.3));
#11637=CARTESIAN_POINT('',(-1.2737739202857,-1.,2.));
#11638=CARTESIAN_POINT('',(-1.2737739202857,-1.,2.));
#11639=CARTESIAN_POINT('',(-0.59213596411635,-1.,2.));
#11640=CARTESIAN_POINT('Origin',(-1.40463596411635,-1.2,3.3));
#11641=CARTESIAN_POINT('',(-1.40463596411635,-1.2,3.5));
#11642=CARTESIAN_POINT('Origin',(-1.2737739202857,-1.2,3.3));
#11643=CARTESIAN_POINT('Origin',(-1.2737739202857,-1.2,3.3));
#11644=CARTESIAN_POINT('Origin',(-1.2737739202857,-1.2,3.3));
#11645=CARTESIAN_POINT('Origin',(-1.2737739202857,-1.2,2.));
#11646=CARTESIAN_POINT('',(-1.12819975796733,-1.06285714285714,2.));
#11647=CARTESIAN_POINT('Origin',(-1.2737739202857,-1.2,2.));
#11648=CARTESIAN_POINT('',(-1.12819975796733,-1.06285714285714,2.));
#11649=CARTESIAN_POINT('Origin',(0.,0.,2.));
#11650=CARTESIAN_POINT('Origin',(0.,0.,2.));
#11651=CARTESIAN_POINT('Origin',(-1.2,-2.05,3.3));
#11652=CARTESIAN_POINT('',(-1.2,-2.25,3.3));
#11653=CARTESIAN_POINT('Origin',(-1.2,-2.05,3.3));
#11654=CARTESIAN_POINT('Origin',(-1.2,-2.05,3.3));
#11655=CARTESIAN_POINT('Origin',(-1.2,-2.05,2.));
#11656=CARTESIAN_POINT('',(-1.2,-2.25,2.));
#11657=CARTESIAN_POINT('Origin',(-1.2,-2.05,2.));
#11658=CARTESIAN_POINT('',(-1.2,-2.25,2.));
#11659=CARTESIAN_POINT('Origin',(-2.25,-2.25,2.));
#11660=CARTESIAN_POINT('',(-2.05,-2.25,3.3));
#11661=CARTESIAN_POINT('',(-1.9375,-2.25,3.3));
#11662=CARTESIAN_POINT('',(-2.05,-2.25,2.));
#11663=CARTESIAN_POINT('',(-2.05,-2.25,2.));
#11664=CARTESIAN_POINT('',(-1.125,-2.25,2.));
#11665=CARTESIAN_POINT('Origin',(-1.9375,-2.05,3.3));
#11666=CARTESIAN_POINT('',(-2.05,-2.05,3.5));
#11667=CARTESIAN_POINT('',(-1.9375,-2.05,3.5));
#11668=CARTESIAN_POINT('Origin',(-2.05,-2.05,3.3));
#11669=CARTESIAN_POINT('Origin',(-2.05,-2.05,3.3));
#11670=CARTESIAN_POINT('',(-2.25,-2.05,3.3));
#11671=CARTESIAN_POINT('Origin',(-2.05,-2.05,3.3));
#11672=CARTESIAN_POINT('Origin',(-2.05,-2.05,3.3));
#11673=CARTESIAN_POINT('Origin',(-2.05,-2.05,2.));
#11674=CARTESIAN_POINT('',(-2.25,-2.05,2.));
#11675=CARTESIAN_POINT('Origin',(-2.05,-2.05,2.));
#11676=CARTESIAN_POINT('',(-2.25,-2.05,2.));
#11677=CARTESIAN_POINT('Origin',(-2.25,-1.,2.));
#11678=CARTESIAN_POINT('',(-2.25,-0.500000000000001,2.));
#11679=CARTESIAN_POINT('',(-2.25,-1.3125,3.3));
#11680=CARTESIAN_POINT('Origin',(-2.05,-1.3125,3.3));
#11681=CARTESIAN_POINT('',(-2.05,-1.3125,3.5));
#11682=CARTESIAN_POINT('Origin',(0.55,-1.66132477258362,3.3));
#11683=CARTESIAN_POINT('',(0.75,-1.66132477258362,3.3));
#11684=CARTESIAN_POINT('',(0.487142857142857,-1.47145908428835,3.3));
#11685=CARTESIAN_POINT('Origin',(0.55,-1.66132477258362,3.3));
#11686=CARTESIAN_POINT('',(0.55,-1.66132477258362,3.5));
#11687=CARTESIAN_POINT('Origin',(0.55,-1.66132477258362,3.3));
#11688=CARTESIAN_POINT('Origin',(0.55,-1.66132477258362,3.3));
#11689=CARTESIAN_POINT('Origin',(0.549999999999999,-1.66132477258362,2.));
#11690=CARTESIAN_POINT('',(0.75,-1.66132477258362,2.));
#11691=CARTESIAN_POINT('',(0.487142857142857,-1.47145908428835,2.));
#11692=CARTESIAN_POINT('Origin',(0.549999999999999,-1.66132477258362,2.));
#11693=CARTESIAN_POINT('',(0.487142857142857,-1.47145908428834,2.));
#11694=CARTESIAN_POINT('',(0.75,-1.66132477258362,2.));
#11695=CARTESIAN_POINT('Origin',(0.75,-2.25,2.));
#11696=CARTESIAN_POINT('',(0.75,-2.05,3.3));
#11697=CARTESIAN_POINT('',(0.75,-2.02661649915626,3.3));
#11698=CARTESIAN_POINT('',(0.75,-2.05,2.));
#11699=CARTESIAN_POINT('',(0.75,-2.05,2.));
#11700=CARTESIAN_POINT('',(0.75,-1.125,2.));
#11701=CARTESIAN_POINT('Origin',(0.55,-2.02661649915626,3.3));
#11702=CARTESIAN_POINT('',(0.55,-2.05,3.5));
#11703=CARTESIAN_POINT('',(0.55,-2.02661649915626,3.5));
#11704=CARTESIAN_POINT('Origin',(0.55,-2.05,3.3));
#11705=CARTESIAN_POINT('Origin',(0.,0.,3.3));
#11706=CARTESIAN_POINT('',(-0.487142857142857,-1.47145908428834,3.3));
#11707=CARTESIAN_POINT('Origin',(0.,0.,3.3));
#11708=CARTESIAN_POINT('',(-0.55,-1.66132477258362,3.5));
#11709=CARTESIAN_POINT('Origin',(-0.55,-1.66132477258362,3.3));
#11710=CARTESIAN_POINT('Origin',(0.,0.,3.5));
#11711=CARTESIAN_POINT('Origin',(-0.55,-1.66132477258362,3.3));
#11712=CARTESIAN_POINT('',(-0.75,-1.66132477258362,3.3));
#11713=CARTESIAN_POINT('Origin',(-0.55,-1.66132477258362,3.3));
#11714=CARTESIAN_POINT('Origin',(-0.55,-1.66132477258362,3.3));
#11715=CARTESIAN_POINT('Origin',(-0.55,-1.66132477258362,2.));
#11716=CARTESIAN_POINT('',(-0.487142857142857,-1.47145908428834,2.));
#11717=CARTESIAN_POINT('',(-0.75,-1.66132477258362,2.));
#11718=CARTESIAN_POINT('Origin',(-0.55,-1.66132477258362,2.));
#11719=CARTESIAN_POINT('',(-0.75,-1.66132477258362,2.));
#11720=CARTESIAN_POINT('',(-0.487142857142857,-1.47145908428834,2.));
#11721=CARTESIAN_POINT('Origin',(0.,0.,2.));
#11722=CARTESIAN_POINT('Origin',(0.,0.,2.));
#11723=CARTESIAN_POINT('Origin',(-0.55,-1.57984949746879,3.3));
#11724=CARTESIAN_POINT('',(-0.75,-2.05,3.3));
#11725=CARTESIAN_POINT('',(-0.75,-1.57984949746879,3.3));
#11726=CARTESIAN_POINT('',(-0.55,-2.05,3.5));
#11727=CARTESIAN_POINT('Origin',(-0.55,-2.05,3.3));
#11728=CARTESIAN_POINT('',(-0.55,-1.57984949746879,3.5));
#11729=CARTESIAN_POINT('Origin',(-0.55,-2.05,3.3));
#11730=CARTESIAN_POINT('',(-0.55,-2.25,3.3));
#11731=CARTESIAN_POINT('Origin',(-0.55,-2.05,3.3));
#11732=CARTESIAN_POINT('Origin',(-0.55,-2.05,3.3));
#11733=CARTESIAN_POINT('Origin',(-0.55,-2.05,2.));
#11734=CARTESIAN_POINT('',(-0.75,-2.05,2.));
#11735=CARTESIAN_POINT('',(-0.55,-2.25,2.));
#11736=CARTESIAN_POINT('Origin',(-0.55,-2.05,2.));
#11737=CARTESIAN_POINT('',(-0.55,-2.25,2.));
#11738=CARTESIAN_POINT('',(-0.75,-2.05,2.));
#11739=CARTESIAN_POINT('Origin',(-0.75,-1.35646599662505,2.));
#11740=CARTESIAN_POINT('',(-0.75,-0.678232998312527,2.));
#11741=CARTESIAN_POINT('Origin',(-0.375,-2.05,3.3));
#11742=CARTESIAN_POINT('',(0.55,-2.25,3.3));
#11743=CARTESIAN_POINT('',(-0.375,-2.25,3.3));
#11744=CARTESIAN_POINT('Origin',(0.55,-2.05,3.3));
#11745=CARTESIAN_POINT('',(-0.375,-2.05,3.5));
#11746=CARTESIAN_POINT('Origin',(0.55,-2.05,3.3));
#11747=CARTESIAN_POINT('Origin',(0.55,-2.05,3.3));
#11748=CARTESIAN_POINT('Origin',(0.55,-2.05,2.));
#11749=CARTESIAN_POINT('',(0.55,-2.25,2.));
#11750=CARTESIAN_POINT('Origin',(0.55,-2.05,2.));
#11751=CARTESIAN_POINT('',(0.55,-2.25,2.));
#11752=CARTESIAN_POINT('Origin',(-0.75,-2.25,2.));
#11753=CARTESIAN_POINT('',(-0.375,-2.25,2.));
#11754=CARTESIAN_POINT('Origin',(2.05,-2.05,3.3));
#11755=CARTESIAN_POINT('',(2.05,-2.25,3.3));
#11756=CARTESIAN_POINT('',(2.25,-2.05,3.3));
#11757=CARTESIAN_POINT('Origin',(2.05,-2.05,3.3));
#11758=CARTESIAN_POINT('',(2.05,-2.05,3.5));
#11759=CARTESIAN_POINT('Origin',(2.05,-2.05,3.3));
#11760=CARTESIAN_POINT('Origin',(2.05,-2.05,3.3));
#11761=CARTESIAN_POINT('Origin',(2.05,-2.05,2.));
#11762=CARTESIAN_POINT('',(2.05,-2.25,2.));
#11763=CARTESIAN_POINT('',(2.25,-2.05,2.));
#11764=CARTESIAN_POINT('Origin',(2.05,-2.05,2.));
#11765=CARTESIAN_POINT('',(2.25,-2.05,2.));
#11766=CARTESIAN_POINT('',(2.05,-2.25,2.));
#11767=CARTESIAN_POINT('Origin',(1.,-2.25,2.));
#11768=CARTESIAN_POINT('',(1.2,-2.25,3.3));
#11769=CARTESIAN_POINT('',(1.3125,-2.25,3.3));
#11770=CARTESIAN_POINT('',(1.2,-2.25,2.));
#11771=CARTESIAN_POINT('',(1.2,-2.25,2.));
#11772=CARTESIAN_POINT('',(0.5,-2.25,2.));
#11773=CARTESIAN_POINT('Origin',(1.3125,-2.05,3.3));
#11774=CARTESIAN_POINT('',(1.2,-2.05,3.5));
#11775=CARTESIAN_POINT('',(1.3125,-2.05,3.5));
#11776=CARTESIAN_POINT('Origin',(1.2,-2.05,3.3));
#11777=CARTESIAN_POINT('Origin',(1.2,-2.05,3.3));
#11778=CARTESIAN_POINT('',(1.,-2.05,3.3));
#11779=CARTESIAN_POINT('Origin',(1.2,-2.05,3.3));
#11780=CARTESIAN_POINT('Origin',(1.2,-2.05,3.3));
#11781=CARTESIAN_POINT('Origin',(1.2,-2.05,2.));
#11782=CARTESIAN_POINT('',(1.,-2.05,2.));
#11783=CARTESIAN_POINT('Origin',(1.2,-2.05,2.));
#11784=CARTESIAN_POINT('',(1.,-2.05,2.));
#11785=CARTESIAN_POINT('Origin',(1.,-1.1842719282327,2.));
#11786=CARTESIAN_POINT('',(1.,-1.2737739202857,3.3));
#11787=CARTESIAN_POINT('',(1.,-1.40463596411635,3.3));
#11788=CARTESIAN_POINT('',(1.,-1.2737739202857,2.));
#11789=CARTESIAN_POINT('',(1.,-1.2737739202857,2.));
#11790=CARTESIAN_POINT('',(1.,-0.592135964116351,2.));
#11791=CARTESIAN_POINT('Origin',(1.2,-1.40463596411635,3.3));
#11792=CARTESIAN_POINT('',(1.2,-1.2737739202857,3.5));
#11793=CARTESIAN_POINT('',(1.2,-1.40463596411635,3.5));
#11794=CARTESIAN_POINT('Origin',(1.2,-1.2737739202857,3.3));
#11795=CARTESIAN_POINT('Origin',(1.2,-1.2737739202857,3.3));
#11796=CARTESIAN_POINT('',(1.06285714285714,-1.12819975796733,3.3));
#11797=CARTESIAN_POINT('Origin',(1.2,-1.2737739202857,3.3));
#11798=CARTESIAN_POINT('Origin',(1.2,-1.2737739202857,3.3));
#11799=CARTESIAN_POINT('Origin',(1.2,-1.2737739202857,2.));
#11800=CARTESIAN_POINT('',(1.06285714285714,-1.12819975796733,2.));
#11801=CARTESIAN_POINT('Origin',(1.2,-1.2737739202857,2.));
#11802=CARTESIAN_POINT('',(1.06285714285714,-1.12819975796733,2.));
#11803=CARTESIAN_POINT('Origin',(0.,0.,2.));
#11804=CARTESIAN_POINT('',(1.12819975796733,-1.06285714285714,3.3));
#11805=CARTESIAN_POINT('Origin',(0.,0.,3.3));
#11806=CARTESIAN_POINT('',(1.12819975796733,-1.06285714285714,2.));
#11807=CARTESIAN_POINT('',(1.12819975796733,-1.06285714285714,2.));
#11808=CARTESIAN_POINT('Origin',(0.,0.,2.));
#11809=CARTESIAN_POINT('Origin',(0.,0.,3.3));
#11810=CARTESIAN_POINT('',(1.2737739202857,-1.2,3.5));
#11811=CARTESIAN_POINT('Origin',(0.,0.,3.5));
#11812=CARTESIAN_POINT('Origin',(1.2737739202857,-1.2,3.3));
#11813=CARTESIAN_POINT('Origin',(1.2737739202857,-1.2,3.3));
#11814=CARTESIAN_POINT('',(1.2737739202857,-1.,3.3));
#11815=CARTESIAN_POINT('Origin',(1.2737739202857,-1.2,3.3));
#11816=CARTESIAN_POINT('Origin',(1.2737739202857,-1.2,3.3));
#11817=CARTESIAN_POINT('Origin',(1.2737739202857,-1.2,2.));
#11818=CARTESIAN_POINT('',(1.2737739202857,-1.,2.));
#11819=CARTESIAN_POINT('Origin',(1.2737739202857,-1.2,2.));
#11820=CARTESIAN_POINT('',(1.2737739202857,-1.,2.));
#11821=CARTESIAN_POINT('Origin',(2.25,-1.,2.));
#11822=CARTESIAN_POINT('',(2.05,-1.,3.3));
#11823=CARTESIAN_POINT('',(1.9375,-1.,3.3));
#11824=CARTESIAN_POINT('',(2.05,-1.,2.));
#11825=CARTESIAN_POINT('',(2.05,-1.,2.));
#11826=CARTESIAN_POINT('',(1.125,-1.,2.));
#11827=CARTESIAN_POINT('Origin',(1.9375,-1.2,3.3));
#11828=CARTESIAN_POINT('',(2.05,-1.2,3.5));
#11829=CARTESIAN_POINT('',(1.9375,-1.2,3.5));
#11830=CARTESIAN_POINT('Origin',(2.05,-1.2,3.3));
#11831=CARTESIAN_POINT('Origin',(2.05,-0.55,3.3));
#11832=CARTESIAN_POINT('',(2.05,-0.75,3.3));
#11833=CARTESIAN_POINT('',(2.25,-0.55,3.3));
#11834=CARTESIAN_POINT('Origin',(2.05,-0.55,3.3));
#11835=CARTESIAN_POINT('',(2.05,-0.55,3.5));
#11836=CARTESIAN_POINT('Origin',(2.05,-0.55,3.3));
#11837=CARTESIAN_POINT('Origin',(2.05,-0.55,3.3));
#11838=CARTESIAN_POINT('Origin',(2.05,-0.55,2.));
#11839=CARTESIAN_POINT('',(2.05,-0.75,2.));
#11840=CARTESIAN_POINT('',(2.25,-0.55,2.));
#11841=CARTESIAN_POINT('Origin',(2.05,-0.55,2.));
#11842=CARTESIAN_POINT('',(2.25,-0.55,2.));
#11843=CARTESIAN_POINT('',(2.05,-0.75,2.));
#11844=CARTESIAN_POINT('Origin',(1.35646599662505,-0.75,2.));
#11845=CARTESIAN_POINT('',(1.66132477258362,-0.75,3.3));
#11846=CARTESIAN_POINT('',(1.57984949746879,-0.75,3.3));
#11847=CARTESIAN_POINT('',(1.66132477258362,-0.75,2.));
#11848=CARTESIAN_POINT('',(1.66132477258362,-0.75,2.));
#11849=CARTESIAN_POINT('',(0.678232998312527,-0.75,2.));
#11850=CARTESIAN_POINT('Origin',(1.57984949746879,-0.55,3.3));
#11851=CARTESIAN_POINT('',(1.66132477258362,-0.55,3.5));
#11852=CARTESIAN_POINT('',(1.57984949746879,-0.55,3.5));
#11853=CARTESIAN_POINT('Origin',(1.66132477258362,-0.55,3.3));
#11854=CARTESIAN_POINT('Origin',(2.05,-0.375,3.3));
#11855=CARTESIAN_POINT('',(2.25,0.55,3.3));
#11856=CARTESIAN_POINT('',(2.25,-0.375,3.3));
#11857=CARTESIAN_POINT('',(2.05,0.55,3.5));
#11858=CARTESIAN_POINT('Origin',(2.05,0.55,3.3));
#11859=CARTESIAN_POINT('',(2.05,-0.375,3.5));
#11860=CARTESIAN_POINT('Origin',(2.05,0.55,3.3));
#11861=CARTESIAN_POINT('',(2.05,0.75,3.3));
#11862=CARTESIAN_POINT('Origin',(2.05,0.55,3.3));
#11863=CARTESIAN_POINT('Origin',(2.05,0.55,3.3));
#11864=CARTESIAN_POINT('Origin',(2.05,0.55,2.));
#11865=CARTESIAN_POINT('',(2.25,0.55,2.));
#11866=CARTESIAN_POINT('',(2.05,0.75,2.));
#11867=CARTESIAN_POINT('Origin',(2.05,0.55,2.));
#11868=CARTESIAN_POINT('',(2.05,0.75,2.));
#11869=CARTESIAN_POINT('',(2.25,0.55,2.));
#11870=CARTESIAN_POINT('Origin',(2.25,-0.75,2.));
#11871=CARTESIAN_POINT('',(2.25,-0.375,2.));
#11872=CARTESIAN_POINT('Origin',(2.02661649915626,0.55,3.3));
#11873=CARTESIAN_POINT('',(1.66132477258362,0.75,3.3));
#11874=CARTESIAN_POINT('',(2.02661649915626,0.75,3.3));
#11875=CARTESIAN_POINT('',(1.66132477258362,0.55,3.5));
#11876=CARTESIAN_POINT('Origin',(1.66132477258362,0.55,3.3));
#11877=CARTESIAN_POINT('',(2.02661649915626,0.55,3.5));
#11878=CARTESIAN_POINT('Origin',(1.66132477258362,-0.55,3.3));
#11879=CARTESIAN_POINT('',(1.47145908428835,-0.487142857142857,3.3));
#11880=CARTESIAN_POINT('Origin',(1.66132477258362,-0.55,3.3));
#11881=CARTESIAN_POINT('Origin',(1.66132477258362,-0.55,3.3));
#11882=CARTESIAN_POINT('Origin',(1.66132477258362,-0.55,2.));
#11883=CARTESIAN_POINT('',(1.47145908428835,-0.487142857142857,2.));
#11884=CARTESIAN_POINT('Origin',(1.66132477258362,-0.55,2.));
#11885=CARTESIAN_POINT('',(1.47145908428834,-0.487142857142857,2.));
#11886=CARTESIAN_POINT('Origin',(0.,0.,2.));
#11887=CARTESIAN_POINT('',(1.47145908428835,0.487142857142857,3.3));
#11888=CARTESIAN_POINT('Origin',(0.,0.,3.3));
#11889=CARTESIAN_POINT('',(1.47145908428835,0.487142857142857,2.));
#11890=CARTESIAN_POINT('',(1.47145908428834,0.487142857142857,2.));
#11891=CARTESIAN_POINT('Origin',(0.,0.,2.));
#11892=CARTESIAN_POINT('Origin',(0.,0.,3.3));
#11893=CARTESIAN_POINT('Origin',(0.,0.,3.5));
#11894=CARTESIAN_POINT('Origin',(1.66132477258362,0.55,3.3));
#11895=CARTESIAN_POINT('Origin',(1.66132477258362,0.55,3.3));
#11896=CARTESIAN_POINT('Origin',(1.66132477258362,0.55,3.3));
#11897=CARTESIAN_POINT('Origin',(1.66132477258362,0.55,2.));
#11898=CARTESIAN_POINT('',(1.66132477258362,0.75,2.));
#11899=CARTESIAN_POINT('Origin',(1.66132477258362,0.55,2.));
#11900=CARTESIAN_POINT('',(1.66132477258362,0.75,2.));
#11901=CARTESIAN_POINT('Origin',(2.25,0.75,2.));
#11902=CARTESIAN_POINT('',(1.125,0.75,2.));
#11903=CARTESIAN_POINT('Origin',(1.2737739202857,1.2,2.));
#11904=CARTESIAN_POINT('',(1.12819975796733,1.06285714285714,2.));
#11905=CARTESIAN_POINT('',(1.2737739202857,1.,2.));
#11906=CARTESIAN_POINT('Origin',(1.2737739202857,1.2,2.));
#11907=CARTESIAN_POINT('',(1.2737739202857,1.,3.3));
#11908=CARTESIAN_POINT('',(1.2737739202857,1.,2.));
#11909=CARTESIAN_POINT('',(1.12819975796733,1.06285714285714,3.3));
#11910=CARTESIAN_POINT('Origin',(1.2737739202857,1.2,3.3));
#11911=CARTESIAN_POINT('',(1.12819975796733,1.06285714285714,2.));
#11912=CARTESIAN_POINT('Origin',(1.2737739202857,1.2,3.3));
#11913=CARTESIAN_POINT('',(1.2737739202857,1.2,3.5));
#11914=CARTESIAN_POINT('Origin',(1.2737739202857,1.2,3.3));
#11915=CARTESIAN_POINT('Origin',(1.2737739202857,1.2,3.3));
#11916=CARTESIAN_POINT('Origin',(0.,0.,3.3));
#11917=CARTESIAN_POINT('',(1.2,1.2737739202857,3.5));
#11918=CARTESIAN_POINT('Origin',(0.,0.,3.5));
#11919=CARTESIAN_POINT('',(1.06285714285714,1.12819975796733,3.3));
#11920=CARTESIAN_POINT('Origin',(1.2,1.2737739202857,3.3));
#11921=CARTESIAN_POINT('Origin',(0.,0.,3.3));
#11922=CARTESIAN_POINT('Origin',(1.40463596411635,1.2,3.3));
#11923=CARTESIAN_POINT('',(2.05,1.,3.3));
#11924=CARTESIAN_POINT('',(1.40463596411635,1.,3.3));
#11925=CARTESIAN_POINT('',(2.05,1.2,3.5));
#11926=CARTESIAN_POINT('Origin',(2.05,1.2,3.3));
#11927=CARTESIAN_POINT('',(1.40463596411635,1.2,3.5));
#11928=CARTESIAN_POINT('Origin',(1.1842719282327,1.,2.));
#11929=CARTESIAN_POINT('',(2.05,1.,2.));
#11930=CARTESIAN_POINT('',(0.592135964116351,0.999999999999999,2.));
#11931=CARTESIAN_POINT('',(2.05,1.,2.));
#11932=CARTESIAN_POINT('Origin',(1.2,1.2737739202857,3.3));
#11933=CARTESIAN_POINT('',(1.,1.2737739202857,3.3));
#11934=CARTESIAN_POINT('Origin',(1.2,1.2737739202857,3.3));
#11935=CARTESIAN_POINT('Origin',(1.2,1.2737739202857,3.3));
#11936=CARTESIAN_POINT('Origin',(1.2,1.2737739202857,2.));
#11937=CARTESIAN_POINT('',(1.,1.2737739202857,2.));
#11938=CARTESIAN_POINT('',(1.06285714285714,1.12819975796733,2.));
#11939=CARTESIAN_POINT('Origin',(1.2,1.2737739202857,2.));
#11940=CARTESIAN_POINT('',(1.06285714285714,1.12819975796733,2.));
#11941=CARTESIAN_POINT('',(1.,1.2737739202857,2.));
#11942=CARTESIAN_POINT('Origin',(1.,2.25,2.));
#11943=CARTESIAN_POINT('',(1.,2.05,3.3));
#11944=CARTESIAN_POINT('',(1.,1.9375,3.3));
#11945=CARTESIAN_POINT('',(1.,2.05,2.));
#11946=CARTESIAN_POINT('',(1.,2.05,2.));
#11947=CARTESIAN_POINT('',(1.,1.125,2.));
#11948=CARTESIAN_POINT('Origin',(1.2,1.9375,3.3));
#11949=CARTESIAN_POINT('',(1.2,2.05,3.5));
#11950=CARTESIAN_POINT('',(1.2,1.9375,3.5));
#11951=CARTESIAN_POINT('Origin',(1.2,2.05,3.3));
#11952=CARTESIAN_POINT('Origin',(-0.55,2.05,3.3));
#11953=CARTESIAN_POINT('',(-0.55,2.25,3.3));
#11954=CARTESIAN_POINT('',(-0.55,2.05,3.5));
#11955=CARTESIAN_POINT('Origin',(-0.55,2.05,3.3));
#11956=CARTESIAN_POINT('',(-0.75,2.05,3.3));
#11957=CARTESIAN_POINT('Origin',(-0.55,2.05,3.3));
#11958=CARTESIAN_POINT('Origin',(-0.55,2.05,3.3));
#11959=CARTESIAN_POINT('Origin',(-0.55,2.05,2.));
#11960=CARTESIAN_POINT('',(-0.55,2.25,2.));
#11961=CARTESIAN_POINT('',(-0.75,2.05,2.));
#11962=CARTESIAN_POINT('Origin',(-0.55,2.05,2.));
#11963=CARTESIAN_POINT('',(-0.75,2.05,2.));
#11964=CARTESIAN_POINT('',(-0.55,2.25,2.));
#11965=CARTESIAN_POINT('Origin',(-0.55,1.66132477258362,3.3));
#11966=CARTESIAN_POINT('',(-0.75,1.66132477258362,3.3));
#11967=CARTESIAN_POINT('',(-0.55,1.66132477258362,3.5));
#11968=CARTESIAN_POINT('Origin',(-0.55,1.66132477258362,3.3));
#11969=CARTESIAN_POINT('',(-0.487142857142857,1.47145908428834,3.3));
#11970=CARTESIAN_POINT('Origin',(-0.55,1.66132477258362,3.3));
#11971=CARTESIAN_POINT('Origin',(-0.55,1.66132477258362,3.3));
#11972=CARTESIAN_POINT('Origin',(-0.55,1.66132477258362,2.));
#11973=CARTESIAN_POINT('',(-0.75,1.66132477258362,2.));
#11974=CARTESIAN_POINT('',(-0.487142857142857,1.47145908428835,2.));
#11975=CARTESIAN_POINT('Origin',(-0.55,1.66132477258362,2.));
#11976=CARTESIAN_POINT('',(-0.487142857142857,1.47145908428834,2.));
#11977=CARTESIAN_POINT('',(-0.75,1.66132477258362,2.));
#11978=CARTESIAN_POINT('Origin',(0.55,2.05,3.3));
#11979=CARTESIAN_POINT('',(0.75,2.05,3.3));
#11980=CARTESIAN_POINT('',(0.55,2.05,3.5));
#11981=CARTESIAN_POINT('Origin',(0.55,2.05,3.3));
#11982=CARTESIAN_POINT('',(0.55,2.25,3.3));
#11983=CARTESIAN_POINT('Origin',(0.55,2.05,3.3));
#11984=CARTESIAN_POINT('Origin',(0.55,2.05,3.3));
#11985=CARTESIAN_POINT('Origin',(0.55,2.05,2.));
#11986=CARTESIAN_POINT('',(0.75,2.05,2.));
#11987=CARTESIAN_POINT('',(0.55,2.25,2.));
#11988=CARTESIAN_POINT('Origin',(0.55,2.05,2.));
#11989=CARTESIAN_POINT('',(0.55,2.25,2.));
#11990=CARTESIAN_POINT('',(0.75,2.05,2.));
#11991=CARTESIAN_POINT('Origin',(0.375,2.05,3.3));
#11992=CARTESIAN_POINT('',(0.375,2.05,3.5));
#11993=CARTESIAN_POINT('',(0.375,2.25,3.3));
#11994=CARTESIAN_POINT('Origin',(0.55,1.66132477258362,3.3));
#11995=CARTESIAN_POINT('',(0.487142857142857,1.47145908428835,3.3));
#11996=CARTESIAN_POINT('',(0.55,1.66132477258362,3.5));
#11997=CARTESIAN_POINT('Origin',(0.55,1.66132477258362,3.3));
#11998=CARTESIAN_POINT('',(0.75,1.66132477258362,3.3));
#11999=CARTESIAN_POINT('Origin',(0.55,1.66132477258362,3.3));
#12000=CARTESIAN_POINT('Origin',(0.55,1.66132477258362,3.3));
#12001=CARTESIAN_POINT('Origin',(0.55,1.66132477258362,2.));
#12002=CARTESIAN_POINT('',(0.487142857142857,1.47145908428835,2.));
#12003=CARTESIAN_POINT('',(0.75,1.66132477258362,2.));
#12004=CARTESIAN_POINT('Origin',(0.55,1.66132477258362,2.));
#12005=CARTESIAN_POINT('',(0.75,1.66132477258362,2.));
#12006=CARTESIAN_POINT('',(0.487142857142857,1.47145908428835,2.));
#12007=CARTESIAN_POINT('Origin',(0.55,1.57984949746879,3.3));
#12008=CARTESIAN_POINT('',(0.55,1.57984949746879,3.5));
#12009=CARTESIAN_POINT('',(0.75,1.57984949746879,3.3));
#12010=CARTESIAN_POINT('Origin',(0.,0.,3.3));
#12011=CARTESIAN_POINT('Origin',(0.,0.,3.5));
#12012=CARTESIAN_POINT('Origin',(0.,0.,3.3));
#12013=CARTESIAN_POINT('Origin',(-0.55,2.02661649915626,3.3));
#12014=CARTESIAN_POINT('',(-0.55,2.02661649915626,3.5));
#12015=CARTESIAN_POINT('',(-0.75,2.02661649915626,3.3));
#12016=CARTESIAN_POINT('Origin',(0.75,2.25,2.));
#12017=CARTESIAN_POINT('',(0.375,2.25,2.));
#12018=CARTESIAN_POINT('Origin',(0.75,1.35646599662505,2.));
#12019=CARTESIAN_POINT('',(0.75,0.678232998312527,2.));
#12020=CARTESIAN_POINT('Origin',(-1.38777878078145E-16,1.80323299831253,
3.5));
#12021=CARTESIAN_POINT('Origin',(1.2,2.05,3.3));
#12022=CARTESIAN_POINT('',(1.2,2.25,3.3));
#12023=CARTESIAN_POINT('Origin',(1.2,2.05,3.3));
#12024=CARTESIAN_POINT('Origin',(1.2,2.05,3.3));
#12025=CARTESIAN_POINT('Origin',(1.2,2.05,2.));
#12026=CARTESIAN_POINT('',(1.2,2.25,2.));
#12027=CARTESIAN_POINT('Origin',(1.2,2.05,2.));
#12028=CARTESIAN_POINT('',(1.2,2.25,2.));
#12029=CARTESIAN_POINT('Origin',(2.05,2.05,3.3));
#12030=CARTESIAN_POINT('',(2.25,2.05,3.3));
#12031=CARTESIAN_POINT('',(2.05,2.05,3.5));
#12032=CARTESIAN_POINT('Origin',(2.05,2.05,3.3));
#12033=CARTESIAN_POINT('',(2.05,2.25,3.3));
#12034=CARTESIAN_POINT('Origin',(2.05,2.05,3.3));
#12035=CARTESIAN_POINT('Origin',(2.05,2.05,3.3));
#12036=CARTESIAN_POINT('Origin',(2.05,2.05,2.));
#12037=CARTESIAN_POINT('',(2.25,2.05,2.));
#12038=CARTESIAN_POINT('',(2.05,2.25,2.));
#12039=CARTESIAN_POINT('Origin',(2.05,2.05,2.));
#12040=CARTESIAN_POINT('',(2.05,2.25,2.));
#12041=CARTESIAN_POINT('',(2.25,2.05,2.));
#12042=CARTESIAN_POINT('Origin',(1.9375,2.05,3.3));
#12043=CARTESIAN_POINT('',(1.9375,2.05,3.5));
#12044=CARTESIAN_POINT('',(1.9375,2.25,3.3));
#12045=CARTESIAN_POINT('Origin',(2.05,1.2,3.3));
#12046=CARTESIAN_POINT('',(2.25,1.2,3.3));
#12047=CARTESIAN_POINT('Origin',(2.05,1.2,3.3));
#12048=CARTESIAN_POINT('Origin',(2.05,1.2,3.3));
#12049=CARTESIAN_POINT('Origin',(2.05,1.2,2.));
#12050=CARTESIAN_POINT('',(2.25,1.2,2.));
#12051=CARTESIAN_POINT('Origin',(2.05,1.2,2.));
#12052=CARTESIAN_POINT('',(2.25,1.2,2.));
#12053=CARTESIAN_POINT('Origin',(2.05,1.3125,3.3));
#12054=CARTESIAN_POINT('',(2.05,1.3125,3.5));
#12055=CARTESIAN_POINT('',(2.25,1.3125,3.3));
#12056=CARTESIAN_POINT('Origin',(2.25,2.25,2.));
#12057=CARTESIAN_POINT('',(1.125,2.25,2.));
#12058=CARTESIAN_POINT('Origin',(2.25,1.,2.));
#12059=CARTESIAN_POINT('',(2.25,0.5,2.));
#12060=CARTESIAN_POINT('Origin',(1.625,1.625,3.5));
#12061=CARTESIAN_POINT('Origin',(1.80323299831253,-6.93889390390723E-17,
3.5));
#12062=CARTESIAN_POINT('Origin',(2.05,-1.2,3.3));
#12063=CARTESIAN_POINT('',(2.25,-1.2,3.3));
#12064=CARTESIAN_POINT('Origin',(2.05,-1.2,3.3));
#12065=CARTESIAN_POINT('Origin',(2.05,-1.2,3.3));
#12066=CARTESIAN_POINT('Origin',(2.05,-1.2,2.));
#12067=CARTESIAN_POINT('',(2.25,-1.2,2.));
#12068=CARTESIAN_POINT('Origin',(2.05,-1.2,2.));
#12069=CARTESIAN_POINT('',(2.25,-1.2,2.));
#12070=CARTESIAN_POINT('Origin',(2.05,-1.9375,3.3));
#12071=CARTESIAN_POINT('',(2.25,-1.9375,3.3));
#12072=CARTESIAN_POINT('',(2.05,-1.9375,3.5));
#12073=CARTESIAN_POINT('Origin',(1.625,-1.625,3.5));
#12074=CARTESIAN_POINT('Origin',(-3.46944695195361E-16,-1.80323299831253,
3.5));
#12075=CARTESIAN_POINT('Origin',(-1.625,-1.625,3.5));
#12076=CARTESIAN_POINT('Origin',(-1.80323299831253,2.08166817117217E-16,
3.5));
#12077=CARTESIAN_POINT('Origin',(-1.2,1.2737739202857,3.3));
#12078=CARTESIAN_POINT('',(-1.06285714285714,1.12819975796733,3.3));
#12079=CARTESIAN_POINT('',(-1.2,1.2737739202857,3.5));
#12080=CARTESIAN_POINT('Origin',(-1.2,1.2737739202857,3.3));
#12081=CARTESIAN_POINT('',(-1.,1.2737739202857,3.3));
#12082=CARTESIAN_POINT('Origin',(-1.2,1.2737739202857,3.3));
#12083=CARTESIAN_POINT('Origin',(-1.2,1.2737739202857,3.3));
#12084=CARTESIAN_POINT('Origin',(-1.2,1.2737739202857,2.));
#12085=CARTESIAN_POINT('',(-1.06285714285714,1.12819975796733,2.));
#12086=CARTESIAN_POINT('',(-1.,1.2737739202857,2.));
#12087=CARTESIAN_POINT('Origin',(-1.2,1.2737739202857,2.));
#12088=CARTESIAN_POINT('',(-1.,1.2737739202857,2.));
#12089=CARTESIAN_POINT('',(-1.06285714285714,1.12819975796733,2.));
#12090=CARTESIAN_POINT('Origin',(-1.2737739202857,1.2,3.3));
#12091=CARTESIAN_POINT('',(-1.2737739202857,1.,3.3));
#12092=CARTESIAN_POINT('',(-1.2737739202857,1.2,3.5));
#12093=CARTESIAN_POINT('Origin',(-1.2737739202857,1.2,3.3));
#12094=CARTESIAN_POINT('',(-1.12819975796733,1.06285714285714,3.3));
#12095=CARTESIAN_POINT('Origin',(-1.2737739202857,1.2,3.3));
#12096=CARTESIAN_POINT('Origin',(-1.2737739202857,1.2,3.3));
#12097=CARTESIAN_POINT('Origin',(-1.2737739202857,1.2,2.));
#12098=CARTESIAN_POINT('',(-1.2737739202857,1.,2.));
#12099=CARTESIAN_POINT('',(-1.12819975796733,1.06285714285714,2.));
#12100=CARTESIAN_POINT('Origin',(-1.2737739202857,1.2,2.));
#12101=CARTESIAN_POINT('',(-1.12819975796733,1.06285714285714,2.));
#12102=CARTESIAN_POINT('',(-1.2737739202857,1.,2.));
#12103=CARTESIAN_POINT('Origin',(0.,0.,3.3));
#12104=CARTESIAN_POINT('Origin',(0.,0.,3.5));
#12105=CARTESIAN_POINT('Origin',(0.,0.,3.3));
#12106=CARTESIAN_POINT('Origin',(-1.2,2.05,3.3));
#12107=CARTESIAN_POINT('',(-1.,2.05,3.3));
#12108=CARTESIAN_POINT('',(-1.2,2.05,3.5));
#12109=CARTESIAN_POINT('Origin',(-1.2,2.05,3.3));
#12110=CARTESIAN_POINT('',(-1.2,2.25,3.3));
#12111=CARTESIAN_POINT('Origin',(-1.2,2.05,3.3));
#12112=CARTESIAN_POINT('Origin',(-1.2,2.05,3.3));
#12113=CARTESIAN_POINT('Origin',(-1.2,2.05,2.));
#12114=CARTESIAN_POINT('',(-1.,2.05,2.));
#12115=CARTESIAN_POINT('',(-1.2,2.25,2.));
#12116=CARTESIAN_POINT('Origin',(-1.2,2.05,2.));
#12117=CARTESIAN_POINT('',(-1.2,2.25,2.));
#12118=CARTESIAN_POINT('',(-1.,2.05,2.));
#12119=CARTESIAN_POINT('Origin',(-2.05,1.2,3.3));
#12120=CARTESIAN_POINT('',(-2.25,1.2,3.3));
#12121=CARTESIAN_POINT('',(-2.05,1.2,3.5));
#12122=CARTESIAN_POINT('Origin',(-2.05,1.2,3.3));
#12123=CARTESIAN_POINT('',(-2.05,1.,3.3));
#12124=CARTESIAN_POINT('Origin',(-2.05,1.2,3.3));
#12125=CARTESIAN_POINT('Origin',(-2.05,1.2,3.3));
#12126=CARTESIAN_POINT('Origin',(-2.05,1.2,2.));
#12127=CARTESIAN_POINT('',(-2.25,1.2,2.));
#12128=CARTESIAN_POINT('',(-2.05,1.,2.));
#12129=CARTESIAN_POINT('Origin',(-2.05,1.2,2.));
#12130=CARTESIAN_POINT('',(-2.05,1.,2.));
#12131=CARTESIAN_POINT('',(-2.25,1.2,2.));
#12132=CARTESIAN_POINT('Origin',(-1.9375,1.2,3.3));
#12133=CARTESIAN_POINT('',(-1.9375,1.2,3.5));
#12134=CARTESIAN_POINT('',(-1.9375,1.,3.3));
#12135=CARTESIAN_POINT('Origin',(-2.05,2.05,3.3));
#12136=CARTESIAN_POINT('',(-2.05,2.25,3.3));
#12137=CARTESIAN_POINT('',(-2.05,2.05,3.5));
#12138=CARTESIAN_POINT('Origin',(-2.05,2.05,3.3));
#12139=CARTESIAN_POINT('',(-2.25,2.05,3.3));
#12140=CARTESIAN_POINT('Origin',(-2.05,2.05,3.3));
#12141=CARTESIAN_POINT('Origin',(-2.05,2.05,3.3));
#12142=CARTESIAN_POINT('Origin',(-2.05,2.05,2.));
#12143=CARTESIAN_POINT('',(-2.05,2.25,2.));
#12144=CARTESIAN_POINT('',(-2.25,2.05,2.));
#12145=CARTESIAN_POINT('Origin',(-2.05,2.05,2.));
#12146=CARTESIAN_POINT('',(-2.25,2.05,2.));
#12147=CARTESIAN_POINT('',(-2.05,2.25,2.));
#12148=CARTESIAN_POINT('Origin',(-2.05,1.9375,3.3));
#12149=CARTESIAN_POINT('',(-2.05,1.9375,3.5));
#12150=CARTESIAN_POINT('',(-2.25,1.9375,3.3));
#12151=CARTESIAN_POINT('Origin',(-1.3125,2.05,3.3));
#12152=CARTESIAN_POINT('',(-1.3125,2.05,3.5));
#12153=CARTESIAN_POINT('',(-1.3125,2.25,3.3));
#12154=CARTESIAN_POINT('Origin',(-1.2,1.40463596411635,3.3));
#12155=CARTESIAN_POINT('',(-1.2,1.40463596411635,3.5));
#12156=CARTESIAN_POINT('',(-1.,1.40463596411635,3.3));
#12157=CARTESIAN_POINT('Origin',(0.,0.,2.));
#12158=CARTESIAN_POINT('Origin',(0.,0.,2.));
#12159=CARTESIAN_POINT('Origin',(-2.25,1.,2.));
#12160=CARTESIAN_POINT('',(-1.125,1.,2.));
#12161=CARTESIAN_POINT('Origin',(-2.25,2.25,2.));
#12162=CARTESIAN_POINT('',(-2.25,1.125,2.));
#12163=CARTESIAN_POINT('Origin',(-1.625,1.625,3.5));
#12164=CARTESIAN_POINT('Origin',(0.,0.,2.));
#12165=CARTESIAN_POINT('Origin',(0.,0.,2.));
#12166=CARTESIAN_POINT('Origin',(0.,0.,2.));
#12167=CARTESIAN_POINT('Origin',(0.,0.,2.));
#12168=CARTESIAN_POINT('Origin',(-0.75,2.25,2.));
#12169=CARTESIAN_POINT('',(-0.75,1.125,2.));
#12170=CARTESIAN_POINT('Origin',(2.25,-2.25,2.));
#12171=CARTESIAN_POINT('',(2.25,-1.125,2.));
#12172=CARTESIAN_POINT('Origin',(-1.,2.25,2.));
#12173=CARTESIAN_POINT('',(-0.5,2.25,2.));
#12174=CARTESIAN_POINT('Origin',(-1.,1.1842719282327,2.));
#12175=CARTESIAN_POINT('',(-1.,0.59213596411635,2.));
#12176=CARTESIAN_POINT('Origin',(0.63508529610859,1.1,0.));
#12177=CARTESIAN_POINT('',(0.63508529610859,1.1,0.));
#12178=CARTESIAN_POINT('',(-0.635085296108588,1.1,0.));
#12179=CARTESIAN_POINT('',(0.317542648054295,1.1,0.));
#12180=CARTESIAN_POINT('',(0.63508529610859,1.1,1.8));
#12181=CARTESIAN_POINT('',(0.63508529610859,1.1,0.));
#12182=CARTESIAN_POINT('',(-0.635085296108588,1.1,1.8));
#12183=CARTESIAN_POINT('',(-0.635085296108588,1.1,1.8));
#12184=CARTESIAN_POINT('',(-0.635085296108588,1.1,0.));
#12185=CARTESIAN_POINT('Origin',(1.27017059221718,-8.32667268468867E-16,
0.));
#12186=CARTESIAN_POINT('',(1.27017059221718,-7.19620089685498E-16,0.));
#12187=CARTESIAN_POINT('',(1.11139926819003,0.274999999999999,0.));
#12188=CARTESIAN_POINT('',(1.27017059221718,-7.19620089685498E-16,1.8));
#12189=CARTESIAN_POINT('',(1.27017059221718,-7.19620089685498E-16,0.));
#12190=CARTESIAN_POINT('',(0.63508529610859,1.1,1.8));
#12191=CARTESIAN_POINT('Origin',(0.635085296108588,-1.1,0.));
#12192=CARTESIAN_POINT('',(0.635085296108588,-1.1,0.));
#12193=CARTESIAN_POINT('',(0.793856620135735,-0.825,0.));
#12194=CARTESIAN_POINT('',(0.635085296108588,-1.1,1.8));
#12195=CARTESIAN_POINT('',(0.635085296108588,-1.1,0.));
#12196=CARTESIAN_POINT('',(1.27017059221718,-6.93889390390723E-16,1.8));
#12197=CARTESIAN_POINT('Origin',(-0.635085296108589,-1.1,0.));
#12198=CARTESIAN_POINT('',(-0.635085296108589,-1.1,0.));
#12199=CARTESIAN_POINT('',(-0.317542648054295,-1.1,0.));
#12200=CARTESIAN_POINT('',(-0.635085296108589,-1.1,1.8));
#12201=CARTESIAN_POINT('',(-0.635085296108589,-1.1,0.));
#12202=CARTESIAN_POINT('',(0.635085296108588,-1.1,1.8));
#12203=CARTESIAN_POINT('Origin',(-1.27017059221718,1.38777878078145E-16,
0.));
#12204=CARTESIAN_POINT('',(-1.27017059221718,2.82034527336256E-16,0.));
#12205=CARTESIAN_POINT('',(-1.11139926819003,-0.275,0.));
#12206=CARTESIAN_POINT('',(-1.27017059221718,2.82034527336256E-16,1.8));
#12207=CARTESIAN_POINT('',(-1.27017059221718,2.82034527336256E-16,0.));
#12208=CARTESIAN_POINT('',(-0.635085296108589,-1.1,1.8));
#12209=CARTESIAN_POINT('Origin',(-0.635085296108588,1.1,0.));
#12210=CARTESIAN_POINT('',(-0.793856620135735,0.825,0.));
#12211=CARTESIAN_POINT('',(-1.27017059221718,2.77555756156289E-16,1.8));
#12212=CARTESIAN_POINT('Origin',(0.,0.,1.8));
#12213=CARTESIAN_POINT('',(-0.75,9.18485099360515E-17,1.8));
#12214=CARTESIAN_POINT('Origin',(0.,0.,1.8));
#12215=CARTESIAN_POINT('Origin',(0.,0.,2.));
#12216=CARTESIAN_POINT('',(-0.75,9.18485099360515E-17,2.));
#12217=CARTESIAN_POINT('Origin',(0.,0.,2.));
#12218=CARTESIAN_POINT('',(-0.75,9.18485099360515E-17,2.));
#12219=CARTESIAN_POINT('Origin',(-2.5,2.5,0.));
#12220=CARTESIAN_POINT('',(-2.5,2.5,0.));
#12221=CARTESIAN_POINT('',(-2.5,-2.5,0.));
#12222=CARTESIAN_POINT('',(-2.5,2.5,0.));
#12223=CARTESIAN_POINT('',(-2.5,-2.5,2.));
#12224=CARTESIAN_POINT('',(-2.5,-2.5,0.));
#12225=CARTESIAN_POINT('',(-2.5,2.5,2.));
#12226=CARTESIAN_POINT('',(-2.5,2.5,2.));
#12227=CARTESIAN_POINT('',(-2.5,2.5,0.));
#12228=CARTESIAN_POINT('Origin',(2.5,2.5,0.));
#12229=CARTESIAN_POINT('',(2.5,2.5,0.));
#12230=CARTESIAN_POINT('',(2.5,2.5,0.));
#12231=CARTESIAN_POINT('',(2.5,2.5,2.));
#12232=CARTESIAN_POINT('',(2.5,2.5,2.));
#12233=CARTESIAN_POINT('',(2.5,2.5,0.));
#12234=CARTESIAN_POINT('Origin',(2.5,-2.5,0.));
#12235=CARTESIAN_POINT('',(2.5,-2.5,0.));
#12236=CARTESIAN_POINT('',(2.5,-2.5,0.));
#12237=CARTESIAN_POINT('',(2.5,-2.5,2.));
#12238=CARTESIAN_POINT('',(2.5,-2.5,2.));
#12239=CARTESIAN_POINT('',(2.5,-2.5,0.));
#12240=CARTESIAN_POINT('Origin',(-2.5,-2.5,0.));
#12241=CARTESIAN_POINT('',(-2.5,-2.5,0.));
#12242=CARTESIAN_POINT('',(-2.5,-2.5,2.));
#12243=CARTESIAN_POINT('Origin',(-2.77555756156289E-16,0.,2.));
#12244=CARTESIAN_POINT('Origin',(-2.77555756156289E-16,-1.38777878078145E-16,
0.));
#12245=CARTESIAN_POINT('',(0.,0.,0.));
#12246=CARTESIAN_POINT('Origin',(2.05,1.2,2.8));
#12247=CARTESIAN_POINT('',(2.05,1.,2.8));
#12248=CARTESIAN_POINT('',(2.05,1.2,3.));
#12249=CARTESIAN_POINT('Origin',(2.05,1.2,2.8));
#12250=CARTESIAN_POINT('',(2.25,1.2,2.8));
#12251=CARTESIAN_POINT('Origin',(2.05,1.2,2.8));
#12252=CARTESIAN_POINT('Origin',(2.05,1.2,2.8));
#12253=CARTESIAN_POINT('Origin',(2.05,1.2,2.));
#12254=CARTESIAN_POINT('',(2.25,1.2,2.));
#12255=CARTESIAN_POINT('',(2.25,1.2,2.));
#12256=CARTESIAN_POINT('',(2.05,1.,1.8));
#12257=CARTESIAN_POINT('',(2.05,1.,2.));
#12258=CARTESIAN_POINT('Origin',(2.05,1.2,1.8));
#12259=CARTESIAN_POINT('Origin',(1.40463596411635,1.2,2.8));
#12260=CARTESIAN_POINT('',(1.1842719282327,1.,2.8));
#12261=CARTESIAN_POINT('',(1.40463596411635,1.,2.8));
#12262=CARTESIAN_POINT('',(1.2737739202857,1.2,3.));
#12263=CARTESIAN_POINT('',(1.40463596411635,1.2,3.));
#12264=CARTESIAN_POINT('Ctrl Pts',(1.2737739202857,1.2,3.));
#12265=CARTESIAN_POINT('Ctrl Pts',(1.27348477512423,1.19933035351661,3.));
#12266=CARTESIAN_POINT('Ctrl Pts',(1.27319554767549,1.19866074447892,2.99999663680197));
#12267=CARTESIAN_POINT('Ctrl Pts',(1.26632402949978,1.18275747461694,2.99983689615864));
#12268=CARTESIAN_POINT('Ctrl Pts',(1.25971263597689,1.16757595490637,2.99794365845681));
#12269=CARTESIAN_POINT('Ctrl Pts',(1.24673176783442,1.13799838513962,2.99075134127626));
#12270=CARTESIAN_POINT('Ctrl Pts',(1.24037731579222,1.12363518389817,2.98548124149727));
#12271=CARTESIAN_POINT('Ctrl Pts',(1.22411636833623,1.08714326708572,2.96708024455044));
#12272=CARTESIAN_POINT('Ctrl Pts',(1.21474464218995,1.06640238095859,2.95114073838034));
#12273=CARTESIAN_POINT('Ctrl Pts',(1.1997203682179,1.0334343354406,2.91325991487757));
#12274=CARTESIAN_POINT('Ctrl Pts',(1.19392714061543,1.020860474893,2.89227873100821));
#12275=CARTESIAN_POINT('Ctrl Pts',(1.18623975075303,1.00422788712802,2.84715801805403));
#12276=CARTESIAN_POINT('Ctrl Pts',(1.1842719282327,1.,2.82375341963455));
#12277=CARTESIAN_POINT('Ctrl Pts',(1.1842719282327,1.,2.8));
#12278=CARTESIAN_POINT('Origin',(0.,0.,2.8));
#12279=CARTESIAN_POINT('',(1.2,1.2737739202857,3.));
#12280=CARTESIAN_POINT('Origin',(0.,0.,3.));
#12281=CARTESIAN_POINT('',(1.,1.1842719282327,2.8));
#12282=CARTESIAN_POINT('Ctrl Pts',(1.2,1.2737739202857,3.));
#12283=CARTESIAN_POINT('Ctrl Pts',(1.19933035351662,1.27348477512423,3.));
#12284=CARTESIAN_POINT('Ctrl Pts',(1.19866074447891,1.27319554767548,2.99999663680197));
#12285=CARTESIAN_POINT('Ctrl Pts',(1.18275747461698,1.2663240294998,2.99983689615864));
#12286=CARTESIAN_POINT('Ctrl Pts',(1.16757595490638,1.25971263597689,2.99794365845682));
#12287=CARTESIAN_POINT('Ctrl Pts',(1.13799838513962,1.24673176783442,2.99075134127626));
#12288=CARTESIAN_POINT('Ctrl Pts',(1.12363518389817,1.24037731579222,2.98548124149727));
#12289=CARTESIAN_POINT('Ctrl Pts',(1.08714326708572,1.22411636833623,2.96708024455044));
#12290=CARTESIAN_POINT('Ctrl Pts',(1.06640238095859,1.21474464218994,2.95114073838034));
#12291=CARTESIAN_POINT('Ctrl Pts',(1.0334343354406,1.19972036821789,2.91325991487757));
#12292=CARTESIAN_POINT('Ctrl Pts',(1.020860474893,1.19392714061543,2.89227873100821));
#12293=CARTESIAN_POINT('Ctrl Pts',(1.00422788712802,1.18623975075302,2.84715801805403));
#12294=CARTESIAN_POINT('Ctrl Pts',(1.,1.1842719282327,2.82375341963455));
#12295=CARTESIAN_POINT('Ctrl Pts',(1.,1.1842719282327,2.8));
#12296=CARTESIAN_POINT('Origin',(0.,0.,2.8));
#12297=CARTESIAN_POINT('Origin',(2.05,2.05,2.8));
#12298=CARTESIAN_POINT('',(2.25,2.05,2.8));
#12299=CARTESIAN_POINT('',(2.05,2.05,3.));
#12300=CARTESIAN_POINT('Origin',(2.05,2.05,2.8));
#12301=CARTESIAN_POINT('',(2.05,2.25,2.8));
#12302=CARTESIAN_POINT('Origin',(2.05,2.05,2.8));
#12303=CARTESIAN_POINT('Origin',(2.05,2.05,2.8));
#12304=CARTESIAN_POINT('Origin',(2.05,2.05,2.));
#12305=CARTESIAN_POINT('',(2.25,2.05,2.));
#12306=CARTESIAN_POINT('',(2.05,2.25,2.));
#12307=CARTESIAN_POINT('Origin',(2.05,2.05,2.));
#12308=CARTESIAN_POINT('',(2.05,2.25,2.));
#12309=CARTESIAN_POINT('',(2.25,2.05,2.));
#12310=CARTESIAN_POINT('Origin',(1.2,2.05,2.8));
#12311=CARTESIAN_POINT('',(1.2,2.25,2.8));
#12312=CARTESIAN_POINT('',(1.2,2.05,3.));
#12313=CARTESIAN_POINT('Origin',(1.2,2.05,2.8));
#12314=CARTESIAN_POINT('',(1.,2.05,2.8));
#12315=CARTESIAN_POINT('Origin',(1.2,2.05,2.8));
#12316=CARTESIAN_POINT('Origin',(1.2,2.05,2.8));
#12317=CARTESIAN_POINT('Origin',(1.2,1.125,1.8));
#12318=CARTESIAN_POINT('',(1.2,2.25,2.));
#12319=CARTESIAN_POINT('',(1.2,2.5,2.));
#12320=CARTESIAN_POINT('',(1.2,1.125,2.));
#12321=CARTESIAN_POINT('',(1.,2.5,1.8));
#12322=CARTESIAN_POINT('Origin',(1.2,2.5,1.8));
#12323=CARTESIAN_POINT('',(1.,2.05,1.8));
#12324=CARTESIAN_POINT('',(1.,1.125,1.8));
#12325=CARTESIAN_POINT('Origin',(1.2,2.05,1.8));
#12326=CARTESIAN_POINT('Origin',(1.2,2.05,2.));
#12327=CARTESIAN_POINT('',(1.,2.05,2.));
#12328=CARTESIAN_POINT('',(1.2,2.25,2.));
#12329=CARTESIAN_POINT('Origin',(1.2,1.9375,2.8));
#12330=CARTESIAN_POINT('',(1.2,1.9375,3.));
#12331=CARTESIAN_POINT('',(1.,1.9375,2.8));
#12332=CARTESIAN_POINT('Origin',(1.9375,2.05,2.8));
#12333=CARTESIAN_POINT('',(1.9375,2.05,3.));
#12334=CARTESIAN_POINT('',(1.9375,2.25,2.8));
#12335=CARTESIAN_POINT('Origin',(2.05,1.3125,2.8));
#12336=CARTESIAN_POINT('',(2.05,1.3125,3.));
#12337=CARTESIAN_POINT('',(2.25,1.3125,2.8));
#12338=CARTESIAN_POINT('Origin',(0.592135964116351,1.2,1.8));
#12339=CARTESIAN_POINT('',(2.5,1.,1.8));
#12340=CARTESIAN_POINT('',(0.592135964116351,0.999999999999999,1.8));
#12341=CARTESIAN_POINT('',(2.5,1.2,2.));
#12342=CARTESIAN_POINT('Origin',(2.5,1.2,1.8));
#12343=CARTESIAN_POINT('',(0.592135964116351,1.2,2.));
#12344=CARTESIAN_POINT('Origin',(2.5,-2.5,0.));
#12345=CARTESIAN_POINT('',(2.5,1.,1.));
#12346=CARTESIAN_POINT('',(2.5,1.,1.));
#12347=CARTESIAN_POINT('',(2.5,-0.999999999999996,1.));
#12348=CARTESIAN_POINT('',(2.5,-1.25,1.));
#12349=CARTESIAN_POINT('',(2.5,-1.,1.8));
#12350=CARTESIAN_POINT('',(2.5,-1.,1.));
#12351=CARTESIAN_POINT('',(2.5,-1.2,2.));
#12352=CARTESIAN_POINT('Origin',(2.5,-1.2,1.8));
#12353=CARTESIAN_POINT('',(2.5,-2.5,2.));
#12354=CARTESIAN_POINT('',(2.5,-2.5,2.));
#12355=CARTESIAN_POINT('',(2.5,-2.5,0.));
#12356=CARTESIAN_POINT('',(2.5,-2.5,0.));
#12357=CARTESIAN_POINT('',(2.5,2.5,0.));
#12358=CARTESIAN_POINT('',(2.5,-2.5,0.));
#12359=CARTESIAN_POINT('',(2.5,2.5,2.));
#12360=CARTESIAN_POINT('',(2.5,2.5,0.));
#12361=CARTESIAN_POINT('',(2.5,-2.5,2.));
#12362=CARTESIAN_POINT('Origin',(1.1842719282327,1.,2.));
#12363=CARTESIAN_POINT('',(1.1842719282327,1.,1.));
#12364=CARTESIAN_POINT('',(1.1842719282327,1.,2.));
#12365=CARTESIAN_POINT('',(2.5,1.,1.));
#12366=CARTESIAN_POINT('Origin',(0.,0.,2.));
#12367=CARTESIAN_POINT('',(1.,1.1842719282327,1.));
#12368=CARTESIAN_POINT('',(1.,1.1842719282327,2.));
#12369=CARTESIAN_POINT('Origin',(0.,0.,1.));
#12370=CARTESIAN_POINT('Origin',(1.,2.25,2.));
#12371=CARTESIAN_POINT('',(1.,2.5,1.));
#12372=CARTESIAN_POINT('',(1.,2.5,1.));
#12373=CARTESIAN_POINT('',(1.,0.830662386291807,1.));
#12374=CARTESIAN_POINT('Origin',(-2.77555756156289E-16,0.,2.));
#12375=CARTESIAN_POINT('',(2.5,2.5,2.));
#12376=CARTESIAN_POINT('',(1.125,2.25,2.));
#12377=CARTESIAN_POINT('',(2.25,0.5,2.));
#12378=CARTESIAN_POINT('Origin',(2.5,2.5,0.));
#12379=CARTESIAN_POINT('',(-2.5,2.5,0.));
#12380=CARTESIAN_POINT('',(2.5,2.5,0.));
#12381=CARTESIAN_POINT('',(-2.5,2.5,2.));
#12382=CARTESIAN_POINT('',(-2.5,2.5,0.));
#12383=CARTESIAN_POINT('',(-1.2,2.5,2.));
#12384=CARTESIAN_POINT('',(2.5,2.5,2.));
#12385=CARTESIAN_POINT('',(-1.00000000000001,2.5,1.8));
#12386=CARTESIAN_POINT('Origin',(-1.2,2.5,1.8));
#12387=CARTESIAN_POINT('',(-1.00000000000001,2.5,1.));
#12388=CARTESIAN_POINT('',(-1.00000000000001,2.5,1.));
#12389=CARTESIAN_POINT('',(1.25,2.5,1.));
#12390=CARTESIAN_POINT('Origin',(1.625,1.625,3.));
#12391=CARTESIAN_POINT('Origin',(0.,0.,1.8));
#12392=CARTESIAN_POINT('',(-1.1,-1.34711147906209E-16,2.));
#12393=CARTESIAN_POINT('Origin',(0.,0.,2.));
#12394=CARTESIAN_POINT('',(-1.3,-1.59204083889156E-16,1.8));
#12395=CARTESIAN_POINT('Origin',(-1.1,-1.34711147906209E-16,1.8));
#12396=CARTESIAN_POINT('',(1.3,1.59204083889156E-16,1.8));
#12397=CARTESIAN_POINT('Origin',(0.,0.,1.8));
#12398=CARTESIAN_POINT('Origin',(0.,0.,1.8));
#12399=CARTESIAN_POINT('Origin',(0.,0.,2.));
#12400=CARTESIAN_POINT('',(1.3,1.38777878078145E-16,1.));
#12401=CARTESIAN_POINT('',(1.3,-1.59204083889156E-16,2.));
#12402=CARTESIAN_POINT('Origin',(0.,0.,1.));
#12403=CARTESIAN_POINT('Origin',(-2.77555756156289E-16,0.,2.));
#12404=CARTESIAN_POINT('',(-0.75,9.18485099360515E-17,2.));
#12405=CARTESIAN_POINT('Origin',(0.,0.,2.));
#12406=CARTESIAN_POINT('Origin',(-1.2,2.05,2.8));
#12407=CARTESIAN_POINT('',(-1.,2.05,2.8));
#12408=CARTESIAN_POINT('',(-1.2,2.05,3.));
#12409=CARTESIAN_POINT('Origin',(-1.2,2.05,2.8));
#12410=CARTESIAN_POINT('',(-1.2,2.25,2.8));
#12411=CARTESIAN_POINT('Origin',(-1.2,2.05,2.8));
#12412=CARTESIAN_POINT('Origin',(-1.2,2.05,2.8));
#12413=CARTESIAN_POINT('Origin',(-1.2,2.05,2.));
#12414=CARTESIAN_POINT('',(-1.2,2.25,2.));
#12415=CARTESIAN_POINT('',(-1.2,2.25,2.));
#12416=CARTESIAN_POINT('',(-1.,2.05,1.8));
#12417=CARTESIAN_POINT('',(-1.,2.05,2.));
#12418=CARTESIAN_POINT('Origin',(-1.2,2.05,1.8));
#12419=CARTESIAN_POINT('Origin',(-1.2,1.40463596411635,2.8));
#12420=CARTESIAN_POINT('',(-1.,1.1842719282327,2.8));
#12421=CARTESIAN_POINT('',(-1.,1.40463596411635,2.8));
#12422=CARTESIAN_POINT('',(-1.2,1.2737739202857,3.));
#12423=CARTESIAN_POINT('',(-1.2,1.40463596411635,3.));
#12424=CARTESIAN_POINT('Ctrl Pts',(-1.2,1.2737739202857,3.));
#12425=CARTESIAN_POINT('Ctrl Pts',(-1.19933035351661,1.27348477512423,3.));
#12426=CARTESIAN_POINT('Ctrl Pts',(-1.19866074447892,1.27319554767548,2.99999663680197));
#12427=CARTESIAN_POINT('Ctrl Pts',(-1.18275747461695,1.26632402949978,2.99983689615864));
#12428=CARTESIAN_POINT('Ctrl Pts',(-1.16757595490637,1.25971263597689,2.99794365845681));
#12429=CARTESIAN_POINT('Ctrl Pts',(-1.13799838513962,1.24673176783442,2.99075134127627));
#12430=CARTESIAN_POINT('Ctrl Pts',(-1.12363518389817,1.24037731579223,2.98548124149727));
#12431=CARTESIAN_POINT('Ctrl Pts',(-1.08714326708572,1.22411636833623,2.96708024455044));
#12432=CARTESIAN_POINT('Ctrl Pts',(-1.06640238095859,1.21474464218995,2.95114073838034));
#12433=CARTESIAN_POINT('Ctrl Pts',(-1.0334343354406,1.1997203682179,2.91325991487757));
#12434=CARTESIAN_POINT('Ctrl Pts',(-1.020860474893,1.19392714061543,2.89227873100821));
#12435=CARTESIAN_POINT('Ctrl Pts',(-1.00422788712802,1.18623975075302,2.84715801805403));
#12436=CARTESIAN_POINT('Ctrl Pts',(-1.,1.1842719282327,2.82375341963455));
#12437=CARTESIAN_POINT('Ctrl Pts',(-1.,1.1842719282327,2.8));
#12438=CARTESIAN_POINT('Origin',(-2.05,2.05,2.8));
#12439=CARTESIAN_POINT('',(-2.05,2.25,2.8));
#12440=CARTESIAN_POINT('',(-2.05,2.05,3.));
#12441=CARTESIAN_POINT('Origin',(-2.05,2.05,2.8));
#12442=CARTESIAN_POINT('',(-2.25,2.05,2.8));
#12443=CARTESIAN_POINT('Origin',(-2.05,2.05,2.8));
#12444=CARTESIAN_POINT('Origin',(-2.05,2.05,2.8));
#12445=CARTESIAN_POINT('Origin',(-2.05,2.05,2.));
#12446=CARTESIAN_POINT('',(-2.05,2.25,2.));
#12447=CARTESIAN_POINT('',(-2.25,2.05,2.));
#12448=CARTESIAN_POINT('Origin',(-2.05,2.05,2.));
#12449=CARTESIAN_POINT('',(-2.25,2.05,2.));
#12450=CARTESIAN_POINT('',(-2.05,2.25,2.));
#12451=CARTESIAN_POINT('Origin',(0.,0.,2.8));
#12452=CARTESIAN_POINT('',(-1.2737739202857,1.2,3.));
#12453=CARTESIAN_POINT('Origin',(0.,0.,3.));
#12454=CARTESIAN_POINT('',(-1.1842719282327,1.,2.8));
#12455=CARTESIAN_POINT('Ctrl Pts',(-1.2737739202857,1.2,3.));
#12456=CARTESIAN_POINT('Ctrl Pts',(-1.27348477512422,1.19933035351661,3.));
#12457=CARTESIAN_POINT('Ctrl Pts',(-1.27319554767549,1.19866074447892,2.99999663680197));
#12458=CARTESIAN_POINT('Ctrl Pts',(-1.26632402949976,1.18275747461692,2.99983689615864));
#12459=CARTESIAN_POINT('Ctrl Pts',(-1.25971263597689,1.16757595490637,2.99794365845681));
#12460=CARTESIAN_POINT('Ctrl Pts',(-1.24673176783442,1.13799838513962,2.99075134127627));
#12461=CARTESIAN_POINT('Ctrl Pts',(-1.24037731579223,1.12363518389817,2.98548124149727));
#12462=CARTESIAN_POINT('Ctrl Pts',(-1.22411636833623,1.08714326708572,2.96708024455044));
#12463=CARTESIAN_POINT('Ctrl Pts',(-1.21474464218995,1.06640238095859,2.95114073838034));
#12464=CARTESIAN_POINT('Ctrl Pts',(-1.1997203682179,1.0334343354406,2.91325991487757));
#12465=CARTESIAN_POINT('Ctrl Pts',(-1.19392714061543,1.020860474893,2.89227873100821));
#12466=CARTESIAN_POINT('Ctrl Pts',(-1.18623975075302,1.00422788712802,2.84715801805403));
#12467=CARTESIAN_POINT('Ctrl Pts',(-1.1842719282327,1.,2.82375341963455));
#12468=CARTESIAN_POINT('Ctrl Pts',(-1.1842719282327,1.,2.8));
#12469=CARTESIAN_POINT('Origin',(0.,0.,2.8));
#12470=CARTESIAN_POINT('Origin',(-2.05,1.2,2.8));
#12471=CARTESIAN_POINT('',(-2.25,1.2,2.8));
#12472=CARTESIAN_POINT('',(-2.05,1.2,3.));
#12473=CARTESIAN_POINT('Origin',(-2.05,1.2,2.8));
#12474=CARTESIAN_POINT('',(-2.05,1.,2.8));
#12475=CARTESIAN_POINT('Origin',(-2.05,1.2,2.8));
#12476=CARTESIAN_POINT('Origin',(-2.05,1.2,2.8));
#12477=CARTESIAN_POINT('Origin',(-1.125,1.2,1.8));
#12478=CARTESIAN_POINT('',(-2.25,1.2,2.));
#12479=CARTESIAN_POINT('',(-2.5,1.2,2.));
#12480=CARTESIAN_POINT('',(-1.125,1.2,2.));
#12481=CARTESIAN_POINT('',(-2.5,0.999999999999999,1.8));
#12482=CARTESIAN_POINT('Origin',(-2.5,1.2,1.8));
#12483=CARTESIAN_POINT('',(-2.05,1.,1.8));
#12484=CARTESIAN_POINT('',(-1.125,1.,1.8));
#12485=CARTESIAN_POINT('Origin',(-2.05,1.2,1.8));
#12486=CARTESIAN_POINT('Origin',(-2.05,1.2,2.));
#12487=CARTESIAN_POINT('',(-2.05,1.,2.));
#12488=CARTESIAN_POINT('',(-2.25,1.2,2.));
#12489=CARTESIAN_POINT('Origin',(-1.9375,1.2,2.8));
#12490=CARTESIAN_POINT('',(-1.9375,1.2,3.));
#12491=CARTESIAN_POINT('',(-1.9375,1.,2.8));
#12492=CARTESIAN_POINT('Origin',(-2.05,1.9375,2.8));
#12493=CARTESIAN_POINT('',(-2.05,1.9375,3.));
#12494=CARTESIAN_POINT('',(-2.25,1.9375,2.8));
#12495=CARTESIAN_POINT('Origin',(-1.3125,2.05,2.8));
#12496=CARTESIAN_POINT('',(-1.3125,2.05,3.));
#12497=CARTESIAN_POINT('',(-1.3125,2.25,2.8));
#12498=CARTESIAN_POINT('Origin',(-1.2,0.59213596411635,1.8));
#12499=CARTESIAN_POINT('',(-1.,0.59213596411635,1.8));
#12500=CARTESIAN_POINT('',(-1.2,0.59213596411635,2.));
#12501=CARTESIAN_POINT('Origin',(-1.,1.1842719282327,2.));
#12502=CARTESIAN_POINT('',(-1.,1.1842719282327,1.));
#12503=CARTESIAN_POINT('',(-1.,1.1842719282327,2.));
#12504=CARTESIAN_POINT('',(-1.00000000000001,2.5,1.));
#12505=CARTESIAN_POINT('Origin',(0.,0.,2.));
#12506=CARTESIAN_POINT('',(-1.1842719282327,1.,1.));
#12507=CARTESIAN_POINT('',(-1.1842719282327,1.,2.));
#12508=CARTESIAN_POINT('Origin',(0.,0.,1.));
#12509=CARTESIAN_POINT('Origin',(-2.25,1.,2.));
#12510=CARTESIAN_POINT('',(-2.5,1.,1.));
#12511=CARTESIAN_POINT('',(-2.5,0.999999999999999,1.));
#12512=CARTESIAN_POINT('',(-0.830662386291808,1.,1.));
#12513=CARTESIAN_POINT('Origin',(-2.77555756156289E-16,0.,2.));
#12514=CARTESIAN_POINT('',(-2.5,2.5,2.));
#12515=CARTESIAN_POINT('',(-2.25,1.125,2.));
#12516=CARTESIAN_POINT('',(-0.5,2.25,2.));
#12517=CARTESIAN_POINT('Origin',(-2.5,2.5,0.));
#12518=CARTESIAN_POINT('',(-2.5,-2.5,0.));
#12519=CARTESIAN_POINT('',(-2.5,2.5,0.));
#12520=CARTESIAN_POINT('',(-2.5,-2.5,2.));
#12521=CARTESIAN_POINT('',(-2.5,-2.5,0.));
#12522=CARTESIAN_POINT('',(-2.5,-1.2,2.));
#12523=CARTESIAN_POINT('',(-2.5,2.5,2.));
#12524=CARTESIAN_POINT('',(-2.5,-1.,1.8));
#12525=CARTESIAN_POINT('Origin',(-2.5,-1.2,1.8));
#12526=CARTESIAN_POINT('',(-2.5,-1.,1.));
#12527=CARTESIAN_POINT('',(-2.5,-1.,1.));
#12528=CARTESIAN_POINT('',(-2.5,1.25,1.));
#12529=CARTESIAN_POINT('Origin',(-1.625,1.625,3.));
#12530=CARTESIAN_POINT('Origin',(1.125,-1.2,1.8));
#12531=CARTESIAN_POINT('',(2.25,-1.2,2.));
#12532=CARTESIAN_POINT('',(1.125,-1.2,2.));
#12533=CARTESIAN_POINT('',(2.05,-1.,1.8));
#12534=CARTESIAN_POINT('',(1.125,-1.,1.8));
#12535=CARTESIAN_POINT('Origin',(2.05,-1.2,1.8));
#12536=CARTESIAN_POINT('Origin',(2.05,-1.2,2.8));
#12537=CARTESIAN_POINT('',(2.25,-1.2,2.8));
#12538=CARTESIAN_POINT('',(2.05,-1.2,3.));
#12539=CARTESIAN_POINT('Origin',(2.05,-1.2,2.8));
#12540=CARTESIAN_POINT('',(2.05,-1.,2.8));
#12541=CARTESIAN_POINT('Origin',(2.05,-1.2,2.8));
#12542=CARTESIAN_POINT('Origin',(2.05,-1.2,2.8));
#12543=CARTESIAN_POINT('Origin',(2.05,-1.2,2.));
#12544=CARTESIAN_POINT('',(2.05,-1.,2.));
#12545=CARTESIAN_POINT('',(2.25,-1.2,2.));
#12546=CARTESIAN_POINT('Origin',(2.05,-2.05,2.8));
#12547=CARTESIAN_POINT('',(2.05,-2.25,2.8));
#12548=CARTESIAN_POINT('',(2.05,-2.05,3.));
#12549=CARTESIAN_POINT('Origin',(2.05,-2.05,2.8));
#12550=CARTESIAN_POINT('',(2.25,-2.05,2.8));
#12551=CARTESIAN_POINT('Origin',(2.05,-2.05,2.8));
#12552=CARTESIAN_POINT('Origin',(2.05,-2.05,2.8));
#12553=CARTESIAN_POINT('Origin',(2.05,-2.05,2.));
#12554=CARTESIAN_POINT('',(2.05,-2.25,2.));
#12555=CARTESIAN_POINT('',(2.25,-2.05,2.));
#12556=CARTESIAN_POINT('Origin',(2.05,-2.05,2.));
#12557=CARTESIAN_POINT('',(2.25,-2.05,2.));
#12558=CARTESIAN_POINT('',(2.05,-2.25,2.));
#12559=CARTESIAN_POINT('Origin',(2.05,-1.9375,2.8));
#12560=CARTESIAN_POINT('',(2.05,-1.9375,3.));
#12561=CARTESIAN_POINT('',(2.25,-1.9375,2.8));
#12562=CARTESIAN_POINT('Origin',(1.2,-2.05,2.8));
#12563=CARTESIAN_POINT('',(1.,-2.05,2.8));
#12564=CARTESIAN_POINT('',(1.2,-2.05,3.));
#12565=CARTESIAN_POINT('Origin',(1.2,-2.05,2.8));
#12566=CARTESIAN_POINT('',(1.2,-2.25,2.8));
#12567=CARTESIAN_POINT('Origin',(1.2,-2.05,2.8));
#12568=CARTESIAN_POINT('Origin',(1.2,-2.05,2.8));
#12569=CARTESIAN_POINT('Origin',(1.2,-2.05,2.));
#12570=CARTESIAN_POINT('',(1.2,-2.25,2.));
#12571=CARTESIAN_POINT('',(1.2,-2.25,2.));
#12572=CARTESIAN_POINT('',(1.,-2.05,1.8));
#12573=CARTESIAN_POINT('',(1.,-2.05,2.));
#12574=CARTESIAN_POINT('Origin',(1.2,-2.05,1.8));
#12575=CARTESIAN_POINT('Origin',(1.2,-0.592135964116351,1.8));
#12576=CARTESIAN_POINT('',(1.,-2.5,1.8));
#12577=CARTESIAN_POINT('',(1.,-0.592135964116351,1.8));
#12578=CARTESIAN_POINT('',(1.2,-2.5,2.));
#12579=CARTESIAN_POINT('Origin',(1.2,-2.5,1.8));
#12580=CARTESIAN_POINT('',(1.2,-0.592135964116351,2.));
#12581=CARTESIAN_POINT('Origin',(1.3125,-2.05,2.8));
#12582=CARTESIAN_POINT('',(1.3125,-2.05,3.));
#12583=CARTESIAN_POINT('',(1.3125,-2.25,2.8));
#12584=CARTESIAN_POINT('Origin',(1.2,-1.40463596411635,2.8));
#12585=CARTESIAN_POINT('',(1.,-1.1842719282327,2.8));
#12586=CARTESIAN_POINT('',(1.,-1.40463596411635,2.8));
#12587=CARTESIAN_POINT('',(1.2,-1.2737739202857,3.));
#12588=CARTESIAN_POINT('',(1.2,-1.40463596411635,3.));
#12589=CARTESIAN_POINT('Ctrl Pts',(1.2,-1.2737739202857,3.));
#12590=CARTESIAN_POINT('Ctrl Pts',(1.19933035351661,-1.27348477512422,3.));
#12591=CARTESIAN_POINT('Ctrl Pts',(1.19866074447892,-1.27319554767548,2.99999663680197));
#12592=CARTESIAN_POINT('Ctrl Pts',(1.18275747461695,-1.26632402949978,2.99983689615864));
#12593=CARTESIAN_POINT('Ctrl Pts',(1.16757595490637,-1.25971263597689,2.99794365845682));
#12594=CARTESIAN_POINT('Ctrl Pts',(1.13799838513961,-1.24673176783442,2.99075134127626));
#12595=CARTESIAN_POINT('Ctrl Pts',(1.12363518389817,-1.24037731579222,2.98548124149726));
#12596=CARTESIAN_POINT('Ctrl Pts',(1.08714326708572,-1.22411636833623,2.96708024455044));
#12597=CARTESIAN_POINT('Ctrl Pts',(1.06640238095859,-1.21474464218995,2.95114073838034));
#12598=CARTESIAN_POINT('Ctrl Pts',(1.0334343354406,-1.1997203682179,2.91325991487757));
#12599=CARTESIAN_POINT('Ctrl Pts',(1.020860474893,-1.19392714061543,2.89227873100821));
#12600=CARTESIAN_POINT('Ctrl Pts',(1.00422788712802,-1.18623975075302,2.84715801805403));
#12601=CARTESIAN_POINT('Ctrl Pts',(1.,-1.1842719282327,2.82375341963455));
#12602=CARTESIAN_POINT('Ctrl Pts',(1.,-1.1842719282327,2.8));
#12603=CARTESIAN_POINT('Origin',(0.,0.,2.8));
#12604=CARTESIAN_POINT('',(1.1842719282327,-1.,2.8));
#12605=CARTESIAN_POINT('Origin',(0.,0.,2.8));
#12606=CARTESIAN_POINT('',(1.2737739202857,-1.2,3.));
#12607=CARTESIAN_POINT('Origin',(0.,0.,3.));
#12608=CARTESIAN_POINT('Ctrl Pts',(1.2737739202857,-1.2,3.));
#12609=CARTESIAN_POINT('Ctrl Pts',(1.27348477512422,-1.19933035351661,3.));
#12610=CARTESIAN_POINT('Ctrl Pts',(1.27319554767549,-1.19866074447892,2.99999663680197));
#12611=CARTESIAN_POINT('Ctrl Pts',(1.26632402949976,-1.18275747461693,2.99983689615864));
#12612=CARTESIAN_POINT('Ctrl Pts',(1.25971263597689,-1.16757595490637,2.99794365845681));
#12613=CARTESIAN_POINT('Ctrl Pts',(1.24673176783442,-1.13799838513962,2.99075134127627));
#12614=CARTESIAN_POINT('Ctrl Pts',(1.24037731579223,-1.12363518389817,2.98548124149727));
#12615=CARTESIAN_POINT('Ctrl Pts',(1.22411636833623,-1.08714326708572,2.96708024455044));
#12616=CARTESIAN_POINT('Ctrl Pts',(1.21474464218994,-1.06640238095859,2.95114073838034));
#12617=CARTESIAN_POINT('Ctrl Pts',(1.19972036821789,-1.0334343354406,2.91325991487757));
#12618=CARTESIAN_POINT('Ctrl Pts',(1.19392714061543,-1.020860474893,2.89227873100821));
#12619=CARTESIAN_POINT('Ctrl Pts',(1.18623975075302,-1.00422788712802,2.84715801805403));
#12620=CARTESIAN_POINT('Ctrl Pts',(1.1842719282327,-1.,2.82375341963455));
#12621=CARTESIAN_POINT('Ctrl Pts',(1.1842719282327,-1.,2.8));
#12622=CARTESIAN_POINT('Origin',(1.9375,-1.2,2.8));
#12623=CARTESIAN_POINT('',(1.9375,-1.2,3.));
#12624=CARTESIAN_POINT('',(1.9375,-1.,2.8));
#12625=CARTESIAN_POINT('Origin',(2.25,-2.25,2.));
#12626=CARTESIAN_POINT('',(2.25,-1.125,2.));
#12627=CARTESIAN_POINT('Origin',(1.,-2.25,2.));
#12628=CARTESIAN_POINT('',(0.5,-2.25,2.));
#12629=CARTESIAN_POINT('Origin',(-2.5,-2.5,0.));
#12630=CARTESIAN_POINT('',(1.,-2.5,1.));
#12631=CARTESIAN_POINT('',(1.,-2.5,1.));
#12632=CARTESIAN_POINT('',(-1.,-2.5,1.));
#12633=CARTESIAN_POINT('',(-1.25,-2.5,1.));
#12634=CARTESIAN_POINT('',(-1.,-2.5,1.8));
#12635=CARTESIAN_POINT('',(-1.,-2.5,1.));
#12636=CARTESIAN_POINT('',(-1.2,-2.5,2.));
#12637=CARTESIAN_POINT('Origin',(-1.2,-2.5,1.8));
#12638=CARTESIAN_POINT('',(-2.5,-2.5,2.));
#12639=CARTESIAN_POINT('',(-2.5,-2.5,0.));
#12640=CARTESIAN_POINT('',(-2.5,-2.5,2.));
#12641=CARTESIAN_POINT('Origin',(1.625,-1.625,3.));
#12642=CARTESIAN_POINT('Origin',(-2.05,-1.2,2.8));
#12643=CARTESIAN_POINT('',(-2.05,-1.,2.8));
#12644=CARTESIAN_POINT('',(-2.05,-1.2,3.));
#12645=CARTESIAN_POINT('Origin',(-2.05,-1.2,2.8));
#12646=CARTESIAN_POINT('',(-2.25,-1.2,2.8));
#12647=CARTESIAN_POINT('Origin',(-2.05,-1.2,2.8));
#12648=CARTESIAN_POINT('Origin',(-2.05,-1.2,2.8));
#12649=CARTESIAN_POINT('Origin',(-2.05,-1.2,2.));
#12650=CARTESIAN_POINT('',(-2.25,-1.2,2.));
#12651=CARTESIAN_POINT('',(-2.25,-1.2,2.));
#12652=CARTESIAN_POINT('',(-2.05,-1.,1.8));
#12653=CARTESIAN_POINT('',(-2.05,-1.,2.));
#12654=CARTESIAN_POINT('Origin',(-2.05,-1.2,1.8));
#12655=CARTESIAN_POINT('Origin',(-1.40463596411635,-1.2,2.8));
#12656=CARTESIAN_POINT('',(-1.1842719282327,-1.,2.8));
#12657=CARTESIAN_POINT('',(-1.40463596411635,-1.,2.8));
#12658=CARTESIAN_POINT('',(-1.2737739202857,-1.2,3.));
#12659=CARTESIAN_POINT('',(-1.40463596411635,-1.2,3.));
#12660=CARTESIAN_POINT('Ctrl Pts',(-1.2737739202857,-1.2,3.));
#12661=CARTESIAN_POINT('Ctrl Pts',(-1.27348477512422,-1.19933035351661,
3.));
#12662=CARTESIAN_POINT('Ctrl Pts',(-1.27319554767548,-1.19866074447892,
2.99999663680197));
#12663=CARTESIAN_POINT('Ctrl Pts',(-1.26632402949978,-1.18275747461696,
2.99983689615864));
#12664=CARTESIAN_POINT('Ctrl Pts',(-1.25971263597689,-1.16757595490637,
2.99794365845682));
#12665=CARTESIAN_POINT('Ctrl Pts',(-1.24673176783442,-1.13799838513962,
2.99075134127626));
#12666=CARTESIAN_POINT('Ctrl Pts',(-1.24037731579222,-1.12363518389817,
2.98548124149727));
#12667=CARTESIAN_POINT('Ctrl Pts',(-1.22411636833623,-1.08714326708572,
2.96708024455044));
#12668=CARTESIAN_POINT('Ctrl Pts',(-1.21474464218994,-1.06640238095859,
2.95114073838034));
#12669=CARTESIAN_POINT('Ctrl Pts',(-1.1997203682179,-1.0334343354406,2.91325991487757));
#12670=CARTESIAN_POINT('Ctrl Pts',(-1.19392714061543,-1.020860474893,2.89227873100821));
#12671=CARTESIAN_POINT('Ctrl Pts',(-1.18623975075302,-1.00422788712802,
2.84715801805403));
#12672=CARTESIAN_POINT('Ctrl Pts',(-1.1842719282327,-1.,2.82375341963455));
#12673=CARTESIAN_POINT('Ctrl Pts',(-1.1842719282327,-1.,2.8));
#12674=CARTESIAN_POINT('Origin',(0.,0.,2.8));
#12675=CARTESIAN_POINT('',(-1.2,-1.2737739202857,3.));
#12676=CARTESIAN_POINT('Origin',(0.,0.,3.));
#12677=CARTESIAN_POINT('',(-1.,-1.1842719282327,2.8));
#12678=CARTESIAN_POINT('Ctrl Pts',(-1.2,-1.2737739202857,3.));
#12679=CARTESIAN_POINT('Ctrl Pts',(-1.19933035351661,-1.27348477512423,
3.));
#12680=CARTESIAN_POINT('Ctrl Pts',(-1.19866074447892,-1.27319554767548,
2.99999663680197));
#12681=CARTESIAN_POINT('Ctrl Pts',(-1.18275747461695,-1.26632402949978,
2.99983689615864));
#12682=CARTESIAN_POINT('Ctrl Pts',(-1.16757595490637,-1.25971263597689,
2.99794365845682));
#12683=CARTESIAN_POINT('Ctrl Pts',(-1.13799838513962,-1.24673176783442,
2.99075134127626));
#12684=CARTESIAN_POINT('Ctrl Pts',(-1.12363518389817,-1.24037731579223,
2.98548124149727));
#12685=CARTESIAN_POINT('Ctrl Pts',(-1.08714326708572,-1.22411636833623,
2.96708024455044));
#12686=CARTESIAN_POINT('Ctrl Pts',(-1.06640238095859,-1.21474464218994,
2.95114073838034));
#12687=CARTESIAN_POINT('Ctrl Pts',(-1.0334343354406,-1.1997203682179,2.91325991487757));
#12688=CARTESIAN_POINT('Ctrl Pts',(-1.020860474893,-1.19392714061543,2.89227873100821));
#12689=CARTESIAN_POINT('Ctrl Pts',(-1.00422788712802,-1.18623975075302,
2.84715801805403));
#12690=CARTESIAN_POINT('Ctrl Pts',(-1.,-1.1842719282327,2.82375341963455));
#12691=CARTESIAN_POINT('Ctrl Pts',(-1.,-1.1842719282327,2.8));
#12692=CARTESIAN_POINT('Origin',(0.,0.,2.8));
#12693=CARTESIAN_POINT('Origin',(-2.05,-2.05,2.8));
#12694=CARTESIAN_POINT('',(-2.25,-2.05,2.8));
#12695=CARTESIAN_POINT('',(-2.05,-2.05,3.));
#12696=CARTESIAN_POINT('Origin',(-2.05,-2.05,2.8));
#12697=CARTESIAN_POINT('',(-2.05,-2.25,2.8));
#12698=CARTESIAN_POINT('Origin',(-2.05,-2.05,2.8));
#12699=CARTESIAN_POINT('Origin',(-2.05,-2.05,2.8));
#12700=CARTESIAN_POINT('Origin',(-2.05,-2.05,2.));
#12701=CARTESIAN_POINT('',(-2.25,-2.05,2.));
#12702=CARTESIAN_POINT('',(-2.05,-2.25,2.));
#12703=CARTESIAN_POINT('Origin',(-2.05,-2.05,2.));
#12704=CARTESIAN_POINT('',(-2.05,-2.25,2.));
#12705=CARTESIAN_POINT('',(-2.25,-2.05,2.));
#12706=CARTESIAN_POINT('Origin',(-1.2,-2.05,2.8));
#12707=CARTESIAN_POINT('',(-1.2,-2.25,2.8));
#12708=CARTESIAN_POINT('',(-1.2,-2.05,3.));
#12709=CARTESIAN_POINT('Origin',(-1.2,-2.05,2.8));
#12710=CARTESIAN_POINT('',(-1.,-2.05,2.8));
#12711=CARTESIAN_POINT('Origin',(-1.2,-2.05,2.8));
#12712=CARTESIAN_POINT('Origin',(-1.2,-2.05,2.8));
#12713=CARTESIAN_POINT('Origin',(-1.2,-1.125,1.8));
#12714=CARTESIAN_POINT('',(-1.2,-2.25,2.));
#12715=CARTESIAN_POINT('',(-1.2,-1.125,2.));
#12716=CARTESIAN_POINT('',(-1.,-2.05,1.8));
#12717=CARTESIAN_POINT('',(-1.,-1.125,1.8));
#12718=CARTESIAN_POINT('Origin',(-1.2,-2.05,1.8));
#12719=CARTESIAN_POINT('Origin',(-1.2,-2.05,2.));
#12720=CARTESIAN_POINT('',(-1.,-2.05,2.));
#12721=CARTESIAN_POINT('',(-1.2,-2.25,2.));
#12722=CARTESIAN_POINT('Origin',(-1.2,-1.9375,2.8));
#12723=CARTESIAN_POINT('',(-1.2,-1.9375,3.));
#12724=CARTESIAN_POINT('',(-1.,-1.9375,2.8));
#12725=CARTESIAN_POINT('Origin',(-1.9375,-2.05,2.8));
#12726=CARTESIAN_POINT('',(-1.9375,-2.05,3.));
#12727=CARTESIAN_POINT('',(-1.9375,-2.25,2.8));
#12728=CARTESIAN_POINT('Origin',(-2.05,-1.3125,2.8));
#12729=CARTESIAN_POINT('',(-2.05,-1.3125,3.));
#12730=CARTESIAN_POINT('',(-2.25,-1.3125,2.8));
#12731=CARTESIAN_POINT('Origin',(-0.59213596411635,-1.2,1.8));
#12732=CARTESIAN_POINT('',(-0.59213596411635,-1.,1.8));
#12733=CARTESIAN_POINT('',(-0.59213596411635,-1.2,2.));
#12734=CARTESIAN_POINT('Origin',(-2.25,-2.25,2.));
#12735=CARTESIAN_POINT('',(-1.125,-2.25,2.));
#12736=CARTESIAN_POINT('Origin',(-2.25,-1.,2.));
#12737=CARTESIAN_POINT('',(-2.25,-0.500000000000001,2.));
#12738=CARTESIAN_POINT('Origin',(-1.625,-1.625,3.));
#12739=CARTESIAN_POINT('Origin',(-2.77555756156289E-16,-1.38777878078145E-16,
1.));
#12740=CARTESIAN_POINT('',(-1.1842719282327,-1.,1.));
#12741=CARTESIAN_POINT('',(-2.5,-1.,1.));
#12742=CARTESIAN_POINT('',(-1.,-1.1842719282327,1.));
#12743=CARTESIAN_POINT('Origin',(0.,0.,1.));
#12744=CARTESIAN_POINT('',(-1.,-0.830662386291807,1.));
#12745=CARTESIAN_POINT('',(1.,-1.1842719282327,1.));
#12746=CARTESIAN_POINT('',(1.,-2.5,1.));
#12747=CARTESIAN_POINT('',(1.1842719282327,-1.,1.));
#12748=CARTESIAN_POINT('Origin',(0.,0.,1.));
#12749=CARTESIAN_POINT('',(0.830662386291806,-1.,1.));
#12750=CARTESIAN_POINT('Origin',(-2.77555756156289E-16,0.,2.));
#12751=CARTESIAN_POINT('Origin',(-2.77555756156289E-16,0.,2.));
#12752=CARTESIAN_POINT('Origin',(2.25,-1.,2.));
#12753=CARTESIAN_POINT('',(1.1842719282327,-1.,2.));
#12754=CARTESIAN_POINT('Origin',(1.,-1.1842719282327,2.));
#12755=CARTESIAN_POINT('',(1.,-1.1842719282327,2.));
#12756=CARTESIAN_POINT('Origin',(0.,0.,2.));
#12757=CARTESIAN_POINT('Origin',(2.25,2.25,2.));
#12758=CARTESIAN_POINT('Origin',(2.25,1.,2.));
#12759=CARTESIAN_POINT('Origin',(-1.1842719282327,-1.,2.));
#12760=CARTESIAN_POINT('',(-1.1842719282327,-1.,2.));
#12761=CARTESIAN_POINT('Origin',(0.,0.,2.));
#12762=CARTESIAN_POINT('',(-1.,-1.1842719282327,2.));
#12763=CARTESIAN_POINT('Origin',(-1.,-2.25,2.));
#12764=CARTESIAN_POINT('Origin',(-2.25,2.25,2.));
#12765=CARTESIAN_POINT('Origin',(-1.,2.25,2.));
#12766=CARTESIAN_POINT('Origin',(0.63508529610859,1.1,0.));
#12767=CARTESIAN_POINT('',(0.63508529610859,1.1,0.));
#12768=CARTESIAN_POINT('',(-0.635085296108588,1.1,0.));
#12769=CARTESIAN_POINT('',(0.317542648054295,1.1,0.));
#12770=CARTESIAN_POINT('',(0.63508529610859,1.1,1.8));
#12771=CARTESIAN_POINT('',(0.63508529610859,1.1,0.));
#12772=CARTESIAN_POINT('',(-0.635085296108588,1.1,1.8));
#12773=CARTESIAN_POINT('',(-0.635085296108588,1.1,1.8));
#12774=CARTESIAN_POINT('',(-0.635085296108588,1.1,0.));
#12775=CARTESIAN_POINT('Origin',(1.27017059221718,-8.32667268468867E-16,
0.));
#12776=CARTESIAN_POINT('',(1.27017059221718,-7.19620089685498E-16,0.));
#12777=CARTESIAN_POINT('',(1.11139926819003,0.274999999999999,0.));
#12778=CARTESIAN_POINT('',(1.27017059221718,-7.19620089685498E-16,1.8));
#12779=CARTESIAN_POINT('',(1.27017059221718,-7.19620089685498E-16,0.));
#12780=CARTESIAN_POINT('',(0.63508529610859,1.1,1.8));
#12781=CARTESIAN_POINT('Origin',(0.635085296108588,-1.1,0.));
#12782=CARTESIAN_POINT('',(0.635085296108588,-1.1,0.));
#12783=CARTESIAN_POINT('',(0.793856620135735,-0.825,0.));
#12784=CARTESIAN_POINT('',(0.635085296108588,-1.1,1.8));
#12785=CARTESIAN_POINT('',(0.635085296108588,-1.1,0.));
#12786=CARTESIAN_POINT('',(1.27017059221718,-6.93889390390723E-16,1.8));
#12787=CARTESIAN_POINT('Origin',(-0.635085296108589,-1.1,0.));
#12788=CARTESIAN_POINT('',(-0.635085296108589,-1.1,0.));
#12789=CARTESIAN_POINT('',(-0.317542648054295,-1.1,0.));
#12790=CARTESIAN_POINT('',(-0.635085296108589,-1.1,1.8));
#12791=CARTESIAN_POINT('',(-0.635085296108589,-1.1,0.));
#12792=CARTESIAN_POINT('',(0.635085296108588,-1.1,1.8));
#12793=CARTESIAN_POINT('Origin',(-1.27017059221718,1.38777878078145E-16,
0.));
#12794=CARTESIAN_POINT('',(-1.27017059221718,2.82034527336256E-16,0.));
#12795=CARTESIAN_POINT('',(-1.11139926819003,-0.275,0.));
#12796=CARTESIAN_POINT('',(-1.27017059221718,2.82034527336256E-16,1.8));
#12797=CARTESIAN_POINT('',(-1.27017059221718,2.82034527336256E-16,0.));
#12798=CARTESIAN_POINT('',(-0.635085296108589,-1.1,1.8));
#12799=CARTESIAN_POINT('Origin',(-0.635085296108588,1.1,0.));
#12800=CARTESIAN_POINT('',(-0.793856620135735,0.825,0.));
#12801=CARTESIAN_POINT('',(-1.27017059221718,2.77555756156289E-16,1.8));
#12802=CARTESIAN_POINT('Origin',(0.,0.,1.8));
#12803=CARTESIAN_POINT('',(-0.75,9.18485099360515E-17,1.8));
#12804=CARTESIAN_POINT('Origin',(0.,0.,1.8));
#12805=CARTESIAN_POINT('Origin',(0.,0.,2.));
#12806=CARTESIAN_POINT('',(-0.75,9.18485099360515E-17,2.));
#12807=CARTESIAN_POINT('Origin',(-2.77555756156289E-16,-1.38777878078145E-16,
0.));
#12808=CARTESIAN_POINT('',(-26.145585126151,2.80729701825656,-37.6331282888403));
#12809=CARTESIAN_POINT('',(-26.1455851261511,3.45374362766368,-38.1937884606196));
#12810=CARTESIAN_POINT('',(-18.6455851261504,-1.52283000066115,-42.6331282888431));
#12811=CARTESIAN_POINT('',(-18.0857459402139,-1.19960669595823,-42.0724681170631));
#12812=CARTESIAN_POINT('',(-18.6455851261499,-10.1830840385099,-37.6331282888495));
#12813=CARTESIAN_POINT('',(-18.0857459402132,-10.5063073432128,-38.1937884606296));
#12814=CARTESIAN_POINT('',(-33.6455851261508,-1.52283000066609,-37.633128288843));
#12815=CARTESIAN_POINT('',(-34.2054243120876,-1.19960669596228,-38.1937884606226));
#12816=CARTESIAN_POINT('',(-26.1455851261498,-14.5132110574325,-37.6331282888526));
#12817=CARTESIAN_POINT('',(-26.1455851261498,-15.1596576668387,-38.1937884606328));
#12818=CARTESIAN_POINT('',(-28.1635343185821,1.64223350879711,-40.133128288841));
#12819=CARTESIAN_POINT('',(-24.1276359337199,1.64223350879739,-40.1331282888412));
#12820=CARTESIAN_POINT('',(-26.1455851261513,6.86915919673604,-38.3139067974776));
#12821=CARTESIAN_POINT('',(-31.6276359337198,-0.357766491203064,-40.1331282888423));
#12822=CARTESIAN_POINT('',(-33.6455851261507,-3.85295701958651,-40.1331282888447));
#12823=CARTESIAN_POINT('',(-37.1632609593854,0.508101088573361,-38.3139067974816));
#12824=CARTESIAN_POINT('',(-33.6455851261502,-10.1830840385106,-37.6331282888494));
#12825=CARTESIAN_POINT('',(-31.627635933719,-11.3481475479698,-40.1331282888503));
#12826=CARTESIAN_POINT('',(-33.6455851261504,-7.85295701958652,-40.1331282888477));
#12827=CARTESIAN_POINT('',(-35.6635343185813,-11.3481475479698,-40.1331282888502));
#12828=CARTESIAN_POINT('',(-20.663534318581,-11.3481475479693,-40.1331282888503));
#12829=CARTESIAN_POINT('',(-18.6455851261498,-7.85295701958573,-40.1331282888477));
#12830=CARTESIAN_POINT('',(-15.1279092929159,-12.2140151277489,-38.3139067974914));
#12831=CARTESIAN_POINT('',(-18.6455851261501,-3.85295701958511,-40.1331282888448));
#12832=CARTESIAN_POINT('',(-20.6635343185817,-0.35776649120222,-40.1331282888421));
#12833=CARTESIAN_POINT('',(-28.163534318581,-13.3481475479696,-40.1331282888517));
#12834=CARTESIAN_POINT('',(-24.1276359337187,-13.3481475479695,-40.1331282888517));
#12835=CARTESIAN_POINT('',(-26.1455851261496,-18.5750732359109,-38.3139067974958));
#12836=CARTESIAN_POINT('',(-15.1279092929167,0.5081010885783,-41.9523497802015));
#12837=CARTESIAN_POINT('',(-10.0267691206835,3.4532457401921,-45.0142119586785));
#12838=CARTESIAN_POINT('',(-12.9846057679809,1.74553795565594,-45.1343302955401));
#12839=CARTESIAN_POINT('',(-11.8532220271096,4.72886968192866,-47.6058032196969));
#12840=CARTESIAN_POINT('',(-9.83527283467856,1.23367915354539,-47.6058032196992));
#12841=CARTESIAN_POINT('',(-12.7824450813143,-13.5681695216964,-32.070064103674));
#12842=CARTESIAN_POINT('',(-12.6784195501328,-13.6282286901241,-35.4854796727463));
#12843=CARTESIAN_POINT('',(-9.52908661683023,-13.1163698880138,-33.0140067485872));
#12844=CARTESIAN_POINT('',(-11.5470358092615,-16.611560416397,-33.0140067485896));
#12845=CARTESIAN_POINT('',(-26.1455851261513,9.57746798461734,-32.0700641036573));
#12846=CARTESIAN_POINT('',(-26.1455851261514,9.69758632148019,-35.4854796727295));
#12847=CARTESIAN_POINT('',(-28.1635343185827,12.1690592456371,-33.0140067485689));
#12848=CARTESIAN_POINT('',(-24.1276359337204,12.1690592456374,-33.014006748569));
#12849=CARTESIAN_POINT('',(-26.1455851261493,-21.2833820238012,-32.0700641036794));
#12850=CARTESIAN_POINT('',(-24.127635933718,-23.8749732848197,-33.0140067485947));
#12851=CARTESIAN_POINT('',(-28.1635343185802,-23.8749732848199,-33.0140067485947));
#12852=CARTESIAN_POINT('',(-26.1455851261493,-21.4035003606592,-35.4854796727517));
#12853=CARTESIAN_POINT('',(-39.508725170987,1.86225548251088,-32.0700641036621));
#12854=CARTESIAN_POINT('',(-42.762083635471,1.41045584882911,-33.0140067485757));
#12855=CARTESIAN_POINT('',(-40.7441344430409,4.90564637721242,-33.0140067485733));
#12856=CARTESIAN_POINT('',(-39.6127507021686,1.92231465094376,-35.4854796727343));
#12857=UNCERTAINTY_MEASURE_WITH_UNIT(LENGTH_MEASURE(0.01),#12873,
'DISTANCE_ACCURACY_VALUE',
'Maximum model space distance between geometric entities at asserted c
onnectivities');
#12858=UNCERTAINTY_MEASURE_WITH_UNIT(LENGTH_MEASURE(0.01),#12873,
'DISTANCE_ACCURACY_VALUE',
'Maximum model space distance between geometric entities at asserted c
onnectivities');
#12859=UNCERTAINTY_MEASURE_WITH_UNIT(LENGTH_MEASURE(0.01),#12873,
'DISTANCE_ACCURACY_VALUE',
'Maximum model space distance between geometric entities at asserted c
onnectivities');
#12860=UNCERTAINTY_MEASURE_WITH_UNIT(LENGTH_MEASURE(0.01),#12873,
'DISTANCE_ACCURACY_VALUE',
'Maximum model space distance between geometric entities at asserted c
onnectivities');
#12861=UNCERTAINTY_MEASURE_WITH_UNIT(LENGTH_MEASURE(0.01),#12873,
'DISTANCE_ACCURACY_VALUE',
'Maximum model space distance between geometric entities at asserted c
onnectivities');
#12862=UNCERTAINTY_MEASURE_WITH_UNIT(LENGTH_MEASURE(0.01),#12873,
'DISTANCE_ACCURACY_VALUE',
'Maximum model space distance between geometric entities at asserted c
onnectivities');
#12863=UNCERTAINTY_MEASURE_WITH_UNIT(LENGTH_MEASURE(0.01),#12873,
'DISTANCE_ACCURACY_VALUE',
'Maximum model space distance between geometric entities at asserted c
onnectivities');
#12864=UNCERTAINTY_MEASURE_WITH_UNIT(LENGTH_MEASURE(0.01),#12873,
'DISTANCE_ACCURACY_VALUE',
'Maximum model space distance between geometric entities at asserted c
onnectivities');
#12865=(
GEOMETRIC_REPRESENTATION_CONTEXT(3)
GLOBAL_UNCERTAINTY_ASSIGNED_CONTEXT((#12857))
GLOBAL_UNIT_ASSIGNED_CONTEXT((#12873,#12875,#12876))
REPRESENTATION_CONTEXT('','3D')
);
#12866=(
GEOMETRIC_REPRESENTATION_CONTEXT(3)
GLOBAL_UNCERTAINTY_ASSIGNED_CONTEXT((#12858))
GLOBAL_UNIT_ASSIGNED_CONTEXT((#12873,#12875,#12876))
REPRESENTATION_CONTEXT('','3D')
);
#12867=(
GEOMETRIC_REPRESENTATION_CONTEXT(3)
GLOBAL_UNCERTAINTY_ASSIGNED_CONTEXT((#12859))
GLOBAL_UNIT_ASSIGNED_CONTEXT((#12873,#12875,#12876))
REPRESENTATION_CONTEXT('','3D')
);
#12868=(
GEOMETRIC_REPRESENTATION_CONTEXT(3)
GLOBAL_UNCERTAINTY_ASSIGNED_CONTEXT((#12860))
GLOBAL_UNIT_ASSIGNED_CONTEXT((#12873,#12875,#12876))
REPRESENTATION_CONTEXT('','3D')
);
#12869=(
GEOMETRIC_REPRESENTATION_CONTEXT(3)
GLOBAL_UNCERTAINTY_ASSIGNED_CONTEXT((#12861))
GLOBAL_UNIT_ASSIGNED_CONTEXT((#12873,#12875,#12876))
REPRESENTATION_CONTEXT('','3D')
);
#12870=(
GEOMETRIC_REPRESENTATION_CONTEXT(3)
GLOBAL_UNCERTAINTY_ASSIGNED_CONTEXT((#12862))
GLOBAL_UNIT_ASSIGNED_CONTEXT((#12873,#12875,#12876))
REPRESENTATION_CONTEXT('','3D')
);
#12871=(
GEOMETRIC_REPRESENTATION_CONTEXT(3)
GLOBAL_UNCERTAINTY_ASSIGNED_CONTEXT((#12863))
GLOBAL_UNIT_ASSIGNED_CONTEXT((#12873,#12875,#12876))
REPRESENTATION_CONTEXT('','3D')
);
#12872=(
GEOMETRIC_REPRESENTATION_CONTEXT(3)
GLOBAL_UNCERTAINTY_ASSIGNED_CONTEXT((#12864))
GLOBAL_UNIT_ASSIGNED_CONTEXT((#12873,#12875,#12876))
REPRESENTATION_CONTEXT('','3D')
);
#12873=(
LENGTH_UNIT()
NAMED_UNIT(*)
SI_UNIT(.MILLI.,.METRE.)
);
#12874=(
LENGTH_UNIT()
NAMED_UNIT(*)
SI_UNIT(.CENTI.,.METRE.)
);
#12875=(
NAMED_UNIT(*)
PLANE_ANGLE_UNIT()
SI_UNIT($,.RADIAN.)
);
#12876=(
NAMED_UNIT(*)
SI_UNIT($,.STERADIAN.)
SOLID_ANGLE_UNIT()
);
#12877=SHAPE_DEFINITION_REPRESENTATION(#12884,#12940);
#12878=SHAPE_DEFINITION_REPRESENTATION(#12885,#12941);
#12879=SHAPE_DEFINITION_REPRESENTATION(#12886,#12942);
#12880=SHAPE_DEFINITION_REPRESENTATION(#12887,#12943);
#12881=SHAPE_DEFINITION_REPRESENTATION(#12888,#12944);
#12882=SHAPE_DEFINITION_REPRESENTATION(#12889,#12945);
#12883=SHAPE_DEFINITION_REPRESENTATION(#12890,#12946);
#12884=PRODUCT_DEFINITION_SHAPE('',$,#12948);
#12885=PRODUCT_DEFINITION_SHAPE('',$,#12949);
#12886=PRODUCT_DEFINITION_SHAPE('',$,#12950);
#12887=PRODUCT_DEFINITION_SHAPE('',$,#12951);
#12888=PRODUCT_DEFINITION_SHAPE('',$,#12952);
#12889=PRODUCT_DEFINITION_SHAPE('',$,#12953);
#12890=PRODUCT_DEFINITION_SHAPE('',$,#12954);
#12891=PRODUCT_DEFINITION_SHAPE($,$,#158);
#12892=PRODUCT_DEFINITION_SHAPE($,$,#159);
#12893=PRODUCT_DEFINITION_SHAPE($,$,#160);
#12894=PRODUCT_DEFINITION_SHAPE($,$,#161);
#12895=PRODUCT_DEFINITION_SHAPE($,$,#162);
#12896=PRODUCT_DEFINITION_SHAPE($,$,#163);
#12897=PRODUCT_DEFINITION_SHAPE($,$,#164);
#12898=PRODUCT_DEFINITION_SHAPE($,$,#165);
#12899=PRODUCT_DEFINITION_SHAPE($,$,#166);
#12900=PRODUCT_DEFINITION_SHAPE($,$,#167);
#12901=PRODUCT_DEFINITION_SHAPE($,$,#168);
#12902=PRODUCT_DEFINITION_SHAPE($,$,#169);
#12903=PRODUCT_DEFINITION_SHAPE($,$,#170);
#12904=PRODUCT_DEFINITION_SHAPE($,$,#171);
#12905=PRODUCT_DEFINITION_SHAPE($,$,#172);
#12906=PRODUCT_DEFINITION_SHAPE($,$,#173);
#12907=PRODUCT_DEFINITION_SHAPE($,$,#174);
#12908=PRODUCT_DEFINITION_SHAPE($,$,#175);
#12909=PRODUCT_DEFINITION_SHAPE($,$,#176);
#12910=PRODUCT_DEFINITION_SHAPE($,$,#177);
#12911=PRODUCT_DEFINITION_SHAPE($,$,#178);
#12912=PRODUCT_DEFINITION_SHAPE($,$,#179);
#12913=PRODUCT_DEFINITION_SHAPE($,$,#180);
#12914=PRODUCT_DEFINITION_SHAPE($,$,#181);
#12915=PRODUCT_DEFINITION_SHAPE($,$,#182);
#12916=PRODUCT_DEFINITION_SHAPE($,$,#183);
#12917=PRODUCT_DEFINITION_SHAPE($,$,#184);
#12918=PRODUCT_DEFINITION_SHAPE($,$,#185);
#12919=PRODUCT_DEFINITION_SHAPE($,$,#186);
#12920=PRODUCT_DEFINITION_SHAPE($,$,#187);
#12921=PRODUCT_DEFINITION_SHAPE($,$,#188);
#12922=PRODUCT_DEFINITION_SHAPE($,$,#189);
#12923=PRODUCT_DEFINITION_SHAPE($,$,#190);
#12924=PRODUCT_DEFINITION_SHAPE($,$,#191);
#12925=PRODUCT_DEFINITION_SHAPE($,$,#192);
#12926=PRODUCT_DEFINITION_SHAPE($,$,#193);
#12927=PRODUCT_DEFINITION_SHAPE($,$,#194);
#12928=PRODUCT_DEFINITION_SHAPE($,$,#195);
#12929=PRODUCT_DEFINITION_SHAPE($,$,#196);
#12930=PRODUCT_DEFINITION_SHAPE($,$,#197);
#12931=PRODUCT_DEFINITION_SHAPE($,$,#198);
#12932=PRODUCT_DEFINITION_SHAPE($,$,#199);
#12933=PRODUCT_DEFINITION_SHAPE($,$,#200);
#12934=PRODUCT_DEFINITION_SHAPE($,$,#201);
#12935=PRODUCT_DEFINITION_SHAPE($,$,#202);
#12936=PRODUCT_DEFINITION_SHAPE($,$,#203);
#12937=PRODUCT_DEFINITION_SHAPE($,$,#204);
#12938=PRODUCT_DEFINITION_SHAPE($,$,#205);
#12939=PRODUCT_DEFINITION_SHAPE($,$,#206);
#12940=SHAPE_REPRESENTATION('',(#7357,#8177,#8178,#8179,#8180,#8181,#8182,
#8183,#8184,#8185,#8186,#8187,#8188,#8189,#8190,#8191,#8192,#8193,#8194,
#8195,#8196,#8197,#8198,#8199,#8200,#8201,#8202,#8203,#8204,#8205,#8206,
#8207,#8208,#8209,#8210,#8211,#8212,#8213,#8214,#8215,#8216,#8217,#8218,
#8219,#8220,#8221,#8222,#8223,#8224,#8225),#12865);
#12941=SHAPE_REPRESENTATION('',(#7358),#12866);
#12942=SHAPE_REPRESENTATION('',(#7398),#12867);
#12943=SHAPE_REPRESENTATION('',(#7417),#12868);
#12944=SHAPE_REPRESENTATION('',(#7634),#12869);
#12945=SHAPE_REPRESENTATION('',(#7667),#12870);
#12946=SHAPE_REPRESENTATION('',(#8004),#12871);
#12947=PRODUCT_DEFINITION_CONTEXT('part definition',#12970,'design');
#12948=PRODUCT_DEFINITION('PreFoldedBody','BeetleFold',#12955,#12947);
#12949=PRODUCT_DEFINITION('BodyFoldedSide1','BodyFoldedSide1',#12956,#12947);
#12950=PRODUCT_DEFINITION('BodyFoldedSide2','BodyFoldedSide2',#12957,#12947);
#12951=PRODUCT_DEFINITION('SGA','SGA',#12958,#12947);
#12952=PRODUCT_DEFINITION('BodyNew','Body',#12959,#12947);
#12953=PRODUCT_DEFINITION('SGBase','SGX',#12960,#12947);
#12954=PRODUCT_DEFINITION('SGB','SGB',#12961,#12947);
#12955=PRODUCT_DEFINITION_FORMATION('',$,#12972);
#12956=PRODUCT_DEFINITION_FORMATION('',$,#12973);
#12957=PRODUCT_DEFINITION_FORMATION('',$,#12974);
#12958=PRODUCT_DEFINITION_FORMATION('',$,#12975);
#12959=PRODUCT_DEFINITION_FORMATION('',$,#12976);
#12960=PRODUCT_DEFINITION_FORMATION('',$,#12977);
#12961=PRODUCT_DEFINITION_FORMATION('',$,#12978);
#12962=PRODUCT_RELATED_PRODUCT_CATEGORY('BeetleFold','BeetleFold',(#12972));
#12963=PRODUCT_RELATED_PRODUCT_CATEGORY('BodyFoldedSide1',
'BodyFoldedSide1',(#12973));
#12964=PRODUCT_RELATED_PRODUCT_CATEGORY('BodyFoldedSide2',
'BodyFoldedSide2',(#12974));
#12965=PRODUCT_RELATED_PRODUCT_CATEGORY('SGA','SGA',(#12975));
#12966=PRODUCT_RELATED_PRODUCT_CATEGORY('Body','Body',(#12976));
#12967=PRODUCT_RELATED_PRODUCT_CATEGORY('SGX','SGX',(#12977));
#12968=PRODUCT_RELATED_PRODUCT_CATEGORY('SGB','SGB',(#12978));
#12969=APPLICATION_PROTOCOL_DEFINITION('international standard',
'automotive_design',2009,#12970);
#12970=APPLICATION_CONTEXT(
'Core Data for Automotive Mechanical Design Process');
#12971=PRODUCT_CONTEXT('part definition',#12970,'mechanical');
#12972=PRODUCT('PreFoldedBody','BeetleFold',$,(#12971));
#12973=PRODUCT('BodyFoldedSide1','BodyFoldedSide1',$,(#12971));
#12974=PRODUCT('BodyFoldedSide2','BodyFoldedSide2',$,(#12971));
#12975=PRODUCT('SGA','SGA',$,(#12971));
#12976=PRODUCT('BodyNew','Body',$,(#12971));
#12977=PRODUCT('SGBase','SGX',$,(#12971));
#12978=PRODUCT('SGB','SGB',$,(#12971));
ENDSEC;
END-ISO-10303-21;
