ISO-10303-21;
HEADER;
/* Generated by software containing ST-Developer
 * from STEP Tools, Inc. (www.steptools.com) 
 */

FILE_DESCRIPTION(
/* description */ (''),
/* implementation_level */ '2;1');

FILE_NAME(
/* name */ 'BeetleFoldV2.stp',
/* time_stamp */ '2026-06-17T18:23:16+01:00',
/* author */ ('Jakub Schmidt'),
/* organization */ (''),
/* preprocessor_version */ 'ST-DEVELOPER v20.1',
/* originating_system */ 'Autodesk Inventor 2026',
/* authorisation */ '');

FILE_SCHEMA (('AUTOMOTIVE_DESIGN { 1 0 10303 214 3 1 1 }'));
ENDSEC;

DATA;
#10=MECHANICAL_DESIGN_GEOMETRIC_PRESENTATION_REPRESENTATION('',(#360,#361,
#362,#363,#364,#365),#12611);
#11=ITEM_DEFINED_TRANSFORMATION($,$,#7205,#8007);
#12=ITEM_DEFINED_TRANSFORMATION($,$,#7232,#8008);
#13=ITEM_DEFINED_TRANSFORMATION($,$,#7205,#8009);
#14=ITEM_DEFINED_TRANSFORMATION($,$,#7232,#8010);
#15=ITEM_DEFINED_TRANSFORMATION($,$,#7205,#8011);
#16=ITEM_DEFINED_TRANSFORMATION($,$,#7232,#8012);
#17=ITEM_DEFINED_TRANSFORMATION($,$,#7205,#8013);
#18=ITEM_DEFINED_TRANSFORMATION($,$,#7232,#8014);
#19=ITEM_DEFINED_TRANSFORMATION($,$,#7205,#8015);
#20=ITEM_DEFINED_TRANSFORMATION($,$,#7232,#8016);
#21=ITEM_DEFINED_TRANSFORMATION($,$,#7247,#8017);
#22=ITEM_DEFINED_TRANSFORMATION($,$,#7834,#8018);
#23=ITEM_DEFINED_TRANSFORMATION($,$,#7834,#8019);
#24=ITEM_DEFINED_TRANSFORMATION($,$,#7834,#8020);
#25=ITEM_DEFINED_TRANSFORMATION($,$,#7247,#8021);
#26=ITEM_DEFINED_TRANSFORMATION($,$,#7247,#8022);
#27=ITEM_DEFINED_TRANSFORMATION($,$,#7464,#8023);
#28=ITEM_DEFINED_TRANSFORMATION($,$,#7834,#8024);
#29=ITEM_DEFINED_TRANSFORMATION($,$,#7834,#8025);
#30=ITEM_DEFINED_TRANSFORMATION($,$,#7247,#8026);
#31=ITEM_DEFINED_TRANSFORMATION($,$,#7247,#8027);
#32=ITEM_DEFINED_TRANSFORMATION($,$,#7834,#8028);
#33=ITEM_DEFINED_TRANSFORMATION($,$,#7834,#8029);
#34=ITEM_DEFINED_TRANSFORMATION($,$,#7247,#8030);
#35=ITEM_DEFINED_TRANSFORMATION($,$,#7247,#8031);
#36=ITEM_DEFINED_TRANSFORMATION($,$,#7247,#8032);
#37=ITEM_DEFINED_TRANSFORMATION($,$,#7834,#8033);
#38=ITEM_DEFINED_TRANSFORMATION($,$,#7247,#8034);
#39=ITEM_DEFINED_TRANSFORMATION($,$,#7834,#8035);
#40=ITEM_DEFINED_TRANSFORMATION($,$,#7464,#8036);
#41=ITEM_DEFINED_TRANSFORMATION($,$,#7247,#8037);
#42=ITEM_DEFINED_TRANSFORMATION($,$,#7497,#8038);
#43=ITEM_DEFINED_TRANSFORMATION($,$,#7497,#8039);
#44=ITEM_DEFINED_TRANSFORMATION($,$,#7464,#8040);
#45=ITEM_DEFINED_TRANSFORMATION($,$,#7247,#8041);
#46=ITEM_DEFINED_TRANSFORMATION($,$,#7497,#8042);
#47=ITEM_DEFINED_TRANSFORMATION($,$,#7497,#8043);
#48=ITEM_DEFINED_TRANSFORMATION($,$,#7464,#8044);
#49=ITEM_DEFINED_TRANSFORMATION($,$,#7247,#8045);
#50=ITEM_DEFINED_TRANSFORMATION($,$,#7497,#8046);
#51=ITEM_DEFINED_TRANSFORMATION($,$,#7497,#8047);
#52=ITEM_DEFINED_TRANSFORMATION($,$,#7464,#8048);
#53=ITEM_DEFINED_TRANSFORMATION($,$,#7497,#8049);
#54=ITEM_DEFINED_TRANSFORMATION($,$,#7497,#8050);
#55=ITEM_DEFINED_TRANSFORMATION($,$,#7834,#8051);
#56=ITEM_DEFINED_TRANSFORMATION($,$,#7464,#8052);
#57=ITEM_DEFINED_TRANSFORMATION($,$,#7497,#8053);
#58=ITEM_DEFINED_TRANSFORMATION($,$,#7497,#8054);
#59=ITEM_DEFINED_TRANSFORMATION($,$,#7834,#8055);
#60=(
REPRESENTATION_RELATIONSHIP($,$,#12680,#12679)
REPRESENTATION_RELATIONSHIP_WITH_TRANSFORMATION(#11)
SHAPE_REPRESENTATION_RELATIONSHIP()
);
#61=(
REPRESENTATION_RELATIONSHIP($,$,#12681,#12679)
REPRESENTATION_RELATIONSHIP_WITH_TRANSFORMATION(#12)
SHAPE_REPRESENTATION_RELATIONSHIP()
);
#62=(
REPRESENTATION_RELATIONSHIP($,$,#12680,#12679)
REPRESENTATION_RELATIONSHIP_WITH_TRANSFORMATION(#13)
SHAPE_REPRESENTATION_RELATIONSHIP()
);
#63=(
REPRESENTATION_RELATIONSHIP($,$,#12681,#12679)
REPRESENTATION_RELATIONSHIP_WITH_TRANSFORMATION(#14)
SHAPE_REPRESENTATION_RELATIONSHIP()
);
#64=(
REPRESENTATION_RELATIONSHIP($,$,#12680,#12679)
REPRESENTATION_RELATIONSHIP_WITH_TRANSFORMATION(#15)
SHAPE_REPRESENTATION_RELATIONSHIP()
);
#65=(
REPRESENTATION_RELATIONSHIP($,$,#12681,#12679)
REPRESENTATION_RELATIONSHIP_WITH_TRANSFORMATION(#16)
SHAPE_REPRESENTATION_RELATIONSHIP()
);
#66=(
REPRESENTATION_RELATIONSHIP($,$,#12680,#12679)
REPRESENTATION_RELATIONSHIP_WITH_TRANSFORMATION(#17)
SHAPE_REPRESENTATION_RELATIONSHIP()
);
#67=(
REPRESENTATION_RELATIONSHIP($,$,#12681,#12679)
REPRESENTATION_RELATIONSHIP_WITH_TRANSFORMATION(#18)
SHAPE_REPRESENTATION_RELATIONSHIP()
);
#68=(
REPRESENTATION_RELATIONSHIP($,$,#12680,#12679)
REPRESENTATION_RELATIONSHIP_WITH_TRANSFORMATION(#19)
SHAPE_REPRESENTATION_RELATIONSHIP()
);
#69=(
REPRESENTATION_RELATIONSHIP($,$,#12681,#12679)
REPRESENTATION_RELATIONSHIP_WITH_TRANSFORMATION(#20)
SHAPE_REPRESENTATION_RELATIONSHIP()
);
#70=(
REPRESENTATION_RELATIONSHIP($,$,#12682,#12679)
REPRESENTATION_RELATIONSHIP_WITH_TRANSFORMATION(#21)
SHAPE_REPRESENTATION_RELATIONSHIP()
);
#71=(
REPRESENTATION_RELATIONSHIP($,$,#12685,#12679)
REPRESENTATION_RELATIONSHIP_WITH_TRANSFORMATION(#22)
SHAPE_REPRESENTATION_RELATIONSHIP()
);
#72=(
REPRESENTATION_RELATIONSHIP($,$,#12685,#12679)
REPRESENTATION_RELATIONSHIP_WITH_TRANSFORMATION(#23)
SHAPE_REPRESENTATION_RELATIONSHIP()
);
#73=(
REPRESENTATION_RELATIONSHIP($,$,#12685,#12679)
REPRESENTATION_RELATIONSHIP_WITH_TRANSFORMATION(#24)
SHAPE_REPRESENTATION_RELATIONSHIP()
);
#74=(
REPRESENTATION_RELATIONSHIP($,$,#12682,#12679)
REPRESENTATION_RELATIONSHIP_WITH_TRANSFORMATION(#25)
SHAPE_REPRESENTATION_RELATIONSHIP()
);
#75=(
REPRESENTATION_RELATIONSHIP($,$,#12682,#12679)
REPRESENTATION_RELATIONSHIP_WITH_TRANSFORMATION(#26)
SHAPE_REPRESENTATION_RELATIONSHIP()
);
#76=(
REPRESENTATION_RELATIONSHIP($,$,#12683,#12679)
REPRESENTATION_RELATIONSHIP_WITH_TRANSFORMATION(#27)
SHAPE_REPRESENTATION_RELATIONSHIP()
);
#77=(
REPRESENTATION_RELATIONSHIP($,$,#12685,#12679)
REPRESENTATION_RELATIONSHIP_WITH_TRANSFORMATION(#28)
SHAPE_REPRESENTATION_RELATIONSHIP()
);
#78=(
REPRESENTATION_RELATIONSHIP($,$,#12685,#12679)
REPRESENTATION_RELATIONSHIP_WITH_TRANSFORMATION(#29)
SHAPE_REPRESENTATION_RELATIONSHIP()
);
#79=(
REPRESENTATION_RELATIONSHIP($,$,#12682,#12679)
REPRESENTATION_RELATIONSHIP_WITH_TRANSFORMATION(#30)
SHAPE_REPRESENTATION_RELATIONSHIP()
);
#80=(
REPRESENTATION_RELATIONSHIP($,$,#12682,#12679)
REPRESENTATION_RELATIONSHIP_WITH_TRANSFORMATION(#31)
SHAPE_REPRESENTATION_RELATIONSHIP()
);
#81=(
REPRESENTATION_RELATIONSHIP($,$,#12685,#12679)
REPRESENTATION_RELATIONSHIP_WITH_TRANSFORMATION(#32)
SHAPE_REPRESENTATION_RELATIONSHIP()
);
#82=(
REPRESENTATION_RELATIONSHIP($,$,#12685,#12679)
REPRESENTATION_RELATIONSHIP_WITH_TRANSFORMATION(#33)
SHAPE_REPRESENTATION_RELATIONSHIP()
);
#83=(
REPRESENTATION_RELATIONSHIP($,$,#12682,#12679)
REPRESENTATION_RELATIONSHIP_WITH_TRANSFORMATION(#34)
SHAPE_REPRESENTATION_RELATIONSHIP()
);
#84=(
REPRESENTATION_RELATIONSHIP($,$,#12682,#12679)
REPRESENTATION_RELATIONSHIP_WITH_TRANSFORMATION(#35)
SHAPE_REPRESENTATION_RELATIONSHIP()
);
#85=(
REPRESENTATION_RELATIONSHIP($,$,#12682,#12679)
REPRESENTATION_RELATIONSHIP_WITH_TRANSFORMATION(#36)
SHAPE_REPRESENTATION_RELATIONSHIP()
);
#86=(
REPRESENTATION_RELATIONSHIP($,$,#12685,#12679)
REPRESENTATION_RELATIONSHIP_WITH_TRANSFORMATION(#37)
SHAPE_REPRESENTATION_RELATIONSHIP()
);
#87=(
REPRESENTATION_RELATIONSHIP($,$,#12682,#12679)
REPRESENTATION_RELATIONSHIP_WITH_TRANSFORMATION(#38)
SHAPE_REPRESENTATION_RELATIONSHIP()
);
#88=(
REPRESENTATION_RELATIONSHIP($,$,#12685,#12679)
REPRESENTATION_RELATIONSHIP_WITH_TRANSFORMATION(#39)
SHAPE_REPRESENTATION_RELATIONSHIP()
);
#89=(
REPRESENTATION_RELATIONSHIP($,$,#12683,#12679)
REPRESENTATION_RELATIONSHIP_WITH_TRANSFORMATION(#40)
SHAPE_REPRESENTATION_RELATIONSHIP()
);
#90=(
REPRESENTATION_RELATIONSHIP($,$,#12682,#12679)
REPRESENTATION_RELATIONSHIP_WITH_TRANSFORMATION(#41)
SHAPE_REPRESENTATION_RELATIONSHIP()
);
#91=(
REPRESENTATION_RELATIONSHIP($,$,#12684,#12679)
REPRESENTATION_RELATIONSHIP_WITH_TRANSFORMATION(#42)
SHAPE_REPRESENTATION_RELATIONSHIP()
);
#92=(
REPRESENTATION_RELATIONSHIP($,$,#12684,#12679)
REPRESENTATION_RELATIONSHIP_WITH_TRANSFORMATION(#43)
SHAPE_REPRESENTATION_RELATIONSHIP()
);
#93=(
REPRESENTATION_RELATIONSHIP($,$,#12683,#12679)
REPRESENTATION_RELATIONSHIP_WITH_TRANSFORMATION(#44)
SHAPE_REPRESENTATION_RELATIONSHIP()
);
#94=(
REPRESENTATION_RELATIONSHIP($,$,#12682,#12679)
REPRESENTATION_RELATIONSHIP_WITH_TRANSFORMATION(#45)
SHAPE_REPRESENTATION_RELATIONSHIP()
);
#95=(
REPRESENTATION_RELATIONSHIP($,$,#12684,#12679)
REPRESENTATION_RELATIONSHIP_WITH_TRANSFORMATION(#46)
SHAPE_REPRESENTATION_RELATIONSHIP()
);
#96=(
REPRESENTATION_RELATIONSHIP($,$,#12684,#12679)
REPRESENTATION_RELATIONSHIP_WITH_TRANSFORMATION(#47)
SHAPE_REPRESENTATION_RELATIONSHIP()
);
#97=(
REPRESENTATION_RELATIONSHIP($,$,#12683,#12679)
REPRESENTATION_RELATIONSHIP_WITH_TRANSFORMATION(#48)
SHAPE_REPRESENTATION_RELATIONSHIP()
);
#98=(
REPRESENTATION_RELATIONSHIP($,$,#12682,#12679)
REPRESENTATION_RELATIONSHIP_WITH_TRANSFORMATION(#49)
SHAPE_REPRESENTATION_RELATIONSHIP()
);
#99=(
REPRESENTATION_RELATIONSHIP($,$,#12684,#12679)
REPRESENTATION_RELATIONSHIP_WITH_TRANSFORMATION(#50)
SHAPE_REPRESENTATION_RELATIONSHIP()
);
#100=(
REPRESENTATION_RELATIONSHIP($,$,#12684,#12679)
REPRESENTATION_RELATIONSHIP_WITH_TRANSFORMATION(#51)
SHAPE_REPRESENTATION_RELATIONSHIP()
);
#101=(
REPRESENTATION_RELATIONSHIP($,$,#12683,#12679)
REPRESENTATION_RELATIONSHIP_WITH_TRANSFORMATION(#52)
SHAPE_REPRESENTATION_RELATIONSHIP()
);
#102=(
REPRESENTATION_RELATIONSHIP($,$,#12684,#12679)
REPRESENTATION_RELATIONSHIP_WITH_TRANSFORMATION(#53)
SHAPE_REPRESENTATION_RELATIONSHIP()
);
#103=(
REPRESENTATION_RELATIONSHIP($,$,#12684,#12679)
REPRESENTATION_RELATIONSHIP_WITH_TRANSFORMATION(#54)
SHAPE_REPRESENTATION_RELATIONSHIP()
);
#104=(
REPRESENTATION_RELATIONSHIP($,$,#12685,#12679)
REPRESENTATION_RELATIONSHIP_WITH_TRANSFORMATION(#55)
SHAPE_REPRESENTATION_RELATIONSHIP()
);
#105=(
REPRESENTATION_RELATIONSHIP($,$,#12683,#12679)
REPRESENTATION_RELATIONSHIP_WITH_TRANSFORMATION(#56)
SHAPE_REPRESENTATION_RELATIONSHIP()
);
#106=(
REPRESENTATION_RELATIONSHIP($,$,#12684,#12679)
REPRESENTATION_RELATIONSHIP_WITH_TRANSFORMATION(#57)
SHAPE_REPRESENTATION_RELATIONSHIP()
);
#107=(
REPRESENTATION_RELATIONSHIP($,$,#12684,#12679)
REPRESENTATION_RELATIONSHIP_WITH_TRANSFORMATION(#58)
SHAPE_REPRESENTATION_RELATIONSHIP()
);
#108=(
REPRESENTATION_RELATIONSHIP($,$,#12685,#12679)
REPRESENTATION_RELATIONSHIP_WITH_TRANSFORMATION(#59)
SHAPE_REPRESENTATION_RELATIONSHIP()
);
#109=CONTEXT_DEPENDENT_SHAPE_REPRESENTATION(#60,#12630);
#110=CONTEXT_DEPENDENT_SHAPE_REPRESENTATION(#61,#12631);
#111=CONTEXT_DEPENDENT_SHAPE_REPRESENTATION(#62,#12632);
#112=CONTEXT_DEPENDENT_SHAPE_REPRESENTATION(#63,#12633);
#113=CONTEXT_DEPENDENT_SHAPE_REPRESENTATION(#64,#12634);
#114=CONTEXT_DEPENDENT_SHAPE_REPRESENTATION(#65,#12635);
#115=CONTEXT_DEPENDENT_SHAPE_REPRESENTATION(#66,#12636);
#116=CONTEXT_DEPENDENT_SHAPE_REPRESENTATION(#67,#12637);
#117=CONTEXT_DEPENDENT_SHAPE_REPRESENTATION(#68,#12638);
#118=CONTEXT_DEPENDENT_SHAPE_REPRESENTATION(#69,#12639);
#119=CONTEXT_DEPENDENT_SHAPE_REPRESENTATION(#70,#12640);
#120=CONTEXT_DEPENDENT_SHAPE_REPRESENTATION(#71,#12641);
#121=CONTEXT_DEPENDENT_SHAPE_REPRESENTATION(#72,#12642);
#122=CONTEXT_DEPENDENT_SHAPE_REPRESENTATION(#73,#12643);
#123=CONTEXT_DEPENDENT_SHAPE_REPRESENTATION(#74,#12644);
#124=CONTEXT_DEPENDENT_SHAPE_REPRESENTATION(#75,#12645);
#125=CONTEXT_DEPENDENT_SHAPE_REPRESENTATION(#76,#12646);
#126=CONTEXT_DEPENDENT_SHAPE_REPRESENTATION(#77,#12647);
#127=CONTEXT_DEPENDENT_SHAPE_REPRESENTATION(#78,#12648);
#128=CONTEXT_DEPENDENT_SHAPE_REPRESENTATION(#79,#12649);
#129=CONTEXT_DEPENDENT_SHAPE_REPRESENTATION(#80,#12650);
#130=CONTEXT_DEPENDENT_SHAPE_REPRESENTATION(#81,#12651);
#131=CONTEXT_DEPENDENT_SHAPE_REPRESENTATION(#82,#12652);
#132=CONTEXT_DEPENDENT_SHAPE_REPRESENTATION(#83,#12653);
#133=CONTEXT_DEPENDENT_SHAPE_REPRESENTATION(#84,#12654);
#134=CONTEXT_DEPENDENT_SHAPE_REPRESENTATION(#85,#12655);
#135=CONTEXT_DEPENDENT_SHAPE_REPRESENTATION(#86,#12656);
#136=CONTEXT_DEPENDENT_SHAPE_REPRESENTATION(#87,#12657);
#137=CONTEXT_DEPENDENT_SHAPE_REPRESENTATION(#88,#12658);
#138=CONTEXT_DEPENDENT_SHAPE_REPRESENTATION(#89,#12659);
#139=CONTEXT_DEPENDENT_SHAPE_REPRESENTATION(#90,#12660);
#140=CONTEXT_DEPENDENT_SHAPE_REPRESENTATION(#91,#12661);
#141=CONTEXT_DEPENDENT_SHAPE_REPRESENTATION(#92,#12662);
#142=CONTEXT_DEPENDENT_SHAPE_REPRESENTATION(#93,#12663);
#143=CONTEXT_DEPENDENT_SHAPE_REPRESENTATION(#94,#12664);
#144=CONTEXT_DEPENDENT_SHAPE_REPRESENTATION(#95,#12665);
#145=CONTEXT_DEPENDENT_SHAPE_REPRESENTATION(#96,#12666);
#146=CONTEXT_DEPENDENT_SHAPE_REPRESENTATION(#97,#12667);
#147=CONTEXT_DEPENDENT_SHAPE_REPRESENTATION(#98,#12668);
#148=CONTEXT_DEPENDENT_SHAPE_REPRESENTATION(#99,#12669);
#149=CONTEXT_DEPENDENT_SHAPE_REPRESENTATION(#100,#12670);
#150=CONTEXT_DEPENDENT_SHAPE_REPRESENTATION(#101,#12671);
#151=CONTEXT_DEPENDENT_SHAPE_REPRESENTATION(#102,#12672);
#152=CONTEXT_DEPENDENT_SHAPE_REPRESENTATION(#103,#12673);
#153=CONTEXT_DEPENDENT_SHAPE_REPRESENTATION(#104,#12674);
#154=CONTEXT_DEPENDENT_SHAPE_REPRESENTATION(#105,#12675);
#155=CONTEXT_DEPENDENT_SHAPE_REPRESENTATION(#106,#12676);
#156=CONTEXT_DEPENDENT_SHAPE_REPRESENTATION(#107,#12677);
#157=CONTEXT_DEPENDENT_SHAPE_REPRESENTATION(#108,#12678);
#158=NEXT_ASSEMBLY_USAGE_OCCURRENCE('BodyFoldedSide1:1',
'BodyFoldedSide1:1','BodyFoldedSide1:1',#12687,#12688,
'BodyFoldedSide1:1');
#159=NEXT_ASSEMBLY_USAGE_OCCURRENCE('BodyFoldedSide2:1',
'BodyFoldedSide2:1','BodyFoldedSide2:1',#12687,#12689,
'BodyFoldedSide2:1');
#160=NEXT_ASSEMBLY_USAGE_OCCURRENCE('BodyFoldedSide1:2',
'BodyFoldedSide1:2','BodyFoldedSide1:2',#12687,#12688,
'BodyFoldedSide1:2');
#161=NEXT_ASSEMBLY_USAGE_OCCURRENCE('BodyFoldedSide2:2',
'BodyFoldedSide2:2','BodyFoldedSide2:2',#12687,#12689,
'BodyFoldedSide2:2');
#162=NEXT_ASSEMBLY_USAGE_OCCURRENCE('BodyFoldedSide1:3',
'BodyFoldedSide1:3','BodyFoldedSide1:3',#12687,#12688,
'BodyFoldedSide1:3');
#163=NEXT_ASSEMBLY_USAGE_OCCURRENCE('BodyFoldedSide2:3',
'BodyFoldedSide2:3','BodyFoldedSide2:3',#12687,#12689,
'BodyFoldedSide2:3');
#164=NEXT_ASSEMBLY_USAGE_OCCURRENCE('BodyFoldedSide1:4',
'BodyFoldedSide1:4','BodyFoldedSide1:4',#12687,#12688,
'BodyFoldedSide1:4');
#165=NEXT_ASSEMBLY_USAGE_OCCURRENCE('BodyFoldedSide2:4',
'BodyFoldedSide2:4','BodyFoldedSide2:4',#12687,#12689,
'BodyFoldedSide2:4');
#166=NEXT_ASSEMBLY_USAGE_OCCURRENCE('BodyFoldedSide1:5',
'BodyFoldedSide1:5','BodyFoldedSide1:5',#12687,#12688,
'BodyFoldedSide1:5');
#167=NEXT_ASSEMBLY_USAGE_OCCURRENCE('BodyFoldedSide2:5',
'BodyFoldedSide2:5','BodyFoldedSide2:5',#12687,#12689,
'BodyFoldedSide2:5');
#168=NEXT_ASSEMBLY_USAGE_OCCURRENCE('SGA:1','SGA:1','SGA:1',#12687,#12690,
'SGA:1');
#169=NEXT_ASSEMBLY_USAGE_OCCURRENCE('SGB:1','SGB:1','SGB:1',#12687,#12693,
'SGB:1');
#170=NEXT_ASSEMBLY_USAGE_OCCURRENCE('SGB:2','SGB:2','SGB:2',#12687,#12693,
'SGB:2');
#171=NEXT_ASSEMBLY_USAGE_OCCURRENCE('SGB:3','SGB:3','SGB:3',#12687,#12693,
'SGB:3');
#172=NEXT_ASSEMBLY_USAGE_OCCURRENCE('SGA:2','SGA:2','SGA:2',#12687,#12690,
'SGA:2');
#173=NEXT_ASSEMBLY_USAGE_OCCURRENCE('SGA:3','SGA:3','SGA:3',#12687,#12690,
'SGA:3');
#174=NEXT_ASSEMBLY_USAGE_OCCURRENCE('Body:1','Body:1','Body:1',#12687,#12691,
'Body:1');
#175=NEXT_ASSEMBLY_USAGE_OCCURRENCE('SGB:4','SGB:4','SGB:4',#12687,#12693,
'SGB:4');
#176=NEXT_ASSEMBLY_USAGE_OCCURRENCE('SGB:5','SGB:5','SGB:5',#12687,#12693,
'SGB:5');
#177=NEXT_ASSEMBLY_USAGE_OCCURRENCE('SGA:4','SGA:4','SGA:4',#12687,#12690,
'SGA:4');
#178=NEXT_ASSEMBLY_USAGE_OCCURRENCE('SGA:7','SGA:7','SGA:7',#12687,#12690,
'SGA:7');
#179=NEXT_ASSEMBLY_USAGE_OCCURRENCE('SGB:7','SGB:7','SGB:7',#12687,#12693,
'SGB:7');
#180=NEXT_ASSEMBLY_USAGE_OCCURRENCE('SGB:8','SGB:8','SGB:8',#12687,#12693,
'SGB:8');
#181=NEXT_ASSEMBLY_USAGE_OCCURRENCE('SGA:8','SGA:8','SGA:8',#12687,#12690,
'SGA:8');
#182=NEXT_ASSEMBLY_USAGE_OCCURRENCE('SGA:9','SGA:9','SGA:9',#12687,#12690,
'SGA:9');
#183=NEXT_ASSEMBLY_USAGE_OCCURRENCE('SGA:10','SGA:10','SGA:10',#12687,#12690,
'SGA:10');
#184=NEXT_ASSEMBLY_USAGE_OCCURRENCE('SGB:9','SGB:9','SGB:9',#12687,#12693,
'SGB:9');
#185=NEXT_ASSEMBLY_USAGE_OCCURRENCE('SGA:11','SGA:11','SGA:11',#12687,#12690,
'SGA:11');
#186=NEXT_ASSEMBLY_USAGE_OCCURRENCE('SGB:10','SGB:10','SGB:10',#12687,#12693,
'SGB:10');
#187=NEXT_ASSEMBLY_USAGE_OCCURRENCE('Body:2','Body:2','Body:2',#12687,#12691,
'Body:2');
#188=NEXT_ASSEMBLY_USAGE_OCCURRENCE('SGA:12','SGA:12','SGA:12',#12687,#12690,
'SGA:12');
#189=NEXT_ASSEMBLY_USAGE_OCCURRENCE('SGX:1','SGX:1','SGX:1',#12687,#12692,
'SGX:1');
#190=NEXT_ASSEMBLY_USAGE_OCCURRENCE('SGX:2','SGX:2','SGX:2',#12687,#12692,
'SGX:2');
#191=NEXT_ASSEMBLY_USAGE_OCCURRENCE('Body:3','Body:3','Body:3',#12687,#12691,
'Body:3');
#192=NEXT_ASSEMBLY_USAGE_OCCURRENCE('SGA:13','SGA:13','SGA:13',#12687,#12690,
'SGA:13');
#193=NEXT_ASSEMBLY_USAGE_OCCURRENCE('SGX:3','SGX:3','SGX:3',#12687,#12692,
'SGX:3');
#194=NEXT_ASSEMBLY_USAGE_OCCURRENCE('SGX:4','SGX:4','SGX:4',#12687,#12692,
'SGX:4');
#195=NEXT_ASSEMBLY_USAGE_OCCURRENCE('Body:4','Body:4','Body:4',#12687,#12691,
'Body:4');
#196=NEXT_ASSEMBLY_USAGE_OCCURRENCE('SGA:14','SGA:14','SGA:14',#12687,#12690,
'SGA:14');
#197=NEXT_ASSEMBLY_USAGE_OCCURRENCE('SGX:5','SGX:5','SGX:5',#12687,#12692,
'SGX:5');
#198=NEXT_ASSEMBLY_USAGE_OCCURRENCE('SGX:6','SGX:6','SGX:6',#12687,#12692,
'SGX:6');
#199=NEXT_ASSEMBLY_USAGE_OCCURRENCE('Body:5','Body:5','Body:5',#12687,#12691,
'Body:5');
#200=NEXT_ASSEMBLY_USAGE_OCCURRENCE('SGX:7','SGX:7','SGX:7',#12687,#12692,
'SGX:7');
#201=NEXT_ASSEMBLY_USAGE_OCCURRENCE('SGX:8','SGX:8','SGX:8',#12687,#12692,
'SGX:8');
#202=NEXT_ASSEMBLY_USAGE_OCCURRENCE('SGB:11','SGB:11','SGB:11',#12687,#12693,
'SGB:11');
#203=NEXT_ASSEMBLY_USAGE_OCCURRENCE('Body:6','Body:6','Body:6',#12687,#12691,
'Body:6');
#204=NEXT_ASSEMBLY_USAGE_OCCURRENCE('SGX:9','SGX:9','SGX:9',#12687,#12692,
'SGX:9');
#205=NEXT_ASSEMBLY_USAGE_OCCURRENCE('SGX:10','SGX:10','SGX:10',#12687,#12692,
'SGX:10');
#206=NEXT_ASSEMBLY_USAGE_OCCURRENCE('SGB:12','SGB:12','SGB:12',#12687,#12693,
'SGB:12');
#207=SPHERICAL_SURFACE('',#7288,0.2);
#208=SPHERICAL_SURFACE('',#7293,0.2);
#209=SPHERICAL_SURFACE('',#7300,0.2);
#210=SPHERICAL_SURFACE('',#7305,0.2);
#211=SPHERICAL_SURFACE('',#7329,0.2);
#212=SPHERICAL_SURFACE('',#7335,0.2);
#213=SPHERICAL_SURFACE('',#7340,0.2);
#214=SPHERICAL_SURFACE('',#7346,0.2);
#215=SPHERICAL_SURFACE('',#7366,0.2);
#216=SPHERICAL_SURFACE('',#7371,0.2);
#217=SPHERICAL_SURFACE('',#7377,0.2);
#218=SPHERICAL_SURFACE('',#7382,0.2);
#219=SPHERICAL_SURFACE('',#7406,0.2);
#220=SPHERICAL_SURFACE('',#7411,0.2);
#221=SPHERICAL_SURFACE('',#7418,0.2);
#222=SPHERICAL_SURFACE('',#7423,0.2);
#223=SPHERICAL_SURFACE('',#7498,0.2);
#224=SPHERICAL_SURFACE('',#7509,0.2);
#225=SPHERICAL_SURFACE('',#7517,0.2);
#226=SPHERICAL_SURFACE('',#7528,0.2);
#227=SPHERICAL_SURFACE('',#7533,0.2);
#228=SPHERICAL_SURFACE('',#7546,0.2);
#229=SPHERICAL_SURFACE('',#7555,0.2);
#230=SPHERICAL_SURFACE('',#7561,0.2);
#231=SPHERICAL_SURFACE('',#7569,0.2);
#232=SPHERICAL_SURFACE('',#7576,0.2);
#233=SPHERICAL_SURFACE('',#7589,0.2);
#234=SPHERICAL_SURFACE('',#7598,0.2);
#235=SPHERICAL_SURFACE('',#7606,0.2);
#236=SPHERICAL_SURFACE('',#7611,0.2);
#237=SPHERICAL_SURFACE('',#7620,0.2);
#238=SPHERICAL_SURFACE('',#7628,0.2);
#239=SPHERICAL_SURFACE('',#7639,0.2);
#240=SPHERICAL_SURFACE('',#7647,0.2);
#241=SPHERICAL_SURFACE('',#7658,0.2);
#242=SPHERICAL_SURFACE('',#7666,0.2);
#243=SPHERICAL_SURFACE('',#7677,0.2);
#244=SPHERICAL_SURFACE('',#7685,0.2);
#245=SPHERICAL_SURFACE('',#7695,0.2);
#246=SPHERICAL_SURFACE('',#7703,0.2);
#247=SPHERICAL_SURFACE('',#7709,0.2);
#248=SPHERICAL_SURFACE('',#7715,0.2);
#249=SPHERICAL_SURFACE('',#7722,0.2);
#250=SPHERICAL_SURFACE('',#7736,0.2);
#251=SPHERICAL_SURFACE('',#7741,0.2);
#252=SPHERICAL_SURFACE('',#7748,0.2);
#253=SPHERICAL_SURFACE('',#7758,0.2);
#254=SPHERICAL_SURFACE('',#7768,0.2);
#255=SPHERICAL_SURFACE('',#7774,0.2);
#256=SPHERICAL_SURFACE('',#7783,0.2);
#257=SPHERICAL_SURFACE('',#7789,0.2);
#258=SPHERICAL_SURFACE('',#7796,0.2);
#259=SPHERICAL_SURFACE('',#7835,0.2);
#260=SPHERICAL_SURFACE('',#7845,0.2);
#261=SPHERICAL_SURFACE('',#7851,0.2);
#262=SPHERICAL_SURFACE('',#7883,0.2);
#263=SPHERICAL_SURFACE('',#7890,0.2);
#264=SPHERICAL_SURFACE('',#7899,0.2);
#265=SPHERICAL_SURFACE('',#7921,0.2);
#266=SPHERICAL_SURFACE('',#7926,0.2);
#267=SPHERICAL_SURFACE('',#7933,0.2);
#268=SPHERICAL_SURFACE('',#7952,0.2);
#269=SPHERICAL_SURFACE('',#7962,0.2);
#270=SPHERICAL_SURFACE('',#7968,0.2);
#271=TOROIDAL_SURFACE('',#7281,1.35,0.2);
#272=TOROIDAL_SURFACE('',#7311,1.75,0.2);
#273=TOROIDAL_SURFACE('',#7322,1.35,0.2);
#274=TOROIDAL_SURFACE('',#7351,1.75,0.2);
#275=TOROIDAL_SURFACE('',#7392,1.75,0.2);
#276=TOROIDAL_SURFACE('',#7399,1.35,0.2);
#277=TOROIDAL_SURFACE('',#7429,1.75,0.2);
#278=TOROIDAL_SURFACE('',#7438,1.35,0.2);
#279=TOROIDAL_SURFACE('',#7525,1.75,0.2);
#280=TOROIDAL_SURFACE('',#7542,1.75,0.2);
#281=TOROIDAL_SURFACE('',#7585,1.75,0.2);
#282=TOROIDAL_SURFACE('',#7636,1.75,0.2);
#283=TOROIDAL_SURFACE('',#7674,1.75,0.2);
#284=TOROIDAL_SURFACE('',#7688,1.75,0.2);
#285=TOROIDAL_SURFACE('',#7729,1.75,0.2);
#286=TOROIDAL_SURFACE('',#7780,1.75,0.2);
#287=TOROIDAL_SURFACE('',#7842,1.75,0.2);
#288=TOROIDAL_SURFACE('',#7874,1.1,0.2);
#289=TOROIDAL_SURFACE('',#7896,1.75,0.2);
#290=TOROIDAL_SURFACE('',#7943,1.75,0.2);
#291=TOROIDAL_SURFACE('',#7959,1.75,0.2);
#292=FACE_BOUND('',#1352,.T.);
#293=FACE_BOUND('',#1460,.T.);
#294=FACE_BOUND('',#1464,.T.);
#295=FACE_BOUND('',#1650,.T.);
#296=FACE_BOUND('',#1657,.T.);
#297=FACE_BOUND('',#1658,.T.);
#298=FACE_BOUND('',#1659,.T.);
#299=FACE_BOUND('',#1660,.T.);
#300=FACE_BOUND('',#1661,.T.);
#301=FACE_BOUND('',#1662,.T.);
#302=FACE_BOUND('',#1663,.T.);
#303=FACE_BOUND('',#1664,.T.);
#304=FACE_BOUND('',#1665,.T.);
#305=FACE_BOUND('',#1667,.T.);
#306=FACE_BOUND('',#1691,.T.);
#307=FACE_BOUND('',#1745,.T.);
#308=FACE_BOUND('',#1765,.T.);
#309=FACE_BOUND('',#1768,.T.);
#310=ELLIPSE('',#7249,0.282842712474619,0.2);
#311=ELLIPSE('',#7269,0.282842712474619,0.2);
#312=ELLIPSE('',#7271,0.282842712474619,0.2);
#313=ELLIPSE('',#7274,0.282842712474619,0.2);
#314=ELLIPSE('',#7277,0.282842712474619,0.2);
#315=ELLIPSE('',#7280,0.282842712474619,0.2);
#316=ELLIPSE('',#7287,0.282842712474619,0.2);
#317=ELLIPSE('',#7298,0.282842712474619,0.2);
#318=ELLIPSE('',#7328,0.282842712474619,0.2);
#319=ELLIPSE('',#7334,0.282842712474619,0.2);
#320=ELLIPSE('',#7365,0.282842712474619,0.2);
#321=ELLIPSE('',#7387,0.282842712474619,0.2);
#322=ELLIPSE('',#7405,0.282842712474619,0.2);
#323=ELLIPSE('',#7416,0.282842712474619,0.2);
#324=ELLIPSE('',#7840,0.282842712474619,0.2);
#325=ELLIPSE('',#7857,0.282842712474619,0.2);
#326=ELLIPSE('',#7888,0.282842712474619,0.2);
#327=ELLIPSE('',#7905,0.282842712474619,0.2);
#328=ELLIPSE('',#7920,0.282842712474619,0.2);
#329=ELLIPSE('',#7938,0.282842712474619,0.2);
#330=ELLIPSE('',#7957,0.282842712474619,0.2);
#331=ELLIPSE('',#7973,0.282842712474619,0.2);
#332=B_SPLINE_CURVE_WITH_KNOTS('',3,(#10509,#10510,#10511,#10512,#10513,
#10514,#10515,#10516,#10517,#10518,#10519,#10520,#10521,#10522),
 .UNSPECIFIED.,.F.,.F.,(4,2,2,2,2,2,4),(-0.0342464974890914,-0.0340161110597115,
-0.0278486707312886,-0.0214092972727561,-0.013634101218306,-0.00671295286326013,
0.),.UNSPECIFIED.);
#333=B_SPLINE_CURVE_WITH_KNOTS('',3,(#10580,#10581,#10582,#10583,#10584,
#10585,#10586,#10587,#10588,#10589,#10590,#10591,#10592,#10593),
 .UNSPECIFIED.,.F.,.F.,(4,2,2,2,2,2,4),(-0.0341829148645336,-0.0274370438914443,
-0.0204819565044502,-0.0126686334494275,-0.00619768342435961,0.,0.000231516168578527),
 .UNSPECIFIED.);
#334=B_SPLINE_CURVE_WITH_KNOTS('',3,(#10600,#10601,#10602,#10603,#10604,
#10605,#10606,#10607,#10608,#10609,#10610,#10611,#10612,#10613),
 .UNSPECIFIED.,.F.,.F.,(4,2,2,2,2,2,4),(-0.0342464974890261,-0.0340161110596162,
-0.0278486707312871,-0.0214092972727552,-0.0136341012183056,-0.00671295286326006,
0.),.UNSPECIFIED.);
#335=B_SPLINE_CURVE_WITH_KNOTS('',3,(#10630,#10631,#10632,#10633,#10634,
#10635,#10636,#10637,#10638,#10639,#10640,#10641,#10642,#10643),
 .UNSPECIFIED.,.F.,.F.,(4,2,2,2,2,2,4),(-0.0341829148645463,-0.0274370438914546,
-0.0204819565044579,-0.0126686334494321,-0.0061976834243615,0.,0.000231516168578621),
 .UNSPECIFIED.);
#336=B_SPLINE_CURVE_WITH_KNOTS('',3,(#10663,#10664,#10665,#10666,#10667,
#10668,#10669,#10670,#10671,#10672,#10673,#10674,#10675,#10676),
 .UNSPECIFIED.,.F.,.F.,(4,2,2,2,2,2,4),(-0.0341829148644927,-0.0274370438914117,
-0.0204819565044261,-0.0126686334494132,-0.0061976834243534,0.,0.000231516168577804),
 .UNSPECIFIED.);
#337=B_SPLINE_CURVE_WITH_KNOTS('',3,(#10696,#10697,#10698,#10699,#10700,
#10701,#10702,#10703,#10704,#10705,#10706,#10707,#10708,#10709),
 .UNSPECIFIED.,.F.,.F.,(4,2,2,2,2,2,4),(-0.0342464974889367,-0.0340161110596175,
-0.0278486707312871,-0.0214092972727554,-0.0136341012183058,-0.00671295286326013,
0.),.UNSPECIFIED.);
#338=B_SPLINE_CURVE_WITH_KNOTS('',3,(#10786,#10787,#10788,#10789,#10790,
#10791,#10792,#10793,#10794,#10795),.UNSPECIFIED.,.F.,.F.,(4,2,2,2,4),(0.,
0.00705654603044589,0.0146195082143608,0.0229509907719152,0.0322415002750799),
 .UNSPECIFIED.);
#339=B_SPLINE_CURVE_WITH_KNOTS('',3,(#11057,#11058,#11059,#11060,#11061,
#11062,#11063,#11064,#11065,#11066),.UNSPECIFIED.,.F.,.F.,(4,2,2,2,4),(0.0989696878143464,
0.108260197317511,0.116591679875065,0.12415464205898,0.131211188089426),
 .UNSPECIFIED.);
#340=B_SPLINE_CURVE_WITH_KNOTS('',3,(#12003,#12004,#12005,#12006,#12007,
#12008,#12009,#12010,#12011,#12012,#12013,#12014,#12015,#12016),
 .UNSPECIFIED.,.F.,.F.,(4,2,2,2,2,2,4),(-0.0329456226728203,-0.0327274478312124,
-0.0277634664999175,-0.0228287165680733,-0.0146040280137332,-0.00712602589036416,
0.),.UNSPECIFIED.);
#341=B_SPLINE_CURVE_WITH_KNOTS('',3,(#12021,#12022,#12023,#12024,#12025,
#12026,#12027,#12028,#12029,#12030,#12031,#12032,#12033,#12034),
 .UNSPECIFIED.,.F.,.F.,(4,2,2,2,2,2,4),(-0.000218821434827867,0.,0.00497869281981377,
0.00992806760862365,0.0181771312367476,0.0256772955188796,0.0328244404346893),
 .UNSPECIFIED.);
#342=B_SPLINE_CURVE_WITH_KNOTS('',3,(#12163,#12164,#12165,#12166,#12167,
#12168,#12169,#12170,#12171,#12172,#12173,#12174,#12175,#12176),
 .UNSPECIFIED.,.F.,.F.,(4,2,2,2,2,2,4),(-0.0329456226728243,-0.0327274478312165,
-0.0277634664999194,-0.0228287165680745,-0.0146040280137343,-0.00712602589036447,
0.),.UNSPECIFIED.);
#343=B_SPLINE_CURVE_WITH_KNOTS('',3,(#12194,#12195,#12196,#12197,#12198,
#12199,#12200,#12201,#12202,#12203,#12204,#12205,#12206,#12207),
 .UNSPECIFIED.,.F.,.F.,(4,2,2,2,2,2,4),(-0.000218821434830209,0.,0.00497869281983333,
0.00992806760866601,0.0181771312368268,0.0256772955189925,0.0328244404348345),
 .UNSPECIFIED.);
#344=B_SPLINE_CURVE_WITH_KNOTS('',3,(#12328,#12329,#12330,#12331,#12332,
#12333,#12334,#12335,#12336,#12337,#12338,#12339,#12340,#12341),
 .UNSPECIFIED.,.F.,.F.,(4,2,2,2,2,2,4),(-0.0329456226728255,-0.0327274478312175,
-0.0277634664999218,-0.0228287165680772,-0.0146040280137357,-0.0071260258903648,
0.),.UNSPECIFIED.);
#345=B_SPLINE_CURVE_WITH_KNOTS('',3,(#12347,#12348,#12349,#12350,#12351,
#12352,#12353,#12354,#12355,#12356,#12357,#12358,#12359,#12360),
 .UNSPECIFIED.,.F.,.F.,(4,2,2,2,2,2,4),(-0.000218821434829985,0.,0.00497869281983291,
0.009928067608665,0.0181771312368252,0.0256772955189903,0.0328244404348313),
 .UNSPECIFIED.);
#346=B_SPLINE_CURVE_WITH_KNOTS('',3,(#12399,#12400,#12401,#12402,#12403,
#12404,#12405,#12406,#12407,#12408,#12409,#12410,#12411,#12412),
 .UNSPECIFIED.,.F.,.F.,(4,2,2,2,2,2,4),(-0.0329456226728244,-0.0327274478312168,
-0.0277634664999197,-0.022828716568075,-0.0146040280137341,-0.00712602589036433,
0.),.UNSPECIFIED.);
#347=B_SPLINE_CURVE_WITH_KNOTS('',3,(#12417,#12418,#12419,#12420,#12421,
#12422,#12423,#12424,#12425,#12426,#12427,#12428,#12429,#12430),
 .UNSPECIFIED.,.F.,.F.,(4,2,2,2,2,2,4),(-0.000218821434828956,0.,0.00497869281982339,
0.00992806760864424,0.0181771312367863,0.0256772955189345,0.0328244404347604),
 .UNSPECIFIED.);
#348=SHAPE_REPRESENTATION_RELATIONSHIP('SRR','None',#12680,#354);
#349=SHAPE_REPRESENTATION_RELATIONSHIP('SRR','None',#12681,#355);
#350=SHAPE_REPRESENTATION_RELATIONSHIP('SRR','None',#12682,#356);
#351=SHAPE_REPRESENTATION_RELATIONSHIP('SRR','None',#12683,#357);
#352=SHAPE_REPRESENTATION_RELATIONSHIP('SRR','None',#12684,#358);
#353=SHAPE_REPRESENTATION_RELATIONSHIP('SRR','None',#12685,#359);
#354=ADVANCED_BREP_SHAPE_REPRESENTATION('',(#366),#12605);
#355=ADVANCED_BREP_SHAPE_REPRESENTATION('',(#367),#12606);
#356=ADVANCED_BREP_SHAPE_REPRESENTATION('',(#368),#12607);
#357=ADVANCED_BREP_SHAPE_REPRESENTATION('',(#369),#12608);
#358=ADVANCED_BREP_SHAPE_REPRESENTATION('',(#370),#12609);
#359=ADVANCED_BREP_SHAPE_REPRESENTATION('',(#371),#12610);
#360=STYLED_ITEM('',(#7153),#366);
#361=STYLED_ITEM('',(#7153),#367);
#362=STYLED_ITEM('',(#7153),#368);
#363=STYLED_ITEM('',(#7153),#369);
#364=STYLED_ITEM('',(#7153),#370);
#365=STYLED_ITEM('',(#7153),#371);
#366=MANIFOLD_SOLID_BREP('Solid3',#7077);
#367=MANIFOLD_SOLID_BREP('Solid3',#7078);
#368=MANIFOLD_SOLID_BREP('Solid1',#7079);
#369=MANIFOLD_SOLID_BREP('Solid3',#7080);
#370=MANIFOLD_SOLID_BREP('Solid1',#7081);
#371=MANIFOLD_SOLID_BREP('Solid1',#7082);
#372=CIRCLE('',#7208,5.);
#373=CIRCLE('',#7209,5.);
#374=CIRCLE('',#7216,5.);
#375=CIRCLE('',#7217,5.);
#376=CIRCLE('',#7220,5.);
#377=CIRCLE('',#7222,5.);
#378=CIRCLE('',#7235,5.);
#379=CIRCLE('',#7236,5.);
#380=CIRCLE('',#7238,5.);
#381=CIRCLE('',#7241,5.);
#382=CIRCLE('',#7251,1.35);
#383=CIRCLE('',#7252,0.2);
#384=CIRCLE('',#7253,1.55);
#385=CIRCLE('',#7254,0.2);
#386=CIRCLE('',#7255,1.35);
#387=CIRCLE('',#7256,0.2);
#388=CIRCLE('',#7257,1.55);
#389=CIRCLE('',#7258,0.2);
#390=CIRCLE('',#7259,1.35);
#391=CIRCLE('',#7260,0.2);
#392=CIRCLE('',#7261,1.55);
#393=CIRCLE('',#7262,0.2);
#394=CIRCLE('',#7263,1.35);
#395=CIRCLE('',#7264,0.2);
#396=CIRCLE('',#7265,1.55);
#397=CIRCLE('',#7266,0.2);
#398=CIRCLE('',#7267,0.75);
#399=CIRCLE('',#7282,1.55);
#400=CIRCLE('',#7284,1.55);
#401=CIRCLE('',#7286,0.2);
#402=CIRCLE('',#7289,0.2);
#403=CIRCLE('',#7290,0.2);
#404=CIRCLE('',#7291,0.2);
#405=CIRCLE('',#7294,0.2);
#406=CIRCLE('',#7295,0.2);
#407=CIRCLE('',#7296,0.2);
#408=CIRCLE('',#7301,0.2);
#409=CIRCLE('',#7302,0.2);
#410=CIRCLE('',#7303,0.2);
#411=CIRCLE('',#7306,0.2);
#412=CIRCLE('',#7307,0.2);
#413=CIRCLE('',#7308,0.2);
#414=CIRCLE('',#7312,1.75);
#415=CIRCLE('',#7313,1.55);
#416=CIRCLE('',#7316,0.2);
#417=CIRCLE('',#7323,1.55);
#418=CIRCLE('',#7325,1.55);
#419=CIRCLE('',#7327,0.2);
#420=CIRCLE('',#7330,0.2);
#421=CIRCLE('',#7331,0.2);
#422=CIRCLE('',#7332,0.2);
#423=CIRCLE('',#7336,0.2);
#424=CIRCLE('',#7337,0.2);
#425=CIRCLE('',#7338,0.2);
#426=CIRCLE('',#7341,0.2);
#427=CIRCLE('',#7342,0.2);
#428=CIRCLE('',#7343,0.2);
#429=CIRCLE('',#7347,0.2);
#430=CIRCLE('',#7348,0.2);
#431=CIRCLE('',#7349,0.2);
#432=CIRCLE('',#7352,1.75);
#433=CIRCLE('',#7353,1.55);
#434=CIRCLE('',#7357,0.2);
#435=CIRCLE('',#7364,0.2);
#436=CIRCLE('',#7367,0.2);
#437=CIRCLE('',#7368,0.2);
#438=CIRCLE('',#7369,0.2);
#439=CIRCLE('',#7372,0.2);
#440=CIRCLE('',#7373,0.2);
#441=CIRCLE('',#7374,0.2);
#442=CIRCLE('',#7378,0.2);
#443=CIRCLE('',#7379,0.2);
#444=CIRCLE('',#7380,0.2);
#445=CIRCLE('',#7383,0.2);
#446=CIRCLE('',#7384,0.2);
#447=CIRCLE('',#7385,0.2);
#448=CIRCLE('',#7389,0.2);
#449=CIRCLE('',#7393,1.75);
#450=CIRCLE('',#7394,1.55);
#451=CIRCLE('',#7400,1.55);
#452=CIRCLE('',#7402,1.55);
#453=CIRCLE('',#7404,0.2);
#454=CIRCLE('',#7407,0.2);
#455=CIRCLE('',#7408,0.2);
#456=CIRCLE('',#7409,0.2);
#457=CIRCLE('',#7412,0.2);
#458=CIRCLE('',#7413,0.2);
#459=CIRCLE('',#7414,0.2);
#460=CIRCLE('',#7419,0.2);
#461=CIRCLE('',#7420,0.2);
#462=CIRCLE('',#7421,0.2);
#463=CIRCLE('',#7424,0.2);
#464=CIRCLE('',#7425,0.2);
#465=CIRCLE('',#7426,0.2);
#466=CIRCLE('',#7430,1.75);
#467=CIRCLE('',#7431,1.55);
#468=CIRCLE('',#7434,0.2);
#469=CIRCLE('',#7439,1.55);
#470=CIRCLE('',#7443,1.55);
#471=CIRCLE('',#7460,0.75);
#472=CIRCLE('',#7471,5.);
#473=CIRCLE('',#7472,5.);
#474=CIRCLE('',#7473,5.);
#475=CIRCLE('',#7476,5.);
#476=CIRCLE('',#7478,5.);
#477=CIRCLE('',#7480,5.);
#478=CIRCLE('',#7499,0.2);
#479=CIRCLE('',#7500,0.2);
#480=CIRCLE('',#7501,0.2);
#481=CIRCLE('',#7503,0.2);
#482=CIRCLE('',#7506,0.2);
#483=CIRCLE('',#7508,0.2);
#484=CIRCLE('',#7510,0.2);
#485=CIRCLE('',#7511,0.2);
#486=CIRCLE('',#7513,0.2);
#487=CIRCLE('',#7516,0.2);
#488=CIRCLE('',#7518,0.2);
#489=CIRCLE('',#7519,0.2);
#490=CIRCLE('',#7521,0.2);
#491=CIRCLE('',#7523,1.55);
#492=CIRCLE('',#7524,1.55);
#493=CIRCLE('',#7526,1.75);
#494=CIRCLE('',#7527,0.2);
#495=CIRCLE('',#7529,0.2);
#496=CIRCLE('',#7531,0.2);
#497=CIRCLE('',#7534,0.2);
#498=CIRCLE('',#7535,0.2);
#499=CIRCLE('',#7536,0.2);
#500=CIRCLE('',#7538,0.2);
#501=CIRCLE('',#7541,0.2);
#502=CIRCLE('',#7543,1.55);
#503=CIRCLE('',#7544,0.2);
#504=CIRCLE('',#7545,1.75);
#505=CIRCLE('',#7547,0.2);
#506=CIRCLE('',#7548,0.2);
#507=CIRCLE('',#7549,0.2);
#508=CIRCLE('',#7551,0.2);
#509=CIRCLE('',#7554,0.2);
#510=CIRCLE('',#7556,0.2);
#511=CIRCLE('',#7558,0.2);
#512=CIRCLE('',#7560,1.55);
#513=CIRCLE('',#7562,0.2);
#514=CIRCLE('',#7563,0.2);
#515=CIRCLE('',#7565,0.2);
#516=CIRCLE('',#7568,0.2);
#517=CIRCLE('',#7570,0.2);
#518=CIRCLE('',#7571,0.2);
#519=CIRCLE('',#7573,0.2);
#520=CIRCLE('',#7577,0.2);
#521=CIRCLE('',#7578,0.2);
#522=CIRCLE('',#7579,0.2);
#523=CIRCLE('',#7581,0.2);
#524=CIRCLE('',#7584,0.2);
#525=CIRCLE('',#7586,1.55);
#526=CIRCLE('',#7587,0.2);
#527=CIRCLE('',#7588,1.75);
#528=CIRCLE('',#7590,0.2);
#529=CIRCLE('',#7591,0.2);
#530=CIRCLE('',#7593,0.2);
#531=CIRCLE('',#7595,1.55);
#532=CIRCLE('',#7597,0.2);
#533=CIRCLE('',#7599,0.2);
#534=CIRCLE('',#7600,0.2);
#535=CIRCLE('',#7602,0.2);
#536=CIRCLE('',#7605,0.2);
#537=CIRCLE('',#7607,0.2);
#538=CIRCLE('',#7609,0.2);
#539=CIRCLE('',#7612,0.2);
#540=CIRCLE('',#7613,0.2);
#541=CIRCLE('',#7614,0.2);
#542=CIRCLE('',#7616,0.2);
#543=CIRCLE('',#7619,0.2);
#544=CIRCLE('',#7621,0.2);
#545=CIRCLE('',#7622,0.2);
#546=CIRCLE('',#7624,0.2);
#547=CIRCLE('',#7627,0.2);
#548=CIRCLE('',#7629,0.2);
#549=CIRCLE('',#7630,0.2);
#550=CIRCLE('',#7632,0.2);
#551=CIRCLE('',#7634,1.55);
#552=CIRCLE('',#7635,1.55);
#553=CIRCLE('',#7637,1.75);
#554=CIRCLE('',#7638,0.2);
#555=CIRCLE('',#7640,0.2);
#556=CIRCLE('',#7641,0.2);
#557=CIRCLE('',#7643,0.2);
#558=CIRCLE('',#7646,0.2);
#559=CIRCLE('',#7648,0.2);
#560=CIRCLE('',#7649,0.2);
#561=CIRCLE('',#7650,0.2);
#562=CIRCLE('',#7652,0.2);
#563=CIRCLE('',#7655,0.2);
#564=CIRCLE('',#7657,0.2);
#565=CIRCLE('',#7659,0.2);
#566=CIRCLE('',#7660,0.2);
#567=CIRCLE('',#7662,0.2);
#568=CIRCLE('',#7665,0.2);
#569=CIRCLE('',#7667,0.2);
#570=CIRCLE('',#7668,0.2);
#571=CIRCLE('',#7670,0.2);
#572=CIRCLE('',#7672,1.55);
#573=CIRCLE('',#7673,1.55);
#574=CIRCLE('',#7675,1.75);
#575=CIRCLE('',#7676,0.2);
#576=CIRCLE('',#7678,0.2);
#577=CIRCLE('',#7680,0.2);
#578=CIRCLE('',#7683,0.2);
#579=CIRCLE('',#7684,0.2);
#580=CIRCLE('',#7686,0.2);
#581=CIRCLE('',#7687,0.2);
#582=CIRCLE('',#7689,1.75);
#583=CIRCLE('',#7690,0.2);
#584=CIRCLE('',#7691,1.55);
#585=CIRCLE('',#7693,0.2);
#586=CIRCLE('',#7696,0.2);
#587=CIRCLE('',#7697,0.2);
#588=CIRCLE('',#7699,0.2);
#589=CIRCLE('',#7702,0.2);
#590=CIRCLE('',#7704,0.2);
#591=CIRCLE('',#7705,0.2);
#592=CIRCLE('',#7706,0.2);
#593=CIRCLE('',#7708,0.2);
#594=CIRCLE('',#7710,0.2);
#595=CIRCLE('',#7711,0.2);
#596=CIRCLE('',#7712,0.2);
#597=CIRCLE('',#7714,0.2);
#598=CIRCLE('',#7716,0.2);
#599=CIRCLE('',#7717,0.2);
#600=CIRCLE('',#7718,0.2);
#601=CIRCLE('',#7720,0.2);
#602=CIRCLE('',#7723,0.2);
#603=CIRCLE('',#7724,0.2);
#604=CIRCLE('',#7725,0.2);
#605=CIRCLE('',#7727,0.2);
#606=CIRCLE('',#7730,1.75);
#607=CIRCLE('',#7731,1.55);
#608=CIRCLE('',#7737,0.2);
#609=CIRCLE('',#7738,0.2);
#610=CIRCLE('',#7740,0.2);
#611=CIRCLE('',#7742,0.2);
#612=CIRCLE('',#7743,0.2);
#613=CIRCLE('',#7744,0.2);
#614=CIRCLE('',#7746,0.2);
#615=CIRCLE('',#7749,0.2);
#616=CIRCLE('',#7750,0.2);
#617=CIRCLE('',#7752,0.2);
#618=CIRCLE('',#7759,0.2);
#619=CIRCLE('',#7760,0.2);
#620=CIRCLE('',#7762,0.2);
#621=CIRCLE('',#7769,0.2);
#622=CIRCLE('',#7770,0.2);
#623=CIRCLE('',#7771,0.2);
#624=CIRCLE('',#7773,0.2);
#625=CIRCLE('',#7775,0.2);
#626=CIRCLE('',#7776,0.2);
#627=CIRCLE('',#7777,0.2);
#628=CIRCLE('',#7779,0.2);
#629=CIRCLE('',#7781,1.75);
#630=CIRCLE('',#7782,1.55);
#631=CIRCLE('',#7784,0.2);
#632=CIRCLE('',#7785,0.2);
#633=CIRCLE('',#7786,0.2);
#634=CIRCLE('',#7788,0.2);
#635=CIRCLE('',#7790,0.2);
#636=CIRCLE('',#7791,0.2);
#637=CIRCLE('',#7792,0.2);
#638=CIRCLE('',#7794,0.2);
#639=CIRCLE('',#7797,0.2);
#640=CIRCLE('',#7798,0.2);
#641=CIRCLE('',#7799,0.2);
#642=CIRCLE('',#7801,0.2);
#643=CIRCLE('',#7806,1.55);
#644=CIRCLE('',#7811,1.55);
#645=CIRCLE('',#7813,1.55);
#646=CIRCLE('',#7825,0.75);
#647=CIRCLE('',#7827,0.75);
#648=CIRCLE('',#7836,0.2);
#649=CIRCLE('',#7837,0.2);
#650=CIRCLE('',#7838,0.2);
#651=CIRCLE('',#7843,1.75);
#652=CIRCLE('',#7844,1.55);
#653=CIRCLE('',#7846,0.2);
#654=CIRCLE('',#7847,0.2);
#655=CIRCLE('',#7848,0.2);
#656=CIRCLE('',#7850,0.2);
#657=CIRCLE('',#7852,0.2);
#658=CIRCLE('',#7853,0.2);
#659=CIRCLE('',#7854,0.2);
#660=CIRCLE('',#7856,0.2);
#661=CIRCLE('',#7863,0.2);
#662=CIRCLE('',#7865,0.2);
#663=CIRCLE('',#7868,1.55);
#664=CIRCLE('',#7872,0.2);
#665=CIRCLE('',#7875,1.1);
#666=CIRCLE('',#7876,0.2);
#667=CIRCLE('',#7877,1.3);
#668=CIRCLE('',#7878,1.3);
#669=CIRCLE('',#7880,1.3);
#670=CIRCLE('',#7882,0.75);
#671=CIRCLE('',#7884,0.2);
#672=CIRCLE('',#7885,0.2);
#673=CIRCLE('',#7886,0.2);
#674=CIRCLE('',#7891,0.2);
#675=CIRCLE('',#7892,0.2);
#676=CIRCLE('',#7893,0.2);
#677=CIRCLE('',#7895,0.2);
#678=CIRCLE('',#7897,1.75);
#679=CIRCLE('',#7898,1.55);
#680=CIRCLE('',#7900,0.2);
#681=CIRCLE('',#7901,0.2);
#682=CIRCLE('',#7902,0.2);
#683=CIRCLE('',#7904,0.2);
#684=CIRCLE('',#7913,1.55);
#685=CIRCLE('',#7917,0.2);
#686=CIRCLE('',#7922,0.2);
#687=CIRCLE('',#7923,0.2);
#688=CIRCLE('',#7924,0.2);
#689=CIRCLE('',#7927,0.2);
#690=CIRCLE('',#7928,0.2);
#691=CIRCLE('',#7929,0.2);
#692=CIRCLE('',#7931,0.2);
#693=CIRCLE('',#7934,0.2);
#694=CIRCLE('',#7935,0.2);
#695=CIRCLE('',#7936,0.2);
#696=CIRCLE('',#7940,0.2);
#697=CIRCLE('',#7944,1.55);
#698=CIRCLE('',#7945,1.75);
#699=CIRCLE('',#7950,0.2);
#700=CIRCLE('',#7953,0.2);
#701=CIRCLE('',#7954,0.2);
#702=CIRCLE('',#7955,0.2);
#703=CIRCLE('',#7960,1.75);
#704=CIRCLE('',#7961,1.55);
#705=CIRCLE('',#7963,0.2);
#706=CIRCLE('',#7964,0.2);
#707=CIRCLE('',#7965,0.2);
#708=CIRCLE('',#7967,0.2);
#709=CIRCLE('',#7969,0.2);
#710=CIRCLE('',#7970,0.2);
#711=CIRCLE('',#7971,0.2);
#712=CIRCLE('',#7983,1.55);
#713=CIRCLE('',#7984,1.55);
#714=CIRCLE('',#8004,0.75);
#715=CYLINDRICAL_SURFACE('',#7207,5.);
#716=CYLINDRICAL_SURFACE('',#7219,5.);
#717=CYLINDRICAL_SURFACE('',#7221,5.);
#718=CYLINDRICAL_SURFACE('',#7237,5.);
#719=CYLINDRICAL_SURFACE('',#7240,5.);
#720=CYLINDRICAL_SURFACE('',#7248,0.2);
#721=CYLINDRICAL_SURFACE('',#7268,0.2);
#722=CYLINDRICAL_SURFACE('',#7270,0.2);
#723=CYLINDRICAL_SURFACE('',#7273,0.2);
#724=CYLINDRICAL_SURFACE('',#7276,0.2);
#725=CYLINDRICAL_SURFACE('',#7279,0.2);
#726=CYLINDRICAL_SURFACE('',#7283,1.55);
#727=CYLINDRICAL_SURFACE('',#7285,0.2);
#728=CYLINDRICAL_SURFACE('',#7292,0.2);
#729=CYLINDRICAL_SURFACE('',#7297,0.2);
#730=CYLINDRICAL_SURFACE('',#7299,0.2);
#731=CYLINDRICAL_SURFACE('',#7304,0.2);
#732=CYLINDRICAL_SURFACE('',#7309,0.2);
#733=CYLINDRICAL_SURFACE('',#7310,0.2);
#734=CYLINDRICAL_SURFACE('',#7314,0.2);
#735=CYLINDRICAL_SURFACE('',#7315,0.2);
#736=CYLINDRICAL_SURFACE('',#7324,1.55);
#737=CYLINDRICAL_SURFACE('',#7326,0.2);
#738=CYLINDRICAL_SURFACE('',#7333,0.2);
#739=CYLINDRICAL_SURFACE('',#7339,0.2);
#740=CYLINDRICAL_SURFACE('',#7344,0.2);
#741=CYLINDRICAL_SURFACE('',#7345,0.2);
#742=CYLINDRICAL_SURFACE('',#7350,0.2);
#743=CYLINDRICAL_SURFACE('',#7354,0.2);
#744=CYLINDRICAL_SURFACE('',#7355,0.2);
#745=CYLINDRICAL_SURFACE('',#7356,0.2);
#746=CYLINDRICAL_SURFACE('',#7361,1.55);
#747=CYLINDRICAL_SURFACE('',#7363,0.2);
#748=CYLINDRICAL_SURFACE('',#7370,0.2);
#749=CYLINDRICAL_SURFACE('',#7375,0.2);
#750=CYLINDRICAL_SURFACE('',#7376,0.2);
#751=CYLINDRICAL_SURFACE('',#7381,0.2);
#752=CYLINDRICAL_SURFACE('',#7386,0.2);
#753=CYLINDRICAL_SURFACE('',#7388,0.2);
#754=CYLINDRICAL_SURFACE('',#7390,0.2);
#755=CYLINDRICAL_SURFACE('',#7391,0.2);
#756=CYLINDRICAL_SURFACE('',#7401,1.55);
#757=CYLINDRICAL_SURFACE('',#7403,0.2);
#758=CYLINDRICAL_SURFACE('',#7410,0.2);
#759=CYLINDRICAL_SURFACE('',#7415,0.2);
#760=CYLINDRICAL_SURFACE('',#7417,0.2);
#761=CYLINDRICAL_SURFACE('',#7422,0.2);
#762=CYLINDRICAL_SURFACE('',#7427,0.2);
#763=CYLINDRICAL_SURFACE('',#7428,0.2);
#764=CYLINDRICAL_SURFACE('',#7432,0.2);
#765=CYLINDRICAL_SURFACE('',#7433,0.2);
#766=CYLINDRICAL_SURFACE('',#7442,1.55);
#767=CYLINDRICAL_SURFACE('',#7448,1.55);
#768=CYLINDRICAL_SURFACE('',#7450,1.55);
#769=CYLINDRICAL_SURFACE('',#7452,1.55);
#770=CYLINDRICAL_SURFACE('',#7461,0.75);
#771=CYLINDRICAL_SURFACE('',#7475,5.);
#772=CYLINDRICAL_SURFACE('',#7477,5.);
#773=CYLINDRICAL_SURFACE('',#7479,5.);
#774=CYLINDRICAL_SURFACE('',#7502,0.2);
#775=CYLINDRICAL_SURFACE('',#7505,0.2);
#776=CYLINDRICAL_SURFACE('',#7507,0.2);
#777=CYLINDRICAL_SURFACE('',#7512,0.2);
#778=CYLINDRICAL_SURFACE('',#7515,0.2);
#779=CYLINDRICAL_SURFACE('',#7520,0.2);
#780=CYLINDRICAL_SURFACE('',#7522,1.55);
#781=CYLINDRICAL_SURFACE('',#7530,0.2);
#782=CYLINDRICAL_SURFACE('',#7537,0.2);
#783=CYLINDRICAL_SURFACE('',#7540,0.2);
#784=CYLINDRICAL_SURFACE('',#7550,0.2);
#785=CYLINDRICAL_SURFACE('',#7553,0.2);
#786=CYLINDRICAL_SURFACE('',#7557,0.2);
#787=CYLINDRICAL_SURFACE('',#7559,1.55);
#788=CYLINDRICAL_SURFACE('',#7564,0.2);
#789=CYLINDRICAL_SURFACE('',#7567,0.2);
#790=CYLINDRICAL_SURFACE('',#7572,0.2);
#791=CYLINDRICAL_SURFACE('',#7575,0.2);
#792=CYLINDRICAL_SURFACE('',#7580,0.2);
#793=CYLINDRICAL_SURFACE('',#7583,0.2);
#794=CYLINDRICAL_SURFACE('',#7592,0.2);
#795=CYLINDRICAL_SURFACE('',#7594,1.55);
#796=CYLINDRICAL_SURFACE('',#7596,0.2);
#797=CYLINDRICAL_SURFACE('',#7601,0.2);
#798=CYLINDRICAL_SURFACE('',#7604,0.2);
#799=CYLINDRICAL_SURFACE('',#7608,0.2);
#800=CYLINDRICAL_SURFACE('',#7615,0.2);
#801=CYLINDRICAL_SURFACE('',#7618,0.2);
#802=CYLINDRICAL_SURFACE('',#7623,0.2);
#803=CYLINDRICAL_SURFACE('',#7626,0.2);
#804=CYLINDRICAL_SURFACE('',#7631,0.2);
#805=CYLINDRICAL_SURFACE('',#7633,1.55);
#806=CYLINDRICAL_SURFACE('',#7642,0.2);
#807=CYLINDRICAL_SURFACE('',#7645,0.2);
#808=CYLINDRICAL_SURFACE('',#7651,0.2);
#809=CYLINDRICAL_SURFACE('',#7654,0.2);
#810=CYLINDRICAL_SURFACE('',#7656,0.2);
#811=CYLINDRICAL_SURFACE('',#7661,0.2);
#812=CYLINDRICAL_SURFACE('',#7664,0.2);
#813=CYLINDRICAL_SURFACE('',#7669,0.2);
#814=CYLINDRICAL_SURFACE('',#7671,1.55);
#815=CYLINDRICAL_SURFACE('',#7679,0.2);
#816=CYLINDRICAL_SURFACE('',#7682,0.2);
#817=CYLINDRICAL_SURFACE('',#7692,0.2);
#818=CYLINDRICAL_SURFACE('',#7698,0.2);
#819=CYLINDRICAL_SURFACE('',#7701,0.2);
#820=CYLINDRICAL_SURFACE('',#7707,0.2);
#821=CYLINDRICAL_SURFACE('',#7713,0.2);
#822=CYLINDRICAL_SURFACE('',#7719,0.2);
#823=CYLINDRICAL_SURFACE('',#7721,0.2);
#824=CYLINDRICAL_SURFACE('',#7726,0.2);
#825=CYLINDRICAL_SURFACE('',#7728,0.2);
#826=CYLINDRICAL_SURFACE('',#7732,0.2);
#827=CYLINDRICAL_SURFACE('',#7739,0.2);
#828=CYLINDRICAL_SURFACE('',#7745,0.2);
#829=CYLINDRICAL_SURFACE('',#7747,0.2);
#830=CYLINDRICAL_SURFACE('',#7751,0.2);
#831=CYLINDRICAL_SURFACE('',#7753,0.2);
#832=CYLINDRICAL_SURFACE('',#7761,0.2);
#833=CYLINDRICAL_SURFACE('',#7763,0.2);
#834=CYLINDRICAL_SURFACE('',#7772,0.2);
#835=CYLINDRICAL_SURFACE('',#7778,0.2);
#836=CYLINDRICAL_SURFACE('',#7787,0.2);
#837=CYLINDRICAL_SURFACE('',#7793,0.2);
#838=CYLINDRICAL_SURFACE('',#7795,0.2);
#839=CYLINDRICAL_SURFACE('',#7800,0.2);
#840=CYLINDRICAL_SURFACE('',#7802,0.2);
#841=CYLINDRICAL_SURFACE('',#7803,0.2);
#842=CYLINDRICAL_SURFACE('',#7804,0.2);
#843=CYLINDRICAL_SURFACE('',#7805,1.55);
#844=CYLINDRICAL_SURFACE('',#7810,1.55);
#845=CYLINDRICAL_SURFACE('',#7812,1.55);
#846=CYLINDRICAL_SURFACE('',#7826,0.75);
#847=CYLINDRICAL_SURFACE('',#7839,0.2);
#848=CYLINDRICAL_SURFACE('',#7841,0.2);
#849=CYLINDRICAL_SURFACE('',#7849,0.2);
#850=CYLINDRICAL_SURFACE('',#7855,0.2);
#851=CYLINDRICAL_SURFACE('',#7858,0.2);
#852=CYLINDRICAL_SURFACE('',#7859,0.2);
#853=CYLINDRICAL_SURFACE('',#7860,0.2);
#854=CYLINDRICAL_SURFACE('',#7861,0.2);
#855=CYLINDRICAL_SURFACE('',#7862,0.2);
#856=CYLINDRICAL_SURFACE('',#7867,1.55);
#857=CYLINDRICAL_SURFACE('',#7879,1.3);
#858=CYLINDRICAL_SURFACE('',#7887,0.2);
#859=CYLINDRICAL_SURFACE('',#7889,0.2);
#860=CYLINDRICAL_SURFACE('',#7894,0.2);
#861=CYLINDRICAL_SURFACE('',#7903,0.2);
#862=CYLINDRICAL_SURFACE('',#7906,0.2);
#863=CYLINDRICAL_SURFACE('',#7907,0.2);
#864=CYLINDRICAL_SURFACE('',#7908,0.2);
#865=CYLINDRICAL_SURFACE('',#7909,0.2);
#866=CYLINDRICAL_SURFACE('',#7910,0.2);
#867=CYLINDRICAL_SURFACE('',#7912,1.55);
#868=CYLINDRICAL_SURFACE('',#7919,0.2);
#869=CYLINDRICAL_SURFACE('',#7925,0.2);
#870=CYLINDRICAL_SURFACE('',#7930,0.2);
#871=CYLINDRICAL_SURFACE('',#7932,0.2);
#872=CYLINDRICAL_SURFACE('',#7937,0.2);
#873=CYLINDRICAL_SURFACE('',#7939,0.2);
#874=CYLINDRICAL_SURFACE('',#7941,0.2);
#875=CYLINDRICAL_SURFACE('',#7942,0.2);
#876=CYLINDRICAL_SURFACE('',#7946,0.2);
#877=CYLINDRICAL_SURFACE('',#7956,0.2);
#878=CYLINDRICAL_SURFACE('',#7958,0.2);
#879=CYLINDRICAL_SURFACE('',#7966,0.2);
#880=CYLINDRICAL_SURFACE('',#7972,0.2);
#881=CYLINDRICAL_SURFACE('',#7974,0.2);
#882=CYLINDRICAL_SURFACE('',#7975,0.2);
#883=CYLINDRICAL_SURFACE('',#7976,0.2);
#884=CYLINDRICAL_SURFACE('',#7977,0.2);
#885=CYLINDRICAL_SURFACE('',#7978,0.2);
#886=CYLINDRICAL_SURFACE('',#7989,1.55);
#887=CYLINDRICAL_SURFACE('',#7993,1.55);
#888=CYLINDRICAL_SURFACE('',#8005,0.75);
#889=FACE_OUTER_BOUND('',#1320,.T.);
#890=FACE_OUTER_BOUND('',#1321,.T.);
#891=FACE_OUTER_BOUND('',#1322,.T.);
#892=FACE_OUTER_BOUND('',#1323,.T.);
#893=FACE_OUTER_BOUND('',#1324,.T.);
#894=FACE_OUTER_BOUND('',#1325,.T.);
#895=FACE_OUTER_BOUND('',#1326,.T.);
#896=FACE_OUTER_BOUND('',#1327,.T.);
#897=FACE_OUTER_BOUND('',#1328,.T.);
#898=FACE_OUTER_BOUND('',#1329,.T.);
#899=FACE_OUTER_BOUND('',#1330,.T.);
#900=FACE_OUTER_BOUND('',#1331,.T.);
#901=FACE_OUTER_BOUND('',#1332,.T.);
#902=FACE_OUTER_BOUND('',#1333,.T.);
#903=FACE_OUTER_BOUND('',#1334,.T.);
#904=FACE_OUTER_BOUND('',#1335,.T.);
#905=FACE_OUTER_BOUND('',#1336,.T.);
#906=FACE_OUTER_BOUND('',#1337,.T.);
#907=FACE_OUTER_BOUND('',#1338,.T.);
#908=FACE_OUTER_BOUND('',#1339,.T.);
#909=FACE_OUTER_BOUND('',#1340,.T.);
#910=FACE_OUTER_BOUND('',#1341,.T.);
#911=FACE_OUTER_BOUND('',#1342,.T.);
#912=FACE_OUTER_BOUND('',#1343,.T.);
#913=FACE_OUTER_BOUND('',#1344,.T.);
#914=FACE_OUTER_BOUND('',#1345,.T.);
#915=FACE_OUTER_BOUND('',#1346,.T.);
#916=FACE_OUTER_BOUND('',#1347,.T.);
#917=FACE_OUTER_BOUND('',#1348,.T.);
#918=FACE_OUTER_BOUND('',#1349,.T.);
#919=FACE_OUTER_BOUND('',#1350,.T.);
#920=FACE_OUTER_BOUND('',#1351,.T.);
#921=FACE_OUTER_BOUND('',#1353,.T.);
#922=FACE_OUTER_BOUND('',#1354,.T.);
#923=FACE_OUTER_BOUND('',#1355,.T.);
#924=FACE_OUTER_BOUND('',#1356,.T.);
#925=FACE_OUTER_BOUND('',#1357,.T.);
#926=FACE_OUTER_BOUND('',#1358,.T.);
#927=FACE_OUTER_BOUND('',#1359,.T.);
#928=FACE_OUTER_BOUND('',#1360,.T.);
#929=FACE_OUTER_BOUND('',#1361,.T.);
#930=FACE_OUTER_BOUND('',#1362,.T.);
#931=FACE_OUTER_BOUND('',#1363,.T.);
#932=FACE_OUTER_BOUND('',#1364,.T.);
#933=FACE_OUTER_BOUND('',#1365,.T.);
#934=FACE_OUTER_BOUND('',#1366,.T.);
#935=FACE_OUTER_BOUND('',#1367,.T.);
#936=FACE_OUTER_BOUND('',#1368,.T.);
#937=FACE_OUTER_BOUND('',#1369,.T.);
#938=FACE_OUTER_BOUND('',#1370,.T.);
#939=FACE_OUTER_BOUND('',#1371,.T.);
#940=FACE_OUTER_BOUND('',#1372,.T.);
#941=FACE_OUTER_BOUND('',#1373,.T.);
#942=FACE_OUTER_BOUND('',#1374,.T.);
#943=FACE_OUTER_BOUND('',#1375,.T.);
#944=FACE_OUTER_BOUND('',#1376,.T.);
#945=FACE_OUTER_BOUND('',#1377,.T.);
#946=FACE_OUTER_BOUND('',#1378,.T.);
#947=FACE_OUTER_BOUND('',#1379,.T.);
#948=FACE_OUTER_BOUND('',#1380,.T.);
#949=FACE_OUTER_BOUND('',#1381,.T.);
#950=FACE_OUTER_BOUND('',#1382,.T.);
#951=FACE_OUTER_BOUND('',#1383,.T.);
#952=FACE_OUTER_BOUND('',#1384,.T.);
#953=FACE_OUTER_BOUND('',#1385,.T.);
#954=FACE_OUTER_BOUND('',#1386,.T.);
#955=FACE_OUTER_BOUND('',#1387,.T.);
#956=FACE_OUTER_BOUND('',#1388,.T.);
#957=FACE_OUTER_BOUND('',#1389,.T.);
#958=FACE_OUTER_BOUND('',#1390,.T.);
#959=FACE_OUTER_BOUND('',#1391,.T.);
#960=FACE_OUTER_BOUND('',#1392,.T.);
#961=FACE_OUTER_BOUND('',#1393,.T.);
#962=FACE_OUTER_BOUND('',#1394,.T.);
#963=FACE_OUTER_BOUND('',#1395,.T.);
#964=FACE_OUTER_BOUND('',#1396,.T.);
#965=FACE_OUTER_BOUND('',#1397,.T.);
#966=FACE_OUTER_BOUND('',#1398,.T.);
#967=FACE_OUTER_BOUND('',#1399,.T.);
#968=FACE_OUTER_BOUND('',#1400,.T.);
#969=FACE_OUTER_BOUND('',#1401,.T.);
#970=FACE_OUTER_BOUND('',#1402,.T.);
#971=FACE_OUTER_BOUND('',#1403,.T.);
#972=FACE_OUTER_BOUND('',#1404,.T.);
#973=FACE_OUTER_BOUND('',#1405,.T.);
#974=FACE_OUTER_BOUND('',#1406,.T.);
#975=FACE_OUTER_BOUND('',#1407,.T.);
#976=FACE_OUTER_BOUND('',#1408,.T.);
#977=FACE_OUTER_BOUND('',#1409,.T.);
#978=FACE_OUTER_BOUND('',#1410,.T.);
#979=FACE_OUTER_BOUND('',#1411,.T.);
#980=FACE_OUTER_BOUND('',#1412,.T.);
#981=FACE_OUTER_BOUND('',#1413,.T.);
#982=FACE_OUTER_BOUND('',#1414,.T.);
#983=FACE_OUTER_BOUND('',#1415,.T.);
#984=FACE_OUTER_BOUND('',#1416,.T.);
#985=FACE_OUTER_BOUND('',#1417,.T.);
#986=FACE_OUTER_BOUND('',#1418,.T.);
#987=FACE_OUTER_BOUND('',#1419,.T.);
#988=FACE_OUTER_BOUND('',#1420,.T.);
#989=FACE_OUTER_BOUND('',#1421,.T.);
#990=FACE_OUTER_BOUND('',#1422,.T.);
#991=FACE_OUTER_BOUND('',#1423,.T.);
#992=FACE_OUTER_BOUND('',#1424,.T.);
#993=FACE_OUTER_BOUND('',#1425,.T.);
#994=FACE_OUTER_BOUND('',#1426,.T.);
#995=FACE_OUTER_BOUND('',#1427,.T.);
#996=FACE_OUTER_BOUND('',#1428,.T.);
#997=FACE_OUTER_BOUND('',#1429,.T.);
#998=FACE_OUTER_BOUND('',#1430,.T.);
#999=FACE_OUTER_BOUND('',#1431,.T.);
#1000=FACE_OUTER_BOUND('',#1432,.T.);
#1001=FACE_OUTER_BOUND('',#1433,.T.);
#1002=FACE_OUTER_BOUND('',#1434,.T.);
#1003=FACE_OUTER_BOUND('',#1435,.T.);
#1004=FACE_OUTER_BOUND('',#1436,.T.);
#1005=FACE_OUTER_BOUND('',#1437,.T.);
#1006=FACE_OUTER_BOUND('',#1438,.T.);
#1007=FACE_OUTER_BOUND('',#1439,.T.);
#1008=FACE_OUTER_BOUND('',#1440,.T.);
#1009=FACE_OUTER_BOUND('',#1441,.T.);
#1010=FACE_OUTER_BOUND('',#1442,.T.);
#1011=FACE_OUTER_BOUND('',#1443,.T.);
#1012=FACE_OUTER_BOUND('',#1444,.T.);
#1013=FACE_OUTER_BOUND('',#1445,.T.);
#1014=FACE_OUTER_BOUND('',#1446,.T.);
#1015=FACE_OUTER_BOUND('',#1447,.T.);
#1016=FACE_OUTER_BOUND('',#1448,.T.);
#1017=FACE_OUTER_BOUND('',#1449,.T.);
#1018=FACE_OUTER_BOUND('',#1450,.T.);
#1019=FACE_OUTER_BOUND('',#1451,.T.);
#1020=FACE_OUTER_BOUND('',#1452,.T.);
#1021=FACE_OUTER_BOUND('',#1453,.T.);
#1022=FACE_OUTER_BOUND('',#1454,.T.);
#1023=FACE_OUTER_BOUND('',#1455,.T.);
#1024=FACE_OUTER_BOUND('',#1456,.T.);
#1025=FACE_OUTER_BOUND('',#1457,.T.);
#1026=FACE_OUTER_BOUND('',#1458,.T.);
#1027=FACE_OUTER_BOUND('',#1459,.T.);
#1028=FACE_OUTER_BOUND('',#1461,.T.);
#1029=FACE_OUTER_BOUND('',#1462,.T.);
#1030=FACE_OUTER_BOUND('',#1463,.T.);
#1031=FACE_OUTER_BOUND('',#1465,.T.);
#1032=FACE_OUTER_BOUND('',#1466,.T.);
#1033=FACE_OUTER_BOUND('',#1467,.T.);
#1034=FACE_OUTER_BOUND('',#1468,.T.);
#1035=FACE_OUTER_BOUND('',#1469,.T.);
#1036=FACE_OUTER_BOUND('',#1470,.T.);
#1037=FACE_OUTER_BOUND('',#1471,.T.);
#1038=FACE_OUTER_BOUND('',#1472,.T.);
#1039=FACE_OUTER_BOUND('',#1473,.T.);
#1040=FACE_OUTER_BOUND('',#1474,.T.);
#1041=FACE_OUTER_BOUND('',#1475,.T.);
#1042=FACE_OUTER_BOUND('',#1476,.T.);
#1043=FACE_OUTER_BOUND('',#1477,.T.);
#1044=FACE_OUTER_BOUND('',#1478,.T.);
#1045=FACE_OUTER_BOUND('',#1479,.T.);
#1046=FACE_OUTER_BOUND('',#1480,.T.);
#1047=FACE_OUTER_BOUND('',#1481,.T.);
#1048=FACE_OUTER_BOUND('',#1482,.T.);
#1049=FACE_OUTER_BOUND('',#1483,.T.);
#1050=FACE_OUTER_BOUND('',#1484,.T.);
#1051=FACE_OUTER_BOUND('',#1485,.T.);
#1052=FACE_OUTER_BOUND('',#1486,.T.);
#1053=FACE_OUTER_BOUND('',#1487,.T.);
#1054=FACE_OUTER_BOUND('',#1488,.T.);
#1055=FACE_OUTER_BOUND('',#1489,.T.);
#1056=FACE_OUTER_BOUND('',#1490,.T.);
#1057=FACE_OUTER_BOUND('',#1491,.T.);
#1058=FACE_OUTER_BOUND('',#1492,.T.);
#1059=FACE_OUTER_BOUND('',#1493,.T.);
#1060=FACE_OUTER_BOUND('',#1494,.T.);
#1061=FACE_OUTER_BOUND('',#1495,.T.);
#1062=FACE_OUTER_BOUND('',#1496,.T.);
#1063=FACE_OUTER_BOUND('',#1497,.T.);
#1064=FACE_OUTER_BOUND('',#1498,.T.);
#1065=FACE_OUTER_BOUND('',#1499,.T.);
#1066=FACE_OUTER_BOUND('',#1500,.T.);
#1067=FACE_OUTER_BOUND('',#1501,.T.);
#1068=FACE_OUTER_BOUND('',#1502,.T.);
#1069=FACE_OUTER_BOUND('',#1503,.T.);
#1070=FACE_OUTER_BOUND('',#1504,.T.);
#1071=FACE_OUTER_BOUND('',#1505,.T.);
#1072=FACE_OUTER_BOUND('',#1506,.T.);
#1073=FACE_OUTER_BOUND('',#1507,.T.);
#1074=FACE_OUTER_BOUND('',#1508,.T.);
#1075=FACE_OUTER_BOUND('',#1509,.T.);
#1076=FACE_OUTER_BOUND('',#1510,.T.);
#1077=FACE_OUTER_BOUND('',#1511,.T.);
#1078=FACE_OUTER_BOUND('',#1512,.T.);
#1079=FACE_OUTER_BOUND('',#1513,.T.);
#1080=FACE_OUTER_BOUND('',#1514,.T.);
#1081=FACE_OUTER_BOUND('',#1515,.T.);
#1082=FACE_OUTER_BOUND('',#1516,.T.);
#1083=FACE_OUTER_BOUND('',#1517,.T.);
#1084=FACE_OUTER_BOUND('',#1518,.T.);
#1085=FACE_OUTER_BOUND('',#1519,.T.);
#1086=FACE_OUTER_BOUND('',#1520,.T.);
#1087=FACE_OUTER_BOUND('',#1521,.T.);
#1088=FACE_OUTER_BOUND('',#1522,.T.);
#1089=FACE_OUTER_BOUND('',#1523,.T.);
#1090=FACE_OUTER_BOUND('',#1524,.T.);
#1091=FACE_OUTER_BOUND('',#1525,.T.);
#1092=FACE_OUTER_BOUND('',#1526,.T.);
#1093=FACE_OUTER_BOUND('',#1527,.T.);
#1094=FACE_OUTER_BOUND('',#1528,.T.);
#1095=FACE_OUTER_BOUND('',#1529,.T.);
#1096=FACE_OUTER_BOUND('',#1530,.T.);
#1097=FACE_OUTER_BOUND('',#1531,.T.);
#1098=FACE_OUTER_BOUND('',#1532,.T.);
#1099=FACE_OUTER_BOUND('',#1533,.T.);
#1100=FACE_OUTER_BOUND('',#1534,.T.);
#1101=FACE_OUTER_BOUND('',#1535,.T.);
#1102=FACE_OUTER_BOUND('',#1536,.T.);
#1103=FACE_OUTER_BOUND('',#1537,.T.);
#1104=FACE_OUTER_BOUND('',#1538,.T.);
#1105=FACE_OUTER_BOUND('',#1539,.T.);
#1106=FACE_OUTER_BOUND('',#1540,.T.);
#1107=FACE_OUTER_BOUND('',#1541,.T.);
#1108=FACE_OUTER_BOUND('',#1542,.T.);
#1109=FACE_OUTER_BOUND('',#1543,.T.);
#1110=FACE_OUTER_BOUND('',#1544,.T.);
#1111=FACE_OUTER_BOUND('',#1545,.T.);
#1112=FACE_OUTER_BOUND('',#1546,.T.);
#1113=FACE_OUTER_BOUND('',#1547,.T.);
#1114=FACE_OUTER_BOUND('',#1548,.T.);
#1115=FACE_OUTER_BOUND('',#1549,.T.);
#1116=FACE_OUTER_BOUND('',#1550,.T.);
#1117=FACE_OUTER_BOUND('',#1551,.T.);
#1118=FACE_OUTER_BOUND('',#1552,.T.);
#1119=FACE_OUTER_BOUND('',#1553,.T.);
#1120=FACE_OUTER_BOUND('',#1554,.T.);
#1121=FACE_OUTER_BOUND('',#1555,.T.);
#1122=FACE_OUTER_BOUND('',#1556,.T.);
#1123=FACE_OUTER_BOUND('',#1557,.T.);
#1124=FACE_OUTER_BOUND('',#1558,.T.);
#1125=FACE_OUTER_BOUND('',#1559,.T.);
#1126=FACE_OUTER_BOUND('',#1560,.T.);
#1127=FACE_OUTER_BOUND('',#1561,.T.);
#1128=FACE_OUTER_BOUND('',#1562,.T.);
#1129=FACE_OUTER_BOUND('',#1563,.T.);
#1130=FACE_OUTER_BOUND('',#1564,.T.);
#1131=FACE_OUTER_BOUND('',#1565,.T.);
#1132=FACE_OUTER_BOUND('',#1566,.T.);
#1133=FACE_OUTER_BOUND('',#1567,.T.);
#1134=FACE_OUTER_BOUND('',#1568,.T.);
#1135=FACE_OUTER_BOUND('',#1569,.T.);
#1136=FACE_OUTER_BOUND('',#1570,.T.);
#1137=FACE_OUTER_BOUND('',#1571,.T.);
#1138=FACE_OUTER_BOUND('',#1572,.T.);
#1139=FACE_OUTER_BOUND('',#1573,.T.);
#1140=FACE_OUTER_BOUND('',#1574,.T.);
#1141=FACE_OUTER_BOUND('',#1575,.T.);
#1142=FACE_OUTER_BOUND('',#1576,.T.);
#1143=FACE_OUTER_BOUND('',#1577,.T.);
#1144=FACE_OUTER_BOUND('',#1578,.T.);
#1145=FACE_OUTER_BOUND('',#1579,.T.);
#1146=FACE_OUTER_BOUND('',#1580,.T.);
#1147=FACE_OUTER_BOUND('',#1581,.T.);
#1148=FACE_OUTER_BOUND('',#1582,.T.);
#1149=FACE_OUTER_BOUND('',#1583,.T.);
#1150=FACE_OUTER_BOUND('',#1584,.T.);
#1151=FACE_OUTER_BOUND('',#1585,.T.);
#1152=FACE_OUTER_BOUND('',#1586,.T.);
#1153=FACE_OUTER_BOUND('',#1587,.T.);
#1154=FACE_OUTER_BOUND('',#1588,.T.);
#1155=FACE_OUTER_BOUND('',#1589,.T.);
#1156=FACE_OUTER_BOUND('',#1590,.T.);
#1157=FACE_OUTER_BOUND('',#1591,.T.);
#1158=FACE_OUTER_BOUND('',#1592,.T.);
#1159=FACE_OUTER_BOUND('',#1593,.T.);
#1160=FACE_OUTER_BOUND('',#1594,.T.);
#1161=FACE_OUTER_BOUND('',#1595,.T.);
#1162=FACE_OUTER_BOUND('',#1596,.T.);
#1163=FACE_OUTER_BOUND('',#1597,.T.);
#1164=FACE_OUTER_BOUND('',#1598,.T.);
#1165=FACE_OUTER_BOUND('',#1599,.T.);
#1166=FACE_OUTER_BOUND('',#1600,.T.);
#1167=FACE_OUTER_BOUND('',#1601,.T.);
#1168=FACE_OUTER_BOUND('',#1602,.T.);
#1169=FACE_OUTER_BOUND('',#1603,.T.);
#1170=FACE_OUTER_BOUND('',#1604,.T.);
#1171=FACE_OUTER_BOUND('',#1605,.T.);
#1172=FACE_OUTER_BOUND('',#1606,.T.);
#1173=FACE_OUTER_BOUND('',#1607,.T.);
#1174=FACE_OUTER_BOUND('',#1608,.T.);
#1175=FACE_OUTER_BOUND('',#1609,.T.);
#1176=FACE_OUTER_BOUND('',#1610,.T.);
#1177=FACE_OUTER_BOUND('',#1611,.T.);
#1178=FACE_OUTER_BOUND('',#1612,.T.);
#1179=FACE_OUTER_BOUND('',#1613,.T.);
#1180=FACE_OUTER_BOUND('',#1614,.T.);
#1181=FACE_OUTER_BOUND('',#1615,.T.);
#1182=FACE_OUTER_BOUND('',#1616,.T.);
#1183=FACE_OUTER_BOUND('',#1617,.T.);
#1184=FACE_OUTER_BOUND('',#1618,.T.);
#1185=FACE_OUTER_BOUND('',#1619,.T.);
#1186=FACE_OUTER_BOUND('',#1620,.T.);
#1187=FACE_OUTER_BOUND('',#1621,.T.);
#1188=FACE_OUTER_BOUND('',#1622,.T.);
#1189=FACE_OUTER_BOUND('',#1623,.T.);
#1190=FACE_OUTER_BOUND('',#1624,.T.);
#1191=FACE_OUTER_BOUND('',#1625,.T.);
#1192=FACE_OUTER_BOUND('',#1626,.T.);
#1193=FACE_OUTER_BOUND('',#1627,.T.);
#1194=FACE_OUTER_BOUND('',#1628,.T.);
#1195=FACE_OUTER_BOUND('',#1629,.T.);
#1196=FACE_OUTER_BOUND('',#1630,.T.);
#1197=FACE_OUTER_BOUND('',#1631,.T.);
#1198=FACE_OUTER_BOUND('',#1632,.T.);
#1199=FACE_OUTER_BOUND('',#1633,.T.);
#1200=FACE_OUTER_BOUND('',#1634,.T.);
#1201=FACE_OUTER_BOUND('',#1635,.T.);
#1202=FACE_OUTER_BOUND('',#1636,.T.);
#1203=FACE_OUTER_BOUND('',#1637,.T.);
#1204=FACE_OUTER_BOUND('',#1638,.T.);
#1205=FACE_OUTER_BOUND('',#1639,.T.);
#1206=FACE_OUTER_BOUND('',#1640,.T.);
#1207=FACE_OUTER_BOUND('',#1641,.T.);
#1208=FACE_OUTER_BOUND('',#1642,.T.);
#1209=FACE_OUTER_BOUND('',#1643,.T.);
#1210=FACE_OUTER_BOUND('',#1644,.T.);
#1211=FACE_OUTER_BOUND('',#1645,.T.);
#1212=FACE_OUTER_BOUND('',#1646,.T.);
#1213=FACE_OUTER_BOUND('',#1647,.T.);
#1214=FACE_OUTER_BOUND('',#1648,.T.);
#1215=FACE_OUTER_BOUND('',#1649,.T.);
#1216=FACE_OUTER_BOUND('',#1651,.T.);
#1217=FACE_OUTER_BOUND('',#1652,.T.);
#1218=FACE_OUTER_BOUND('',#1653,.T.);
#1219=FACE_OUTER_BOUND('',#1654,.T.);
#1220=FACE_OUTER_BOUND('',#1655,.T.);
#1221=FACE_OUTER_BOUND('',#1656,.T.);
#1222=FACE_OUTER_BOUND('',#1666,.T.);
#1223=FACE_OUTER_BOUND('',#1668,.T.);
#1224=FACE_OUTER_BOUND('',#1669,.T.);
#1225=FACE_OUTER_BOUND('',#1670,.T.);
#1226=FACE_OUTER_BOUND('',#1671,.T.);
#1227=FACE_OUTER_BOUND('',#1672,.T.);
#1228=FACE_OUTER_BOUND('',#1673,.T.);
#1229=FACE_OUTER_BOUND('',#1674,.T.);
#1230=FACE_OUTER_BOUND('',#1675,.T.);
#1231=FACE_OUTER_BOUND('',#1676,.T.);
#1232=FACE_OUTER_BOUND('',#1677,.T.);
#1233=FACE_OUTER_BOUND('',#1678,.T.);
#1234=FACE_OUTER_BOUND('',#1679,.T.);
#1235=FACE_OUTER_BOUND('',#1680,.T.);
#1236=FACE_OUTER_BOUND('',#1681,.T.);
#1237=FACE_OUTER_BOUND('',#1682,.T.);
#1238=FACE_OUTER_BOUND('',#1683,.T.);
#1239=FACE_OUTER_BOUND('',#1684,.T.);
#1240=FACE_OUTER_BOUND('',#1685,.T.);
#1241=FACE_OUTER_BOUND('',#1686,.T.);
#1242=FACE_OUTER_BOUND('',#1687,.T.);
#1243=FACE_OUTER_BOUND('',#1688,.T.);
#1244=FACE_OUTER_BOUND('',#1689,.T.);
#1245=FACE_OUTER_BOUND('',#1690,.T.);
#1246=FACE_OUTER_BOUND('',#1692,.T.);
#1247=FACE_OUTER_BOUND('',#1693,.T.);
#1248=FACE_OUTER_BOUND('',#1694,.T.);
#1249=FACE_OUTER_BOUND('',#1695,.T.);
#1250=FACE_OUTER_BOUND('',#1696,.T.);
#1251=FACE_OUTER_BOUND('',#1697,.T.);
#1252=FACE_OUTER_BOUND('',#1698,.T.);
#1253=FACE_OUTER_BOUND('',#1699,.T.);
#1254=FACE_OUTER_BOUND('',#1700,.T.);
#1255=FACE_OUTER_BOUND('',#1701,.T.);
#1256=FACE_OUTER_BOUND('',#1702,.T.);
#1257=FACE_OUTER_BOUND('',#1703,.T.);
#1258=FACE_OUTER_BOUND('',#1704,.T.);
#1259=FACE_OUTER_BOUND('',#1705,.T.);
#1260=FACE_OUTER_BOUND('',#1706,.T.);
#1261=FACE_OUTER_BOUND('',#1707,.T.);
#1262=FACE_OUTER_BOUND('',#1708,.T.);
#1263=FACE_OUTER_BOUND('',#1709,.T.);
#1264=FACE_OUTER_BOUND('',#1710,.T.);
#1265=FACE_OUTER_BOUND('',#1711,.T.);
#1266=FACE_OUTER_BOUND('',#1712,.T.);
#1267=FACE_OUTER_BOUND('',#1713,.T.);
#1268=FACE_OUTER_BOUND('',#1714,.T.);
#1269=FACE_OUTER_BOUND('',#1715,.T.);
#1270=FACE_OUTER_BOUND('',#1716,.T.);
#1271=FACE_OUTER_BOUND('',#1717,.T.);
#1272=FACE_OUTER_BOUND('',#1718,.T.);
#1273=FACE_OUTER_BOUND('',#1719,.T.);
#1274=FACE_OUTER_BOUND('',#1720,.T.);
#1275=FACE_OUTER_BOUND('',#1721,.T.);
#1276=FACE_OUTER_BOUND('',#1722,.T.);
#1277=FACE_OUTER_BOUND('',#1723,.T.);
#1278=FACE_OUTER_BOUND('',#1724,.T.);
#1279=FACE_OUTER_BOUND('',#1725,.T.);
#1280=FACE_OUTER_BOUND('',#1726,.T.);
#1281=FACE_OUTER_BOUND('',#1727,.T.);
#1282=FACE_OUTER_BOUND('',#1728,.T.);
#1283=FACE_OUTER_BOUND('',#1729,.T.);
#1284=FACE_OUTER_BOUND('',#1730,.T.);
#1285=FACE_OUTER_BOUND('',#1731,.T.);
#1286=FACE_OUTER_BOUND('',#1732,.T.);
#1287=FACE_OUTER_BOUND('',#1733,.T.);
#1288=FACE_OUTER_BOUND('',#1734,.T.);
#1289=FACE_OUTER_BOUND('',#1735,.T.);
#1290=FACE_OUTER_BOUND('',#1736,.T.);
#1291=FACE_OUTER_BOUND('',#1737,.T.);
#1292=FACE_OUTER_BOUND('',#1738,.T.);
#1293=FACE_OUTER_BOUND('',#1739,.T.);
#1294=FACE_OUTER_BOUND('',#1740,.T.);
#1295=FACE_OUTER_BOUND('',#1741,.T.);
#1296=FACE_OUTER_BOUND('',#1742,.T.);
#1297=FACE_OUTER_BOUND('',#1743,.T.);
#1298=FACE_OUTER_BOUND('',#1744,.T.);
#1299=FACE_OUTER_BOUND('',#1746,.T.);
#1300=FACE_OUTER_BOUND('',#1747,.T.);
#1301=FACE_OUTER_BOUND('',#1748,.T.);
#1302=FACE_OUTER_BOUND('',#1749,.T.);
#1303=FACE_OUTER_BOUND('',#1750,.T.);
#1304=FACE_OUTER_BOUND('',#1751,.T.);
#1305=FACE_OUTER_BOUND('',#1752,.T.);
#1306=FACE_OUTER_BOUND('',#1753,.T.);
#1307=FACE_OUTER_BOUND('',#1754,.T.);
#1308=FACE_OUTER_BOUND('',#1755,.T.);
#1309=FACE_OUTER_BOUND('',#1756,.T.);
#1310=FACE_OUTER_BOUND('',#1757,.T.);
#1311=FACE_OUTER_BOUND('',#1758,.T.);
#1312=FACE_OUTER_BOUND('',#1759,.T.);
#1313=FACE_OUTER_BOUND('',#1760,.T.);
#1314=FACE_OUTER_BOUND('',#1761,.T.);
#1315=FACE_OUTER_BOUND('',#1762,.T.);
#1316=FACE_OUTER_BOUND('',#1763,.T.);
#1317=FACE_OUTER_BOUND('',#1764,.T.);
#1318=FACE_OUTER_BOUND('',#1766,.T.);
#1319=FACE_OUTER_BOUND('',#1767,.T.);
#1320=EDGE_LOOP('',(#4516,#4517,#4518,#4519,#4520,#4521,#4522,#4523,#4524,
#4525));
#1321=EDGE_LOOP('',(#4526,#4527,#4528,#4529,#4530));
#1322=EDGE_LOOP('',(#4531,#4532,#4533));
#1323=EDGE_LOOP('',(#4534,#4535,#4536,#4537));
#1324=EDGE_LOOP('',(#4538,#4539,#4540,#4541));
#1325=EDGE_LOOP('',(#4542,#4543,#4544,#4545));
#1326=EDGE_LOOP('',(#4546,#4547,#4548,#4549));
#1327=EDGE_LOOP('',(#4550,#4551,#4552,#4553,#4554,#4555));
#1328=EDGE_LOOP('',(#4556,#4557,#4558,#4559));
#1329=EDGE_LOOP('',(#4560,#4561,#4562,#4563,#4564,#4565));
#1330=EDGE_LOOP('',(#4566,#4567,#4568,#4569,#4570));
#1331=EDGE_LOOP('',(#4571,#4572,#4573,#4574,#4575,#4576));
#1332=EDGE_LOOP('',(#4577,#4578,#4579,#4580));
#1333=EDGE_LOOP('',(#4581,#4582,#4583));
#1334=EDGE_LOOP('',(#4584,#4585,#4586,#4587));
#1335=EDGE_LOOP('',(#4588,#4589,#4590,#4591));
#1336=EDGE_LOOP('',(#4592,#4593,#4594,#4595));
#1337=EDGE_LOOP('',(#4596,#4597,#4598,#4599));
#1338=EDGE_LOOP('',(#4600,#4601,#4602,#4603));
#1339=EDGE_LOOP('',(#4604,#4605,#4606,#4607));
#1340=EDGE_LOOP('',(#4608,#4609,#4610,#4611,#4612,#4613,#4614,#4615));
#1341=EDGE_LOOP('',(#4616,#4617,#4618,#4619));
#1342=EDGE_LOOP('',(#4620,#4621,#4622,#4623));
#1343=EDGE_LOOP('',(#4624,#4625,#4626,#4627));
#1344=EDGE_LOOP('',(#4628,#4629,#4630,#4631));
#1345=EDGE_LOOP('',(#4632,#4633,#4634,#4635));
#1346=EDGE_LOOP('',(#4636,#4637,#4638,#4639,#4640,#4641,#4642,#4643));
#1347=EDGE_LOOP('',(#4644,#4645,#4646,#4647));
#1348=EDGE_LOOP('',(#4648,#4649,#4650,#4651));
#1349=EDGE_LOOP('',(#4652,#4653,#4654,#4655));
#1350=EDGE_LOOP('',(#4656,#4657,#4658,#4659));
#1351=EDGE_LOOP('',(#4660,#4661,#4662,#4663,#4664,#4665,#4666,#4667,#4668,
#4669,#4670,#4671,#4672,#4673,#4674,#4675,#4676,#4677,#4678,#4679,#4680,
#4681,#4682,#4683));
#1352=EDGE_LOOP('',(#4684));
#1353=EDGE_LOOP('',(#4685,#4686,#4687,#4688));
#1354=EDGE_LOOP('',(#4689,#4690,#4691,#4692));
#1355=EDGE_LOOP('',(#4693,#4694,#4695,#4696,#4697,#4698,#4699,#4700));
#1356=EDGE_LOOP('',(#4701,#4702,#4703,#4704));
#1357=EDGE_LOOP('',(#4705,#4706,#4707,#4708,#4709,#4710,#4711,#4712));
#1358=EDGE_LOOP('',(#4713,#4714,#4715,#4716));
#1359=EDGE_LOOP('',(#4717,#4718,#4719,#4720,#4721,#4722,#4723,#4724));
#1360=EDGE_LOOP('',(#4725,#4726,#4727,#4728));
#1361=EDGE_LOOP('',(#4729,#4730,#4731,#4732));
#1362=EDGE_LOOP('',(#4733,#4734,#4735,#4736));
#1363=EDGE_LOOP('',(#4737,#4738,#4739,#4740));
#1364=EDGE_LOOP('',(#4741,#4742,#4743));
#1365=EDGE_LOOP('',(#4744,#4745,#4746,#4747));
#1366=EDGE_LOOP('',(#4748,#4749,#4750));
#1367=EDGE_LOOP('',(#4751,#4752,#4753,#4754));
#1368=EDGE_LOOP('',(#4755,#4756,#4757,#4758));
#1369=EDGE_LOOP('',(#4759,#4760,#4761));
#1370=EDGE_LOOP('',(#4762,#4763,#4764,#4765));
#1371=EDGE_LOOP('',(#4766,#4767,#4768));
#1372=EDGE_LOOP('',(#4769,#4770,#4771,#4772,#4773));
#1373=EDGE_LOOP('',(#4774,#4775,#4776,#4777));
#1374=EDGE_LOOP('',(#4778,#4779,#4780,#4781));
#1375=EDGE_LOOP('',(#4782,#4783,#4784,#4785));
#1376=EDGE_LOOP('',(#4786,#4787,#4788,#4789));
#1377=EDGE_LOOP('',(#4790,#4791,#4792,#4793,#4794,#4795,#4796,#4797,#4798));
#1378=EDGE_LOOP('',(#4799,#4800,#4801,#4802));
#1379=EDGE_LOOP('',(#4803,#4804,#4805,#4806));
#1380=EDGE_LOOP('',(#4807,#4808,#4809,#4810,#4811,#4812,#4813,#4814,#4815,
#4816));
#1381=EDGE_LOOP('',(#4817,#4818,#4819,#4820));
#1382=EDGE_LOOP('',(#4821,#4822,#4823,#4824));
#1383=EDGE_LOOP('',(#4825,#4826,#4827,#4828));
#1384=EDGE_LOOP('',(#4829,#4830,#4831,#4832));
#1385=EDGE_LOOP('',(#4833,#4834,#4835));
#1386=EDGE_LOOP('',(#4836,#4837,#4838,#4839));
#1387=EDGE_LOOP('',(#4840,#4841,#4842));
#1388=EDGE_LOOP('',(#4843,#4844,#4845,#4846));
#1389=EDGE_LOOP('',(#4847,#4848,#4849));
#1390=EDGE_LOOP('',(#4850,#4851,#4852,#4853,#4854));
#1391=EDGE_LOOP('',(#4855,#4856,#4857,#4858));
#1392=EDGE_LOOP('',(#4859,#4860,#4861));
#1393=EDGE_LOOP('',(#4862,#4863,#4864,#4865,#4866));
#1394=EDGE_LOOP('',(#4867,#4868,#4869,#4870));
#1395=EDGE_LOOP('',(#4871,#4872,#4873,#4874));
#1396=EDGE_LOOP('',(#4875,#4876,#4877,#4878));
#1397=EDGE_LOOP('',(#4879,#4880,#4881,#4882));
#1398=EDGE_LOOP('',(#4883,#4884,#4885,#4886,#4887,#4888,#4889,#4890));
#1399=EDGE_LOOP('',(#4891,#4892,#4893,#4894));
#1400=EDGE_LOOP('',(#4895,#4896,#4897,#4898,#4899,#4900,#4901,#4902,#4903,
#4904));
#1401=EDGE_LOOP('',(#4905,#4906,#4907,#4908));
#1402=EDGE_LOOP('',(#4909,#4910,#4911,#4912));
#1403=EDGE_LOOP('',(#4913,#4914,#4915,#4916));
#1404=EDGE_LOOP('',(#4917,#4918,#4919));
#1405=EDGE_LOOP('',(#4920,#4921,#4922,#4923,#4924));
#1406=EDGE_LOOP('',(#4925,#4926,#4927));
#1407=EDGE_LOOP('',(#4928,#4929,#4930,#4931));
#1408=EDGE_LOOP('',(#4932,#4933,#4934,#4935));
#1409=EDGE_LOOP('',(#4936,#4937,#4938));
#1410=EDGE_LOOP('',(#4939,#4940,#4941,#4942));
#1411=EDGE_LOOP('',(#4943,#4944,#4945));
#1412=EDGE_LOOP('',(#4946,#4947,#4948,#4949));
#1413=EDGE_LOOP('',(#4950,#4951,#4952,#4953));
#1414=EDGE_LOOP('',(#4954,#4955,#4956,#4957));
#1415=EDGE_LOOP('',(#4958,#4959,#4960,#4961));
#1416=EDGE_LOOP('',(#4962,#4963,#4964,#4965));
#1417=EDGE_LOOP('',(#4966,#4967,#4968,#4969));
#1418=EDGE_LOOP('',(#4970,#4971,#4972,#4973));
#1419=EDGE_LOOP('',(#4974,#4975,#4976,#4977,#4978,#4979,#4980,#4981,#4982,
#4983));
#1420=EDGE_LOOP('',(#4984,#4985,#4986,#4987));
#1421=EDGE_LOOP('',(#4988,#4989,#4990,#4991));
#1422=EDGE_LOOP('',(#4992,#4993,#4994,#4995));
#1423=EDGE_LOOP('',(#4996,#4997,#4998,#4999));
#1424=EDGE_LOOP('',(#5000,#5001,#5002));
#1425=EDGE_LOOP('',(#5003,#5004,#5005,#5006));
#1426=EDGE_LOOP('',(#5007,#5008,#5009));
#1427=EDGE_LOOP('',(#5010,#5011,#5012,#5013));
#1428=EDGE_LOOP('',(#5014,#5015,#5016,#5017));
#1429=EDGE_LOOP('',(#5018,#5019,#5020));
#1430=EDGE_LOOP('',(#5021,#5022,#5023,#5024,#5025));
#1431=EDGE_LOOP('',(#5026,#5027,#5028));
#1432=EDGE_LOOP('',(#5029,#5030,#5031,#5032,#5033));
#1433=EDGE_LOOP('',(#5034,#5035,#5036,#5037));
#1434=EDGE_LOOP('',(#5038,#5039,#5040,#5041));
#1435=EDGE_LOOP('',(#5042,#5043,#5044,#5045));
#1436=EDGE_LOOP('',(#5046,#5047,#5048,#5049));
#1437=EDGE_LOOP('',(#5050,#5051,#5052,#5053));
#1438=EDGE_LOOP('',(#5054,#5055,#5056,#5057));
#1439=EDGE_LOOP('',(#5058,#5059,#5060,#5061));
#1440=EDGE_LOOP('',(#5062,#5063,#5064,#5065));
#1441=EDGE_LOOP('',(#5066,#5067,#5068,#5069,#5070));
#1442=EDGE_LOOP('',(#5071,#5072,#5073,#5074,#5075));
#1443=EDGE_LOOP('',(#5076,#5077,#5078,#5079));
#1444=EDGE_LOOP('',(#5080,#5081,#5082,#5083,#5084));
#1445=EDGE_LOOP('',(#5085,#5086,#5087,#5088,#5089));
#1446=EDGE_LOOP('',(#5090,#5091,#5092,#5093,#5094,#5095,#5096,#5097));
#1447=EDGE_LOOP('',(#5098,#5099,#5100,#5101,#5102,#5103,#5104,#5105,#5106));
#1448=EDGE_LOOP('',(#5107,#5108,#5109,#5110));
#1449=EDGE_LOOP('',(#5111,#5112,#5113,#5114,#5115,#5116,#5117,#5118));
#1450=EDGE_LOOP('',(#5119,#5120,#5121,#5122));
#1451=EDGE_LOOP('',(#5123,#5124,#5125,#5126));
#1452=EDGE_LOOP('',(#5127,#5128,#5129,#5130));
#1453=EDGE_LOOP('',(#5131,#5132,#5133,#5134));
#1454=EDGE_LOOP('',(#5135,#5136,#5137,#5138));
#1455=EDGE_LOOP('',(#5139,#5140,#5141,#5142));
#1456=EDGE_LOOP('',(#5143,#5144,#5145,#5146));
#1457=EDGE_LOOP('',(#5147,#5148,#5149,#5150));
#1458=EDGE_LOOP('',(#5151,#5152,#5153,#5154));
#1459=EDGE_LOOP('',(#5155,#5156,#5157,#5158,#5159,#5160));
#1460=EDGE_LOOP('',(#5161));
#1461=EDGE_LOOP('',(#5162,#5163,#5164,#5165));
#1462=EDGE_LOOP('',(#5166,#5167,#5168,#5169,#5170,#5171,#5172,#5173,#5174,
#5175));
#1463=EDGE_LOOP('',(#5176,#5177,#5178,#5179));
#1464=EDGE_LOOP('',(#5180,#5181,#5182,#5183,#5184,#5185));
#1465=EDGE_LOOP('',(#5186,#5187,#5188,#5189));
#1466=EDGE_LOOP('',(#5190,#5191,#5192,#5193));
#1467=EDGE_LOOP('',(#5194,#5195,#5196,#5197));
#1468=EDGE_LOOP('',(#5198,#5199,#5200,#5201));
#1469=EDGE_LOOP('',(#5202,#5203,#5204,#5205));
#1470=EDGE_LOOP('',(#5206,#5207,#5208,#5209,#5210,#5211));
#1471=EDGE_LOOP('',(#5212,#5213,#5214,#5215));
#1472=EDGE_LOOP('',(#5216,#5217,#5218,#5219,#5220,#5221));
#1473=EDGE_LOOP('',(#5222,#5223,#5224,#5225,#5226,#5227));
#1474=EDGE_LOOP('',(#5228,#5229,#5230,#5231,#5232,#5233));
#1475=EDGE_LOOP('',(#5234,#5235,#5236,#5237));
#1476=EDGE_LOOP('',(#5238,#5239,#5240,#5241));
#1477=EDGE_LOOP('',(#5242,#5243,#5244,#5245));
#1478=EDGE_LOOP('',(#5246,#5247,#5248,#5249));
#1479=EDGE_LOOP('',(#5250,#5251,#5252,#5253));
#1480=EDGE_LOOP('',(#5254,#5255,#5256,#5257));
#1481=EDGE_LOOP('',(#5258,#5259,#5260,#5261,#5262,#5263));
#1482=EDGE_LOOP('',(#5264,#5265,#5266,#5267,#5268));
#1483=EDGE_LOOP('',(#5269,#5270,#5271,#5272,#5273));
#1484=EDGE_LOOP('',(#5274,#5275,#5276,#5277));
#1485=EDGE_LOOP('',(#5278,#5279,#5280,#5281,#5282));
#1486=EDGE_LOOP('',(#5283,#5284,#5285,#5286,#5287));
#1487=EDGE_LOOP('',(#5288,#5289,#5290,#5291));
#1488=EDGE_LOOP('',(#5292,#5293,#5294,#5295,#5296));
#1489=EDGE_LOOP('',(#5297,#5298,#5299,#5300,#5301));
#1490=EDGE_LOOP('',(#5302,#5303,#5304,#5305));
#1491=EDGE_LOOP('',(#5306,#5307,#5308));
#1492=EDGE_LOOP('',(#5309,#5310,#5311,#5312));
#1493=EDGE_LOOP('',(#5313,#5314,#5315,#5316));
#1494=EDGE_LOOP('',(#5317,#5318,#5319,#5320));
#1495=EDGE_LOOP('',(#5321,#5322,#5323,#5324));
#1496=EDGE_LOOP('',(#5325,#5326,#5327));
#1497=EDGE_LOOP('',(#5328,#5329,#5330,#5331));
#1498=EDGE_LOOP('',(#5332,#5333,#5334,#5335));
#1499=EDGE_LOOP('',(#5336,#5337,#5338,#5339));
#1500=EDGE_LOOP('',(#5340,#5341,#5342));
#1501=EDGE_LOOP('',(#5343,#5344,#5345,#5346));
#1502=EDGE_LOOP('',(#5347,#5348,#5349,#5350));
#1503=EDGE_LOOP('',(#5351,#5352,#5353,#5354));
#1504=EDGE_LOOP('',(#5355,#5356,#5357));
#1505=EDGE_LOOP('',(#5358,#5359,#5360,#5361));
#1506=EDGE_LOOP('',(#5362,#5363,#5364,#5365));
#1507=EDGE_LOOP('',(#5366,#5367,#5368));
#1508=EDGE_LOOP('',(#5369,#5370,#5371,#5372));
#1509=EDGE_LOOP('',(#5373,#5374,#5375,#5376));
#1510=EDGE_LOOP('',(#5377,#5378,#5379,#5380));
#1511=EDGE_LOOP('',(#5381,#5382,#5383,#5384));
#1512=EDGE_LOOP('',(#5385,#5386,#5387));
#1513=EDGE_LOOP('',(#5388,#5389,#5390,#5391));
#1514=EDGE_LOOP('',(#5392,#5393,#5394,#5395));
#1515=EDGE_LOOP('',(#5396,#5397,#5398,#5399));
#1516=EDGE_LOOP('',(#5400,#5401,#5402));
#1517=EDGE_LOOP('',(#5403,#5404,#5405,#5406));
#1518=EDGE_LOOP('',(#5407,#5408,#5409,#5410));
#1519=EDGE_LOOP('',(#5411,#5412,#5413));
#1520=EDGE_LOOP('',(#5414,#5415,#5416,#5417));
#1521=EDGE_LOOP('',(#5418,#5419,#5420,#5421));
#1522=EDGE_LOOP('',(#5422,#5423,#5424,#5425));
#1523=EDGE_LOOP('',(#5426,#5427,#5428));
#1524=EDGE_LOOP('',(#5429,#5430,#5431,#5432));
#1525=EDGE_LOOP('',(#5433,#5434,#5435,#5436));
#1526=EDGE_LOOP('',(#5437,#5438,#5439,#5440));
#1527=EDGE_LOOP('',(#5441,#5442,#5443));
#1528=EDGE_LOOP('',(#5444,#5445,#5446,#5447));
#1529=EDGE_LOOP('',(#5448,#5449,#5450,#5451));
#1530=EDGE_LOOP('',(#5452,#5453,#5454,#5455));
#1531=EDGE_LOOP('',(#5456,#5457,#5458,#5459));
#1532=EDGE_LOOP('',(#5460,#5461,#5462));
#1533=EDGE_LOOP('',(#5463,#5464,#5465,#5466));
#1534=EDGE_LOOP('',(#5467,#5468,#5469,#5470));
#1535=EDGE_LOOP('',(#5471,#5472,#5473,#5474));
#1536=EDGE_LOOP('',(#5475,#5476,#5477));
#1537=EDGE_LOOP('',(#5478,#5479,#5480,#5481));
#1538=EDGE_LOOP('',(#5482,#5483,#5484,#5485));
#1539=EDGE_LOOP('',(#5486,#5487,#5488,#5489));
#1540=EDGE_LOOP('',(#5490,#5491,#5492));
#1541=EDGE_LOOP('',(#5493,#5494,#5495,#5496));
#1542=EDGE_LOOP('',(#5497,#5498,#5499,#5500));
#1543=EDGE_LOOP('',(#5501,#5502,#5503));
#1544=EDGE_LOOP('',(#5504,#5505,#5506,#5507));
#1545=EDGE_LOOP('',(#5508,#5509,#5510,#5511));
#1546=EDGE_LOOP('',(#5512,#5513,#5514,#5515));
#1547=EDGE_LOOP('',(#5516,#5517,#5518));
#1548=EDGE_LOOP('',(#5519,#5520,#5521,#5522));
#1549=EDGE_LOOP('',(#5523,#5524,#5525,#5526));
#1550=EDGE_LOOP('',(#5527,#5528,#5529,#5530));
#1551=EDGE_LOOP('',(#5531,#5532,#5533));
#1552=EDGE_LOOP('',(#5534,#5535,#5536,#5537));
#1553=EDGE_LOOP('',(#5538,#5539,#5540,#5541));
#1554=EDGE_LOOP('',(#5542,#5543,#5544,#5545));
#1555=EDGE_LOOP('',(#5546,#5547,#5548));
#1556=EDGE_LOOP('',(#5549,#5550,#5551,#5552));
#1557=EDGE_LOOP('',(#5553,#5554,#5555,#5556));
#1558=EDGE_LOOP('',(#5557,#5558,#5559,#5560));
#1559=EDGE_LOOP('',(#5561,#5562,#5563));
#1560=EDGE_LOOP('',(#5564,#5565,#5566,#5567));
#1561=EDGE_LOOP('',(#5568,#5569,#5570,#5571));
#1562=EDGE_LOOP('',(#5572,#5573,#5574,#5575));
#1563=EDGE_LOOP('',(#5576,#5577,#5578,#5579));
#1564=EDGE_LOOP('',(#5580,#5581,#5582));
#1565=EDGE_LOOP('',(#5583,#5584,#5585,#5586));
#1566=EDGE_LOOP('',(#5587,#5588,#5589,#5590));
#1567=EDGE_LOOP('',(#5591,#5592,#5593,#5594));
#1568=EDGE_LOOP('',(#5595,#5596,#5597));
#1569=EDGE_LOOP('',(#5598,#5599,#5600,#5601));
#1570=EDGE_LOOP('',(#5602,#5603,#5604,#5605));
#1571=EDGE_LOOP('',(#5606,#5607,#5608,#5609));
#1572=EDGE_LOOP('',(#5610,#5611,#5612));
#1573=EDGE_LOOP('',(#5613,#5614,#5615,#5616));
#1574=EDGE_LOOP('',(#5617,#5618,#5619,#5620));
#1575=EDGE_LOOP('',(#5621,#5622,#5623,#5624));
#1576=EDGE_LOOP('',(#5625,#5626,#5627));
#1577=EDGE_LOOP('',(#5628,#5629,#5630,#5631));
#1578=EDGE_LOOP('',(#5632,#5633,#5634,#5635));
#1579=EDGE_LOOP('',(#5636,#5637,#5638,#5639));
#1580=EDGE_LOOP('',(#5640,#5641,#5642));
#1581=EDGE_LOOP('',(#5643,#5644,#5645,#5646));
#1582=EDGE_LOOP('',(#5647,#5648,#5649,#5650));
#1583=EDGE_LOOP('',(#5651,#5652,#5653,#5654));
#1584=EDGE_LOOP('',(#5655,#5656,#5657));
#1585=EDGE_LOOP('',(#5658,#5659,#5660,#5661));
#1586=EDGE_LOOP('',(#5662,#5663,#5664));
#1587=EDGE_LOOP('',(#5665,#5666,#5667,#5668));
#1588=EDGE_LOOP('',(#5669,#5670,#5671));
#1589=EDGE_LOOP('',(#5672,#5673,#5674,#5675));
#1590=EDGE_LOOP('',(#5676,#5677,#5678,#5679));
#1591=EDGE_LOOP('',(#5680,#5681,#5682));
#1592=EDGE_LOOP('',(#5683,#5684,#5685,#5686));
#1593=EDGE_LOOP('',(#5687,#5688,#5689,#5690));
#1594=EDGE_LOOP('',(#5691,#5692,#5693,#5694));
#1595=EDGE_LOOP('',(#5695,#5696,#5697,#5698));
#1596=EDGE_LOOP('',(#5699,#5700,#5701,#5702));
#1597=EDGE_LOOP('',(#5703,#5704,#5705,#5706));
#1598=EDGE_LOOP('',(#5707,#5708,#5709,#5710));
#1599=EDGE_LOOP('',(#5711,#5712,#5713));
#1600=EDGE_LOOP('',(#5714,#5715,#5716,#5717));
#1601=EDGE_LOOP('',(#5718,#5719,#5720));
#1602=EDGE_LOOP('',(#5721,#5722,#5723,#5724));
#1603=EDGE_LOOP('',(#5725,#5726,#5727,#5728));
#1604=EDGE_LOOP('',(#5729,#5730,#5731));
#1605=EDGE_LOOP('',(#5732,#5733,#5734,#5735));
#1606=EDGE_LOOP('',(#5736,#5737,#5738,#5739));
#1607=EDGE_LOOP('',(#5740,#5741,#5742,#5743));
#1608=EDGE_LOOP('',(#5744,#5745,#5746,#5747));
#1609=EDGE_LOOP('',(#5748,#5749,#5750,#5751,#5752));
#1610=EDGE_LOOP('',(#5753,#5754,#5755,#5756));
#1611=EDGE_LOOP('',(#5757,#5758,#5759));
#1612=EDGE_LOOP('',(#5760,#5761,#5762,#5763));
#1613=EDGE_LOOP('',(#5764,#5765,#5766,#5767));
#1614=EDGE_LOOP('',(#5768,#5769,#5770,#5771,#5772));
#1615=EDGE_LOOP('',(#5773,#5774,#5775,#5776));
#1616=EDGE_LOOP('',(#5777,#5778,#5779,#5780,#5781));
#1617=EDGE_LOOP('',(#5782,#5783,#5784,#5785));
#1618=EDGE_LOOP('',(#5786,#5787,#5788));
#1619=EDGE_LOOP('',(#5789,#5790,#5791,#5792));
#1620=EDGE_LOOP('',(#5793,#5794,#5795));
#1621=EDGE_LOOP('',(#5796,#5797,#5798,#5799));
#1622=EDGE_LOOP('',(#5800,#5801,#5802,#5803));
#1623=EDGE_LOOP('',(#5804,#5805,#5806));
#1624=EDGE_LOOP('',(#5807,#5808,#5809,#5810));
#1625=EDGE_LOOP('',(#5811,#5812,#5813));
#1626=EDGE_LOOP('',(#5814,#5815,#5816,#5817));
#1627=EDGE_LOOP('',(#5818,#5819,#5820,#5821));
#1628=EDGE_LOOP('',(#5822,#5823,#5824));
#1629=EDGE_LOOP('',(#5825,#5826,#5827,#5828));
#1630=EDGE_LOOP('',(#5829,#5830,#5831,#5832));
#1631=EDGE_LOOP('',(#5833,#5834,#5835,#5836));
#1632=EDGE_LOOP('',(#5837,#5838,#5839,#5840));
#1633=EDGE_LOOP('',(#5841,#5842,#5843,#5844));
#1634=EDGE_LOOP('',(#5845,#5846,#5847,#5848));
#1635=EDGE_LOOP('',(#5849,#5850,#5851,#5852));
#1636=EDGE_LOOP('',(#5853,#5854,#5855,#5856,#5857));
#1637=EDGE_LOOP('',(#5858,#5859,#5860,#5861));
#1638=EDGE_LOOP('',(#5862,#5863,#5864,#5865));
#1639=EDGE_LOOP('',(#5866,#5867,#5868,#5869));
#1640=EDGE_LOOP('',(#5870,#5871,#5872,#5873));
#1641=EDGE_LOOP('',(#5874,#5875,#5876,#5877));
#1642=EDGE_LOOP('',(#5878,#5879,#5880,#5881));
#1643=EDGE_LOOP('',(#5882,#5883,#5884,#5885));
#1644=EDGE_LOOP('',(#5886,#5887,#5888,#5889));
#1645=EDGE_LOOP('',(#5890,#5891,#5892,#5893));
#1646=EDGE_LOOP('',(#5894,#5895,#5896,#5897));
#1647=EDGE_LOOP('',(#5898,#5899,#5900,#5901));
#1648=EDGE_LOOP('',(#5902,#5903,#5904,#5905));
#1649=EDGE_LOOP('',(#5906,#5907,#5908,#5909,#5910,#5911));
#1650=EDGE_LOOP('',(#5912));
#1651=EDGE_LOOP('',(#5913,#5914,#5915,#5916));
#1652=EDGE_LOOP('',(#5917,#5918,#5919,#5920));
#1653=EDGE_LOOP('',(#5921,#5922,#5923,#5924));
#1654=EDGE_LOOP('',(#5925,#5926,#5927,#5928));
#1655=EDGE_LOOP('',(#5929,#5930,#5931,#5932));
#1656=EDGE_LOOP('',(#5933,#5934,#5935,#5936));
#1657=EDGE_LOOP('',(#5937,#5938,#5939,#5940,#5941,#5942,#5943,#5944,#5945,
#5946));
#1658=EDGE_LOOP('',(#5947,#5948,#5949,#5950,#5951,#5952,#5953,#5954));
#1659=EDGE_LOOP('',(#5955,#5956,#5957,#5958,#5959,#5960,#5961,#5962));
#1660=EDGE_LOOP('',(#5963,#5964,#5965,#5966,#5967,#5968,#5969,#5970));
#1661=EDGE_LOOP('',(#5971,#5972,#5973,#5974,#5975,#5976,#5977,#5978));
#1662=EDGE_LOOP('',(#5979,#5980,#5981,#5982,#5983,#5984,#5985,#5986,#5987,
#5988));
#1663=EDGE_LOOP('',(#5989,#5990,#5991,#5992,#5993,#5994,#5995,#5996,#5997,
#5998));
#1664=EDGE_LOOP('',(#5999,#6000,#6001,#6002,#6003,#6004,#6005,#6006,#6007,
#6008));
#1665=EDGE_LOOP('',(#6009));
#1666=EDGE_LOOP('',(#6010,#6011,#6012,#6013));
#1667=EDGE_LOOP('',(#6014,#6015,#6016,#6017,#6018,#6019));
#1668=EDGE_LOOP('',(#6020,#6021,#6022));
#1669=EDGE_LOOP('',(#6023,#6024,#6025,#6026));
#1670=EDGE_LOOP('',(#6027,#6028,#6029,#6030));
#1671=EDGE_LOOP('',(#6031,#6032,#6033,#6034));
#1672=EDGE_LOOP('',(#6035,#6036,#6037));
#1673=EDGE_LOOP('',(#6038,#6039,#6040,#6041));
#1674=EDGE_LOOP('',(#6042,#6043,#6044));
#1675=EDGE_LOOP('',(#6045,#6046,#6047,#6048));
#1676=EDGE_LOOP('',(#6049,#6050,#6051,#6052));
#1677=EDGE_LOOP('',(#6053,#6054,#6055,#6056));
#1678=EDGE_LOOP('',(#6057,#6058,#6059,#6060));
#1679=EDGE_LOOP('',(#6061,#6062,#6063,#6064));
#1680=EDGE_LOOP('',(#6065,#6066,#6067,#6068));
#1681=EDGE_LOOP('',(#6069,#6070,#6071,#6072,#6073,#6074,#6075,#6076,#6077,
#6078));
#1682=EDGE_LOOP('',(#6079,#6080,#6081,#6082,#6083,#6084));
#1683=EDGE_LOOP('',(#6085,#6086,#6087,#6088));
#1684=EDGE_LOOP('',(#6089,#6090,#6091,#6092,#6093,#6094));
#1685=EDGE_LOOP('',(#6095,#6096,#6097,#6098,#6099,#6100,#6101));
#1686=EDGE_LOOP('',(#6102,#6103,#6104,#6105,#6106,#6107,#6108,#6109,#6110,
#6111));
#1687=EDGE_LOOP('',(#6112,#6113,#6114,#6115,#6116));
#1688=EDGE_LOOP('',(#6117,#6118,#6119,#6120,#6121));
#1689=EDGE_LOOP('',(#6122,#6123,#6124,#6125,#6126));
#1690=EDGE_LOOP('',(#6127));
#1691=EDGE_LOOP('',(#6128));
#1692=EDGE_LOOP('',(#6129,#6130,#6131));
#1693=EDGE_LOOP('',(#6132,#6133,#6134,#6135));
#1694=EDGE_LOOP('',(#6136,#6137,#6138,#6139));
#1695=EDGE_LOOP('',(#6140,#6141,#6142));
#1696=EDGE_LOOP('',(#6143,#6144,#6145,#6146));
#1697=EDGE_LOOP('',(#6147,#6148,#6149,#6150));
#1698=EDGE_LOOP('',(#6151,#6152,#6153));
#1699=EDGE_LOOP('',(#6154,#6155,#6156,#6157));
#1700=EDGE_LOOP('',(#6158,#6159,#6160,#6161));
#1701=EDGE_LOOP('',(#6162,#6163,#6164,#6165));
#1702=EDGE_LOOP('',(#6166,#6167,#6168,#6169));
#1703=EDGE_LOOP('',(#6170,#6171,#6172,#6173));
#1704=EDGE_LOOP('',(#6174,#6175,#6176,#6177));
#1705=EDGE_LOOP('',(#6178,#6179,#6180,#6181,#6182,#6183));
#1706=EDGE_LOOP('',(#6184,#6185,#6186,#6187));
#1707=EDGE_LOOP('',(#6188,#6189,#6190,#6191,#6192,#6193));
#1708=EDGE_LOOP('',(#6194,#6195,#6196,#6197,#6198,#6199,#6200));
#1709=EDGE_LOOP('',(#6201,#6202,#6203,#6204,#6205,#6206,#6207,#6208,#6209,
#6210));
#1710=EDGE_LOOP('',(#6211,#6212,#6213,#6214,#6215));
#1711=EDGE_LOOP('',(#6216,#6217,#6218,#6219));
#1712=EDGE_LOOP('',(#6220,#6221,#6222));
#1713=EDGE_LOOP('',(#6223,#6224,#6225,#6226));
#1714=EDGE_LOOP('',(#6227,#6228,#6229));
#1715=EDGE_LOOP('',(#6230,#6231,#6232,#6233));
#1716=EDGE_LOOP('',(#6234,#6235,#6236,#6237));
#1717=EDGE_LOOP('',(#6238,#6239,#6240));
#1718=EDGE_LOOP('',(#6241,#6242,#6243,#6244));
#1719=EDGE_LOOP('',(#6245,#6246,#6247,#6248));
#1720=EDGE_LOOP('',(#6249,#6250,#6251,#6252));
#1721=EDGE_LOOP('',(#6253,#6254,#6255,#6256));
#1722=EDGE_LOOP('',(#6257,#6258,#6259,#6260));
#1723=EDGE_LOOP('',(#6261,#6262,#6263,#6264));
#1724=EDGE_LOOP('',(#6265,#6266,#6267,#6268));
#1725=EDGE_LOOP('',(#6269,#6270,#6271,#6272));
#1726=EDGE_LOOP('',(#6273,#6274,#6275,#6276,#6277,#6278,#6279,#6280,#6281,
#6282));
#1727=EDGE_LOOP('',(#6283,#6284,#6285,#6286,#6287));
#1728=EDGE_LOOP('',(#6288,#6289,#6290));
#1729=EDGE_LOOP('',(#6291,#6292,#6293,#6294));
#1730=EDGE_LOOP('',(#6295,#6296,#6297,#6298));
#1731=EDGE_LOOP('',(#6299,#6300,#6301,#6302));
#1732=EDGE_LOOP('',(#6303,#6304,#6305));
#1733=EDGE_LOOP('',(#6306,#6307,#6308,#6309));
#1734=EDGE_LOOP('',(#6310,#6311,#6312));
#1735=EDGE_LOOP('',(#6313,#6314,#6315,#6316));
#1736=EDGE_LOOP('',(#6317,#6318,#6319,#6320));
#1737=EDGE_LOOP('',(#6321,#6322,#6323,#6324));
#1738=EDGE_LOOP('',(#6325,#6326,#6327,#6328));
#1739=EDGE_LOOP('',(#6329,#6330,#6331,#6332));
#1740=EDGE_LOOP('',(#6333,#6334,#6335,#6336));
#1741=EDGE_LOOP('',(#6337,#6338,#6339,#6340));
#1742=EDGE_LOOP('',(#6341,#6342,#6343,#6344));
#1743=EDGE_LOOP('',(#6345,#6346,#6347,#6348,#6349));
#1744=EDGE_LOOP('',(#6350,#6351,#6352,#6353,#6354,#6355,#6356,#6357,#6358,
#6359,#6360,#6361,#6362,#6363,#6364,#6365));
#1745=EDGE_LOOP('',(#6366));
#1746=EDGE_LOOP('',(#6367,#6368,#6369,#6370,#6371,#6372,#6373));
#1747=EDGE_LOOP('',(#6374,#6375,#6376,#6377,#6378,#6379,#6380));
#1748=EDGE_LOOP('',(#6381,#6382,#6383,#6384,#6385,#6386));
#1749=EDGE_LOOP('',(#6387,#6388,#6389,#6390,#6391,#6392));
#1750=EDGE_LOOP('',(#6393,#6394,#6395,#6396));
#1751=EDGE_LOOP('',(#6397,#6398,#6399,#6400));
#1752=EDGE_LOOP('',(#6401,#6402,#6403,#6404));
#1753=EDGE_LOOP('',(#6405,#6406,#6407,#6408,#6409,#6410));
#1754=EDGE_LOOP('',(#6411,#6412,#6413,#6414));
#1755=EDGE_LOOP('',(#6415,#6416,#6417,#6418,#6419,#6420));
#1756=EDGE_LOOP('',(#6421,#6422,#6423,#6424));
#1757=EDGE_LOOP('',(#6425,#6426,#6427,#6428));
#1758=EDGE_LOOP('',(#6429,#6430,#6431,#6432));
#1759=EDGE_LOOP('',(#6433,#6434,#6435,#6436));
#1760=EDGE_LOOP('',(#6437,#6438,#6439,#6440));
#1761=EDGE_LOOP('',(#6441,#6442,#6443,#6444));
#1762=EDGE_LOOP('',(#6445,#6446,#6447,#6448));
#1763=EDGE_LOOP('',(#6449,#6450,#6451,#6452));
#1764=EDGE_LOOP('',(#6453,#6454,#6455,#6456,#6457,#6458));
#1765=EDGE_LOOP('',(#6459));
#1766=EDGE_LOOP('',(#6460,#6461,#6462,#6463));
#1767=EDGE_LOOP('',(#6464,#6465,#6466,#6467));
#1768=EDGE_LOOP('',(#6468,#6469,#6470,#6471,#6472,#6473));
#1769=LINE('',#10363,#2367);
#1770=LINE('',#10365,#2368);
#1771=LINE('',#10367,#2369);
#1772=LINE('',#10369,#2370);
#1773=LINE('',#10371,#2371);
#1774=LINE('',#10373,#2372);
#1775=LINE('',#10375,#2373);
#1776=LINE('',#10377,#2374);
#1777=LINE('',#10379,#2375);
#1778=LINE('',#10380,#2376);
#1779=LINE('',#10385,#2377);
#1780=LINE('',#10387,#2378);
#1781=LINE('',#10390,#2379);
#1782=LINE('',#10393,#2380);
#1783=LINE('',#10395,#2381);
#1784=LINE('',#10396,#2382);
#1785=LINE('',#10400,#2383);
#1786=LINE('',#10401,#2384);
#1787=LINE('',#10403,#2385);
#1788=LINE('',#10404,#2386);
#1789=LINE('',#10407,#2387);
#1790=LINE('',#10409,#2388);
#1791=LINE('',#10410,#2389);
#1792=LINE('',#10413,#2390);
#1793=LINE('',#10415,#2391);
#1794=LINE('',#10416,#2392);
#1795=LINE('',#10422,#2393);
#1796=LINE('',#10423,#2394);
#1797=LINE('',#10424,#2395);
#1798=LINE('',#10427,#2396);
#1799=LINE('',#10430,#2397);
#1800=LINE('',#10433,#2398);
#1801=LINE('',#10436,#2399);
#1802=LINE('',#10438,#2400);
#1803=LINE('',#10440,#2401);
#1804=LINE('',#10441,#2402);
#1805=LINE('',#10442,#2403);
#1806=LINE('',#10444,#2404);
#1807=LINE('',#10445,#2405);
#1808=LINE('',#10447,#2406);
#1809=LINE('',#10458,#2407);
#1810=LINE('',#10460,#2408);
#1811=LINE('',#10462,#2409);
#1812=LINE('',#10464,#2410);
#1813=LINE('',#10466,#2411);
#1814=LINE('',#10468,#2412);
#1815=LINE('',#10470,#2413);
#1816=LINE('',#10471,#2414);
#1817=LINE('',#10476,#2415);
#1818=LINE('',#10480,#2416);
#1819=LINE('',#10484,#2417);
#1820=LINE('',#10485,#2418);
#1821=LINE('',#10491,#2419);
#1822=LINE('',#10492,#2420);
#1823=LINE('',#10493,#2421);
#1824=LINE('',#10496,#2422);
#1825=LINE('',#10497,#2423);
#1826=LINE('',#10500,#2424);
#1827=LINE('',#10501,#2425);
#1828=LINE('',#10503,#2426);
#1829=LINE('',#10524,#2427);
#1830=LINE('',#10527,#2428);
#1831=LINE('',#10532,#2429);
#1832=LINE('',#10540,#2430);
#1833=LINE('',#10544,#2431);
#1834=LINE('',#10552,#2432);
#1835=LINE('',#10556,#2433);
#1836=LINE('',#10564,#2434);
#1837=LINE('',#10568,#2435);
#1838=LINE('',#10594,#2436);
#1839=LINE('',#10599,#2437);
#1840=LINE('',#10616,#2438);
#1841=LINE('',#10618,#2439);
#1842=LINE('',#10620,#2440);
#1843=LINE('',#10622,#2441);
#1844=LINE('',#10624,#2442);
#1845=LINE('',#10626,#2443);
#1846=LINE('',#10627,#2444);
#1847=LINE('',#10645,#2445);
#1848=LINE('',#10649,#2446);
#1849=LINE('',#10651,#2447);
#1850=LINE('',#10653,#2448);
#1851=LINE('',#10655,#2449);
#1852=LINE('',#10657,#2450);
#1853=LINE('',#10659,#2451);
#1854=LINE('',#10660,#2452);
#1855=LINE('',#10678,#2453);
#1856=LINE('',#10682,#2454);
#1857=LINE('',#10684,#2455);
#1858=LINE('',#10686,#2456);
#1859=LINE('',#10688,#2457);
#1860=LINE('',#10690,#2458);
#1861=LINE('',#10692,#2459);
#1862=LINE('',#10693,#2460);
#1863=LINE('',#10712,#2461);
#1864=LINE('',#10720,#2462);
#1865=LINE('',#10724,#2463);
#1866=LINE('',#10734,#2464);
#1867=LINE('',#10735,#2465);
#1868=LINE('',#10744,#2466);
#1869=LINE('',#10747,#2467);
#1870=LINE('',#10748,#2468);
#1871=LINE('',#10757,#2469);
#1872=LINE('',#10758,#2470);
#1873=LINE('',#10766,#2471);
#1874=LINE('',#10768,#2472);
#1875=LINE('',#10773,#2473);
#1876=LINE('',#10774,#2474);
#1877=LINE('',#10778,#2475);
#1878=LINE('',#10781,#2476);
#1879=LINE('',#10783,#2477);
#1880=LINE('',#10785,#2478);
#1881=LINE('',#10797,#2479);
#1882=LINE('',#10799,#2480);
#1883=LINE('',#10802,#2481);
#1884=LINE('',#10804,#2482);
#1885=LINE('',#10806,#2483);
#1886=LINE('',#10808,#2484);
#1887=LINE('',#10809,#2485);
#1888=LINE('',#10818,#2486);
#1889=LINE('',#10830,#2487);
#1890=LINE('',#10832,#2488);
#1891=LINE('',#10841,#2489);
#1892=LINE('',#10850,#2490);
#1893=LINE('',#10851,#2491);
#1894=LINE('',#10853,#2492);
#1895=LINE('',#10854,#2493);
#1896=LINE('',#10862,#2494);
#1897=LINE('',#10867,#2495);
#1898=LINE('',#10869,#2496);
#1899=LINE('',#10870,#2497);
#1900=LINE('',#10873,#2498);
#1901=LINE('',#10876,#2499);
#1902=LINE('',#10879,#2500);
#1903=LINE('',#10881,#2501);
#1904=LINE('',#10882,#2502);
#1905=LINE('',#10884,#2503);
#1906=LINE('',#10885,#2504);
#1907=LINE('',#10888,#2505);
#1908=LINE('',#10890,#2506);
#1909=LINE('',#10891,#2507);
#1910=LINE('',#10892,#2508);
#1911=LINE('',#10898,#2509);
#1912=LINE('',#10902,#2510);
#1913=LINE('',#10912,#2511);
#1914=LINE('',#10913,#2512);
#1915=LINE('',#10922,#2513);
#1916=LINE('',#10923,#2514);
#1917=LINE('',#10925,#2515);
#1918=LINE('',#10926,#2516);
#1919=LINE('',#10935,#2517);
#1920=LINE('',#10936,#2518);
#1921=LINE('',#10946,#2519);
#1922=LINE('',#10948,#2520);
#1923=LINE('',#10952,#2521);
#1924=LINE('',#10955,#2522);
#1925=LINE('',#10957,#2523);
#1926=LINE('',#10958,#2524);
#1927=LINE('',#10960,#2525);
#1928=LINE('',#10961,#2526);
#1929=LINE('',#10966,#2527);
#1930=LINE('',#10968,#2528);
#1931=LINE('',#10971,#2529);
#1932=LINE('',#10973,#2530);
#1933=LINE('',#10975,#2531);
#1934=LINE('',#10976,#2532);
#1935=LINE('',#10978,#2533);
#1936=LINE('',#10979,#2534);
#1937=LINE('',#10985,#2535);
#1938=LINE('',#10990,#2536);
#1939=LINE('',#10994,#2537);
#1940=LINE('',#11004,#2538);
#1941=LINE('',#11005,#2539);
#1942=LINE('',#11014,#2540);
#1943=LINE('',#11017,#2541);
#1944=LINE('',#11018,#2542);
#1945=LINE('',#11027,#2543);
#1946=LINE('',#11028,#2544);
#1947=LINE('',#11036,#2545);
#1948=LINE('',#11038,#2546);
#1949=LINE('',#11043,#2547);
#1950=LINE('',#11044,#2548);
#1951=LINE('',#11048,#2549);
#1952=LINE('',#11050,#2550);
#1953=LINE('',#11052,#2551);
#1954=LINE('',#11068,#2552);
#1955=LINE('',#11072,#2553);
#1956=LINE('',#11075,#2554);
#1957=LINE('',#11078,#2555);
#1958=LINE('',#11079,#2556);
#1959=LINE('',#11080,#2557);
#1960=LINE('',#11082,#2558);
#1961=LINE('',#11087,#2559);
#1962=LINE('',#11094,#2560);
#1963=LINE('',#11096,#2561);
#1964=LINE('',#11098,#2562);
#1965=LINE('',#11099,#2563);
#1966=LINE('',#11102,#2564);
#1967=LINE('',#11104,#2565);
#1968=LINE('',#11105,#2566);
#1969=LINE('',#11108,#2567);
#1970=LINE('',#11110,#2568);
#1971=LINE('',#11111,#2569);
#1972=LINE('',#11114,#2570);
#1973=LINE('',#11116,#2571);
#1974=LINE('',#11117,#2572);
#1975=LINE('',#11120,#2573);
#1976=LINE('',#11122,#2574);
#1977=LINE('',#11123,#2575);
#1978=LINE('',#11125,#2576);
#1979=LINE('',#11126,#2577);
#1980=LINE('',#11131,#2578);
#1981=LINE('',#11133,#2579);
#1982=LINE('',#11139,#2580);
#1983=LINE('',#11141,#2581);
#1984=LINE('',#11143,#2582);
#1985=LINE('',#11144,#2583);
#1986=LINE('',#11148,#2584);
#1987=LINE('',#11150,#2585);
#1988=LINE('',#11152,#2586);
#1989=LINE('',#11153,#2587);
#1990=LINE('',#11157,#2588);
#1991=LINE('',#11159,#2589);
#1992=LINE('',#11161,#2590);
#1993=LINE('',#11162,#2591);
#1994=LINE('',#11165,#2592);
#1995=LINE('',#11167,#2593);
#1996=LINE('',#11168,#2594);
#1997=LINE('',#11171,#2595);
#1998=LINE('',#11173,#2596);
#1999=LINE('',#11174,#2597);
#2000=LINE('',#11181,#2598);
#2001=LINE('',#11183,#2599);
#2002=LINE('',#11184,#2600);
#2003=LINE('',#11189,#2601);
#2004=LINE('',#11190,#2602);
#2005=LINE('',#11195,#2603);
#2006=LINE('',#11196,#2604);
#2007=LINE('',#11201,#2605);
#2008=LINE('',#11202,#2606);
#2009=LINE('',#11206,#2607);
#2010=LINE('',#11208,#2608);
#2011=LINE('',#11210,#2609);
#2012=LINE('',#11211,#2610);
#2013=LINE('',#11213,#2611);
#2014=LINE('',#11214,#2612);
#2015=LINE('',#11218,#2613);
#2016=LINE('',#11220,#2614);
#2017=LINE('',#11222,#2615);
#2018=LINE('',#11223,#2616);
#2019=LINE('',#11225,#2617);
#2020=LINE('',#11226,#2618);
#2021=LINE('',#11230,#2619);
#2022=LINE('',#11232,#2620);
#2023=LINE('',#11234,#2621);
#2024=LINE('',#11235,#2622);
#2025=LINE('',#11237,#2623);
#2026=LINE('',#11238,#2624);
#2027=LINE('',#11240,#2625);
#2028=LINE('',#11241,#2626);
#2029=LINE('',#11242,#2627);
#2030=LINE('',#11244,#2628);
#2031=LINE('',#11246,#2629);
#2032=LINE('',#11248,#2630);
#2033=LINE('',#11251,#2631);
#2034=LINE('',#11253,#2632);
#2035=LINE('',#11256,#2633);
#2036=LINE('',#11270,#2634);
#2037=LINE('',#11271,#2635);
#2038=LINE('',#11274,#2636);
#2039=LINE('',#11276,#2637);
#2040=LINE('',#11277,#2638);
#2041=LINE('',#11280,#2639);
#2042=LINE('',#11284,#2640);
#2043=LINE('',#11287,#2641);
#2044=LINE('',#11295,#2642);
#2045=LINE('',#11298,#2643);
#2046=LINE('',#11300,#2644);
#2047=LINE('',#11301,#2645);
#2048=LINE('',#11304,#2646);
#2049=LINE('',#11313,#2647);
#2050=LINE('',#11318,#2648);
#2051=LINE('',#11328,#2649);
#2052=LINE('',#11330,#2650);
#2053=LINE('',#11342,#2651);
#2054=LINE('',#11343,#2652);
#2055=LINE('',#11346,#2653);
#2056=LINE('',#11348,#2654);
#2057=LINE('',#11349,#2655);
#2058=LINE('',#11352,#2656);
#2059=LINE('',#11371,#2657);
#2060=LINE('',#11372,#2658);
#2061=LINE('',#11375,#2659);
#2062=LINE('',#11377,#2660);
#2063=LINE('',#11378,#2661);
#2064=LINE('',#11380,#2662);
#2065=LINE('',#11387,#2663);
#2066=LINE('',#11397,#2664);
#2067=LINE('',#11400,#2665);
#2068=LINE('',#11402,#2666);
#2069=LINE('',#11403,#2667);
#2070=LINE('',#11406,#2668);
#2071=LINE('',#11415,#2669);
#2072=LINE('',#11417,#2670);
#2073=LINE('',#11418,#2671);
#2074=LINE('',#11420,#2672);
#2075=LINE('',#11432,#2673);
#2076=LINE('',#11433,#2674);
#2077=LINE('',#11436,#2675);
#2078=LINE('',#11438,#2676);
#2079=LINE('',#11439,#2677);
#2080=LINE('',#11442,#2678);
#2081=LINE('',#11458,#2679);
#2082=LINE('',#11459,#2680);
#2083=LINE('',#11464,#2681);
#2084=LINE('',#11467,#2682);
#2085=LINE('',#11476,#2683);
#2086=LINE('',#11477,#2684);
#2087=LINE('',#11479,#2685);
#2088=LINE('',#11482,#2686);
#2089=LINE('',#11484,#2687);
#2090=LINE('',#11490,#2688);
#2091=LINE('',#11492,#2689);
#2092=LINE('',#11504,#2690);
#2093=LINE('',#11505,#2691);
#2094=LINE('',#11508,#2692);
#2095=LINE('',#11510,#2693);
#2096=LINE('',#11511,#2694);
#2097=LINE('',#11514,#2695);
#2098=LINE('',#11523,#2696);
#2099=LINE('',#11526,#2697);
#2100=LINE('',#11528,#2698);
#2101=LINE('',#11529,#2699);
#2102=LINE('',#11532,#2700);
#2103=LINE('',#11541,#2701);
#2104=LINE('',#11546,#2702);
#2105=LINE('',#11559,#2703);
#2106=LINE('',#11562,#2704);
#2107=LINE('',#11564,#2705);
#2108=LINE('',#11565,#2706);
#2109=LINE('',#11568,#2707);
#2110=LINE('',#11581,#2708);
#2111=LINE('',#11582,#2709);
#2112=LINE('',#11585,#2710);
#2113=LINE('',#11587,#2711);
#2114=LINE('',#11588,#2712);
#2115=LINE('',#11591,#2713);
#2116=LINE('',#11595,#2714);
#2117=LINE('',#11598,#2715);
#2118=LINE('',#11607,#2716);
#2119=LINE('',#11608,#2717);
#2120=LINE('',#11610,#2718);
#2121=LINE('',#11613,#2719);
#2122=LINE('',#11616,#2720);
#2123=LINE('',#11624,#2721);
#2124=LINE('',#11629,#2722);
#2125=LINE('',#11639,#2723);
#2126=LINE('',#11641,#2724);
#2127=LINE('',#11647,#2725);
#2128=LINE('',#11650,#2726);
#2129=LINE('',#11663,#2727);
#2130=LINE('',#11666,#2728);
#2131=LINE('',#11669,#2729);
#2132=LINE('',#11670,#2730);
#2133=LINE('',#11679,#2731);
#2134=LINE('',#11680,#2732);
#2135=LINE('',#11683,#2733);
#2136=LINE('',#11685,#2734);
#2137=LINE('',#11686,#2735);
#2138=LINE('',#11689,#2736);
#2139=LINE('',#11702,#2737);
#2140=LINE('',#11703,#2738);
#2141=LINE('',#11715,#2739);
#2142=LINE('',#11716,#2740);
#2143=LINE('',#11728,#2741);
#2144=LINE('',#11729,#2742);
#2145=LINE('',#11731,#2743);
#2146=LINE('',#11732,#2744);
#2147=LINE('',#11744,#2745);
#2148=LINE('',#11745,#2746);
#2149=LINE('',#11747,#2747);
#2150=LINE('',#11748,#2748);
#2151=LINE('',#11753,#2749);
#2152=LINE('',#11754,#2750);
#2153=LINE('',#11756,#2751);
#2154=LINE('',#11758,#2752);
#2155=LINE('',#11767,#2753);
#2156=LINE('',#11779,#2754);
#2157=LINE('',#11780,#2755);
#2158=LINE('',#11782,#2756);
#2159=LINE('',#11783,#2757);
#2160=LINE('',#11791,#2758);
#2161=LINE('',#11793,#2759);
#2162=LINE('',#11794,#2760);
#2163=LINE('',#11796,#2761);
#2164=LINE('',#11798,#2762);
#2165=LINE('',#11808,#2763);
#2166=LINE('',#11810,#2764);
#2167=LINE('',#11811,#2765);
#2168=LINE('',#11827,#2766);
#2169=LINE('',#11828,#2767);
#2170=LINE('',#11840,#2768);
#2171=LINE('',#11841,#2769);
#2172=LINE('',#11856,#2770);
#2173=LINE('',#11857,#2771);
#2174=LINE('',#11869,#2772);
#2175=LINE('',#11870,#2773);
#2176=LINE('',#11872,#2774);
#2177=LINE('',#11873,#2775);
#2178=LINE('',#11885,#2776);
#2179=LINE('',#11886,#2777);
#2180=LINE('',#11888,#2778);
#2181=LINE('',#11889,#2779);
#2182=LINE('',#11891,#2780);
#2183=LINE('',#11892,#2781);
#2184=LINE('',#11894,#2782);
#2185=LINE('',#11895,#2783);
#2186=LINE('',#11899,#2784);
#2187=LINE('',#11901,#2785);
#2188=LINE('',#11908,#2786);
#2189=LINE('',#11910,#2787);
#2190=LINE('',#11912,#2788);
#2191=LINE('',#11914,#2789);
#2192=LINE('',#11918,#2790);
#2193=LINE('',#11920,#2791);
#2194=LINE('',#11922,#2792);
#2195=LINE('',#11923,#2793);
#2196=LINE('',#11926,#2794);
#2197=LINE('',#11928,#2795);
#2198=LINE('',#11929,#2796);
#2199=LINE('',#11932,#2797);
#2200=LINE('',#11934,#2798);
#2201=LINE('',#11935,#2799);
#2202=LINE('',#11938,#2800);
#2203=LINE('',#11940,#2801);
#2204=LINE('',#11941,#2802);
#2205=LINE('',#11944,#2803);
#2206=LINE('',#11946,#2804);
#2207=LINE('',#11947,#2805);
#2208=LINE('',#11949,#2806);
#2209=LINE('',#11950,#2807);
#2210=LINE('',#11957,#2808);
#2211=LINE('',#11961,#2809);
#2212=LINE('',#11963,#2810);
#2213=LINE('',#11965,#2811);
#2214=LINE('',#11966,#2812);
#2215=LINE('',#11969,#2813);
#2216=LINE('',#11971,#2814);
#2217=LINE('',#11972,#2815);
#2218=LINE('',#11975,#2816);
#2219=LINE('',#11977,#2817);
#2220=LINE('',#11978,#2818);
#2221=LINE('',#11980,#2819);
#2222=LINE('',#11981,#2820);
#2223=LINE('',#11994,#2821);
#2224=LINE('',#11996,#2822);
#2225=LINE('',#12000,#2823);
#2226=LINE('',#12002,#2824);
#2227=LINE('',#12047,#2825);
#2228=LINE('',#12048,#2826);
#2229=LINE('',#12059,#2827);
#2230=LINE('',#12063,#2828);
#2231=LINE('',#12066,#2829);
#2232=LINE('',#12067,#2830);
#2233=LINE('',#12069,#2831);
#2234=LINE('',#12070,#2832);
#2235=LINE('',#12072,#2833);
#2236=LINE('',#12073,#2834);
#2237=LINE('',#12075,#2835);
#2238=LINE('',#12076,#2836);
#2239=LINE('',#12079,#2837);
#2240=LINE('',#12082,#2838);
#2241=LINE('',#12085,#2839);
#2242=LINE('',#12087,#2840);
#2243=LINE('',#12089,#2841);
#2244=LINE('',#12093,#2842);
#2245=LINE('',#12095,#2843);
#2246=LINE('',#12097,#2844);
#2247=LINE('',#12099,#2845);
#2248=LINE('',#12100,#2846);
#2249=LINE('',#12103,#2847);
#2250=LINE('',#12104,#2848);
#2251=LINE('',#12107,#2849);
#2252=LINE('',#12111,#2850);
#2253=LINE('',#12112,#2851);
#2254=LINE('',#12114,#2852);
#2255=LINE('',#12115,#2853);
#2256=LINE('',#12116,#2854);
#2257=LINE('',#12119,#2855);
#2258=LINE('',#12121,#2856);
#2259=LINE('',#12123,#2857);
#2260=LINE('',#12127,#2858);
#2261=LINE('',#12128,#2859);
#2262=LINE('',#12140,#2860);
#2263=LINE('',#12154,#2861);
#2264=LINE('',#12156,#2862);
#2265=LINE('',#12160,#2863);
#2266=LINE('',#12162,#2864);
#2267=LINE('',#12188,#2865);
#2268=LINE('',#12189,#2866);
#2269=LINE('',#12219,#2867);
#2270=LINE('',#12223,#2868);
#2271=LINE('',#12226,#2869);
#2272=LINE('',#12227,#2870);
#2273=LINE('',#12229,#2871);
#2274=LINE('',#12230,#2872);
#2275=LINE('',#12232,#2873);
#2276=LINE('',#12233,#2874);
#2277=LINE('',#12235,#2875);
#2278=LINE('',#12236,#2876);
#2279=LINE('',#12238,#2877);
#2280=LINE('',#12239,#2878);
#2281=LINE('',#12242,#2879);
#2282=LINE('',#12243,#2880);
#2283=LINE('',#12246,#2881);
#2284=LINE('',#12250,#2882);
#2285=LINE('',#12251,#2883);
#2286=LINE('',#12253,#2884);
#2287=LINE('',#12254,#2885);
#2288=LINE('',#12255,#2886);
#2289=LINE('',#12258,#2887);
#2290=LINE('',#12260,#2888);
#2291=LINE('',#12262,#2889);
#2292=LINE('',#12266,#2890);
#2293=LINE('',#12267,#2891);
#2294=LINE('',#12271,#2892);
#2295=LINE('',#12273,#2893);
#2296=LINE('',#12283,#2894);
#2297=LINE('',#12284,#2895);
#2298=LINE('',#12296,#2896);
#2299=LINE('',#12297,#2897);
#2300=LINE('',#12299,#2898);
#2301=LINE('',#12300,#2899);
#2302=LINE('',#12310,#2900);
#2303=LINE('',#12312,#2901);
#2304=LINE('',#12316,#2902);
#2305=LINE('',#12319,#2903);
#2306=LINE('',#12321,#2904);
#2307=LINE('',#12322,#2905);
#2308=LINE('',#12325,#2906);
#2309=LINE('',#12327,#2907);
#2310=LINE('',#12362,#2908);
#2311=LINE('',#12363,#2909);
#2312=LINE('',#12365,#2910);
#2313=LINE('',#12367,#2911);
#2314=LINE('',#12370,#2912);
#2315=LINE('',#12372,#2913);
#2316=LINE('',#12374,#2914);
#2317=LINE('',#12377,#2915);
#2318=LINE('',#12378,#2916);
#2319=LINE('',#12379,#2917);
#2320=LINE('',#12390,#2918);
#2321=LINE('',#12392,#2919);
#2322=LINE('',#12396,#2920);
#2323=LINE('',#12398,#2921);
#2324=LINE('',#12443,#2922);
#2325=LINE('',#12444,#2923);
#2326=LINE('',#12454,#2924);
#2327=LINE('',#12456,#2925);
#2328=LINE('',#12459,#2926);
#2329=LINE('',#12460,#2927);
#2330=LINE('',#12462,#2928);
#2331=LINE('',#12463,#2929);
#2332=LINE('',#12465,#2930);
#2333=LINE('',#12466,#2931);
#2334=LINE('',#12468,#2932);
#2335=LINE('',#12469,#2933);
#2336=LINE('',#12471,#2934);
#2337=LINE('',#12472,#2935);
#2338=LINE('',#12474,#2936);
#2339=LINE('',#12476,#2937);
#2340=LINE('',#12480,#2938);
#2341=LINE('',#12483,#2939);
#2342=LINE('',#12485,#2940);
#2343=LINE('',#12488,#2941);
#2344=LINE('',#12492,#2942);
#2345=LINE('',#12494,#2943);
#2346=LINE('',#12499,#2944);
#2347=LINE('',#12501,#2945);
#2348=LINE('',#12508,#2946);
#2349=LINE('',#12510,#2947);
#2350=LINE('',#12512,#2948);
#2351=LINE('',#12513,#2949);
#2352=LINE('',#12516,#2950);
#2353=LINE('',#12518,#2951);
#2354=LINE('',#12519,#2952);
#2355=LINE('',#12522,#2953);
#2356=LINE('',#12524,#2954);
#2357=LINE('',#12525,#2955);
#2358=LINE('',#12528,#2956);
#2359=LINE('',#12530,#2957);
#2360=LINE('',#12531,#2958);
#2361=LINE('',#12534,#2959);
#2362=LINE('',#12536,#2960);
#2363=LINE('',#12537,#2961);
#2364=LINE('',#12539,#2962);
#2365=LINE('',#12540,#2963);
#2366=LINE('',#12545,#2964);
#2367=VECTOR('',#8062,10.);
#2368=VECTOR('',#8063,10.);
#2369=VECTOR('',#8064,10.);
#2370=VECTOR('',#8065,10.);
#2371=VECTOR('',#8066,10.);
#2372=VECTOR('',#8067,10.);
#2373=VECTOR('',#8068,10.);
#2374=VECTOR('',#8069,10.);
#2375=VECTOR('',#8070,10.);
#2376=VECTOR('',#8071,10.);
#2377=VECTOR('',#8076,10.);
#2378=VECTOR('',#8077,10.);
#2379=VECTOR('',#8082,10.);
#2380=VECTOR('',#8085,10.);
#2381=VECTOR('',#8086,10.);
#2382=VECTOR('',#8087,10.);
#2383=VECTOR('',#8090,10.);
#2384=VECTOR('',#8091,10.);
#2385=VECTOR('',#8092,10.);
#2386=VECTOR('',#8093,10.);
#2387=VECTOR('',#8096,10.);
#2388=VECTOR('',#8097,10.);
#2389=VECTOR('',#8098,10.);
#2390=VECTOR('',#8101,10.);
#2391=VECTOR('',#8102,10.);
#2392=VECTOR('',#8103,10.);
#2393=VECTOR('',#8112,10.);
#2394=VECTOR('',#8113,10.);
#2395=VECTOR('',#8114,10.);
#2396=VECTOR('',#8117,10.);
#2397=VECTOR('',#8120,10.);
#2398=VECTOR('',#8123,10.);
#2399=VECTOR('',#8128,10.);
#2400=VECTOR('',#8129,10.);
#2401=VECTOR('',#8130,10.);
#2402=VECTOR('',#8131,10.);
#2403=VECTOR('',#8132,10.);
#2404=VECTOR('',#8135,10.);
#2405=VECTOR('',#8136,10.);
#2406=VECTOR('',#8139,10.);
#2407=VECTOR('',#8156,10.);
#2408=VECTOR('',#8157,10.);
#2409=VECTOR('',#8158,10.);
#2410=VECTOR('',#8159,10.);
#2411=VECTOR('',#8160,10.);
#2412=VECTOR('',#8161,10.);
#2413=VECTOR('',#8162,10.);
#2414=VECTOR('',#8163,10.);
#2415=VECTOR('',#8168,10.);
#2416=VECTOR('',#8173,10.);
#2417=VECTOR('',#8178,10.);
#2418=VECTOR('',#8179,10.);
#2419=VECTOR('',#8186,10.);
#2420=VECTOR('',#8187,10.);
#2421=VECTOR('',#8188,10.);
#2422=VECTOR('',#8191,10.);
#2423=VECTOR('',#8192,10.);
#2424=VECTOR('',#8195,10.);
#2425=VECTOR('',#8196,10.);
#2426=VECTOR('',#8199,10.);
#2427=VECTOR('',#8206,10.);
#2428=VECTOR('',#8209,10.);
#2429=VECTOR('',#8214,10.);
#2430=VECTOR('',#8221,10.);
#2431=VECTOR('',#8224,10.);
#2432=VECTOR('',#8231,10.);
#2433=VECTOR('',#8234,10.);
#2434=VECTOR('',#8241,10.);
#2435=VECTOR('',#8244,10.);
#2436=VECTOR('',#8257,10.);
#2437=VECTOR('',#8262,10.);
#2438=VECTOR('',#8265,10.);
#2439=VECTOR('',#8266,10.);
#2440=VECTOR('',#8267,10.);
#2441=VECTOR('',#8268,10.);
#2442=VECTOR('',#8269,10.);
#2443=VECTOR('',#8270,10.);
#2444=VECTOR('',#8271,10.);
#2445=VECTOR('',#8274,10.);
#2446=VECTOR('',#8279,10.);
#2447=VECTOR('',#8280,10.);
#2448=VECTOR('',#8281,10.);
#2449=VECTOR('',#8282,10.);
#2450=VECTOR('',#8283,10.);
#2451=VECTOR('',#8284,10.);
#2452=VECTOR('',#8285,10.);
#2453=VECTOR('',#8288,10.);
#2454=VECTOR('',#8293,10.);
#2455=VECTOR('',#8294,10.);
#2456=VECTOR('',#8295,10.);
#2457=VECTOR('',#8296,10.);
#2458=VECTOR('',#8297,10.);
#2459=VECTOR('',#8298,10.);
#2460=VECTOR('',#8299,10.);
#2461=VECTOR('',#8304,10.);
#2462=VECTOR('',#8315,10.);
#2463=VECTOR('',#8318,10.);
#2464=VECTOR('',#8331,10.);
#2465=VECTOR('',#8332,10.);
#2466=VECTOR('',#8343,10.);
#2467=VECTOR('',#8348,10.);
#2468=VECTOR('',#8349,10.);
#2469=VECTOR('',#8360,10.);
#2470=VECTOR('',#8361,10.);
#2471=VECTOR('',#8372,10.);
#2472=VECTOR('',#8375,10.);
#2473=VECTOR('',#8384,10.);
#2474=VECTOR('',#8385,10.);
#2475=VECTOR('',#8390,10.);
#2476=VECTOR('',#8393,10.);
#2477=VECTOR('',#8394,10.);
#2478=VECTOR('',#8395,10.);
#2479=VECTOR('',#8398,10.);
#2480=VECTOR('',#8401,10.);
#2481=VECTOR('',#8404,10.);
#2482=VECTOR('',#8405,10.);
#2483=VECTOR('',#8406,10.);
#2484=VECTOR('',#8407,10.);
#2485=VECTOR('',#8408,10.);
#2486=VECTOR('',#8421,10.);
#2487=VECTOR('',#8436,10.);
#2488=VECTOR('',#8437,10.);
#2489=VECTOR('',#8450,10.);
#2490=VECTOR('',#8461,10.);
#2491=VECTOR('',#8462,10.);
#2492=VECTOR('',#8465,10.);
#2493=VECTOR('',#8466,10.);
#2494=VECTOR('',#8477,10.);
#2495=VECTOR('',#8486,10.);
#2496=VECTOR('',#8489,10.);
#2497=VECTOR('',#8490,10.);
#2498=VECTOR('',#8493,10.);
#2499=VECTOR('',#8496,10.);
#2500=VECTOR('',#8499,10.);
#2501=VECTOR('',#8500,10.);
#2502=VECTOR('',#8501,10.);
#2503=VECTOR('',#8504,10.);
#2504=VECTOR('',#8505,10.);
#2505=VECTOR('',#8508,10.);
#2506=VECTOR('',#8509,10.);
#2507=VECTOR('',#8510,10.);
#2508=VECTOR('',#8511,10.);
#2509=VECTOR('',#8518,10.);
#2510=VECTOR('',#8521,10.);
#2511=VECTOR('',#8534,10.);
#2512=VECTOR('',#8535,10.);
#2513=VECTOR('',#8546,10.);
#2514=VECTOR('',#8547,10.);
#2515=VECTOR('',#8550,10.);
#2516=VECTOR('',#8551,10.);
#2517=VECTOR('',#8562,10.);
#2518=VECTOR('',#8563,10.);
#2519=VECTOR('',#8574,10.);
#2520=VECTOR('',#8575,10.);
#2521=VECTOR('',#8580,10.);
#2522=VECTOR('',#8583,10.);
#2523=VECTOR('',#8586,10.);
#2524=VECTOR('',#8587,10.);
#2525=VECTOR('',#8590,10.);
#2526=VECTOR('',#8591,10.);
#2527=VECTOR('',#8600,10.);
#2528=VECTOR('',#8603,10.);
#2529=VECTOR('',#8606,10.);
#2530=VECTOR('',#8607,10.);
#2531=VECTOR('',#8608,10.);
#2532=VECTOR('',#8609,10.);
#2533=VECTOR('',#8610,10.);
#2534=VECTOR('',#8611,10.);
#2535=VECTOR('',#8620,10.);
#2536=VECTOR('',#8625,10.);
#2537=VECTOR('',#8628,10.);
#2538=VECTOR('',#8641,10.);
#2539=VECTOR('',#8642,10.);
#2540=VECTOR('',#8653,10.);
#2541=VECTOR('',#8658,10.);
#2542=VECTOR('',#8659,10.);
#2543=VECTOR('',#8670,10.);
#2544=VECTOR('',#8671,10.);
#2545=VECTOR('',#8682,10.);
#2546=VECTOR('',#8685,10.);
#2547=VECTOR('',#8694,10.);
#2548=VECTOR('',#8695,10.);
#2549=VECTOR('',#8700,10.);
#2550=VECTOR('',#8703,10.);
#2551=VECTOR('',#8706,10.);
#2552=VECTOR('',#8715,10.);
#2553=VECTOR('',#8720,10.);
#2554=VECTOR('',#8723,10.);
#2555=VECTOR('',#8726,10.);
#2556=VECTOR('',#8727,10.);
#2557=VECTOR('',#8728,10.);
#2558=VECTOR('',#8731,10.);
#2559=VECTOR('',#8740,10.);
#2560=VECTOR('',#8749,10.);
#2561=VECTOR('',#8750,10.);
#2562=VECTOR('',#8751,10.);
#2563=VECTOR('',#8752,10.);
#2564=VECTOR('',#8755,10.);
#2565=VECTOR('',#8756,10.);
#2566=VECTOR('',#8757,10.);
#2567=VECTOR('',#8760,10.);
#2568=VECTOR('',#8761,10.);
#2569=VECTOR('',#8762,10.);
#2570=VECTOR('',#8765,10.);
#2571=VECTOR('',#8766,10.);
#2572=VECTOR('',#8767,10.);
#2573=VECTOR('',#8770,10.);
#2574=VECTOR('',#8771,10.);
#2575=VECTOR('',#8772,10.);
#2576=VECTOR('',#8775,10.);
#2577=VECTOR('',#8776,10.);
#2578=VECTOR('',#8783,0.75);
#2579=VECTOR('',#8786,10.);
#2580=VECTOR('',#8793,10.);
#2581=VECTOR('',#8794,10.);
#2582=VECTOR('',#8795,10.);
#2583=VECTOR('',#8796,10.);
#2584=VECTOR('',#8799,10.);
#2585=VECTOR('',#8800,10.);
#2586=VECTOR('',#8801,10.);
#2587=VECTOR('',#8802,10.);
#2588=VECTOR('',#8805,10.);
#2589=VECTOR('',#8806,10.);
#2590=VECTOR('',#8807,10.);
#2591=VECTOR('',#8808,10.);
#2592=VECTOR('',#8811,10.);
#2593=VECTOR('',#8812,10.);
#2594=VECTOR('',#8813,10.);
#2595=VECTOR('',#8816,10.);
#2596=VECTOR('',#8817,10.);
#2597=VECTOR('',#8818,10.);
#2598=VECTOR('',#8829,10.);
#2599=VECTOR('',#8830,10.);
#2600=VECTOR('',#8831,10.);
#2601=VECTOR('',#8836,10.);
#2602=VECTOR('',#8837,10.);
#2603=VECTOR('',#8842,10.);
#2604=VECTOR('',#8843,10.);
#2605=VECTOR('',#8848,10.);
#2606=VECTOR('',#8849,10.);
#2607=VECTOR('',#8852,10.);
#2608=VECTOR('',#8853,10.);
#2609=VECTOR('',#8854,10.);
#2610=VECTOR('',#8855,10.);
#2611=VECTOR('',#8858,10.);
#2612=VECTOR('',#8859,10.);
#2613=VECTOR('',#8862,10.);
#2614=VECTOR('',#8863,10.);
#2615=VECTOR('',#8864,10.);
#2616=VECTOR('',#8865,10.);
#2617=VECTOR('',#8868,10.);
#2618=VECTOR('',#8869,10.);
#2619=VECTOR('',#8872,10.);
#2620=VECTOR('',#8873,10.);
#2621=VECTOR('',#8874,10.);
#2622=VECTOR('',#8875,10.);
#2623=VECTOR('',#8878,10.);
#2624=VECTOR('',#8879,10.);
#2625=VECTOR('',#8882,10.);
#2626=VECTOR('',#8883,10.);
#2627=VECTOR('',#8884,10.);
#2628=VECTOR('',#8887,10.);
#2629=VECTOR('',#8890,10.);
#2630=VECTOR('',#8893,10.);
#2631=VECTOR('',#8898,10.);
#2632=VECTOR('',#8901,10.);
#2633=VECTOR('',#8906,10.);
#2634=VECTOR('',#8923,10.);
#2635=VECTOR('',#8924,10.);
#2636=VECTOR('',#8927,10.);
#2637=VECTOR('',#8928,10.);
#2638=VECTOR('',#8929,10.);
#2639=VECTOR('',#8932,10.);
#2640=VECTOR('',#8937,10.);
#2641=VECTOR('',#8940,10.);
#2642=VECTOR('',#8951,10.);
#2643=VECTOR('',#8954,10.);
#2644=VECTOR('',#8955,10.);
#2645=VECTOR('',#8956,10.);
#2646=VECTOR('',#8959,10.);
#2647=VECTOR('',#8972,10.);
#2648=VECTOR('',#8977,10.);
#2649=VECTOR('',#8994,10.);
#2650=VECTOR('',#8997,10.);
#2651=VECTOR('',#9010,10.);
#2652=VECTOR('',#9011,10.);
#2653=VECTOR('',#9014,10.);
#2654=VECTOR('',#9015,10.);
#2655=VECTOR('',#9016,10.);
#2656=VECTOR('',#9019,10.);
#2657=VECTOR('',#9042,10.);
#2658=VECTOR('',#9043,10.);
#2659=VECTOR('',#9046,10.);
#2660=VECTOR('',#9047,10.);
#2661=VECTOR('',#9048,10.);
#2662=VECTOR('',#9051,10.);
#2663=VECTOR('',#9062,10.);
#2664=VECTOR('',#9077,10.);
#2665=VECTOR('',#9080,10.);
#2666=VECTOR('',#9081,10.);
#2667=VECTOR('',#9082,10.);
#2668=VECTOR('',#9085,10.);
#2669=VECTOR('',#9098,10.);
#2670=VECTOR('',#9101,10.);
#2671=VECTOR('',#9102,10.);
#2672=VECTOR('',#9105,10.);
#2673=VECTOR('',#9118,10.);
#2674=VECTOR('',#9119,10.);
#2675=VECTOR('',#9122,10.);
#2676=VECTOR('',#9123,10.);
#2677=VECTOR('',#9124,10.);
#2678=VECTOR('',#9127,10.);
#2679=VECTOR('',#9148,10.);
#2680=VECTOR('',#9149,10.);
#2681=VECTOR('',#9156,10.);
#2682=VECTOR('',#9159,10.);
#2683=VECTOR('',#9170,10.);
#2684=VECTOR('',#9171,10.);
#2685=VECTOR('',#9174,10.);
#2686=VECTOR('',#9177,10.);
#2687=VECTOR('',#9180,10.);
#2688=VECTOR('',#9189,10.);
#2689=VECTOR('',#9192,10.);
#2690=VECTOR('',#9205,10.);
#2691=VECTOR('',#9206,10.);
#2692=VECTOR('',#9209,10.);
#2693=VECTOR('',#9210,10.);
#2694=VECTOR('',#9211,10.);
#2695=VECTOR('',#9214,10.);
#2696=VECTOR('',#9227,10.);
#2697=VECTOR('',#9230,10.);
#2698=VECTOR('',#9231,10.);
#2699=VECTOR('',#9232,10.);
#2700=VECTOR('',#9235,10.);
#2701=VECTOR('',#9248,10.);
#2702=VECTOR('',#9253,10.);
#2703=VECTOR('',#9272,10.);
#2704=VECTOR('',#9275,10.);
#2705=VECTOR('',#9276,10.);
#2706=VECTOR('',#9277,10.);
#2707=VECTOR('',#9280,10.);
#2708=VECTOR('',#9295,10.);
#2709=VECTOR('',#9296,10.);
#2710=VECTOR('',#9299,10.);
#2711=VECTOR('',#9300,10.);
#2712=VECTOR('',#9301,10.);
#2713=VECTOR('',#9304,10.);
#2714=VECTOR('',#9309,10.);
#2715=VECTOR('',#9312,10.);
#2716=VECTOR('',#9323,10.);
#2717=VECTOR('',#9324,10.);
#2718=VECTOR('',#9327,10.);
#2719=VECTOR('',#9330,10.);
#2720=VECTOR('',#9333,10.);
#2721=VECTOR('',#9344,10.);
#2722=VECTOR('',#9349,10.);
#2723=VECTOR('',#9366,10.);
#2724=VECTOR('',#9369,10.);
#2725=VECTOR('',#9374,10.);
#2726=VECTOR('',#9377,10.);
#2727=VECTOR('',#9394,10.);
#2728=VECTOR('',#9397,10.);
#2729=VECTOR('',#9400,10.);
#2730=VECTOR('',#9401,10.);
#2731=VECTOR('',#9412,10.);
#2732=VECTOR('',#9413,10.);
#2733=VECTOR('',#9416,10.);
#2734=VECTOR('',#9417,10.);
#2735=VECTOR('',#9418,10.);
#2736=VECTOR('',#9421,10.);
#2737=VECTOR('',#9436,10.);
#2738=VECTOR('',#9437,10.);
#2739=VECTOR('',#9450,10.);
#2740=VECTOR('',#9451,10.);
#2741=VECTOR('',#9464,10.);
#2742=VECTOR('',#9465,10.);
#2743=VECTOR('',#9468,10.);
#2744=VECTOR('',#9469,10.);
#2745=VECTOR('',#9482,10.);
#2746=VECTOR('',#9483,10.);
#2747=VECTOR('',#9486,10.);
#2748=VECTOR('',#9487,10.);
#2749=VECTOR('',#9496,10.);
#2750=VECTOR('',#9497,10.);
#2751=VECTOR('',#9500,10.);
#2752=VECTOR('',#9503,10.);
#2753=VECTOR('',#9516,10.);
#2754=VECTOR('',#9529,10.);
#2755=VECTOR('',#9530,10.);
#2756=VECTOR('',#9533,10.);
#2757=VECTOR('',#9534,10.);
#2758=VECTOR('',#9545,10.);
#2759=VECTOR('',#9548,10.);
#2760=VECTOR('',#9549,10.);
#2761=VECTOR('',#9552,10.);
#2762=VECTOR('',#9555,10.);
#2763=VECTOR('',#9570,10.);
#2764=VECTOR('',#9573,10.);
#2765=VECTOR('',#9574,10.);
#2766=VECTOR('',#9595,10.);
#2767=VECTOR('',#9596,10.);
#2768=VECTOR('',#9609,10.);
#2769=VECTOR('',#9610,10.);
#2770=VECTOR('',#9629,10.);
#2771=VECTOR('',#9630,10.);
#2772=VECTOR('',#9643,10.);
#2773=VECTOR('',#9644,10.);
#2774=VECTOR('',#9647,10.);
#2775=VECTOR('',#9648,10.);
#2776=VECTOR('',#9661,10.);
#2777=VECTOR('',#9662,10.);
#2778=VECTOR('',#9665,10.);
#2779=VECTOR('',#9666,10.);
#2780=VECTOR('',#9669,10.);
#2781=VECTOR('',#9670,10.);
#2782=VECTOR('',#9673,10.);
#2783=VECTOR('',#9674,10.);
#2784=VECTOR('',#9681,10.);
#2785=VECTOR('',#9684,10.);
#2786=VECTOR('',#9697,10.);
#2787=VECTOR('',#9700,10.);
#2788=VECTOR('',#9703,10.);
#2789=VECTOR('',#9706,10.);
#2790=VECTOR('',#9709,10.);
#2791=VECTOR('',#9710,10.);
#2792=VECTOR('',#9711,10.);
#2793=VECTOR('',#9712,10.);
#2794=VECTOR('',#9715,10.);
#2795=VECTOR('',#9716,10.);
#2796=VECTOR('',#9717,10.);
#2797=VECTOR('',#9720,10.);
#2798=VECTOR('',#9721,10.);
#2799=VECTOR('',#9722,10.);
#2800=VECTOR('',#9725,10.);
#2801=VECTOR('',#9726,10.);
#2802=VECTOR('',#9727,10.);
#2803=VECTOR('',#9730,10.);
#2804=VECTOR('',#9731,10.);
#2805=VECTOR('',#9732,10.);
#2806=VECTOR('',#9735,10.);
#2807=VECTOR('',#9736,10.);
#2808=VECTOR('',#9745,0.75);
#2809=VECTOR('',#9748,10.);
#2810=VECTOR('',#9749,10.);
#2811=VECTOR('',#9750,10.);
#2812=VECTOR('',#9751,10.);
#2813=VECTOR('',#9754,10.);
#2814=VECTOR('',#9755,10.);
#2815=VECTOR('',#9756,10.);
#2816=VECTOR('',#9759,10.);
#2817=VECTOR('',#9760,10.);
#2818=VECTOR('',#9761,10.);
#2819=VECTOR('',#9764,10.);
#2820=VECTOR('',#9765,10.);
#2821=VECTOR('',#9782,10.);
#2822=VECTOR('',#9783,10.);
#2823=VECTOR('',#9788,10.);
#2824=VECTOR('',#9789,10.);
#2825=VECTOR('',#9808,10.);
#2826=VECTOR('',#9809,10.);
#2827=VECTOR('',#9820,10.);
#2828=VECTOR('',#9823,10.);
#2829=VECTOR('',#9828,10.);
#2830=VECTOR('',#9829,10.);
#2831=VECTOR('',#9832,10.);
#2832=VECTOR('',#9833,10.);
#2833=VECTOR('',#9836,10.);
#2834=VECTOR('',#9837,10.);
#2835=VECTOR('',#9840,10.);
#2836=VECTOR('',#9841,10.);
#2837=VECTOR('',#9844,10.);
#2838=VECTOR('',#9847,10.);
#2839=VECTOR('',#9850,10.);
#2840=VECTOR('',#9851,10.);
#2841=VECTOR('',#9852,10.);
#2842=VECTOR('',#9855,10.);
#2843=VECTOR('',#9856,10.);
#2844=VECTOR('',#9857,10.);
#2845=VECTOR('',#9858,10.);
#2846=VECTOR('',#9859,10.);
#2847=VECTOR('',#9862,10.);
#2848=VECTOR('',#9863,10.);
#2849=VECTOR('',#9866,10.);
#2850=VECTOR('',#9871,10.);
#2851=VECTOR('',#9872,10.);
#2852=VECTOR('',#9875,10.);
#2853=VECTOR('',#9876,10.);
#2854=VECTOR('',#9877,10.);
#2855=VECTOR('',#9880,10.);
#2856=VECTOR('',#9881,10.);
#2857=VECTOR('',#9882,10.);
#2858=VECTOR('',#9885,10.);
#2859=VECTOR('',#9886,10.);
#2860=VECTOR('',#9901,1.3);
#2861=VECTOR('',#9918,10.);
#2862=VECTOR('',#9919,10.);
#2863=VECTOR('',#9924,10.);
#2864=VECTOR('',#9925,10.);
#2865=VECTOR('',#9938,10.);
#2866=VECTOR('',#9939,10.);
#2867=VECTOR('',#9956,10.);
#2868=VECTOR('',#9959,10.);
#2869=VECTOR('',#9964,10.);
#2870=VECTOR('',#9965,10.);
#2871=VECTOR('',#9968,10.);
#2872=VECTOR('',#9969,10.);
#2873=VECTOR('',#9972,10.);
#2874=VECTOR('',#9973,10.);
#2875=VECTOR('',#9976,10.);
#2876=VECTOR('',#9977,10.);
#2877=VECTOR('',#9980,10.);
#2878=VECTOR('',#9981,10.);
#2879=VECTOR('',#9984,10.);
#2880=VECTOR('',#9985,10.);
#2881=VECTOR('',#9988,10.);
#2882=VECTOR('',#9993,10.);
#2883=VECTOR('',#9994,10.);
#2884=VECTOR('',#9997,10.);
#2885=VECTOR('',#9998,10.);
#2886=VECTOR('',#9999,10.);
#2887=VECTOR('',#10002,10.);
#2888=VECTOR('',#10003,10.);
#2889=VECTOR('',#10004,10.);
#2890=VECTOR('',#10007,10.);
#2891=VECTOR('',#10008,10.);
#2892=VECTOR('',#10013,10.);
#2893=VECTOR('',#10014,10.);
#2894=VECTOR('',#10027,10.);
#2895=VECTOR('',#10028,10.);
#2896=VECTOR('',#10041,10.);
#2897=VECTOR('',#10042,10.);
#2898=VECTOR('',#10045,10.);
#2899=VECTOR('',#10046,10.);
#2900=VECTOR('',#10057,10.);
#2901=VECTOR('',#10058,10.);
#2902=VECTOR('',#10063,10.);
#2903=VECTOR('',#10066,10.);
#2904=VECTOR('',#10069,10.);
#2905=VECTOR('',#10070,10.);
#2906=VECTOR('',#10073,10.);
#2907=VECTOR('',#10074,10.);
#2908=VECTOR('',#10083,10.);
#2909=VECTOR('',#10084,10.);
#2910=VECTOR('',#10087,10.);
#2911=VECTOR('',#10090,10.);
#2912=VECTOR('',#10093,10.);
#2913=VECTOR('',#10094,10.);
#2914=VECTOR('',#10095,10.);
#2915=VECTOR('',#10098,10.);
#2916=VECTOR('',#10099,10.);
#2917=VECTOR('',#10100,10.);
#2918=VECTOR('',#10113,10.);
#2919=VECTOR('',#10114,10.);
#2920=VECTOR('',#10119,10.);
#2921=VECTOR('',#10120,10.);
#2922=VECTOR('',#10139,10.);
#2923=VECTOR('',#10140,10.);
#2924=VECTOR('',#10151,10.);
#2925=VECTOR('',#10152,10.);
#2926=VECTOR('',#10157,10.);
#2927=VECTOR('',#10158,10.);
#2928=VECTOR('',#10161,10.);
#2929=VECTOR('',#10162,10.);
#2930=VECTOR('',#10165,10.);
#2931=VECTOR('',#10166,10.);
#2932=VECTOR('',#10169,10.);
#2933=VECTOR('',#10170,10.);
#2934=VECTOR('',#10173,10.);
#2935=VECTOR('',#10174,10.);
#2936=VECTOR('',#10177,10.);
#2937=VECTOR('',#10180,10.);
#2938=VECTOR('',#10185,10.);
#2939=VECTOR('',#10188,10.);
#2940=VECTOR('',#10189,10.);
#2941=VECTOR('',#10192,10.);
#2942=VECTOR('',#10199,10.);
#2943=VECTOR('',#10202,10.);
#2944=VECTOR('',#10211,10.);
#2945=VECTOR('',#10214,10.);
#2946=VECTOR('',#10223,10.);
#2947=VECTOR('',#10224,10.);
#2948=VECTOR('',#10225,10.);
#2949=VECTOR('',#10226,10.);
#2950=VECTOR('',#10229,10.);
#2951=VECTOR('',#10230,10.);
#2952=VECTOR('',#10231,10.);
#2953=VECTOR('',#10234,10.);
#2954=VECTOR('',#10235,10.);
#2955=VECTOR('',#10236,10.);
#2956=VECTOR('',#10239,10.);
#2957=VECTOR('',#10240,10.);
#2958=VECTOR('',#10241,10.);
#2959=VECTOR('',#10244,10.);
#2960=VECTOR('',#10245,10.);
#2961=VECTOR('',#10246,10.);
#2962=VECTOR('',#10249,10.);
#2963=VECTOR('',#10250,10.);
#2964=VECTOR('',#10257,0.75);
#2965=VERTEX_POINT('',#10361);
#2966=VERTEX_POINT('',#10362);
#2967=VERTEX_POINT('',#10364);
#2968=VERTEX_POINT('',#10366);
#2969=VERTEX_POINT('',#10368);
#2970=VERTEX_POINT('',#10370);
#2971=VERTEX_POINT('',#10372);
#2972=VERTEX_POINT('',#10374);
#2973=VERTEX_POINT('',#10376);
#2974=VERTEX_POINT('',#10378);
#2975=VERTEX_POINT('',#10382);
#2976=VERTEX_POINT('',#10384);
#2977=VERTEX_POINT('',#10386);
#2978=VERTEX_POINT('',#10392);
#2979=VERTEX_POINT('',#10394);
#2980=VERTEX_POINT('',#10398);
#2981=VERTEX_POINT('',#10399);
#2982=VERTEX_POINT('',#10402);
#2983=VERTEX_POINT('',#10406);
#2984=VERTEX_POINT('',#10408);
#2985=VERTEX_POINT('',#10412);
#2986=VERTEX_POINT('',#10414);
#2987=VERTEX_POINT('',#10421);
#2988=VERTEX_POINT('',#10426);
#2989=VERTEX_POINT('',#10428);
#2990=VERTEX_POINT('',#10432);
#2991=VERTEX_POINT('',#10437);
#2992=VERTEX_POINT('',#10439);
#2993=VERTEX_POINT('',#10456);
#2994=VERTEX_POINT('',#10457);
#2995=VERTEX_POINT('',#10459);
#2996=VERTEX_POINT('',#10461);
#2997=VERTEX_POINT('',#10463);
#2998=VERTEX_POINT('',#10465);
#2999=VERTEX_POINT('',#10467);
#3000=VERTEX_POINT('',#10469);
#3001=VERTEX_POINT('',#10473);
#3002=VERTEX_POINT('',#10475);
#3003=VERTEX_POINT('',#10479);
#3004=VERTEX_POINT('',#10483);
#3005=VERTEX_POINT('',#10489);
#3006=VERTEX_POINT('',#10490);
#3007=VERTEX_POINT('',#10495);
#3008=VERTEX_POINT('',#10499);
#3009=VERTEX_POINT('',#10507);
#3010=VERTEX_POINT('',#10508);
#3011=VERTEX_POINT('',#10523);
#3012=VERTEX_POINT('',#10525);
#3013=VERTEX_POINT('',#10529);
#3014=VERTEX_POINT('',#10531);
#3015=VERTEX_POINT('',#10533);
#3016=VERTEX_POINT('',#10535);
#3017=VERTEX_POINT('',#10537);
#3018=VERTEX_POINT('',#10539);
#3019=VERTEX_POINT('',#10541);
#3020=VERTEX_POINT('',#10543);
#3021=VERTEX_POINT('',#10545);
#3022=VERTEX_POINT('',#10547);
#3023=VERTEX_POINT('',#10549);
#3024=VERTEX_POINT('',#10551);
#3025=VERTEX_POINT('',#10553);
#3026=VERTEX_POINT('',#10555);
#3027=VERTEX_POINT('',#10557);
#3028=VERTEX_POINT('',#10559);
#3029=VERTEX_POINT('',#10561);
#3030=VERTEX_POINT('',#10563);
#3031=VERTEX_POINT('',#10565);
#3032=VERTEX_POINT('',#10567);
#3033=VERTEX_POINT('',#10569);
#3034=VERTEX_POINT('',#10571);
#3035=VERTEX_POINT('',#10574);
#3036=VERTEX_POINT('',#10577);
#3037=VERTEX_POINT('',#10579);
#3038=VERTEX_POINT('',#10596);
#3039=VERTEX_POINT('',#10598);
#3040=VERTEX_POINT('',#10615);
#3041=VERTEX_POINT('',#10617);
#3042=VERTEX_POINT('',#10619);
#3043=VERTEX_POINT('',#10621);
#3044=VERTEX_POINT('',#10623);
#3045=VERTEX_POINT('',#10625);
#3046=VERTEX_POINT('',#10629);
#3047=VERTEX_POINT('',#10644);
#3048=VERTEX_POINT('',#10648);
#3049=VERTEX_POINT('',#10650);
#3050=VERTEX_POINT('',#10652);
#3051=VERTEX_POINT('',#10654);
#3052=VERTEX_POINT('',#10656);
#3053=VERTEX_POINT('',#10658);
#3054=VERTEX_POINT('',#10662);
#3055=VERTEX_POINT('',#10677);
#3056=VERTEX_POINT('',#10681);
#3057=VERTEX_POINT('',#10683);
#3058=VERTEX_POINT('',#10685);
#3059=VERTEX_POINT('',#10687);
#3060=VERTEX_POINT('',#10689);
#3061=VERTEX_POINT('',#10691);
#3062=VERTEX_POINT('',#10695);
#3063=VERTEX_POINT('',#10710);
#3064=VERTEX_POINT('',#10718);
#3065=VERTEX_POINT('',#10719);
#3066=VERTEX_POINT('',#10721);
#3067=VERTEX_POINT('',#10723);
#3068=VERTEX_POINT('',#10727);
#3069=VERTEX_POINT('',#10728);
#3070=VERTEX_POINT('',#10730);
#3071=VERTEX_POINT('',#10737);
#3072=VERTEX_POINT('',#10739);
#3073=VERTEX_POINT('',#10743);
#3074=VERTEX_POINT('',#10750);
#3075=VERTEX_POINT('',#10751);
#3076=VERTEX_POINT('',#10753);
#3077=VERTEX_POINT('',#10760);
#3078=VERTEX_POINT('',#10761);
#3079=VERTEX_POINT('',#10776);
#3080=VERTEX_POINT('',#10780);
#3081=VERTEX_POINT('',#10782);
#3082=VERTEX_POINT('',#10784);
#3083=VERTEX_POINT('',#10801);
#3084=VERTEX_POINT('',#10803);
#3085=VERTEX_POINT('',#10805);
#3086=VERTEX_POINT('',#10807);
#3087=VERTEX_POINT('',#10816);
#3088=VERTEX_POINT('',#10817);
#3089=VERTEX_POINT('',#10822);
#3090=VERTEX_POINT('',#10823);
#3091=VERTEX_POINT('',#10825);
#3092=VERTEX_POINT('',#10829);
#3093=VERTEX_POINT('',#10831);
#3094=VERTEX_POINT('',#10835);
#3095=VERTEX_POINT('',#10836);
#3096=VERTEX_POINT('',#10843);
#3097=VERTEX_POINT('',#10844);
#3098=VERTEX_POINT('',#10846);
#3099=VERTEX_POINT('',#10856);
#3100=VERTEX_POINT('',#10858);
#3101=VERTEX_POINT('',#10872);
#3102=VERTEX_POINT('',#10874);
#3103=VERTEX_POINT('',#10878);
#3104=VERTEX_POINT('',#10880);
#3105=VERTEX_POINT('',#10887);
#3106=VERTEX_POINT('',#10889);
#3107=VERTEX_POINT('',#10896);
#3108=VERTEX_POINT('',#10897);
#3109=VERTEX_POINT('',#10899);
#3110=VERTEX_POINT('',#10901);
#3111=VERTEX_POINT('',#10905);
#3112=VERTEX_POINT('',#10906);
#3113=VERTEX_POINT('',#10908);
#3114=VERTEX_POINT('',#10915);
#3115=VERTEX_POINT('',#10916);
#3116=VERTEX_POINT('',#10918);
#3117=VERTEX_POINT('',#10928);
#3118=VERTEX_POINT('',#10929);
#3119=VERTEX_POINT('',#10931);
#3120=VERTEX_POINT('',#10938);
#3121=VERTEX_POINT('',#10939);
#3122=VERTEX_POINT('',#10941);
#3123=VERTEX_POINT('',#10945);
#3124=VERTEX_POINT('',#10947);
#3125=VERTEX_POINT('',#10951);
#3126=VERTEX_POINT('',#10953);
#3127=VERTEX_POINT('',#10970);
#3128=VERTEX_POINT('',#10972);
#3129=VERTEX_POINT('',#10974);
#3130=VERTEX_POINT('',#10977);
#3131=VERTEX_POINT('',#10984);
#3132=VERTEX_POINT('',#10988);
#3133=VERTEX_POINT('',#10989);
#3134=VERTEX_POINT('',#10991);
#3135=VERTEX_POINT('',#10993);
#3136=VERTEX_POINT('',#10997);
#3137=VERTEX_POINT('',#10998);
#3138=VERTEX_POINT('',#11000);
#3139=VERTEX_POINT('',#11007);
#3140=VERTEX_POINT('',#11009);
#3141=VERTEX_POINT('',#11013);
#3142=VERTEX_POINT('',#11020);
#3143=VERTEX_POINT('',#11021);
#3144=VERTEX_POINT('',#11023);
#3145=VERTEX_POINT('',#11030);
#3146=VERTEX_POINT('',#11031);
#3147=VERTEX_POINT('',#11046);
#3148=VERTEX_POINT('',#11055);
#3149=VERTEX_POINT('',#11071);
#3150=VERTEX_POINT('',#11073);
#3151=VERTEX_POINT('',#11077);
#3152=VERTEX_POINT('',#11092);
#3153=VERTEX_POINT('',#11093);
#3154=VERTEX_POINT('',#11095);
#3155=VERTEX_POINT('',#11097);
#3156=VERTEX_POINT('',#11101);
#3157=VERTEX_POINT('',#11103);
#3158=VERTEX_POINT('',#11107);
#3159=VERTEX_POINT('',#11109);
#3160=VERTEX_POINT('',#11113);
#3161=VERTEX_POINT('',#11115);
#3162=VERTEX_POINT('',#11119);
#3163=VERTEX_POINT('',#11121);
#3164=VERTEX_POINT('',#11128);
#3165=VERTEX_POINT('',#11137);
#3166=VERTEX_POINT('',#11138);
#3167=VERTEX_POINT('',#11140);
#3168=VERTEX_POINT('',#11142);
#3169=VERTEX_POINT('',#11146);
#3170=VERTEX_POINT('',#11147);
#3171=VERTEX_POINT('',#11149);
#3172=VERTEX_POINT('',#11151);
#3173=VERTEX_POINT('',#11155);
#3174=VERTEX_POINT('',#11156);
#3175=VERTEX_POINT('',#11158);
#3176=VERTEX_POINT('',#11160);
#3177=VERTEX_POINT('',#11164);
#3178=VERTEX_POINT('',#11166);
#3179=VERTEX_POINT('',#11170);
#3180=VERTEX_POINT('',#11172);
#3181=VERTEX_POINT('',#11180);
#3182=VERTEX_POINT('',#11182);
#3183=VERTEX_POINT('',#11186);
#3184=VERTEX_POINT('',#11187);
#3185=VERTEX_POINT('',#11192);
#3186=VERTEX_POINT('',#11193);
#3187=VERTEX_POINT('',#11198);
#3188=VERTEX_POINT('',#11199);
#3189=VERTEX_POINT('',#11204);
#3190=VERTEX_POINT('',#11205);
#3191=VERTEX_POINT('',#11207);
#3192=VERTEX_POINT('',#11209);
#3193=VERTEX_POINT('',#11216);
#3194=VERTEX_POINT('',#11217);
#3195=VERTEX_POINT('',#11219);
#3196=VERTEX_POINT('',#11221);
#3197=VERTEX_POINT('',#11228);
#3198=VERTEX_POINT('',#11229);
#3199=VERTEX_POINT('',#11231);
#3200=VERTEX_POINT('',#11233);
#3201=VERTEX_POINT('',#11260);
#3202=VERTEX_POINT('',#11261);
#3203=VERTEX_POINT('',#11263);
#3204=VERTEX_POINT('',#11267);
#3205=VERTEX_POINT('',#11268);
#3206=VERTEX_POINT('',#11273);
#3207=VERTEX_POINT('',#11275);
#3208=VERTEX_POINT('',#11279);
#3209=VERTEX_POINT('',#11283);
#3210=VERTEX_POINT('',#11285);
#3211=VERTEX_POINT('',#11289);
#3212=VERTEX_POINT('',#11293);
#3213=VERTEX_POINT('',#11297);
#3214=VERTEX_POINT('',#11299);
#3215=VERTEX_POINT('',#11303);
#3216=VERTEX_POINT('',#11307);
#3217=VERTEX_POINT('',#11311);
#3218=VERTEX_POINT('',#11315);
#3219=VERTEX_POINT('',#11317);
#3220=VERTEX_POINT('',#11326);
#3221=VERTEX_POINT('',#11332);
#3222=VERTEX_POINT('',#11333);
#3223=VERTEX_POINT('',#11335);
#3224=VERTEX_POINT('',#11339);
#3225=VERTEX_POINT('',#11340);
#3226=VERTEX_POINT('',#11345);
#3227=VERTEX_POINT('',#11347);
#3228=VERTEX_POINT('',#11351);
#3229=VERTEX_POINT('',#11355);
#3230=VERTEX_POINT('',#11357);
#3231=VERTEX_POINT('',#11361);
#3232=VERTEX_POINT('',#11362);
#3233=VERTEX_POINT('',#11364);
#3234=VERTEX_POINT('',#11368);
#3235=VERTEX_POINT('',#11369);
#3236=VERTEX_POINT('',#11374);
#3237=VERTEX_POINT('',#11376);
#3238=VERTEX_POINT('',#11385);
#3239=VERTEX_POINT('',#11391);
#3240=VERTEX_POINT('',#11395);
#3241=VERTEX_POINT('',#11399);
#3242=VERTEX_POINT('',#11401);
#3243=VERTEX_POINT('',#11405);
#3244=VERTEX_POINT('',#11409);
#3245=VERTEX_POINT('',#11413);
#3246=VERTEX_POINT('',#11422);
#3247=VERTEX_POINT('',#11423);
#3248=VERTEX_POINT('',#11425);
#3249=VERTEX_POINT('',#11429);
#3250=VERTEX_POINT('',#11430);
#3251=VERTEX_POINT('',#11435);
#3252=VERTEX_POINT('',#11437);
#3253=VERTEX_POINT('',#11441);
#3254=VERTEX_POINT('',#11445);
#3255=VERTEX_POINT('',#11447);
#3256=VERTEX_POINT('',#11451);
#3257=VERTEX_POINT('',#11455);
#3258=VERTEX_POINT('',#11456);
#3259=VERTEX_POINT('',#11463);
#3260=VERTEX_POINT('',#11465);
#3261=VERTEX_POINT('',#11469);
#3262=VERTEX_POINT('',#11473);
#3263=VERTEX_POINT('',#11474);
#3264=VERTEX_POINT('',#11481);
#3265=VERTEX_POINT('',#11488);
#3266=VERTEX_POINT('',#11494);
#3267=VERTEX_POINT('',#11495);
#3268=VERTEX_POINT('',#11497);
#3269=VERTEX_POINT('',#11501);
#3270=VERTEX_POINT('',#11502);
#3271=VERTEX_POINT('',#11507);
#3272=VERTEX_POINT('',#11509);
#3273=VERTEX_POINT('',#11513);
#3274=VERTEX_POINT('',#11517);
#3275=VERTEX_POINT('',#11521);
#3276=VERTEX_POINT('',#11525);
#3277=VERTEX_POINT('',#11527);
#3278=VERTEX_POINT('',#11531);
#3279=VERTEX_POINT('',#11535);
#3280=VERTEX_POINT('',#11539);
#3281=VERTEX_POINT('',#11543);
#3282=VERTEX_POINT('',#11545);
#3283=VERTEX_POINT('',#11549);
#3284=VERTEX_POINT('',#11553);
#3285=VERTEX_POINT('',#11557);
#3286=VERTEX_POINT('',#11561);
#3287=VERTEX_POINT('',#11563);
#3288=VERTEX_POINT('',#11567);
#3289=VERTEX_POINT('',#11571);
#3290=VERTEX_POINT('',#11572);
#3291=VERTEX_POINT('',#11574);
#3292=VERTEX_POINT('',#11578);
#3293=VERTEX_POINT('',#11579);
#3294=VERTEX_POINT('',#11584);
#3295=VERTEX_POINT('',#11586);
#3296=VERTEX_POINT('',#11590);
#3297=VERTEX_POINT('',#11594);
#3298=VERTEX_POINT('',#11596);
#3299=VERTEX_POINT('',#11600);
#3300=VERTEX_POINT('',#11604);
#3301=VERTEX_POINT('',#11605);
#3302=VERTEX_POINT('',#11612);
#3303=VERTEX_POINT('',#11614);
#3304=VERTEX_POINT('',#11618);
#3305=VERTEX_POINT('',#11622);
#3306=VERTEX_POINT('',#11626);
#3307=VERTEX_POINT('',#11628);
#3308=VERTEX_POINT('',#11637);
#3309=VERTEX_POINT('',#11643);
#3310=VERTEX_POINT('',#11644);
#3311=VERTEX_POINT('',#11646);
#3312=VERTEX_POINT('',#11648);
#3313=VERTEX_POINT('',#11652);
#3314=VERTEX_POINT('',#11656);
#3315=VERTEX_POINT('',#11658);
#3316=VERTEX_POINT('',#11662);
#3317=VERTEX_POINT('',#11664);
#3318=VERTEX_POINT('',#11668);
#3319=VERTEX_POINT('',#11672);
#3320=VERTEX_POINT('',#11676);
#3321=VERTEX_POINT('',#11677);
#3322=VERTEX_POINT('',#11682);
#3323=VERTEX_POINT('',#11684);
#3324=VERTEX_POINT('',#11688);
#3325=VERTEX_POINT('',#11692);
#3326=VERTEX_POINT('',#11693);
#3327=VERTEX_POINT('',#11695);
#3328=VERTEX_POINT('',#11699);
#3329=VERTEX_POINT('',#11700);
#3330=VERTEX_POINT('',#11705);
#3331=VERTEX_POINT('',#11706);
#3332=VERTEX_POINT('',#11708);
#3333=VERTEX_POINT('',#11712);
#3334=VERTEX_POINT('',#11713);
#3335=VERTEX_POINT('',#11718);
#3336=VERTEX_POINT('',#11719);
#3337=VERTEX_POINT('',#11721);
#3338=VERTEX_POINT('',#11725);
#3339=VERTEX_POINT('',#11726);
#3340=VERTEX_POINT('',#11734);
#3341=VERTEX_POINT('',#11735);
#3342=VERTEX_POINT('',#11737);
#3343=VERTEX_POINT('',#11741);
#3344=VERTEX_POINT('',#11742);
#3345=VERTEX_POINT('',#11761);
#3346=VERTEX_POINT('',#11765);
#3347=VERTEX_POINT('',#11769);
#3348=VERTEX_POINT('',#11770);
#3349=VERTEX_POINT('',#11772);
#3350=VERTEX_POINT('',#11776);
#3351=VERTEX_POINT('',#11777);
#3352=VERTEX_POINT('',#11785);
#3353=VERTEX_POINT('',#11789);
#3354=VERTEX_POINT('',#11802);
#3355=VERTEX_POINT('',#11806);
#3356=VERTEX_POINT('',#11817);
#3357=VERTEX_POINT('',#11818);
#3358=VERTEX_POINT('',#11820);
#3359=VERTEX_POINT('',#11824);
#3360=VERTEX_POINT('',#11825);
#3361=VERTEX_POINT('',#11830);
#3362=VERTEX_POINT('',#11831);
#3363=VERTEX_POINT('',#11833);
#3364=VERTEX_POINT('',#11837);
#3365=VERTEX_POINT('',#11838);
#3366=VERTEX_POINT('',#11846);
#3367=VERTEX_POINT('',#11847);
#3368=VERTEX_POINT('',#11849);
#3369=VERTEX_POINT('',#11853);
#3370=VERTEX_POINT('',#11854);
#3371=VERTEX_POINT('',#11859);
#3372=VERTEX_POINT('',#11860);
#3373=VERTEX_POINT('',#11862);
#3374=VERTEX_POINT('',#11866);
#3375=VERTEX_POINT('',#11867);
#3376=VERTEX_POINT('',#11875);
#3377=VERTEX_POINT('',#11876);
#3378=VERTEX_POINT('',#11878);
#3379=VERTEX_POINT('',#11882);
#3380=VERTEX_POINT('',#11883);
#3381=VERTEX_POINT('',#11916);
#3382=VERTEX_POINT('',#11917);
#3383=VERTEX_POINT('',#11919);
#3384=VERTEX_POINT('',#11921);
#3385=VERTEX_POINT('',#11925);
#3386=VERTEX_POINT('',#11927);
#3387=VERTEX_POINT('',#11931);
#3388=VERTEX_POINT('',#11933);
#3389=VERTEX_POINT('',#11937);
#3390=VERTEX_POINT('',#11939);
#3391=VERTEX_POINT('',#11943);
#3392=VERTEX_POINT('',#11945);
#3393=VERTEX_POINT('',#11952);
#3394=VERTEX_POINT('',#11955);
#3395=VERTEX_POINT('',#11959);
#3396=VERTEX_POINT('',#11960);
#3397=VERTEX_POINT('',#11962);
#3398=VERTEX_POINT('',#11964);
#3399=VERTEX_POINT('',#11968);
#3400=VERTEX_POINT('',#11970);
#3401=VERTEX_POINT('',#11974);
#3402=VERTEX_POINT('',#11976);
#3403=VERTEX_POINT('',#11986);
#3404=VERTEX_POINT('',#11987);
#3405=VERTEX_POINT('',#11989);
#3406=VERTEX_POINT('',#11993);
#3407=VERTEX_POINT('',#11995);
#3408=VERTEX_POINT('',#11999);
#3409=VERTEX_POINT('',#12001);
#3410=VERTEX_POINT('',#12018);
#3411=VERTEX_POINT('',#12020);
#3412=VERTEX_POINT('',#12037);
#3413=VERTEX_POINT('',#12038);
#3414=VERTEX_POINT('',#12040);
#3415=VERTEX_POINT('',#12044);
#3416=VERTEX_POINT('',#12045);
#3417=VERTEX_POINT('',#12050);
#3418=VERTEX_POINT('',#12051);
#3419=VERTEX_POINT('',#12053);
#3420=VERTEX_POINT('',#12057);
#3421=VERTEX_POINT('',#12058);
#3422=VERTEX_POINT('',#12060);
#3423=VERTEX_POINT('',#12062);
#3424=VERTEX_POINT('',#12078);
#3425=VERTEX_POINT('',#12080);
#3426=VERTEX_POINT('',#12084);
#3427=VERTEX_POINT('',#12086);
#3428=VERTEX_POINT('',#12088);
#3429=VERTEX_POINT('',#12090);
#3430=VERTEX_POINT('',#12092);
#3431=VERTEX_POINT('',#12094);
#3432=VERTEX_POINT('',#12096);
#3433=VERTEX_POINT('',#12098);
#3434=VERTEX_POINT('',#12102);
#3435=VERTEX_POINT('',#12106);
#3436=VERTEX_POINT('',#12110);
#3437=VERTEX_POINT('',#12118);
#3438=VERTEX_POINT('',#12120);
#3439=VERTEX_POINT('',#12122);
#3440=VERTEX_POINT('',#12124);
#3441=VERTEX_POINT('',#12126);
#3442=VERTEX_POINT('',#12131);
#3443=VERTEX_POINT('',#12133);
#3444=VERTEX_POINT('',#12135);
#3445=VERTEX_POINT('',#12139);
#3446=VERTEX_POINT('',#12143);
#3447=VERTEX_POINT('',#12146);
#3448=VERTEX_POINT('',#12147);
#3449=VERTEX_POINT('',#12149);
#3450=VERTEX_POINT('',#12153);
#3451=VERTEX_POINT('',#12155);
#3452=VERTEX_POINT('',#12159);
#3453=VERTEX_POINT('',#12161);
#3454=VERTEX_POINT('',#12178);
#3455=VERTEX_POINT('',#12179);
#3456=VERTEX_POINT('',#12181);
#3457=VERTEX_POINT('',#12185);
#3458=VERTEX_POINT('',#12186);
#3459=VERTEX_POINT('',#12191);
#3460=VERTEX_POINT('',#12193);
#3461=VERTEX_POINT('',#12210);
#3462=VERTEX_POINT('',#12211);
#3463=VERTEX_POINT('',#12213);
#3464=VERTEX_POINT('',#12217);
#3465=VERTEX_POINT('',#12218);
#3466=VERTEX_POINT('',#12220);
#3467=VERTEX_POINT('',#12222);
#3468=VERTEX_POINT('',#12241);
#3469=VERTEX_POINT('',#12245);
#3470=VERTEX_POINT('',#12249);
#3471=VERTEX_POINT('',#12257);
#3472=VERTEX_POINT('',#12259);
#3473=VERTEX_POINT('',#12261);
#3474=VERTEX_POINT('',#12263);
#3475=VERTEX_POINT('',#12265);
#3476=VERTEX_POINT('',#12270);
#3477=VERTEX_POINT('',#12272);
#3478=VERTEX_POINT('',#12276);
#3479=VERTEX_POINT('',#12277);
#3480=VERTEX_POINT('',#12279);
#3481=VERTEX_POINT('',#12286);
#3482=VERTEX_POINT('',#12287);
#3483=VERTEX_POINT('',#12289);
#3484=VERTEX_POINT('',#12293);
#3485=VERTEX_POINT('',#12294);
#3486=VERTEX_POINT('',#12302);
#3487=VERTEX_POINT('',#12303);
#3488=VERTEX_POINT('',#12305);
#3489=VERTEX_POINT('',#12309);
#3490=VERTEX_POINT('',#12311);
#3491=VERTEX_POINT('',#12315);
#3492=VERTEX_POINT('',#12317);
#3493=VERTEX_POINT('',#12324);
#3494=VERTEX_POINT('',#12326);
#3495=VERTEX_POINT('',#12343);
#3496=VERTEX_POINT('',#12345);
#3497=VERTEX_POINT('',#12369);
#3498=VERTEX_POINT('',#12371);
#3499=VERTEX_POINT('',#12373);
#3500=VERTEX_POINT('',#12375);
#3501=VERTEX_POINT('',#12382);
#3502=VERTEX_POINT('',#12383);
#3503=VERTEX_POINT('',#12385);
#3504=VERTEX_POINT('',#12389);
#3505=VERTEX_POINT('',#12391);
#3506=VERTEX_POINT('',#12395);
#3507=VERTEX_POINT('',#12397);
#3508=VERTEX_POINT('',#12414);
#3509=VERTEX_POINT('',#12416);
#3510=VERTEX_POINT('',#12433);
#3511=VERTEX_POINT('',#12434);
#3512=VERTEX_POINT('',#12436);
#3513=VERTEX_POINT('',#12440);
#3514=VERTEX_POINT('',#12441);
#3515=VERTEX_POINT('',#12446);
#3516=VERTEX_POINT('',#12447);
#3517=VERTEX_POINT('',#12449);
#3518=VERTEX_POINT('',#12453);
#3519=VERTEX_POINT('',#12455);
#3520=VERTEX_POINT('',#12479);
#3521=VERTEX_POINT('',#12481);
#3522=VERTEX_POINT('',#12484);
#3523=VERTEX_POINT('',#12486);
#3524=VERTEX_POINT('',#12506);
#3525=VERTEX_POINT('',#12507);
#3526=VERTEX_POINT('',#12509);
#3527=VERTEX_POINT('',#12511);
#3528=VERTEX_POINT('',#12515);
#3529=VERTEX_POINT('',#12517);
#3530=VERTEX_POINT('',#12521);
#3531=VERTEX_POINT('',#12523);
#3532=VERTEX_POINT('',#12527);
#3533=VERTEX_POINT('',#12529);
#3534=VERTEX_POINT('',#12533);
#3535=VERTEX_POINT('',#12535);
#3536=VERTEX_POINT('',#12542);
#3537=EDGE_CURVE('',#2965,#2966,#1769,.T.);
#3538=EDGE_CURVE('',#2967,#2965,#1770,.F.);
#3539=EDGE_CURVE('',#2967,#2968,#1771,.T.);
#3540=EDGE_CURVE('',#2969,#2968,#1772,.T.);
#3541=EDGE_CURVE('',#2970,#2969,#1773,.T.);
#3542=EDGE_CURVE('',#2971,#2970,#1774,.T.);
#3543=EDGE_CURVE('',#2972,#2971,#1775,.T.);
#3544=EDGE_CURVE('',#2973,#2972,#1776,.T.);
#3545=EDGE_CURVE('',#2974,#2973,#1777,.T.);
#3546=EDGE_CURVE('',#2974,#2966,#1778,.F.);
#3547=EDGE_CURVE('',#2975,#2969,#372,.T.);
#3548=EDGE_CURVE('',#2976,#2975,#1779,.T.);
#3549=EDGE_CURVE('',#2976,#2977,#1780,.T.);
#3550=EDGE_CURVE('',#2970,#2977,#373,.T.);
#3551=EDGE_CURVE('',#2968,#2975,#1781,.T.);
#3552=EDGE_CURVE('',#2966,#2978,#1782,.T.);
#3553=EDGE_CURVE('',#2978,#2979,#1783,.T.);
#3554=EDGE_CURVE('',#2979,#2965,#1784,.T.);
#3555=EDGE_CURVE('',#2980,#2981,#1785,.T.);
#3556=EDGE_CURVE('',#2981,#2974,#1786,.T.);
#3557=EDGE_CURVE('',#2974,#2982,#1787,.T.);
#3558=EDGE_CURVE('',#2980,#2982,#1788,.T.);
#3559=EDGE_CURVE('',#2976,#2983,#1789,.T.);
#3560=EDGE_CURVE('',#2983,#2984,#1790,.T.);
#3561=EDGE_CURVE('',#2977,#2984,#1791,.T.);
#3562=EDGE_CURVE('',#2982,#2985,#1792,.T.);
#3563=EDGE_CURVE('',#2986,#2985,#1793,.T.);
#3564=EDGE_CURVE('',#2980,#2986,#1794,.T.);
#3565=EDGE_CURVE('',#2984,#2986,#374,.T.);
#3566=EDGE_CURVE('',#2985,#2971,#375,.T.);
#3567=EDGE_CURVE('',#2987,#2983,#1795,.T.);
#3568=EDGE_CURVE('',#2976,#2967,#1796,.T.);
#3569=EDGE_CURVE('',#2967,#2987,#1797,.T.);
#3570=EDGE_CURVE('',#2983,#2988,#1798,.T.);
#3571=EDGE_CURVE('',#2989,#2988,#376,.T.);
#3572=EDGE_CURVE('',#2980,#2989,#1799,.T.);
#3573=EDGE_CURVE('',#2982,#2990,#1800,.T.);
#3574=EDGE_CURVE('',#2972,#2990,#377,.T.);
#3575=EDGE_CURVE('',#2981,#2978,#1801,.F.);
#3576=EDGE_CURVE('',#2981,#2991,#1802,.T.);
#3577=EDGE_CURVE('',#2992,#2991,#1803,.T.);
#3578=EDGE_CURVE('',#2987,#2992,#1804,.T.);
#3579=EDGE_CURVE('',#2979,#2987,#1805,.T.);
#3580=EDGE_CURVE('',#2991,#2989,#1806,.T.);
#3581=EDGE_CURVE('',#2988,#2992,#1807,.T.);
#3582=EDGE_CURVE('',#2990,#2973,#1808,.T.);
#3583=EDGE_CURVE('',#2993,#2994,#1809,.T.);
#3584=EDGE_CURVE('',#2995,#2994,#1810,.T.);
#3585=EDGE_CURVE('',#2996,#2995,#1811,.T.);
#3586=EDGE_CURVE('',#2997,#2996,#1812,.T.);
#3587=EDGE_CURVE('',#2998,#2997,#1813,.T.);
#3588=EDGE_CURVE('',#2999,#2998,#1814,.T.);
#3589=EDGE_CURVE('',#3000,#2999,#1815,.T.);
#3590=EDGE_CURVE('',#2993,#3000,#1816,.T.);
#3591=EDGE_CURVE('',#2996,#3001,#378,.T.);
#3592=EDGE_CURVE('',#3001,#3002,#1817,.T.);
#3593=EDGE_CURVE('',#3002,#2997,#379,.T.);
#3594=EDGE_CURVE('',#3003,#3001,#1818,.T.);
#3595=EDGE_CURVE('',#2995,#3003,#380,.T.);
#3596=EDGE_CURVE('',#3003,#3004,#1819,.T.);
#3597=EDGE_CURVE('',#3004,#3002,#1820,.T.);
#3598=EDGE_CURVE('',#3004,#2998,#381,.T.);
#3599=EDGE_CURVE('',#3005,#3006,#1821,.T.);
#3600=EDGE_CURVE('',#3000,#3005,#1822,.T.);
#3601=EDGE_CURVE('',#3006,#2999,#1823,.T.);
#3602=EDGE_CURVE('',#2994,#3007,#1824,.T.);
#3603=EDGE_CURVE('',#3007,#3006,#1825,.T.);
#3604=EDGE_CURVE('',#3007,#3008,#1826,.F.);
#3605=EDGE_CURVE('',#3008,#2993,#1827,.T.);
#3606=EDGE_CURVE('',#3005,#3008,#1828,.T.);
#3607=EDGE_CURVE('',#3009,#3010,#332,.F.);
#3608=EDGE_CURVE('',#3010,#3011,#1829,.T.);
#3609=EDGE_CURVE('',#3011,#3012,#310,.F.);
#3610=EDGE_CURVE('',#3012,#3009,#1830,.T.);
#3611=EDGE_CURVE('',#3013,#3010,#382,.T.);
#3612=EDGE_CURVE('',#3014,#3013,#1831,.T.);
#3613=EDGE_CURVE('',#3015,#3014,#383,.F.);
#3614=EDGE_CURVE('',#3015,#3016,#384,.T.);
#3615=EDGE_CURVE('',#3017,#3016,#385,.F.);
#3616=EDGE_CURVE('',#3018,#3017,#1832,.T.);
#3617=EDGE_CURVE('',#3019,#3018,#386,.T.);
#3618=EDGE_CURVE('',#3020,#3019,#1833,.T.);
#3619=EDGE_CURVE('',#3020,#3021,#387,.T.);
#3620=EDGE_CURVE('',#3021,#3022,#388,.T.);
#3621=EDGE_CURVE('',#3023,#3022,#389,.F.);
#3622=EDGE_CURVE('',#3024,#3023,#1834,.T.);
#3623=EDGE_CURVE('',#3025,#3024,#390,.T.);
#3624=EDGE_CURVE('',#3026,#3025,#1835,.T.);
#3625=EDGE_CURVE('',#3026,#3027,#391,.T.);
#3626=EDGE_CURVE('',#3027,#3028,#392,.T.);
#3627=EDGE_CURVE('',#3029,#3028,#393,.F.);
#3628=EDGE_CURVE('',#3030,#3029,#1836,.T.);
#3629=EDGE_CURVE('',#3031,#3030,#394,.T.);
#3630=EDGE_CURVE('',#3032,#3031,#1837,.T.);
#3631=EDGE_CURVE('',#3033,#3032,#395,.F.);
#3632=EDGE_CURVE('',#3033,#3034,#396,.T.);
#3633=EDGE_CURVE('',#3011,#3034,#397,.F.);
#3634=EDGE_CURVE('',#3035,#3035,#398,.T.);
#3635=EDGE_CURVE('',#3036,#3014,#311,.F.);
#3636=EDGE_CURVE('',#3013,#3037,#333,.F.);
#3637=EDGE_CURVE('',#3037,#3036,#1838,.T.);
#3638=EDGE_CURVE('',#3017,#3038,#312,.F.);
#3639=EDGE_CURVE('',#3038,#3039,#1839,.T.);
#3640=EDGE_CURVE('',#3039,#3018,#334,.F.);
#3641=EDGE_CURVE('',#3040,#3038,#1840,.T.);
#3642=EDGE_CURVE('',#3041,#3040,#1841,.T.);
#3643=EDGE_CURVE('',#3042,#3041,#1842,.T.);
#3644=EDGE_CURVE('',#3043,#3042,#1843,.T.);
#3645=EDGE_CURVE('',#3044,#3043,#1844,.T.);
#3646=EDGE_CURVE('',#3044,#3045,#1845,.T.);
#3647=EDGE_CURVE('',#3039,#3045,#1846,.T.);
#3648=EDGE_CURVE('',#3019,#3046,#335,.F.);
#3649=EDGE_CURVE('',#3046,#3047,#1847,.T.);
#3650=EDGE_CURVE('',#3047,#3020,#313,.F.);
#3651=EDGE_CURVE('',#3047,#3048,#1848,.T.);
#3652=EDGE_CURVE('',#3046,#3049,#1849,.T.);
#3653=EDGE_CURVE('',#3049,#3050,#1850,.T.);
#3654=EDGE_CURVE('',#3051,#3050,#1851,.T.);
#3655=EDGE_CURVE('',#3052,#3051,#1852,.T.);
#3656=EDGE_CURVE('',#3053,#3052,#1853,.T.);
#3657=EDGE_CURVE('',#3048,#3053,#1854,.T.);
#3658=EDGE_CURVE('',#3025,#3054,#336,.F.);
#3659=EDGE_CURVE('',#3054,#3055,#1855,.T.);
#3660=EDGE_CURVE('',#3055,#3026,#314,.F.);
#3661=EDGE_CURVE('',#3055,#3056,#1856,.T.);
#3662=EDGE_CURVE('',#3054,#3057,#1857,.T.);
#3663=EDGE_CURVE('',#3057,#3058,#1858,.T.);
#3664=EDGE_CURVE('',#3059,#3058,#1859,.T.);
#3665=EDGE_CURVE('',#3060,#3059,#1860,.T.);
#3666=EDGE_CURVE('',#3061,#3060,#1861,.T.);
#3667=EDGE_CURVE('',#3056,#3061,#1862,.T.);
#3668=EDGE_CURVE('',#3062,#3030,#337,.F.);
#3669=EDGE_CURVE('',#3029,#3063,#315,.F.);
#3670=EDGE_CURVE('',#3063,#3062,#1863,.T.);
#3671=EDGE_CURVE('',#3039,#3046,#399,.T.);
#3672=EDGE_CURVE('',#3045,#3049,#400,.T.);
#3673=EDGE_CURVE('',#3064,#3065,#1864,.T.);
#3674=EDGE_CURVE('',#3065,#3066,#401,.T.);
#3675=EDGE_CURVE('',#3066,#3067,#1865,.T.);
#3676=EDGE_CURVE('',#3067,#3064,#316,.T.);
#3677=EDGE_CURVE('',#3068,#3069,#402,.F.);
#3678=EDGE_CURVE('',#3070,#3068,#403,.F.);
#3679=EDGE_CURVE('',#3069,#3070,#404,.F.);
#3680=EDGE_CURVE('',#3067,#3070,#1866,.T.);
#3681=EDGE_CURVE('',#3068,#3064,#1867,.T.);
#3682=EDGE_CURVE('',#3053,#3071,#405,.F.);
#3683=EDGE_CURVE('',#3072,#3053,#406,.F.);
#3684=EDGE_CURVE('',#3071,#3072,#407,.F.);
#3685=EDGE_CURVE('',#3073,#3072,#1868,.T.);
#3686=EDGE_CURVE('',#3052,#3073,#317,.T.);
#3687=EDGE_CURVE('',#3069,#3071,#1869,.T.);
#3688=EDGE_CURVE('',#3072,#3068,#1870,.T.);
#3689=EDGE_CURVE('',#3074,#3075,#408,.F.);
#3690=EDGE_CURVE('',#3076,#3074,#409,.F.);
#3691=EDGE_CURVE('',#3075,#3076,#410,.F.);
#3692=EDGE_CURVE('',#3022,#3076,#1871,.T.);
#3693=EDGE_CURVE('',#3074,#3023,#1872,.T.);
#3694=EDGE_CURVE('',#3077,#3078,#411,.F.);
#3695=EDGE_CURVE('',#3048,#3077,#412,.F.);
#3696=EDGE_CURVE('',#3078,#3048,#413,.F.);
#3697=EDGE_CURVE('',#3077,#3021,#1873,.T.);
#3698=EDGE_CURVE('',#3071,#3078,#1874,.T.);
#3699=EDGE_CURVE('',#3078,#3075,#414,.T.);
#3700=EDGE_CURVE('',#3076,#3077,#415,.T.);
#3701=EDGE_CURVE('',#3075,#3069,#1875,.T.);
#3702=EDGE_CURVE('',#3070,#3074,#1876,.T.);
#3703=EDGE_CURVE('',#3051,#3079,#416,.T.);
#3704=EDGE_CURVE('',#3079,#3073,#1877,.T.);
#3705=EDGE_CURVE('',#3080,#3066,#1878,.T.);
#3706=EDGE_CURVE('',#3080,#3081,#1879,.T.);
#3707=EDGE_CURVE('',#3082,#3081,#1880,.T.);
#3708=EDGE_CURVE('',#3024,#3082,#338,.F.);
#3709=EDGE_CURVE('',#3064,#3073,#1881,.T.);
#3710=EDGE_CURVE('',#3079,#3065,#1882,.T.);
#3711=EDGE_CURVE('',#3050,#3083,#1883,.T.);
#3712=EDGE_CURVE('',#3084,#3083,#1884,.T.);
#3713=EDGE_CURVE('',#3084,#3085,#1885,.T.);
#3714=EDGE_CURVE('',#3085,#3086,#1886,.T.);
#3715=EDGE_CURVE('',#3086,#3080,#1887,.T.);
#3716=EDGE_CURVE('',#3082,#3054,#417,.T.);
#3717=EDGE_CURVE('',#3081,#3057,#418,.T.);
#3718=EDGE_CURVE('',#3087,#3088,#1888,.T.);
#3719=EDGE_CURVE('',#3088,#3043,#419,.T.);
#3720=EDGE_CURVE('',#3042,#3087,#318,.T.);
#3721=EDGE_CURVE('',#3089,#3090,#420,.F.);
#3722=EDGE_CURVE('',#3091,#3089,#421,.F.);
#3723=EDGE_CURVE('',#3090,#3091,#422,.F.);
#3724=EDGE_CURVE('',#3092,#3091,#1889,.T.);
#3725=EDGE_CURVE('',#3089,#3093,#1890,.T.);
#3726=EDGE_CURVE('',#3093,#3092,#319,.T.);
#3727=EDGE_CURVE('',#3094,#3095,#423,.F.);
#3728=EDGE_CURVE('',#3041,#3094,#424,.F.);
#3729=EDGE_CURVE('',#3095,#3041,#425,.F.);
#3730=EDGE_CURVE('',#3094,#3087,#1891,.T.);
#3731=EDGE_CURVE('',#3096,#3097,#426,.F.);
#3732=EDGE_CURVE('',#3098,#3096,#427,.F.);
#3733=EDGE_CURVE('',#3097,#3098,#428,.F.);
#3734=EDGE_CURVE('',#3036,#3098,#1892,.T.);
#3735=EDGE_CURVE('',#3096,#3015,#1893,.T.);
#3736=EDGE_CURVE('',#3090,#3097,#1894,.T.);
#3737=EDGE_CURVE('',#3098,#3089,#1895,.T.);
#3738=EDGE_CURVE('',#3040,#3099,#429,.F.);
#3739=EDGE_CURVE('',#3100,#3040,#430,.F.);
#3740=EDGE_CURVE('',#3099,#3100,#431,.F.);
#3741=EDGE_CURVE('',#3016,#3100,#1896,.T.);
#3742=EDGE_CURVE('',#3097,#3099,#432,.T.);
#3743=EDGE_CURVE('',#3100,#3096,#433,.T.);
#3744=EDGE_CURVE('',#3099,#3095,#1897,.T.);
#3745=EDGE_CURVE('',#3095,#3090,#1898,.T.);
#3746=EDGE_CURVE('',#3091,#3094,#1899,.T.);
#3747=EDGE_CURVE('',#3093,#3101,#1900,.T.);
#3748=EDGE_CURVE('',#3101,#3102,#434,.T.);
#3749=EDGE_CURVE('',#3102,#3092,#1901,.T.);
#3750=EDGE_CURVE('',#3037,#3103,#1902,.T.);
#3751=EDGE_CURVE('',#3103,#3104,#1903,.T.);
#3752=EDGE_CURVE('',#3101,#3104,#1904,.T.);
#3753=EDGE_CURVE('',#3102,#3088,#1905,.T.);
#3754=EDGE_CURVE('',#3087,#3092,#1906,.T.);
#3755=EDGE_CURVE('',#3104,#3105,#1907,.T.);
#3756=EDGE_CURVE('',#3106,#3105,#1908,.T.);
#3757=EDGE_CURVE('',#3106,#3084,#1909,.T.);
#3758=EDGE_CURVE('',#3083,#3044,#1910,.T.);
#3759=EDGE_CURVE('',#3107,#3108,#1911,.T.);
#3760=EDGE_CURVE('',#3108,#3109,#435,.T.);
#3761=EDGE_CURVE('',#3109,#3110,#1912,.T.);
#3762=EDGE_CURVE('',#3110,#3107,#320,.T.);
#3763=EDGE_CURVE('',#3111,#3112,#436,.F.);
#3764=EDGE_CURVE('',#3113,#3111,#437,.F.);
#3765=EDGE_CURVE('',#3112,#3113,#438,.F.);
#3766=EDGE_CURVE('',#3034,#3113,#1913,.T.);
#3767=EDGE_CURVE('',#3111,#3012,#1914,.T.);
#3768=EDGE_CURVE('',#3114,#3115,#439,.F.);
#3769=EDGE_CURVE('',#3116,#3114,#440,.F.);
#3770=EDGE_CURVE('',#3115,#3116,#441,.F.);
#3771=EDGE_CURVE('',#3110,#3116,#1915,.T.);
#3772=EDGE_CURVE('',#3114,#3107,#1916,.T.);
#3773=EDGE_CURVE('',#3112,#3115,#1917,.T.);
#3774=EDGE_CURVE('',#3116,#3111,#1918,.T.);
#3775=EDGE_CURVE('',#3117,#3118,#442,.F.);
#3776=EDGE_CURVE('',#3119,#3117,#443,.F.);
#3777=EDGE_CURVE('',#3118,#3119,#444,.F.);
#3778=EDGE_CURVE('',#3032,#3119,#1919,.T.);
#3779=EDGE_CURVE('',#3117,#3033,#1920,.T.);
#3780=EDGE_CURVE('',#3120,#3121,#445,.F.);
#3781=EDGE_CURVE('',#3122,#3120,#446,.F.);
#3782=EDGE_CURVE('',#3121,#3122,#447,.F.);
#3783=EDGE_CURVE('',#3123,#3122,#1921,.T.);
#3784=EDGE_CURVE('',#3120,#3124,#1922,.T.);
#3785=EDGE_CURVE('',#3124,#3123,#321,.T.);
#3786=EDGE_CURVE('',#3124,#3125,#1923,.T.);
#3787=EDGE_CURVE('',#3125,#3126,#448,.T.);
#3788=EDGE_CURVE('',#3126,#3123,#1924,.T.);
#3789=EDGE_CURVE('',#3115,#3121,#1925,.T.);
#3790=EDGE_CURVE('',#3122,#3114,#1926,.T.);
#3791=EDGE_CURVE('',#3121,#3118,#1927,.T.);
#3792=EDGE_CURVE('',#3119,#3120,#1928,.T.);
#3793=EDGE_CURVE('',#3118,#3112,#449,.T.);
#3794=EDGE_CURVE('',#3113,#3117,#450,.T.);
#3795=EDGE_CURVE('',#3107,#3123,#1929,.T.);
#3796=EDGE_CURVE('',#3126,#3108,#1930,.T.);
#3797=EDGE_CURVE('',#3125,#3127,#1931,.T.);
#3798=EDGE_CURVE('',#3127,#3128,#1932,.T.);
#3799=EDGE_CURVE('',#3129,#3128,#1933,.T.);
#3800=EDGE_CURVE('',#3129,#3106,#1934,.T.);
#3801=EDGE_CURVE('',#3105,#3130,#1935,.T.);
#3802=EDGE_CURVE('',#3130,#3109,#1936,.T.);
#3803=EDGE_CURVE('',#3009,#3037,#451,.T.);
#3804=EDGE_CURVE('',#3009,#3131,#1937,.T.);
#3805=EDGE_CURVE('',#3131,#3103,#452,.T.);
#3806=EDGE_CURVE('',#3132,#3133,#1938,.T.);
#3807=EDGE_CURVE('',#3133,#3134,#453,.T.);
#3808=EDGE_CURVE('',#3134,#3135,#1939,.T.);
#3809=EDGE_CURVE('',#3135,#3132,#322,.T.);
#3810=EDGE_CURVE('',#3136,#3137,#454,.F.);
#3811=EDGE_CURVE('',#3138,#3136,#455,.F.);
#3812=EDGE_CURVE('',#3137,#3138,#456,.F.);
#3813=EDGE_CURVE('',#3135,#3138,#1940,.T.);
#3814=EDGE_CURVE('',#3136,#3132,#1941,.T.);
#3815=EDGE_CURVE('',#3061,#3139,#457,.F.);
#3816=EDGE_CURVE('',#3140,#3061,#458,.F.);
#3817=EDGE_CURVE('',#3139,#3140,#459,.F.);
#3818=EDGE_CURVE('',#3141,#3140,#1942,.T.);
#3819=EDGE_CURVE('',#3060,#3141,#323,.T.);
#3820=EDGE_CURVE('',#3137,#3139,#1943,.T.);
#3821=EDGE_CURVE('',#3140,#3136,#1944,.T.);
#3822=EDGE_CURVE('',#3142,#3143,#460,.F.);
#3823=EDGE_CURVE('',#3144,#3142,#461,.F.);
#3824=EDGE_CURVE('',#3143,#3144,#462,.F.);
#3825=EDGE_CURVE('',#3028,#3144,#1945,.T.);
#3826=EDGE_CURVE('',#3142,#3063,#1946,.T.);
#3827=EDGE_CURVE('',#3145,#3146,#463,.F.);
#3828=EDGE_CURVE('',#3056,#3145,#464,.F.);
#3829=EDGE_CURVE('',#3146,#3056,#465,.F.);
#3830=EDGE_CURVE('',#3145,#3027,#1947,.T.);
#3831=EDGE_CURVE('',#3139,#3146,#1948,.T.);
#3832=EDGE_CURVE('',#3146,#3143,#466,.T.);
#3833=EDGE_CURVE('',#3144,#3145,#467,.T.);
#3834=EDGE_CURVE('',#3143,#3137,#1949,.T.);
#3835=EDGE_CURVE('',#3138,#3142,#1950,.T.);
#3836=EDGE_CURVE('',#3059,#3147,#468,.T.);
#3837=EDGE_CURVE('',#3147,#3141,#1951,.T.);
#3838=EDGE_CURVE('',#3132,#3141,#1952,.T.);
#3839=EDGE_CURVE('',#3147,#3133,#1953,.T.);
#3840=EDGE_CURVE('',#3062,#3148,#469,.T.);
#3841=EDGE_CURVE('',#3031,#3148,#339,.T.);
#3842=EDGE_CURVE('',#3130,#3131,#1954,.T.);
#3843=EDGE_CURVE('',#3062,#3149,#1955,.T.);
#3844=EDGE_CURVE('',#3149,#3150,#470,.T.);
#3845=EDGE_CURVE('',#3148,#3150,#1956,.T.);
#3846=EDGE_CURVE('',#3151,#3149,#1957,.T.);
#3847=EDGE_CURVE('',#3128,#3151,#1958,.T.);
#3848=EDGE_CURVE('',#3150,#3127,#1959,.T.);
#3849=EDGE_CURVE('',#3058,#3086,#1960,.T.);
#3850=EDGE_CURVE('',#3151,#3134,#1961,.T.);
#3851=EDGE_CURVE('',#3152,#3153,#1962,.T.);
#3852=EDGE_CURVE('',#3152,#3154,#1963,.T.);
#3853=EDGE_CURVE('',#3154,#3155,#1964,.T.);
#3854=EDGE_CURVE('',#3153,#3155,#1965,.T.);
#3855=EDGE_CURVE('',#3156,#3152,#1966,.T.);
#3856=EDGE_CURVE('',#3156,#3157,#1967,.T.);
#3857=EDGE_CURVE('',#3157,#3154,#1968,.T.);
#3858=EDGE_CURVE('',#3158,#3156,#1969,.T.);
#3859=EDGE_CURVE('',#3158,#3159,#1970,.T.);
#3860=EDGE_CURVE('',#3159,#3157,#1971,.T.);
#3861=EDGE_CURVE('',#3160,#3158,#1972,.T.);
#3862=EDGE_CURVE('',#3160,#3161,#1973,.T.);
#3863=EDGE_CURVE('',#3161,#3159,#1974,.T.);
#3864=EDGE_CURVE('',#3162,#3160,#1975,.T.);
#3865=EDGE_CURVE('',#3162,#3163,#1976,.T.);
#3866=EDGE_CURVE('',#3163,#3161,#1977,.T.);
#3867=EDGE_CURVE('',#3153,#3162,#1978,.T.);
#3868=EDGE_CURVE('',#3155,#3163,#1979,.T.);
#3869=EDGE_CURVE('',#3164,#3164,#471,.T.);
#3870=EDGE_CURVE('',#3035,#3164,#1980,.T.);
#3871=EDGE_CURVE('',#3085,#3129,#1981,.T.);
#3872=EDGE_CURVE('',#3165,#3166,#1982,.T.);
#3873=EDGE_CURVE('',#3166,#3167,#1983,.T.);
#3874=EDGE_CURVE('',#3167,#3168,#1984,.T.);
#3875=EDGE_CURVE('',#3165,#3168,#1985,.T.);
#3876=EDGE_CURVE('',#3169,#3170,#1986,.T.);
#3877=EDGE_CURVE('',#3171,#3170,#1987,.T.);
#3878=EDGE_CURVE('',#3171,#3172,#1988,.T.);
#3879=EDGE_CURVE('',#3172,#3169,#1989,.T.);
#3880=EDGE_CURVE('',#3173,#3174,#1990,.T.);
#3881=EDGE_CURVE('',#3174,#3175,#1991,.T.);
#3882=EDGE_CURVE('',#3176,#3175,#1992,.T.);
#3883=EDGE_CURVE('',#3173,#3176,#1993,.T.);
#3884=EDGE_CURVE('',#3170,#3177,#1994,.T.);
#3885=EDGE_CURVE('',#3178,#3177,#1995,.T.);
#3886=EDGE_CURVE('',#3171,#3178,#1996,.T.);
#3887=EDGE_CURVE('',#3168,#3179,#1997,.T.);
#3888=EDGE_CURVE('',#3180,#3179,#1998,.T.);
#3889=EDGE_CURVE('',#3165,#3180,#1999,.T.);
#3890=EDGE_CURVE('',#3179,#3178,#472,.T.);
#3891=EDGE_CURVE('',#3177,#3176,#473,.T.);
#3892=EDGE_CURVE('',#3175,#3180,#474,.T.);
#3893=EDGE_CURVE('',#3181,#3174,#2000,.T.);
#3894=EDGE_CURVE('',#3173,#3182,#2001,.T.);
#3895=EDGE_CURVE('',#3182,#3181,#2002,.T.);
#3896=EDGE_CURVE('',#3183,#3184,#475,.T.);
#3897=EDGE_CURVE('',#3165,#3184,#2003,.T.);
#3898=EDGE_CURVE('',#3174,#3183,#2004,.T.);
#3899=EDGE_CURVE('',#3185,#3186,#476,.T.);
#3900=EDGE_CURVE('',#3173,#3186,#2005,.T.);
#3901=EDGE_CURVE('',#3170,#3185,#2006,.T.);
#3902=EDGE_CURVE('',#3187,#3188,#477,.T.);
#3903=EDGE_CURVE('',#3171,#3188,#2007,.T.);
#3904=EDGE_CURVE('',#3168,#3187,#2008,.T.);
#3905=EDGE_CURVE('',#3189,#3190,#2009,.T.);
#3906=EDGE_CURVE('',#3189,#3191,#2010,.T.);
#3907=EDGE_CURVE('',#3192,#3191,#2011,.T.);
#3908=EDGE_CURVE('',#3190,#3192,#2012,.T.);
#3909=EDGE_CURVE('',#3185,#3192,#2013,.T.);
#3910=EDGE_CURVE('',#3191,#3186,#2014,.T.);
#3911=EDGE_CURVE('',#3193,#3194,#2015,.T.);
#3912=EDGE_CURVE('',#3193,#3195,#2016,.T.);
#3913=EDGE_CURVE('',#3196,#3195,#2017,.T.);
#3914=EDGE_CURVE('',#3194,#3196,#2018,.T.);
#3915=EDGE_CURVE('',#3195,#3184,#2019,.T.);
#3916=EDGE_CURVE('',#3183,#3196,#2020,.T.);
#3917=EDGE_CURVE('',#3197,#3198,#2021,.T.);
#3918=EDGE_CURVE('',#3197,#3199,#2022,.T.);
#3919=EDGE_CURVE('',#3200,#3199,#2023,.T.);
#3920=EDGE_CURVE('',#3198,#3200,#2024,.T.);
#3921=EDGE_CURVE('',#3199,#3188,#2025,.T.);
#3922=EDGE_CURVE('',#3187,#3200,#2026,.T.);
#3923=EDGE_CURVE('',#3190,#3197,#2027,.T.);
#3924=EDGE_CURVE('',#3198,#3193,#2028,.T.);
#3925=EDGE_CURVE('',#3194,#3189,#2029,.T.);
#3926=EDGE_CURVE('',#3167,#3198,#2030,.T.);
#3927=EDGE_CURVE('',#3172,#3197,#2031,.T.);
#3928=EDGE_CURVE('',#3169,#3190,#2032,.T.);
#3929=EDGE_CURVE('',#3182,#3189,#2033,.T.);
#3930=EDGE_CURVE('',#3181,#3194,#2034,.T.);
#3931=EDGE_CURVE('',#3166,#3193,#2035,.T.);
#3932=EDGE_CURVE('',#3201,#3202,#478,.T.);
#3933=EDGE_CURVE('',#3202,#3203,#479,.T.);
#3934=EDGE_CURVE('',#3203,#3201,#480,.T.);
#3935=EDGE_CURVE('',#3204,#3205,#481,.F.);
#3936=EDGE_CURVE('',#3205,#3202,#2036,.T.);
#3937=EDGE_CURVE('',#3201,#3204,#2037,.T.);
#3938=EDGE_CURVE('',#3206,#3201,#2038,.T.);
#3939=EDGE_CURVE('',#3207,#3206,#2039,.T.);
#3940=EDGE_CURVE('',#3204,#3207,#2040,.T.);
#3941=EDGE_CURVE('',#3203,#3208,#2041,.T.);
#3942=EDGE_CURVE('',#3206,#3208,#482,.T.);
#3943=EDGE_CURVE('',#3202,#3209,#2042,.T.);
#3944=EDGE_CURVE('',#3210,#3209,#483,.T.);
#3945=EDGE_CURVE('',#3210,#3203,#2043,.T.);
#3946=EDGE_CURVE('',#3211,#3206,#484,.T.);
#3947=EDGE_CURVE('',#3208,#3211,#485,.T.);
#3948=EDGE_CURVE('',#3212,#3207,#486,.F.);
#3949=EDGE_CURVE('',#3211,#3212,#2044,.T.);
#3950=EDGE_CURVE('',#3213,#3211,#2045,.T.);
#3951=EDGE_CURVE('',#3214,#3213,#2046,.T.);
#3952=EDGE_CURVE('',#3212,#3214,#2047,.T.);
#3953=EDGE_CURVE('',#3208,#3215,#2048,.T.);
#3954=EDGE_CURVE('',#3213,#3215,#487,.T.);
#3955=EDGE_CURVE('',#3216,#3213,#488,.T.);
#3956=EDGE_CURVE('',#3215,#3216,#489,.T.);
#3957=EDGE_CURVE('',#3217,#3214,#490,.F.);
#3958=EDGE_CURVE('',#3216,#3217,#2049,.T.);
#3959=EDGE_CURVE('',#3218,#3216,#491,.T.);
#3960=EDGE_CURVE('',#3219,#3218,#2050,.T.);
#3961=EDGE_CURVE('',#3217,#3219,#492,.T.);
#3962=EDGE_CURVE('',#3215,#3210,#493,.T.);
#3963=EDGE_CURVE('',#3218,#3210,#494,.T.);
#3964=EDGE_CURVE('',#3209,#3218,#495,.T.);
#3965=EDGE_CURVE('',#3220,#3219,#496,.F.);
#3966=EDGE_CURVE('',#3209,#3220,#2051,.T.);
#3967=EDGE_CURVE('',#3220,#3205,#2052,.T.);
#3968=EDGE_CURVE('',#3221,#3222,#497,.T.);
#3969=EDGE_CURVE('',#3222,#3223,#498,.T.);
#3970=EDGE_CURVE('',#3223,#3221,#499,.T.);
#3971=EDGE_CURVE('',#3224,#3225,#500,.F.);
#3972=EDGE_CURVE('',#3225,#3222,#2053,.T.);
#3973=EDGE_CURVE('',#3221,#3224,#2054,.T.);
#3974=EDGE_CURVE('',#3226,#3221,#2055,.T.);
#3975=EDGE_CURVE('',#3227,#3226,#2056,.T.);
#3976=EDGE_CURVE('',#3224,#3227,#2057,.T.);
#3977=EDGE_CURVE('',#3223,#3228,#2058,.T.);
#3978=EDGE_CURVE('',#3226,#3228,#501,.T.);
#3979=EDGE_CURVE('',#3222,#3229,#502,.T.);
#3980=EDGE_CURVE('',#3230,#3229,#503,.T.);
#3981=EDGE_CURVE('',#3230,#3223,#504,.T.);
#3982=EDGE_CURVE('',#3231,#3232,#505,.T.);
#3983=EDGE_CURVE('',#3232,#3233,#506,.T.);
#3984=EDGE_CURVE('',#3233,#3231,#507,.T.);
#3985=EDGE_CURVE('',#3234,#3235,#508,.F.);
#3986=EDGE_CURVE('',#3235,#3232,#2059,.T.);
#3987=EDGE_CURVE('',#3231,#3234,#2060,.T.);
#3988=EDGE_CURVE('',#3236,#3231,#2061,.T.);
#3989=EDGE_CURVE('',#3237,#3236,#2062,.T.);
#3990=EDGE_CURVE('',#3234,#3237,#2063,.T.);
#3991=EDGE_CURVE('',#3233,#3230,#2064,.T.);
#3992=EDGE_CURVE('',#3236,#3230,#509,.T.);
#3993=EDGE_CURVE('',#3229,#3236,#510,.T.);
#3994=EDGE_CURVE('',#3238,#3237,#511,.F.);
#3995=EDGE_CURVE('',#3229,#3238,#2065,.T.);
#3996=EDGE_CURVE('',#3238,#3225,#512,.T.);
#3997=EDGE_CURVE('',#3239,#3226,#513,.T.);
#3998=EDGE_CURVE('',#3228,#3239,#514,.T.);
#3999=EDGE_CURVE('',#3240,#3227,#515,.F.);
#4000=EDGE_CURVE('',#3239,#3240,#2066,.T.);
#4001=EDGE_CURVE('',#3241,#3239,#2067,.T.);
#4002=EDGE_CURVE('',#3242,#3241,#2068,.T.);
#4003=EDGE_CURVE('',#3240,#3242,#2069,.T.);
#4004=EDGE_CURVE('',#3228,#3243,#2070,.T.);
#4005=EDGE_CURVE('',#3241,#3243,#516,.T.);
#4006=EDGE_CURVE('',#3244,#3241,#517,.T.);
#4007=EDGE_CURVE('',#3243,#3244,#518,.T.);
#4008=EDGE_CURVE('',#3245,#3242,#519,.F.);
#4009=EDGE_CURVE('',#3244,#3245,#2071,.T.);
#4010=EDGE_CURVE('',#3245,#3235,#2072,.T.);
#4011=EDGE_CURVE('',#3232,#3244,#2073,.T.);
#4012=EDGE_CURVE('',#3243,#3233,#2074,.T.);
#4013=EDGE_CURVE('',#3246,#3247,#520,.T.);
#4014=EDGE_CURVE('',#3247,#3248,#521,.T.);
#4015=EDGE_CURVE('',#3248,#3246,#522,.T.);
#4016=EDGE_CURVE('',#3249,#3250,#523,.F.);
#4017=EDGE_CURVE('',#3250,#3247,#2075,.T.);
#4018=EDGE_CURVE('',#3246,#3249,#2076,.T.);
#4019=EDGE_CURVE('',#3251,#3246,#2077,.T.);
#4020=EDGE_CURVE('',#3252,#3251,#2078,.T.);
#4021=EDGE_CURVE('',#3249,#3252,#2079,.T.);
#4022=EDGE_CURVE('',#3248,#3253,#2080,.T.);
#4023=EDGE_CURVE('',#3251,#3253,#524,.T.);
#4024=EDGE_CURVE('',#3247,#3254,#525,.T.);
#4025=EDGE_CURVE('',#3255,#3254,#526,.T.);
#4026=EDGE_CURVE('',#3255,#3248,#527,.T.);
#4027=EDGE_CURVE('',#3254,#3256,#528,.T.);
#4028=EDGE_CURVE('',#3256,#3255,#529,.T.);
#4029=EDGE_CURVE('',#3257,#3258,#530,.F.);
#4030=EDGE_CURVE('',#3258,#3256,#2081,.T.);
#4031=EDGE_CURVE('',#3254,#3257,#2082,.T.);
#4032=EDGE_CURVE('',#3257,#3250,#531,.T.);
#4033=EDGE_CURVE('',#3256,#3259,#2083,.T.);
#4034=EDGE_CURVE('',#3260,#3259,#532,.T.);
#4035=EDGE_CURVE('',#3260,#3255,#2084,.T.);
#4036=EDGE_CURVE('',#3259,#3261,#533,.T.);
#4037=EDGE_CURVE('',#3261,#3260,#534,.T.);
#4038=EDGE_CURVE('',#3262,#3263,#535,.F.);
#4039=EDGE_CURVE('',#3263,#3261,#2085,.T.);
#4040=EDGE_CURVE('',#3259,#3262,#2086,.T.);
#4041=EDGE_CURVE('',#3262,#3258,#2087,.T.);
#4042=EDGE_CURVE('',#3261,#3264,#2088,.T.);
#4043=EDGE_CURVE('',#3253,#3264,#536,.T.);
#4044=EDGE_CURVE('',#3253,#3260,#2089,.T.);
#4045=EDGE_CURVE('',#3264,#3251,#537,.T.);
#4046=EDGE_CURVE('',#3265,#3252,#538,.F.);
#4047=EDGE_CURVE('',#3264,#3265,#2090,.T.);
#4048=EDGE_CURVE('',#3265,#3263,#2091,.T.);
#4049=EDGE_CURVE('',#3266,#3267,#539,.T.);
#4050=EDGE_CURVE('',#3267,#3268,#540,.T.);
#4051=EDGE_CURVE('',#3268,#3266,#541,.T.);
#4052=EDGE_CURVE('',#3269,#3270,#542,.F.);
#4053=EDGE_CURVE('',#3270,#3267,#2092,.T.);
#4054=EDGE_CURVE('',#3266,#3269,#2093,.T.);
#4055=EDGE_CURVE('',#3271,#3266,#2094,.T.);
#4056=EDGE_CURVE('',#3272,#3271,#2095,.T.);
#4057=EDGE_CURVE('',#3269,#3272,#2096,.T.);
#4058=EDGE_CURVE('',#3268,#3273,#2097,.T.);
#4059=EDGE_CURVE('',#3271,#3273,#543,.T.);
#4060=EDGE_CURVE('',#3274,#3271,#544,.T.);
#4061=EDGE_CURVE('',#3273,#3274,#545,.T.);
#4062=EDGE_CURVE('',#3275,#3272,#546,.F.);
#4063=EDGE_CURVE('',#3274,#3275,#2098,.T.);
#4064=EDGE_CURVE('',#3276,#3274,#2099,.T.);
#4065=EDGE_CURVE('',#3277,#3276,#2100,.T.);
#4066=EDGE_CURVE('',#3275,#3277,#2101,.T.);
#4067=EDGE_CURVE('',#3273,#3278,#2102,.T.);
#4068=EDGE_CURVE('',#3276,#3278,#547,.T.);
#4069=EDGE_CURVE('',#3279,#3276,#548,.T.);
#4070=EDGE_CURVE('',#3278,#3279,#549,.T.);
#4071=EDGE_CURVE('',#3280,#3277,#550,.F.);
#4072=EDGE_CURVE('',#3279,#3280,#2103,.T.);
#4073=EDGE_CURVE('',#3281,#3279,#551,.T.);
#4074=EDGE_CURVE('',#3282,#3281,#2104,.T.);
#4075=EDGE_CURVE('',#3280,#3282,#552,.T.);
#4076=EDGE_CURVE('',#3278,#3283,#553,.T.);
#4077=EDGE_CURVE('',#3281,#3283,#554,.T.);
#4078=EDGE_CURVE('',#3284,#3281,#555,.T.);
#4079=EDGE_CURVE('',#3283,#3284,#556,.T.);
#4080=EDGE_CURVE('',#3285,#3282,#557,.F.);
#4081=EDGE_CURVE('',#3284,#3285,#2105,.T.);
#4082=EDGE_CURVE('',#3286,#3284,#2106,.T.);
#4083=EDGE_CURVE('',#3287,#3286,#2107,.T.);
#4084=EDGE_CURVE('',#3285,#3287,#2108,.T.);
#4085=EDGE_CURVE('',#3283,#3288,#2109,.T.);
#4086=EDGE_CURVE('',#3288,#3286,#558,.F.);
#4087=EDGE_CURVE('',#3289,#3290,#559,.T.);
#4088=EDGE_CURVE('',#3290,#3291,#560,.T.);
#4089=EDGE_CURVE('',#3291,#3289,#561,.T.);
#4090=EDGE_CURVE('',#3292,#3293,#562,.F.);
#4091=EDGE_CURVE('',#3293,#3290,#2110,.T.);
#4092=EDGE_CURVE('',#3289,#3292,#2111,.T.);
#4093=EDGE_CURVE('',#3294,#3289,#2112,.T.);
#4094=EDGE_CURVE('',#3295,#3294,#2113,.T.);
#4095=EDGE_CURVE('',#3292,#3295,#2114,.T.);
#4096=EDGE_CURVE('',#3291,#3296,#2115,.T.);
#4097=EDGE_CURVE('',#3294,#3296,#563,.T.);
#4098=EDGE_CURVE('',#3290,#3297,#2116,.T.);
#4099=EDGE_CURVE('',#3298,#3297,#564,.T.);
#4100=EDGE_CURVE('',#3298,#3291,#2117,.T.);
#4101=EDGE_CURVE('',#3297,#3299,#565,.T.);
#4102=EDGE_CURVE('',#3299,#3298,#566,.T.);
#4103=EDGE_CURVE('',#3300,#3301,#567,.F.);
#4104=EDGE_CURVE('',#3301,#3299,#2118,.T.);
#4105=EDGE_CURVE('',#3297,#3300,#2119,.T.);
#4106=EDGE_CURVE('',#3300,#3293,#2120,.T.);
#4107=EDGE_CURVE('',#3299,#3302,#2121,.T.);
#4108=EDGE_CURVE('',#3303,#3302,#568,.T.);
#4109=EDGE_CURVE('',#3303,#3298,#2122,.T.);
#4110=EDGE_CURVE('',#3304,#3294,#569,.T.);
#4111=EDGE_CURVE('',#3296,#3304,#570,.T.);
#4112=EDGE_CURVE('',#3305,#3295,#571,.F.);
#4113=EDGE_CURVE('',#3304,#3305,#2123,.T.);
#4114=EDGE_CURVE('',#3306,#3304,#572,.T.);
#4115=EDGE_CURVE('',#3307,#3306,#2124,.T.);
#4116=EDGE_CURVE('',#3305,#3307,#573,.T.);
#4117=EDGE_CURVE('',#3296,#3303,#574,.T.);
#4118=EDGE_CURVE('',#3306,#3303,#575,.T.);
#4119=EDGE_CURVE('',#3302,#3306,#576,.T.);
#4120=EDGE_CURVE('',#3308,#3307,#577,.F.);
#4121=EDGE_CURVE('',#3302,#3308,#2125,.T.);
#4122=EDGE_CURVE('',#3308,#3301,#2126,.T.);
#4123=EDGE_CURVE('',#3309,#3310,#578,.F.);
#4124=EDGE_CURVE('',#3310,#3311,#2127,.T.);
#4125=EDGE_CURVE('',#3311,#3312,#579,.T.);
#4126=EDGE_CURVE('',#3312,#3309,#2128,.T.);
#4127=EDGE_CURVE('',#3311,#3313,#580,.T.);
#4128=EDGE_CURVE('',#3313,#3312,#581,.T.);
#4129=EDGE_CURVE('',#3313,#3314,#582,.T.);
#4130=EDGE_CURVE('',#3315,#3314,#583,.T.);
#4131=EDGE_CURVE('',#3315,#3312,#584,.T.);
#4132=EDGE_CURVE('',#3311,#3316,#2129,.T.);
#4133=EDGE_CURVE('',#3316,#3317,#585,.F.);
#4134=EDGE_CURVE('',#3317,#3313,#2130,.T.);
#4135=EDGE_CURVE('',#3318,#3310,#2131,.T.);
#4136=EDGE_CURVE('',#3316,#3318,#2132,.T.);
#4137=EDGE_CURVE('',#3319,#3315,#586,.T.);
#4138=EDGE_CURVE('',#3314,#3319,#587,.T.);
#4139=EDGE_CURVE('',#3320,#3321,#588,.F.);
#4140=EDGE_CURVE('',#3321,#3315,#2133,.T.);
#4141=EDGE_CURVE('',#3319,#3320,#2134,.T.);
#4142=EDGE_CURVE('',#3322,#3319,#2135,.T.);
#4143=EDGE_CURVE('',#3323,#3322,#2136,.T.);
#4144=EDGE_CURVE('',#3320,#3323,#2137,.T.);
#4145=EDGE_CURVE('',#3314,#3324,#2138,.T.);
#4146=EDGE_CURVE('',#3324,#3322,#589,.F.);
#4147=EDGE_CURVE('',#3325,#3326,#590,.F.);
#4148=EDGE_CURVE('',#3327,#3325,#591,.F.);
#4149=EDGE_CURVE('',#3326,#3327,#592,.F.);
#4150=EDGE_CURVE('',#3328,#3329,#593,.F.);
#4151=EDGE_CURVE('',#3329,#3327,#2139,.T.);
#4152=EDGE_CURVE('',#3325,#3328,#2140,.T.);
#4153=EDGE_CURVE('',#3330,#3331,#594,.F.);
#4154=EDGE_CURVE('',#3332,#3330,#595,.F.);
#4155=EDGE_CURVE('',#3331,#3332,#596,.F.);
#4156=EDGE_CURVE('',#3333,#3334,#597,.F.);
#4157=EDGE_CURVE('',#3334,#3332,#2141,.T.);
#4158=EDGE_CURVE('',#3330,#3333,#2142,.T.);
#4159=EDGE_CURVE('',#3335,#3336,#598,.F.);
#4160=EDGE_CURVE('',#3337,#3335,#599,.F.);
#4161=EDGE_CURVE('',#3336,#3337,#600,.F.);
#4162=EDGE_CURVE('',#3338,#3339,#601,.F.);
#4163=EDGE_CURVE('',#3339,#3337,#2143,.T.);
#4164=EDGE_CURVE('',#3335,#3338,#2144,.T.);
#4165=EDGE_CURVE('',#3326,#3336,#2145,.T.);
#4166=EDGE_CURVE('',#3337,#3325,#2146,.T.);
#4167=EDGE_CURVE('',#3340,#3341,#602,.F.);
#4168=EDGE_CURVE('',#3342,#3340,#603,.F.);
#4169=EDGE_CURVE('',#3341,#3342,#604,.F.);
#4170=EDGE_CURVE('',#3343,#3344,#605,.F.);
#4171=EDGE_CURVE('',#3344,#3342,#2147,.T.);
#4172=EDGE_CURVE('',#3340,#3343,#2148,.T.);
#4173=EDGE_CURVE('',#3336,#3341,#2149,.T.);
#4174=EDGE_CURVE('',#3342,#3335,#2150,.T.);
#4175=EDGE_CURVE('',#3341,#3331,#606,.T.);
#4176=EDGE_CURVE('',#3332,#3340,#607,.T.);
#4177=EDGE_CURVE('',#3331,#3326,#2151,.T.);
#4178=EDGE_CURVE('',#3327,#3330,#2152,.T.);
#4179=EDGE_CURVE('',#3328,#3339,#2153,.T.);
#4180=EDGE_CURVE('',#3338,#3344,#2154,.T.);
#4181=EDGE_CURVE('',#3345,#3324,#608,.F.);
#4182=EDGE_CURVE('',#3322,#3345,#609,.F.);
#4183=EDGE_CURVE('',#3346,#3323,#610,.F.);
#4184=EDGE_CURVE('',#3345,#3346,#2155,.T.);
#4185=EDGE_CURVE('',#3347,#3348,#611,.F.);
#4186=EDGE_CURVE('',#3349,#3347,#612,.F.);
#4187=EDGE_CURVE('',#3348,#3349,#613,.F.);
#4188=EDGE_CURVE('',#3350,#3351,#614,.F.);
#4189=EDGE_CURVE('',#3351,#3349,#2156,.T.);
#4190=EDGE_CURVE('',#3347,#3350,#2157,.T.);
#4191=EDGE_CURVE('',#3324,#3348,#2158,.T.);
#4192=EDGE_CURVE('',#3349,#3345,#2159,.T.);
#4193=EDGE_CURVE('',#3352,#3316,#615,.F.);
#4194=EDGE_CURVE('',#3317,#3352,#616,.F.);
#4195=EDGE_CURVE('',#3318,#3353,#617,.F.);
#4196=EDGE_CURVE('',#3353,#3352,#2160,.T.);
#4197=EDGE_CURVE('',#3348,#3317,#2161,.T.);
#4198=EDGE_CURVE('',#3352,#3347,#2162,.T.);
#4199=EDGE_CURVE('',#3346,#3351,#2163,.T.);
#4200=EDGE_CURVE('',#3350,#3353,#2164,.T.);
#4201=EDGE_CURVE('',#3354,#3288,#618,.F.);
#4202=EDGE_CURVE('',#3286,#3354,#619,.F.);
#4203=EDGE_CURVE('',#3355,#3287,#620,.F.);
#4204=EDGE_CURVE('',#3354,#3355,#2165,.T.);
#4205=EDGE_CURVE('',#3267,#3354,#2166,.T.);
#4206=EDGE_CURVE('',#3288,#3268,#2167,.T.);
#4207=EDGE_CURVE('',#3356,#3357,#621,.F.);
#4208=EDGE_CURVE('',#3358,#3356,#622,.F.);
#4209=EDGE_CURVE('',#3357,#3358,#623,.F.);
#4210=EDGE_CURVE('',#3359,#3360,#624,.F.);
#4211=EDGE_CURVE('',#3360,#3358,#2168,.T.);
#4212=EDGE_CURVE('',#3356,#3359,#2169,.T.);
#4213=EDGE_CURVE('',#3361,#3362,#625,.F.);
#4214=EDGE_CURVE('',#3363,#3361,#626,.F.);
#4215=EDGE_CURVE('',#3362,#3363,#627,.F.);
#4216=EDGE_CURVE('',#3364,#3365,#628,.F.);
#4217=EDGE_CURVE('',#3365,#3363,#2170,.T.);
#4218=EDGE_CURVE('',#3361,#3364,#2171,.T.);
#4219=EDGE_CURVE('',#3357,#3362,#629,.T.);
#4220=EDGE_CURVE('',#3363,#3356,#630,.T.);
#4221=EDGE_CURVE('',#3366,#3367,#631,.F.);
#4222=EDGE_CURVE('',#3368,#3366,#632,.F.);
#4223=EDGE_CURVE('',#3367,#3368,#633,.F.);
#4224=EDGE_CURVE('',#3369,#3370,#634,.F.);
#4225=EDGE_CURVE('',#3370,#3368,#2172,.T.);
#4226=EDGE_CURVE('',#3366,#3369,#2173,.T.);
#4227=EDGE_CURVE('',#3371,#3372,#635,.F.);
#4228=EDGE_CURVE('',#3373,#3371,#636,.F.);
#4229=EDGE_CURVE('',#3372,#3373,#637,.F.);
#4230=EDGE_CURVE('',#3374,#3375,#638,.F.);
#4231=EDGE_CURVE('',#3375,#3373,#2174,.T.);
#4232=EDGE_CURVE('',#3371,#3374,#2175,.T.);
#4233=EDGE_CURVE('',#3362,#3372,#2176,.T.);
#4234=EDGE_CURVE('',#3373,#3361,#2177,.T.);
#4235=EDGE_CURVE('',#3376,#3377,#639,.F.);
#4236=EDGE_CURVE('',#3378,#3376,#640,.F.);
#4237=EDGE_CURVE('',#3377,#3378,#641,.F.);
#4238=EDGE_CURVE('',#3379,#3380,#642,.F.);
#4239=EDGE_CURVE('',#3380,#3378,#2178,.T.);
#4240=EDGE_CURVE('',#3376,#3379,#2179,.T.);
#4241=EDGE_CURVE('',#3372,#3377,#2180,.T.);
#4242=EDGE_CURVE('',#3378,#3371,#2181,.T.);
#4243=EDGE_CURVE('',#3377,#3367,#2182,.T.);
#4244=EDGE_CURVE('',#3368,#3376,#2183,.T.);
#4245=EDGE_CURVE('',#3367,#3357,#2184,.T.);
#4246=EDGE_CURVE('',#3358,#3366,#2185,.T.);
#4247=EDGE_CURVE('',#3359,#3365,#643,.T.);
#4248=EDGE_CURVE('',#3364,#3375,#2186,.T.);
#4249=EDGE_CURVE('',#3374,#3380,#2187,.T.);
#4250=EDGE_CURVE('',#3309,#3321,#644,.T.);
#4251=EDGE_CURVE('',#3343,#3334,#645,.T.);
#4252=EDGE_CURVE('',#3333,#3329,#2188,.T.);
#4253=EDGE_CURVE('',#3355,#3270,#2189,.T.);
#4254=EDGE_CURVE('',#3379,#3370,#2190,.T.);
#4255=EDGE_CURVE('',#3369,#3360,#2191,.T.);
#4256=EDGE_CURVE('',#3381,#3382,#2192,.T.);
#4257=EDGE_CURVE('',#3381,#3383,#2193,.T.);
#4258=EDGE_CURVE('',#3383,#3384,#2194,.T.);
#4259=EDGE_CURVE('',#3382,#3384,#2195,.T.);
#4260=EDGE_CURVE('',#3385,#3381,#2196,.T.);
#4261=EDGE_CURVE('',#3385,#3386,#2197,.T.);
#4262=EDGE_CURVE('',#3386,#3383,#2198,.T.);
#4263=EDGE_CURVE('',#3387,#3385,#2199,.T.);
#4264=EDGE_CURVE('',#3387,#3388,#2200,.T.);
#4265=EDGE_CURVE('',#3388,#3386,#2201,.T.);
#4266=EDGE_CURVE('',#3389,#3387,#2202,.T.);
#4267=EDGE_CURVE('',#3389,#3390,#2203,.T.);
#4268=EDGE_CURVE('',#3390,#3388,#2204,.T.);
#4269=EDGE_CURVE('',#3391,#3389,#2205,.T.);
#4270=EDGE_CURVE('',#3391,#3392,#2206,.T.);
#4271=EDGE_CURVE('',#3392,#3390,#2207,.T.);
#4272=EDGE_CURVE('',#3382,#3391,#2208,.T.);
#4273=EDGE_CURVE('',#3384,#3392,#2209,.T.);
#4274=EDGE_CURVE('',#3393,#3393,#646,.T.);
#4275=EDGE_CURVE('',#3394,#3394,#647,.T.);
#4276=EDGE_CURVE('',#3394,#3393,#2210,.T.);
#4277=EDGE_CURVE('',#3395,#3396,#2211,.T.);
#4278=EDGE_CURVE('',#3396,#3397,#2212,.T.);
#4279=EDGE_CURVE('',#3398,#3397,#2213,.T.);
#4280=EDGE_CURVE('',#3395,#3398,#2214,.T.);
#4281=EDGE_CURVE('',#3399,#3395,#2215,.T.);
#4282=EDGE_CURVE('',#3400,#3398,#2216,.T.);
#4283=EDGE_CURVE('',#3399,#3400,#2217,.T.);
#4284=EDGE_CURVE('',#3401,#3399,#2218,.T.);
#4285=EDGE_CURVE('',#3402,#3400,#2219,.T.);
#4286=EDGE_CURVE('',#3401,#3402,#2220,.T.);
#4287=EDGE_CURVE('',#3396,#3401,#2221,.T.);
#4288=EDGE_CURVE('',#3397,#3402,#2222,.T.);
#4289=EDGE_CURVE('',#3403,#3404,#648,.F.);
#4290=EDGE_CURVE('',#3405,#3403,#649,.F.);
#4291=EDGE_CURVE('',#3404,#3405,#650,.F.);
#4292=EDGE_CURVE('',#3406,#3405,#2223,.T.);
#4293=EDGE_CURVE('',#3403,#3407,#2224,.T.);
#4294=EDGE_CURVE('',#3407,#3406,#324,.T.);
#4295=EDGE_CURVE('',#3408,#3403,#2225,.T.);
#4296=EDGE_CURVE('',#3404,#3409,#2226,.T.);
#4297=EDGE_CURVE('',#3409,#3408,#340,.T.);
#4298=EDGE_CURVE('',#3409,#3410,#651,.T.);
#4299=EDGE_CURVE('',#3410,#3411,#341,.T.);
#4300=EDGE_CURVE('',#3411,#3408,#652,.T.);
#4301=EDGE_CURVE('',#3412,#3413,#653,.F.);
#4302=EDGE_CURVE('',#3414,#3412,#654,.F.);
#4303=EDGE_CURVE('',#3413,#3414,#655,.F.);
#4304=EDGE_CURVE('',#3415,#3416,#656,.F.);
#4305=EDGE_CURVE('',#3416,#3414,#2227,.T.);
#4306=EDGE_CURVE('',#3412,#3415,#2228,.T.);
#4307=EDGE_CURVE('',#3417,#3418,#657,.F.);
#4308=EDGE_CURVE('',#3419,#3417,#658,.F.);
#4309=EDGE_CURVE('',#3418,#3419,#659,.F.);
#4310=EDGE_CURVE('',#3420,#3421,#2229,.T.);
#4311=EDGE_CURVE('',#3421,#3422,#660,.T.);
#4312=EDGE_CURVE('',#3422,#3423,#2230,.T.);
#4313=EDGE_CURVE('',#3423,#3420,#325,.T.);
#4314=EDGE_CURVE('',#3423,#3419,#2231,.T.);
#4315=EDGE_CURVE('',#3417,#3420,#2232,.T.);
#4316=EDGE_CURVE('',#3410,#3418,#2233,.T.);
#4317=EDGE_CURVE('',#3419,#3411,#2234,.T.);
#4318=EDGE_CURVE('',#3418,#3413,#2235,.T.);
#4319=EDGE_CURVE('',#3414,#3417,#2236,.T.);
#4320=EDGE_CURVE('',#3413,#3404,#2237,.T.);
#4321=EDGE_CURVE('',#3405,#3412,#2238,.T.);
#4322=EDGE_CURVE('',#3407,#3424,#2239,.T.);
#4323=EDGE_CURVE('',#3424,#3425,#661,.T.);
#4324=EDGE_CURVE('',#3425,#3406,#2240,.T.);
#4325=EDGE_CURVE('',#3424,#3426,#2241,.T.);
#4326=EDGE_CURVE('',#3426,#3427,#2242,.T.);
#4327=EDGE_CURVE('',#3427,#3428,#2243,.T.);
#4328=EDGE_CURVE('',#3429,#3428,#662,.T.);
#4329=EDGE_CURVE('',#3430,#3429,#2244,.T.);
#4330=EDGE_CURVE('',#3431,#3430,#2245,.T.);
#4331=EDGE_CURVE('',#3431,#3432,#2246,.T.);
#4332=EDGE_CURVE('',#3432,#3433,#2247,.T.);
#4333=EDGE_CURVE('',#3425,#3433,#2248,.T.);
#4334=EDGE_CURVE('',#3408,#3434,#2249,.T.);
#4335=EDGE_CURVE('',#3434,#3426,#2250,.T.);
#4336=EDGE_CURVE('',#3411,#3435,#2251,.T.);
#4337=EDGE_CURVE('',#3435,#3434,#663,.T.);
#4338=EDGE_CURVE('',#3436,#3422,#2252,.T.);
#4339=EDGE_CURVE('',#3436,#3435,#2253,.T.);
#4340=EDGE_CURVE('',#3433,#3421,#2254,.T.);
#4341=EDGE_CURVE('',#3420,#3416,#2255,.T.);
#4342=EDGE_CURVE('',#3415,#3406,#2256,.T.);
#4343=EDGE_CURVE('',#3432,#3437,#2257,.T.);
#4344=EDGE_CURVE('',#3437,#3438,#2258,.T.);
#4345=EDGE_CURVE('',#3439,#3438,#2259,.T.);
#4346=EDGE_CURVE('',#3440,#3439,#664,.T.);
#4347=EDGE_CURVE('',#3440,#3441,#2260,.T.);
#4348=EDGE_CURVE('',#3441,#3436,#2261,.T.);
#4349=EDGE_CURVE('',#3442,#3442,#665,.T.);
#4350=EDGE_CURVE('',#3442,#3443,#666,.T.);
#4351=EDGE_CURVE('',#3443,#3444,#667,.T.);
#4352=EDGE_CURVE('',#3444,#3443,#668,.T.);
#4353=EDGE_CURVE('',#3444,#3445,#2262,.T.);
#4354=EDGE_CURVE('',#3445,#3445,#669,.T.);
#4355=EDGE_CURVE('',#3446,#3446,#670,.T.);
#4356=EDGE_CURVE('',#3447,#3448,#671,.F.);
#4357=EDGE_CURVE('',#3449,#3447,#672,.F.);
#4358=EDGE_CURVE('',#3448,#3449,#673,.F.);
#4359=EDGE_CURVE('',#3450,#3449,#2263,.T.);
#4360=EDGE_CURVE('',#3447,#3451,#2264,.T.);
#4361=EDGE_CURVE('',#3451,#3450,#326,.T.);
#4362=EDGE_CURVE('',#3452,#3447,#2265,.T.);
#4363=EDGE_CURVE('',#3448,#3453,#2266,.T.);
#4364=EDGE_CURVE('',#3453,#3452,#342,.T.);
#4365=EDGE_CURVE('',#3454,#3455,#674,.F.);
#4366=EDGE_CURVE('',#3456,#3454,#675,.F.);
#4367=EDGE_CURVE('',#3455,#3456,#676,.F.);
#4368=EDGE_CURVE('',#3457,#3458,#677,.F.);
#4369=EDGE_CURVE('',#3458,#3456,#2267,.T.);
#4370=EDGE_CURVE('',#3454,#3457,#2268,.T.);
#4371=EDGE_CURVE('',#3453,#3459,#678,.T.);
#4372=EDGE_CURVE('',#3459,#3460,#343,.T.);
#4373=EDGE_CURVE('',#3460,#3452,#679,.T.);
#4374=EDGE_CURVE('',#3461,#3462,#680,.F.);
#4375=EDGE_CURVE('',#3463,#3461,#681,.F.);
#4376=EDGE_CURVE('',#3462,#3463,#682,.F.);
#4377=EDGE_CURVE('',#3464,#3465,#2269,.T.);
#4378=EDGE_CURVE('',#3465,#3466,#683,.T.);
#4379=EDGE_CURVE('',#3466,#3467,#2270,.T.);
#4380=EDGE_CURVE('',#3467,#3464,#327,.T.);
#4381=EDGE_CURVE('',#3467,#3463,#2271,.T.);
#4382=EDGE_CURVE('',#3461,#3464,#2272,.T.);
#4383=EDGE_CURVE('',#3459,#3462,#2273,.T.);
#4384=EDGE_CURVE('',#3463,#3460,#2274,.T.);
#4385=EDGE_CURVE('',#3462,#3455,#2275,.T.);
#4386=EDGE_CURVE('',#3456,#3461,#2276,.T.);
#4387=EDGE_CURVE('',#3455,#3448,#2277,.T.);
#4388=EDGE_CURVE('',#3449,#3454,#2278,.T.);
#4389=EDGE_CURVE('',#3451,#3440,#2279,.T.);
#4390=EDGE_CURVE('',#3439,#3450,#2280,.T.);
#4391=EDGE_CURVE('',#3452,#3468,#2281,.T.);
#4392=EDGE_CURVE('',#3468,#3441,#2282,.T.);
#4393=EDGE_CURVE('',#3469,#3460,#2283,.T.);
#4394=EDGE_CURVE('',#3469,#3468,#684,.T.);
#4395=EDGE_CURVE('',#3470,#3466,#2284,.T.);
#4396=EDGE_CURVE('',#3470,#3469,#2285,.T.);
#4397=EDGE_CURVE('',#3438,#3465,#2286,.T.);
#4398=EDGE_CURVE('',#3464,#3458,#2287,.T.);
#4399=EDGE_CURVE('',#3457,#3450,#2288,.T.);
#4400=EDGE_CURVE('',#3437,#3471,#2289,.T.);
#4401=EDGE_CURVE('',#3471,#3472,#2290,.T.);
#4402=EDGE_CURVE('',#3473,#3472,#2291,.T.);
#4403=EDGE_CURVE('',#3474,#3473,#685,.T.);
#4404=EDGE_CURVE('',#3474,#3475,#2292,.T.);
#4405=EDGE_CURVE('',#3475,#3470,#2293,.T.);
#4406=EDGE_CURVE('',#3476,#3429,#2294,.T.);
#4407=EDGE_CURVE('',#3428,#3477,#2295,.T.);
#4408=EDGE_CURVE('',#3477,#3476,#328,.T.);
#4409=EDGE_CURVE('',#3478,#3479,#686,.F.);
#4410=EDGE_CURVE('',#3480,#3478,#687,.F.);
#4411=EDGE_CURVE('',#3479,#3480,#688,.F.);
#4412=EDGE_CURVE('',#3477,#3480,#2296,.T.);
#4413=EDGE_CURVE('',#3478,#3476,#2297,.T.);
#4414=EDGE_CURVE('',#3481,#3482,#689,.F.);
#4415=EDGE_CURVE('',#3483,#3481,#690,.F.);
#4416=EDGE_CURVE('',#3482,#3483,#691,.F.);
#4417=EDGE_CURVE('',#3484,#3485,#692,.F.);
#4418=EDGE_CURVE('',#3485,#3483,#2298,.T.);
#4419=EDGE_CURVE('',#3481,#3484,#2299,.T.);
#4420=EDGE_CURVE('',#3479,#3482,#2300,.T.);
#4421=EDGE_CURVE('',#3483,#3478,#2301,.T.);
#4422=EDGE_CURVE('',#3486,#3487,#693,.F.);
#4423=EDGE_CURVE('',#3488,#3486,#694,.F.);
#4424=EDGE_CURVE('',#3487,#3488,#695,.F.);
#4425=EDGE_CURVE('',#3489,#3488,#2302,.T.);
#4426=EDGE_CURVE('',#3486,#3490,#2303,.T.);
#4427=EDGE_CURVE('',#3490,#3489,#329,.T.);
#4428=EDGE_CURVE('',#3490,#3491,#2304,.T.);
#4429=EDGE_CURVE('',#3491,#3492,#696,.T.);
#4430=EDGE_CURVE('',#3492,#3489,#2305,.T.);
#4431=EDGE_CURVE('',#3482,#3487,#2306,.T.);
#4432=EDGE_CURVE('',#3488,#3481,#2307,.T.);
#4433=EDGE_CURVE('',#3493,#3486,#2308,.T.);
#4434=EDGE_CURVE('',#3487,#3494,#2309,.T.);
#4435=EDGE_CURVE('',#3494,#3493,#344,.T.);
#4436=EDGE_CURVE('',#3495,#3493,#697,.T.);
#4437=EDGE_CURVE('',#3494,#3496,#698,.T.);
#4438=EDGE_CURVE('',#3496,#3495,#345,.T.);
#4439=EDGE_CURVE('',#3496,#3479,#2310,.T.);
#4440=EDGE_CURVE('',#3480,#3495,#2311,.T.);
#4441=EDGE_CURVE('',#3476,#3485,#2312,.T.);
#4442=EDGE_CURVE('',#3484,#3489,#2313,.T.);
#4443=EDGE_CURVE('',#3491,#3497,#2314,.T.);
#4444=EDGE_CURVE('',#3497,#3498,#2315,.T.);
#4445=EDGE_CURVE('',#3498,#3499,#2316,.T.);
#4446=EDGE_CURVE('',#3500,#3499,#699,.T.);
#4447=EDGE_CURVE('',#3472,#3500,#2317,.T.);
#4448=EDGE_CURVE('',#3471,#3431,#2318,.T.);
#4449=EDGE_CURVE('',#3492,#3430,#2319,.T.);
#4450=EDGE_CURVE('',#3501,#3502,#700,.F.);
#4451=EDGE_CURVE('',#3503,#3501,#701,.F.);
#4452=EDGE_CURVE('',#3502,#3503,#702,.F.);
#4453=EDGE_CURVE('',#3504,#3503,#2320,.T.);
#4454=EDGE_CURVE('',#3501,#3505,#2321,.T.);
#4455=EDGE_CURVE('',#3505,#3504,#330,.T.);
#4456=EDGE_CURVE('',#3506,#3501,#2322,.T.);
#4457=EDGE_CURVE('',#3502,#3507,#2323,.T.);
#4458=EDGE_CURVE('',#3507,#3506,#346,.T.);
#4459=EDGE_CURVE('',#3507,#3508,#703,.T.);
#4460=EDGE_CURVE('',#3508,#3509,#347,.T.);
#4461=EDGE_CURVE('',#3509,#3506,#704,.T.);
#4462=EDGE_CURVE('',#3510,#3511,#705,.F.);
#4463=EDGE_CURVE('',#3512,#3510,#706,.F.);
#4464=EDGE_CURVE('',#3511,#3512,#707,.F.);
#4465=EDGE_CURVE('',#3513,#3514,#708,.F.);
#4466=EDGE_CURVE('',#3514,#3512,#2324,.T.);
#4467=EDGE_CURVE('',#3510,#3513,#2325,.T.);
#4468=EDGE_CURVE('',#3515,#3516,#709,.F.);
#4469=EDGE_CURVE('',#3517,#3515,#710,.F.);
#4470=EDGE_CURVE('',#3516,#3517,#711,.F.);
#4471=EDGE_CURVE('',#3518,#3500,#2326,.T.);
#4472=EDGE_CURVE('',#3499,#3519,#2327,.T.);
#4473=EDGE_CURVE('',#3519,#3518,#331,.T.);
#4474=EDGE_CURVE('',#3519,#3517,#2328,.T.);
#4475=EDGE_CURVE('',#3515,#3518,#2329,.T.);
#4476=EDGE_CURVE('',#3508,#3516,#2330,.T.);
#4477=EDGE_CURVE('',#3517,#3509,#2331,.T.);
#4478=EDGE_CURVE('',#3516,#3511,#2332,.T.);
#4479=EDGE_CURVE('',#3512,#3515,#2333,.T.);
#4480=EDGE_CURVE('',#3511,#3502,#2334,.T.);
#4481=EDGE_CURVE('',#3503,#3510,#2335,.T.);
#4482=EDGE_CURVE('',#3505,#3474,#2336,.T.);
#4483=EDGE_CURVE('',#3473,#3504,#2337,.T.);
#4484=EDGE_CURVE('',#3518,#3514,#2338,.T.);
#4485=EDGE_CURVE('',#3513,#3504,#2339,.T.);
#4486=EDGE_CURVE('',#3520,#3475,#2340,.T.);
#4487=EDGE_CURVE('',#3521,#3520,#712,.T.);
#4488=EDGE_CURVE('',#3498,#3521,#2341,.T.);
#4489=EDGE_CURVE('',#3522,#3497,#2342,.T.);
#4490=EDGE_CURVE('',#3523,#3522,#713,.T.);
#4491=EDGE_CURVE('',#3427,#3523,#2343,.T.);
#4492=EDGE_CURVE('',#3523,#3495,#2344,.T.);
#4493=EDGE_CURVE('',#3493,#3522,#2345,.T.);
#4494=EDGE_CURVE('',#3506,#3520,#2346,.T.);
#4495=EDGE_CURVE('',#3509,#3521,#2347,.T.);
#4496=EDGE_CURVE('',#3524,#3525,#2348,.T.);
#4497=EDGE_CURVE('',#3524,#3526,#2349,.T.);
#4498=EDGE_CURVE('',#3526,#3527,#2350,.T.);
#4499=EDGE_CURVE('',#3525,#3527,#2351,.T.);
#4500=EDGE_CURVE('',#3528,#3524,#2352,.T.);
#4501=EDGE_CURVE('',#3528,#3529,#2353,.T.);
#4502=EDGE_CURVE('',#3529,#3526,#2354,.T.);
#4503=EDGE_CURVE('',#3530,#3528,#2355,.T.);
#4504=EDGE_CURVE('',#3530,#3531,#2356,.T.);
#4505=EDGE_CURVE('',#3531,#3529,#2357,.T.);
#4506=EDGE_CURVE('',#3532,#3530,#2358,.T.);
#4507=EDGE_CURVE('',#3532,#3533,#2359,.T.);
#4508=EDGE_CURVE('',#3533,#3531,#2360,.T.);
#4509=EDGE_CURVE('',#3534,#3532,#2361,.T.);
#4510=EDGE_CURVE('',#3534,#3535,#2362,.T.);
#4511=EDGE_CURVE('',#3535,#3533,#2363,.T.);
#4512=EDGE_CURVE('',#3525,#3534,#2364,.T.);
#4513=EDGE_CURVE('',#3527,#3535,#2365,.T.);
#4514=EDGE_CURVE('',#3536,#3536,#714,.T.);
#4515=EDGE_CURVE('',#3446,#3536,#2366,.T.);
#4516=ORIENTED_EDGE('',*,*,#3537,.F.);
#4517=ORIENTED_EDGE('',*,*,#3538,.F.);
#4518=ORIENTED_EDGE('',*,*,#3539,.T.);
#4519=ORIENTED_EDGE('',*,*,#3540,.F.);
#4520=ORIENTED_EDGE('',*,*,#3541,.F.);
#4521=ORIENTED_EDGE('',*,*,#3542,.F.);
#4522=ORIENTED_EDGE('',*,*,#3543,.F.);
#4523=ORIENTED_EDGE('',*,*,#3544,.F.);
#4524=ORIENTED_EDGE('',*,*,#3545,.F.);
#4525=ORIENTED_EDGE('',*,*,#3546,.T.);
#4526=ORIENTED_EDGE('',*,*,#3541,.T.);
#4527=ORIENTED_EDGE('',*,*,#3547,.F.);
#4528=ORIENTED_EDGE('',*,*,#3548,.F.);
#4529=ORIENTED_EDGE('',*,*,#3549,.T.);
#4530=ORIENTED_EDGE('',*,*,#3550,.F.);
#4531=ORIENTED_EDGE('',*,*,#3540,.T.);
#4532=ORIENTED_EDGE('',*,*,#3551,.T.);
#4533=ORIENTED_EDGE('',*,*,#3547,.T.);
#4534=ORIENTED_EDGE('',*,*,#3537,.T.);
#4535=ORIENTED_EDGE('',*,*,#3552,.T.);
#4536=ORIENTED_EDGE('',*,*,#3553,.T.);
#4537=ORIENTED_EDGE('',*,*,#3554,.T.);
#4538=ORIENTED_EDGE('',*,*,#3555,.T.);
#4539=ORIENTED_EDGE('',*,*,#3556,.T.);
#4540=ORIENTED_EDGE('',*,*,#3557,.T.);
#4541=ORIENTED_EDGE('',*,*,#3558,.F.);
#4542=ORIENTED_EDGE('',*,*,#3559,.T.);
#4543=ORIENTED_EDGE('',*,*,#3560,.T.);
#4544=ORIENTED_EDGE('',*,*,#3561,.F.);
#4545=ORIENTED_EDGE('',*,*,#3549,.F.);
#4546=ORIENTED_EDGE('',*,*,#3558,.T.);
#4547=ORIENTED_EDGE('',*,*,#3562,.T.);
#4548=ORIENTED_EDGE('',*,*,#3563,.F.);
#4549=ORIENTED_EDGE('',*,*,#3564,.F.);
#4550=ORIENTED_EDGE('',*,*,#3542,.T.);
#4551=ORIENTED_EDGE('',*,*,#3550,.T.);
#4552=ORIENTED_EDGE('',*,*,#3561,.T.);
#4553=ORIENTED_EDGE('',*,*,#3565,.T.);
#4554=ORIENTED_EDGE('',*,*,#3563,.T.);
#4555=ORIENTED_EDGE('',*,*,#3566,.T.);
#4556=ORIENTED_EDGE('',*,*,#3567,.T.);
#4557=ORIENTED_EDGE('',*,*,#3559,.F.);
#4558=ORIENTED_EDGE('',*,*,#3568,.T.);
#4559=ORIENTED_EDGE('',*,*,#3569,.T.);
#4560=ORIENTED_EDGE('',*,*,#3570,.T.);
#4561=ORIENTED_EDGE('',*,*,#3571,.F.);
#4562=ORIENTED_EDGE('',*,*,#3572,.F.);
#4563=ORIENTED_EDGE('',*,*,#3564,.T.);
#4564=ORIENTED_EDGE('',*,*,#3565,.F.);
#4565=ORIENTED_EDGE('',*,*,#3560,.F.);
#4566=ORIENTED_EDGE('',*,*,#3543,.T.);
#4567=ORIENTED_EDGE('',*,*,#3566,.F.);
#4568=ORIENTED_EDGE('',*,*,#3562,.F.);
#4569=ORIENTED_EDGE('',*,*,#3573,.T.);
#4570=ORIENTED_EDGE('',*,*,#3574,.F.);
#4571=ORIENTED_EDGE('',*,*,#3553,.F.);
#4572=ORIENTED_EDGE('',*,*,#3575,.F.);
#4573=ORIENTED_EDGE('',*,*,#3576,.T.);
#4574=ORIENTED_EDGE('',*,*,#3577,.F.);
#4575=ORIENTED_EDGE('',*,*,#3578,.F.);
#4576=ORIENTED_EDGE('',*,*,#3579,.F.);
#4577=ORIENTED_EDGE('',*,*,#3580,.T.);
#4578=ORIENTED_EDGE('',*,*,#3571,.T.);
#4579=ORIENTED_EDGE('',*,*,#3581,.T.);
#4580=ORIENTED_EDGE('',*,*,#3577,.T.);
#4581=ORIENTED_EDGE('',*,*,#3544,.T.);
#4582=ORIENTED_EDGE('',*,*,#3574,.T.);
#4583=ORIENTED_EDGE('',*,*,#3582,.T.);
#4584=ORIENTED_EDGE('',*,*,#3557,.F.);
#4585=ORIENTED_EDGE('',*,*,#3545,.T.);
#4586=ORIENTED_EDGE('',*,*,#3582,.F.);
#4587=ORIENTED_EDGE('',*,*,#3573,.F.);
#4588=ORIENTED_EDGE('',*,*,#3539,.F.);
#4589=ORIENTED_EDGE('',*,*,#3568,.F.);
#4590=ORIENTED_EDGE('',*,*,#3548,.T.);
#4591=ORIENTED_EDGE('',*,*,#3551,.F.);
#4592=ORIENTED_EDGE('',*,*,#3569,.F.);
#4593=ORIENTED_EDGE('',*,*,#3538,.T.);
#4594=ORIENTED_EDGE('',*,*,#3554,.F.);
#4595=ORIENTED_EDGE('',*,*,#3579,.T.);
#4596=ORIENTED_EDGE('',*,*,#3567,.F.);
#4597=ORIENTED_EDGE('',*,*,#3578,.T.);
#4598=ORIENTED_EDGE('',*,*,#3581,.F.);
#4599=ORIENTED_EDGE('',*,*,#3570,.F.);
#4600=ORIENTED_EDGE('',*,*,#3576,.F.);
#4601=ORIENTED_EDGE('',*,*,#3555,.F.);
#4602=ORIENTED_EDGE('',*,*,#3572,.T.);
#4603=ORIENTED_EDGE('',*,*,#3580,.F.);
#4604=ORIENTED_EDGE('',*,*,#3556,.F.);
#4605=ORIENTED_EDGE('',*,*,#3575,.T.);
#4606=ORIENTED_EDGE('',*,*,#3552,.F.);
#4607=ORIENTED_EDGE('',*,*,#3546,.F.);
#4608=ORIENTED_EDGE('',*,*,#3583,.T.);
#4609=ORIENTED_EDGE('',*,*,#3584,.F.);
#4610=ORIENTED_EDGE('',*,*,#3585,.F.);
#4611=ORIENTED_EDGE('',*,*,#3586,.F.);
#4612=ORIENTED_EDGE('',*,*,#3587,.F.);
#4613=ORIENTED_EDGE('',*,*,#3588,.F.);
#4614=ORIENTED_EDGE('',*,*,#3589,.F.);
#4615=ORIENTED_EDGE('',*,*,#3590,.F.);
#4616=ORIENTED_EDGE('',*,*,#3586,.T.);
#4617=ORIENTED_EDGE('',*,*,#3591,.T.);
#4618=ORIENTED_EDGE('',*,*,#3592,.T.);
#4619=ORIENTED_EDGE('',*,*,#3593,.T.);
#4620=ORIENTED_EDGE('',*,*,#3594,.T.);
#4621=ORIENTED_EDGE('',*,*,#3591,.F.);
#4622=ORIENTED_EDGE('',*,*,#3585,.T.);
#4623=ORIENTED_EDGE('',*,*,#3595,.T.);
#4624=ORIENTED_EDGE('',*,*,#3596,.T.);
#4625=ORIENTED_EDGE('',*,*,#3597,.T.);
#4626=ORIENTED_EDGE('',*,*,#3592,.F.);
#4627=ORIENTED_EDGE('',*,*,#3594,.F.);
#4628=ORIENTED_EDGE('',*,*,#3598,.T.);
#4629=ORIENTED_EDGE('',*,*,#3587,.T.);
#4630=ORIENTED_EDGE('',*,*,#3593,.F.);
#4631=ORIENTED_EDGE('',*,*,#3597,.F.);
#4632=ORIENTED_EDGE('',*,*,#3599,.F.);
#4633=ORIENTED_EDGE('',*,*,#3600,.F.);
#4634=ORIENTED_EDGE('',*,*,#3589,.T.);
#4635=ORIENTED_EDGE('',*,*,#3601,.F.);
#4636=ORIENTED_EDGE('',*,*,#3588,.T.);
#4637=ORIENTED_EDGE('',*,*,#3598,.F.);
#4638=ORIENTED_EDGE('',*,*,#3596,.F.);
#4639=ORIENTED_EDGE('',*,*,#3595,.F.);
#4640=ORIENTED_EDGE('',*,*,#3584,.T.);
#4641=ORIENTED_EDGE('',*,*,#3602,.T.);
#4642=ORIENTED_EDGE('',*,*,#3603,.T.);
#4643=ORIENTED_EDGE('',*,*,#3601,.T.);
#4644=ORIENTED_EDGE('',*,*,#3604,.F.);
#4645=ORIENTED_EDGE('',*,*,#3602,.F.);
#4646=ORIENTED_EDGE('',*,*,#3583,.F.);
#4647=ORIENTED_EDGE('',*,*,#3605,.F.);
#4648=ORIENTED_EDGE('',*,*,#3590,.T.);
#4649=ORIENTED_EDGE('',*,*,#3600,.T.);
#4650=ORIENTED_EDGE('',*,*,#3606,.T.);
#4651=ORIENTED_EDGE('',*,*,#3605,.T.);
#4652=ORIENTED_EDGE('',*,*,#3604,.T.);
#4653=ORIENTED_EDGE('',*,*,#3606,.F.);
#4654=ORIENTED_EDGE('',*,*,#3599,.T.);
#4655=ORIENTED_EDGE('',*,*,#3603,.F.);
#4656=ORIENTED_EDGE('',*,*,#3607,.T.);
#4657=ORIENTED_EDGE('',*,*,#3608,.T.);
#4658=ORIENTED_EDGE('',*,*,#3609,.T.);
#4659=ORIENTED_EDGE('',*,*,#3610,.T.);
#4660=ORIENTED_EDGE('',*,*,#3608,.F.);
#4661=ORIENTED_EDGE('',*,*,#3611,.F.);
#4662=ORIENTED_EDGE('',*,*,#3612,.F.);
#4663=ORIENTED_EDGE('',*,*,#3613,.F.);
#4664=ORIENTED_EDGE('',*,*,#3614,.T.);
#4665=ORIENTED_EDGE('',*,*,#3615,.F.);
#4666=ORIENTED_EDGE('',*,*,#3616,.F.);
#4667=ORIENTED_EDGE('',*,*,#3617,.F.);
#4668=ORIENTED_EDGE('',*,*,#3618,.F.);
#4669=ORIENTED_EDGE('',*,*,#3619,.T.);
#4670=ORIENTED_EDGE('',*,*,#3620,.T.);
#4671=ORIENTED_EDGE('',*,*,#3621,.F.);
#4672=ORIENTED_EDGE('',*,*,#3622,.F.);
#4673=ORIENTED_EDGE('',*,*,#3623,.F.);
#4674=ORIENTED_EDGE('',*,*,#3624,.F.);
#4675=ORIENTED_EDGE('',*,*,#3625,.T.);
#4676=ORIENTED_EDGE('',*,*,#3626,.T.);
#4677=ORIENTED_EDGE('',*,*,#3627,.F.);
#4678=ORIENTED_EDGE('',*,*,#3628,.F.);
#4679=ORIENTED_EDGE('',*,*,#3629,.F.);
#4680=ORIENTED_EDGE('',*,*,#3630,.F.);
#4681=ORIENTED_EDGE('',*,*,#3631,.F.);
#4682=ORIENTED_EDGE('',*,*,#3632,.T.);
#4683=ORIENTED_EDGE('',*,*,#3633,.F.);
#4684=ORIENTED_EDGE('',*,*,#3634,.T.);
#4685=ORIENTED_EDGE('',*,*,#3635,.T.);
#4686=ORIENTED_EDGE('',*,*,#3612,.T.);
#4687=ORIENTED_EDGE('',*,*,#3636,.T.);
#4688=ORIENTED_EDGE('',*,*,#3637,.T.);
#4689=ORIENTED_EDGE('',*,*,#3638,.T.);
#4690=ORIENTED_EDGE('',*,*,#3639,.T.);
#4691=ORIENTED_EDGE('',*,*,#3640,.T.);
#4692=ORIENTED_EDGE('',*,*,#3616,.T.);
#4693=ORIENTED_EDGE('',*,*,#3639,.F.);
#4694=ORIENTED_EDGE('',*,*,#3641,.F.);
#4695=ORIENTED_EDGE('',*,*,#3642,.F.);
#4696=ORIENTED_EDGE('',*,*,#3643,.F.);
#4697=ORIENTED_EDGE('',*,*,#3644,.F.);
#4698=ORIENTED_EDGE('',*,*,#3645,.F.);
#4699=ORIENTED_EDGE('',*,*,#3646,.T.);
#4700=ORIENTED_EDGE('',*,*,#3647,.F.);
#4701=ORIENTED_EDGE('',*,*,#3648,.T.);
#4702=ORIENTED_EDGE('',*,*,#3649,.T.);
#4703=ORIENTED_EDGE('',*,*,#3650,.T.);
#4704=ORIENTED_EDGE('',*,*,#3618,.T.);
#4705=ORIENTED_EDGE('',*,*,#3651,.F.);
#4706=ORIENTED_EDGE('',*,*,#3649,.F.);
#4707=ORIENTED_EDGE('',*,*,#3652,.T.);
#4708=ORIENTED_EDGE('',*,*,#3653,.T.);
#4709=ORIENTED_EDGE('',*,*,#3654,.F.);
#4710=ORIENTED_EDGE('',*,*,#3655,.F.);
#4711=ORIENTED_EDGE('',*,*,#3656,.F.);
#4712=ORIENTED_EDGE('',*,*,#3657,.F.);
#4713=ORIENTED_EDGE('',*,*,#3658,.T.);
#4714=ORIENTED_EDGE('',*,*,#3659,.T.);
#4715=ORIENTED_EDGE('',*,*,#3660,.T.);
#4716=ORIENTED_EDGE('',*,*,#3624,.T.);
#4717=ORIENTED_EDGE('',*,*,#3661,.F.);
#4718=ORIENTED_EDGE('',*,*,#3659,.F.);
#4719=ORIENTED_EDGE('',*,*,#3662,.T.);
#4720=ORIENTED_EDGE('',*,*,#3663,.T.);
#4721=ORIENTED_EDGE('',*,*,#3664,.F.);
#4722=ORIENTED_EDGE('',*,*,#3665,.F.);
#4723=ORIENTED_EDGE('',*,*,#3666,.F.);
#4724=ORIENTED_EDGE('',*,*,#3667,.F.);
#4725=ORIENTED_EDGE('',*,*,#3668,.T.);
#4726=ORIENTED_EDGE('',*,*,#3628,.T.);
#4727=ORIENTED_EDGE('',*,*,#3669,.T.);
#4728=ORIENTED_EDGE('',*,*,#3670,.T.);
#4729=ORIENTED_EDGE('',*,*,#3671,.T.);
#4730=ORIENTED_EDGE('',*,*,#3648,.F.);
#4731=ORIENTED_EDGE('',*,*,#3617,.T.);
#4732=ORIENTED_EDGE('',*,*,#3640,.F.);
#4733=ORIENTED_EDGE('',*,*,#3671,.F.);
#4734=ORIENTED_EDGE('',*,*,#3647,.T.);
#4735=ORIENTED_EDGE('',*,*,#3672,.T.);
#4736=ORIENTED_EDGE('',*,*,#3652,.F.);
#4737=ORIENTED_EDGE('',*,*,#3673,.T.);
#4738=ORIENTED_EDGE('',*,*,#3674,.T.);
#4739=ORIENTED_EDGE('',*,*,#3675,.T.);
#4740=ORIENTED_EDGE('',*,*,#3676,.T.);
#4741=ORIENTED_EDGE('',*,*,#3677,.F.);
#4742=ORIENTED_EDGE('',*,*,#3678,.F.);
#4743=ORIENTED_EDGE('',*,*,#3679,.F.);
#4744=ORIENTED_EDGE('',*,*,#3680,.T.);
#4745=ORIENTED_EDGE('',*,*,#3678,.T.);
#4746=ORIENTED_EDGE('',*,*,#3681,.T.);
#4747=ORIENTED_EDGE('',*,*,#3676,.F.);
#4748=ORIENTED_EDGE('',*,*,#3682,.F.);
#4749=ORIENTED_EDGE('',*,*,#3683,.F.);
#4750=ORIENTED_EDGE('',*,*,#3684,.F.);
#4751=ORIENTED_EDGE('',*,*,#3685,.T.);
#4752=ORIENTED_EDGE('',*,*,#3683,.T.);
#4753=ORIENTED_EDGE('',*,*,#3656,.T.);
#4754=ORIENTED_EDGE('',*,*,#3686,.T.);
#4755=ORIENTED_EDGE('',*,*,#3677,.T.);
#4756=ORIENTED_EDGE('',*,*,#3687,.T.);
#4757=ORIENTED_EDGE('',*,*,#3684,.T.);
#4758=ORIENTED_EDGE('',*,*,#3688,.T.);
#4759=ORIENTED_EDGE('',*,*,#3689,.F.);
#4760=ORIENTED_EDGE('',*,*,#3690,.F.);
#4761=ORIENTED_EDGE('',*,*,#3691,.F.);
#4762=ORIENTED_EDGE('',*,*,#3621,.T.);
#4763=ORIENTED_EDGE('',*,*,#3692,.T.);
#4764=ORIENTED_EDGE('',*,*,#3690,.T.);
#4765=ORIENTED_EDGE('',*,*,#3693,.T.);
#4766=ORIENTED_EDGE('',*,*,#3694,.F.);
#4767=ORIENTED_EDGE('',*,*,#3695,.F.);
#4768=ORIENTED_EDGE('',*,*,#3696,.F.);
#4769=ORIENTED_EDGE('',*,*,#3651,.T.);
#4770=ORIENTED_EDGE('',*,*,#3695,.T.);
#4771=ORIENTED_EDGE('',*,*,#3697,.T.);
#4772=ORIENTED_EDGE('',*,*,#3619,.F.);
#4773=ORIENTED_EDGE('',*,*,#3650,.F.);
#4774=ORIENTED_EDGE('',*,*,#3682,.T.);
#4775=ORIENTED_EDGE('',*,*,#3698,.T.);
#4776=ORIENTED_EDGE('',*,*,#3696,.T.);
#4777=ORIENTED_EDGE('',*,*,#3657,.T.);
#4778=ORIENTED_EDGE('',*,*,#3694,.T.);
#4779=ORIENTED_EDGE('',*,*,#3699,.T.);
#4780=ORIENTED_EDGE('',*,*,#3691,.T.);
#4781=ORIENTED_EDGE('',*,*,#3700,.T.);
#4782=ORIENTED_EDGE('',*,*,#3689,.T.);
#4783=ORIENTED_EDGE('',*,*,#3701,.T.);
#4784=ORIENTED_EDGE('',*,*,#3679,.T.);
#4785=ORIENTED_EDGE('',*,*,#3702,.T.);
#4786=ORIENTED_EDGE('',*,*,#3655,.T.);
#4787=ORIENTED_EDGE('',*,*,#3703,.T.);
#4788=ORIENTED_EDGE('',*,*,#3704,.T.);
#4789=ORIENTED_EDGE('',*,*,#3686,.F.);
#4790=ORIENTED_EDGE('',*,*,#3622,.T.);
#4791=ORIENTED_EDGE('',*,*,#3693,.F.);
#4792=ORIENTED_EDGE('',*,*,#3702,.F.);
#4793=ORIENTED_EDGE('',*,*,#3680,.F.);
#4794=ORIENTED_EDGE('',*,*,#3675,.F.);
#4795=ORIENTED_EDGE('',*,*,#3705,.F.);
#4796=ORIENTED_EDGE('',*,*,#3706,.T.);
#4797=ORIENTED_EDGE('',*,*,#3707,.F.);
#4798=ORIENTED_EDGE('',*,*,#3708,.F.);
#4799=ORIENTED_EDGE('',*,*,#3681,.F.);
#4800=ORIENTED_EDGE('',*,*,#3688,.F.);
#4801=ORIENTED_EDGE('',*,*,#3685,.F.);
#4802=ORIENTED_EDGE('',*,*,#3709,.F.);
#4803=ORIENTED_EDGE('',*,*,#3673,.F.);
#4804=ORIENTED_EDGE('',*,*,#3709,.T.);
#4805=ORIENTED_EDGE('',*,*,#3704,.F.);
#4806=ORIENTED_EDGE('',*,*,#3710,.T.);
#4807=ORIENTED_EDGE('',*,*,#3674,.F.);
#4808=ORIENTED_EDGE('',*,*,#3710,.F.);
#4809=ORIENTED_EDGE('',*,*,#3703,.F.);
#4810=ORIENTED_EDGE('',*,*,#3654,.T.);
#4811=ORIENTED_EDGE('',*,*,#3711,.T.);
#4812=ORIENTED_EDGE('',*,*,#3712,.F.);
#4813=ORIENTED_EDGE('',*,*,#3713,.T.);
#4814=ORIENTED_EDGE('',*,*,#3714,.T.);
#4815=ORIENTED_EDGE('',*,*,#3715,.T.);
#4816=ORIENTED_EDGE('',*,*,#3705,.T.);
#4817=ORIENTED_EDGE('',*,*,#3687,.F.);
#4818=ORIENTED_EDGE('',*,*,#3701,.F.);
#4819=ORIENTED_EDGE('',*,*,#3699,.F.);
#4820=ORIENTED_EDGE('',*,*,#3698,.F.);
#4821=ORIENTED_EDGE('',*,*,#3708,.T.);
#4822=ORIENTED_EDGE('',*,*,#3716,.T.);
#4823=ORIENTED_EDGE('',*,*,#3658,.F.);
#4824=ORIENTED_EDGE('',*,*,#3623,.T.);
#4825=ORIENTED_EDGE('',*,*,#3716,.F.);
#4826=ORIENTED_EDGE('',*,*,#3707,.T.);
#4827=ORIENTED_EDGE('',*,*,#3717,.T.);
#4828=ORIENTED_EDGE('',*,*,#3662,.F.);
#4829=ORIENTED_EDGE('',*,*,#3718,.T.);
#4830=ORIENTED_EDGE('',*,*,#3719,.T.);
#4831=ORIENTED_EDGE('',*,*,#3644,.T.);
#4832=ORIENTED_EDGE('',*,*,#3720,.T.);
#4833=ORIENTED_EDGE('',*,*,#3721,.F.);
#4834=ORIENTED_EDGE('',*,*,#3722,.F.);
#4835=ORIENTED_EDGE('',*,*,#3723,.F.);
#4836=ORIENTED_EDGE('',*,*,#3724,.T.);
#4837=ORIENTED_EDGE('',*,*,#3722,.T.);
#4838=ORIENTED_EDGE('',*,*,#3725,.T.);
#4839=ORIENTED_EDGE('',*,*,#3726,.T.);
#4840=ORIENTED_EDGE('',*,*,#3727,.F.);
#4841=ORIENTED_EDGE('',*,*,#3728,.F.);
#4842=ORIENTED_EDGE('',*,*,#3729,.F.);
#4843=ORIENTED_EDGE('',*,*,#3643,.T.);
#4844=ORIENTED_EDGE('',*,*,#3728,.T.);
#4845=ORIENTED_EDGE('',*,*,#3730,.T.);
#4846=ORIENTED_EDGE('',*,*,#3720,.F.);
#4847=ORIENTED_EDGE('',*,*,#3731,.F.);
#4848=ORIENTED_EDGE('',*,*,#3732,.F.);
#4849=ORIENTED_EDGE('',*,*,#3733,.F.);
#4850=ORIENTED_EDGE('',*,*,#3613,.T.);
#4851=ORIENTED_EDGE('',*,*,#3635,.F.);
#4852=ORIENTED_EDGE('',*,*,#3734,.T.);
#4853=ORIENTED_EDGE('',*,*,#3732,.T.);
#4854=ORIENTED_EDGE('',*,*,#3735,.T.);
#4855=ORIENTED_EDGE('',*,*,#3721,.T.);
#4856=ORIENTED_EDGE('',*,*,#3736,.T.);
#4857=ORIENTED_EDGE('',*,*,#3733,.T.);
#4858=ORIENTED_EDGE('',*,*,#3737,.T.);
#4859=ORIENTED_EDGE('',*,*,#3738,.F.);
#4860=ORIENTED_EDGE('',*,*,#3739,.F.);
#4861=ORIENTED_EDGE('',*,*,#3740,.F.);
#4862=ORIENTED_EDGE('',*,*,#3615,.T.);
#4863=ORIENTED_EDGE('',*,*,#3741,.T.);
#4864=ORIENTED_EDGE('',*,*,#3739,.T.);
#4865=ORIENTED_EDGE('',*,*,#3641,.T.);
#4866=ORIENTED_EDGE('',*,*,#3638,.F.);
#4867=ORIENTED_EDGE('',*,*,#3731,.T.);
#4868=ORIENTED_EDGE('',*,*,#3742,.T.);
#4869=ORIENTED_EDGE('',*,*,#3740,.T.);
#4870=ORIENTED_EDGE('',*,*,#3743,.T.);
#4871=ORIENTED_EDGE('',*,*,#3738,.T.);
#4872=ORIENTED_EDGE('',*,*,#3744,.T.);
#4873=ORIENTED_EDGE('',*,*,#3729,.T.);
#4874=ORIENTED_EDGE('',*,*,#3642,.T.);
#4875=ORIENTED_EDGE('',*,*,#3727,.T.);
#4876=ORIENTED_EDGE('',*,*,#3745,.T.);
#4877=ORIENTED_EDGE('',*,*,#3723,.T.);
#4878=ORIENTED_EDGE('',*,*,#3746,.T.);
#4879=ORIENTED_EDGE('',*,*,#3747,.T.);
#4880=ORIENTED_EDGE('',*,*,#3748,.T.);
#4881=ORIENTED_EDGE('',*,*,#3749,.T.);
#4882=ORIENTED_EDGE('',*,*,#3726,.F.);
#4883=ORIENTED_EDGE('',*,*,#3637,.F.);
#4884=ORIENTED_EDGE('',*,*,#3750,.T.);
#4885=ORIENTED_EDGE('',*,*,#3751,.T.);
#4886=ORIENTED_EDGE('',*,*,#3752,.F.);
#4887=ORIENTED_EDGE('',*,*,#3747,.F.);
#4888=ORIENTED_EDGE('',*,*,#3725,.F.);
#4889=ORIENTED_EDGE('',*,*,#3737,.F.);
#4890=ORIENTED_EDGE('',*,*,#3734,.F.);
#4891=ORIENTED_EDGE('',*,*,#3749,.F.);
#4892=ORIENTED_EDGE('',*,*,#3753,.T.);
#4893=ORIENTED_EDGE('',*,*,#3718,.F.);
#4894=ORIENTED_EDGE('',*,*,#3754,.T.);
#4895=ORIENTED_EDGE('',*,*,#3748,.F.);
#4896=ORIENTED_EDGE('',*,*,#3752,.T.);
#4897=ORIENTED_EDGE('',*,*,#3755,.T.);
#4898=ORIENTED_EDGE('',*,*,#3756,.F.);
#4899=ORIENTED_EDGE('',*,*,#3757,.T.);
#4900=ORIENTED_EDGE('',*,*,#3712,.T.);
#4901=ORIENTED_EDGE('',*,*,#3758,.T.);
#4902=ORIENTED_EDGE('',*,*,#3645,.T.);
#4903=ORIENTED_EDGE('',*,*,#3719,.F.);
#4904=ORIENTED_EDGE('',*,*,#3753,.F.);
#4905=ORIENTED_EDGE('',*,*,#3735,.F.);
#4906=ORIENTED_EDGE('',*,*,#3743,.F.);
#4907=ORIENTED_EDGE('',*,*,#3741,.F.);
#4908=ORIENTED_EDGE('',*,*,#3614,.F.);
#4909=ORIENTED_EDGE('',*,*,#3736,.F.);
#4910=ORIENTED_EDGE('',*,*,#3745,.F.);
#4911=ORIENTED_EDGE('',*,*,#3744,.F.);
#4912=ORIENTED_EDGE('',*,*,#3742,.F.);
#4913=ORIENTED_EDGE('',*,*,#3759,.T.);
#4914=ORIENTED_EDGE('',*,*,#3760,.T.);
#4915=ORIENTED_EDGE('',*,*,#3761,.T.);
#4916=ORIENTED_EDGE('',*,*,#3762,.T.);
#4917=ORIENTED_EDGE('',*,*,#3763,.F.);
#4918=ORIENTED_EDGE('',*,*,#3764,.F.);
#4919=ORIENTED_EDGE('',*,*,#3765,.F.);
#4920=ORIENTED_EDGE('',*,*,#3633,.T.);
#4921=ORIENTED_EDGE('',*,*,#3766,.T.);
#4922=ORIENTED_EDGE('',*,*,#3764,.T.);
#4923=ORIENTED_EDGE('',*,*,#3767,.T.);
#4924=ORIENTED_EDGE('',*,*,#3609,.F.);
#4925=ORIENTED_EDGE('',*,*,#3768,.F.);
#4926=ORIENTED_EDGE('',*,*,#3769,.F.);
#4927=ORIENTED_EDGE('',*,*,#3770,.F.);
#4928=ORIENTED_EDGE('',*,*,#3771,.T.);
#4929=ORIENTED_EDGE('',*,*,#3769,.T.);
#4930=ORIENTED_EDGE('',*,*,#3772,.T.);
#4931=ORIENTED_EDGE('',*,*,#3762,.F.);
#4932=ORIENTED_EDGE('',*,*,#3763,.T.);
#4933=ORIENTED_EDGE('',*,*,#3773,.T.);
#4934=ORIENTED_EDGE('',*,*,#3770,.T.);
#4935=ORIENTED_EDGE('',*,*,#3774,.T.);
#4936=ORIENTED_EDGE('',*,*,#3775,.F.);
#4937=ORIENTED_EDGE('',*,*,#3776,.F.);
#4938=ORIENTED_EDGE('',*,*,#3777,.F.);
#4939=ORIENTED_EDGE('',*,*,#3631,.T.);
#4940=ORIENTED_EDGE('',*,*,#3778,.T.);
#4941=ORIENTED_EDGE('',*,*,#3776,.T.);
#4942=ORIENTED_EDGE('',*,*,#3779,.T.);
#4943=ORIENTED_EDGE('',*,*,#3780,.F.);
#4944=ORIENTED_EDGE('',*,*,#3781,.F.);
#4945=ORIENTED_EDGE('',*,*,#3782,.F.);
#4946=ORIENTED_EDGE('',*,*,#3783,.T.);
#4947=ORIENTED_EDGE('',*,*,#3781,.T.);
#4948=ORIENTED_EDGE('',*,*,#3784,.T.);
#4949=ORIENTED_EDGE('',*,*,#3785,.T.);
#4950=ORIENTED_EDGE('',*,*,#3786,.T.);
#4951=ORIENTED_EDGE('',*,*,#3787,.T.);
#4952=ORIENTED_EDGE('',*,*,#3788,.T.);
#4953=ORIENTED_EDGE('',*,*,#3785,.F.);
#4954=ORIENTED_EDGE('',*,*,#3768,.T.);
#4955=ORIENTED_EDGE('',*,*,#3789,.T.);
#4956=ORIENTED_EDGE('',*,*,#3782,.T.);
#4957=ORIENTED_EDGE('',*,*,#3790,.T.);
#4958=ORIENTED_EDGE('',*,*,#3780,.T.);
#4959=ORIENTED_EDGE('',*,*,#3791,.T.);
#4960=ORIENTED_EDGE('',*,*,#3777,.T.);
#4961=ORIENTED_EDGE('',*,*,#3792,.T.);
#4962=ORIENTED_EDGE('',*,*,#3775,.T.);
#4963=ORIENTED_EDGE('',*,*,#3793,.T.);
#4964=ORIENTED_EDGE('',*,*,#3765,.T.);
#4965=ORIENTED_EDGE('',*,*,#3794,.T.);
#4966=ORIENTED_EDGE('',*,*,#3772,.F.);
#4967=ORIENTED_EDGE('',*,*,#3790,.F.);
#4968=ORIENTED_EDGE('',*,*,#3783,.F.);
#4969=ORIENTED_EDGE('',*,*,#3795,.F.);
#4970=ORIENTED_EDGE('',*,*,#3759,.F.);
#4971=ORIENTED_EDGE('',*,*,#3795,.T.);
#4972=ORIENTED_EDGE('',*,*,#3788,.F.);
#4973=ORIENTED_EDGE('',*,*,#3796,.T.);
#4974=ORIENTED_EDGE('',*,*,#3760,.F.);
#4975=ORIENTED_EDGE('',*,*,#3796,.F.);
#4976=ORIENTED_EDGE('',*,*,#3787,.F.);
#4977=ORIENTED_EDGE('',*,*,#3797,.T.);
#4978=ORIENTED_EDGE('',*,*,#3798,.T.);
#4979=ORIENTED_EDGE('',*,*,#3799,.F.);
#4980=ORIENTED_EDGE('',*,*,#3800,.T.);
#4981=ORIENTED_EDGE('',*,*,#3756,.T.);
#4982=ORIENTED_EDGE('',*,*,#3801,.T.);
#4983=ORIENTED_EDGE('',*,*,#3802,.T.);
#4984=ORIENTED_EDGE('',*,*,#3773,.F.);
#4985=ORIENTED_EDGE('',*,*,#3793,.F.);
#4986=ORIENTED_EDGE('',*,*,#3791,.F.);
#4987=ORIENTED_EDGE('',*,*,#3789,.F.);
#4988=ORIENTED_EDGE('',*,*,#3611,.T.);
#4989=ORIENTED_EDGE('',*,*,#3607,.F.);
#4990=ORIENTED_EDGE('',*,*,#3803,.T.);
#4991=ORIENTED_EDGE('',*,*,#3636,.F.);
#4992=ORIENTED_EDGE('',*,*,#3803,.F.);
#4993=ORIENTED_EDGE('',*,*,#3804,.T.);
#4994=ORIENTED_EDGE('',*,*,#3805,.T.);
#4995=ORIENTED_EDGE('',*,*,#3750,.F.);
#4996=ORIENTED_EDGE('',*,*,#3806,.T.);
#4997=ORIENTED_EDGE('',*,*,#3807,.T.);
#4998=ORIENTED_EDGE('',*,*,#3808,.T.);
#4999=ORIENTED_EDGE('',*,*,#3809,.T.);
#5000=ORIENTED_EDGE('',*,*,#3810,.F.);
#5001=ORIENTED_EDGE('',*,*,#3811,.F.);
#5002=ORIENTED_EDGE('',*,*,#3812,.F.);
#5003=ORIENTED_EDGE('',*,*,#3813,.T.);
#5004=ORIENTED_EDGE('',*,*,#3811,.T.);
#5005=ORIENTED_EDGE('',*,*,#3814,.T.);
#5006=ORIENTED_EDGE('',*,*,#3809,.F.);
#5007=ORIENTED_EDGE('',*,*,#3815,.F.);
#5008=ORIENTED_EDGE('',*,*,#3816,.F.);
#5009=ORIENTED_EDGE('',*,*,#3817,.F.);
#5010=ORIENTED_EDGE('',*,*,#3818,.T.);
#5011=ORIENTED_EDGE('',*,*,#3816,.T.);
#5012=ORIENTED_EDGE('',*,*,#3666,.T.);
#5013=ORIENTED_EDGE('',*,*,#3819,.T.);
#5014=ORIENTED_EDGE('',*,*,#3810,.T.);
#5015=ORIENTED_EDGE('',*,*,#3820,.T.);
#5016=ORIENTED_EDGE('',*,*,#3817,.T.);
#5017=ORIENTED_EDGE('',*,*,#3821,.T.);
#5018=ORIENTED_EDGE('',*,*,#3822,.F.);
#5019=ORIENTED_EDGE('',*,*,#3823,.F.);
#5020=ORIENTED_EDGE('',*,*,#3824,.F.);
#5021=ORIENTED_EDGE('',*,*,#3627,.T.);
#5022=ORIENTED_EDGE('',*,*,#3825,.T.);
#5023=ORIENTED_EDGE('',*,*,#3823,.T.);
#5024=ORIENTED_EDGE('',*,*,#3826,.T.);
#5025=ORIENTED_EDGE('',*,*,#3669,.F.);
#5026=ORIENTED_EDGE('',*,*,#3827,.F.);
#5027=ORIENTED_EDGE('',*,*,#3828,.F.);
#5028=ORIENTED_EDGE('',*,*,#3829,.F.);
#5029=ORIENTED_EDGE('',*,*,#3661,.T.);
#5030=ORIENTED_EDGE('',*,*,#3828,.T.);
#5031=ORIENTED_EDGE('',*,*,#3830,.T.);
#5032=ORIENTED_EDGE('',*,*,#3625,.F.);
#5033=ORIENTED_EDGE('',*,*,#3660,.F.);
#5034=ORIENTED_EDGE('',*,*,#3815,.T.);
#5035=ORIENTED_EDGE('',*,*,#3831,.T.);
#5036=ORIENTED_EDGE('',*,*,#3829,.T.);
#5037=ORIENTED_EDGE('',*,*,#3667,.T.);
#5038=ORIENTED_EDGE('',*,*,#3827,.T.);
#5039=ORIENTED_EDGE('',*,*,#3832,.T.);
#5040=ORIENTED_EDGE('',*,*,#3824,.T.);
#5041=ORIENTED_EDGE('',*,*,#3833,.T.);
#5042=ORIENTED_EDGE('',*,*,#3822,.T.);
#5043=ORIENTED_EDGE('',*,*,#3834,.T.);
#5044=ORIENTED_EDGE('',*,*,#3812,.T.);
#5045=ORIENTED_EDGE('',*,*,#3835,.T.);
#5046=ORIENTED_EDGE('',*,*,#3665,.T.);
#5047=ORIENTED_EDGE('',*,*,#3836,.T.);
#5048=ORIENTED_EDGE('',*,*,#3837,.T.);
#5049=ORIENTED_EDGE('',*,*,#3819,.F.);
#5050=ORIENTED_EDGE('',*,*,#3814,.F.);
#5051=ORIENTED_EDGE('',*,*,#3821,.F.);
#5052=ORIENTED_EDGE('',*,*,#3818,.F.);
#5053=ORIENTED_EDGE('',*,*,#3838,.F.);
#5054=ORIENTED_EDGE('',*,*,#3806,.F.);
#5055=ORIENTED_EDGE('',*,*,#3838,.T.);
#5056=ORIENTED_EDGE('',*,*,#3837,.F.);
#5057=ORIENTED_EDGE('',*,*,#3839,.T.);
#5058=ORIENTED_EDGE('',*,*,#3820,.F.);
#5059=ORIENTED_EDGE('',*,*,#3834,.F.);
#5060=ORIENTED_EDGE('',*,*,#3832,.F.);
#5061=ORIENTED_EDGE('',*,*,#3831,.F.);
#5062=ORIENTED_EDGE('',*,*,#3840,.T.);
#5063=ORIENTED_EDGE('',*,*,#3841,.F.);
#5064=ORIENTED_EDGE('',*,*,#3629,.T.);
#5065=ORIENTED_EDGE('',*,*,#3668,.F.);
#5066=ORIENTED_EDGE('',*,*,#3842,.F.);
#5067=ORIENTED_EDGE('',*,*,#3801,.F.);
#5068=ORIENTED_EDGE('',*,*,#3755,.F.);
#5069=ORIENTED_EDGE('',*,*,#3751,.F.);
#5070=ORIENTED_EDGE('',*,*,#3805,.F.);
#5071=ORIENTED_EDGE('',*,*,#3653,.F.);
#5072=ORIENTED_EDGE('',*,*,#3672,.F.);
#5073=ORIENTED_EDGE('',*,*,#3646,.F.);
#5074=ORIENTED_EDGE('',*,*,#3758,.F.);
#5075=ORIENTED_EDGE('',*,*,#3711,.F.);
#5076=ORIENTED_EDGE('',*,*,#3840,.F.);
#5077=ORIENTED_EDGE('',*,*,#3843,.T.);
#5078=ORIENTED_EDGE('',*,*,#3844,.T.);
#5079=ORIENTED_EDGE('',*,*,#3845,.F.);
#5080=ORIENTED_EDGE('',*,*,#3846,.F.);
#5081=ORIENTED_EDGE('',*,*,#3847,.F.);
#5082=ORIENTED_EDGE('',*,*,#3798,.F.);
#5083=ORIENTED_EDGE('',*,*,#3848,.F.);
#5084=ORIENTED_EDGE('',*,*,#3844,.F.);
#5085=ORIENTED_EDGE('',*,*,#3706,.F.);
#5086=ORIENTED_EDGE('',*,*,#3715,.F.);
#5087=ORIENTED_EDGE('',*,*,#3849,.F.);
#5088=ORIENTED_EDGE('',*,*,#3663,.F.);
#5089=ORIENTED_EDGE('',*,*,#3717,.F.);
#5090=ORIENTED_EDGE('',*,*,#3767,.F.);
#5091=ORIENTED_EDGE('',*,*,#3774,.F.);
#5092=ORIENTED_EDGE('',*,*,#3771,.F.);
#5093=ORIENTED_EDGE('',*,*,#3761,.F.);
#5094=ORIENTED_EDGE('',*,*,#3802,.F.);
#5095=ORIENTED_EDGE('',*,*,#3842,.T.);
#5096=ORIENTED_EDGE('',*,*,#3804,.F.);
#5097=ORIENTED_EDGE('',*,*,#3610,.F.);
#5098=ORIENTED_EDGE('',*,*,#3630,.T.);
#5099=ORIENTED_EDGE('',*,*,#3841,.T.);
#5100=ORIENTED_EDGE('',*,*,#3845,.T.);
#5101=ORIENTED_EDGE('',*,*,#3848,.T.);
#5102=ORIENTED_EDGE('',*,*,#3797,.F.);
#5103=ORIENTED_EDGE('',*,*,#3786,.F.);
#5104=ORIENTED_EDGE('',*,*,#3784,.F.);
#5105=ORIENTED_EDGE('',*,*,#3792,.F.);
#5106=ORIENTED_EDGE('',*,*,#3778,.F.);
#5107=ORIENTED_EDGE('',*,*,#3766,.F.);
#5108=ORIENTED_EDGE('',*,*,#3632,.F.);
#5109=ORIENTED_EDGE('',*,*,#3779,.F.);
#5110=ORIENTED_EDGE('',*,*,#3794,.F.);
#5111=ORIENTED_EDGE('',*,*,#3826,.F.);
#5112=ORIENTED_EDGE('',*,*,#3835,.F.);
#5113=ORIENTED_EDGE('',*,*,#3813,.F.);
#5114=ORIENTED_EDGE('',*,*,#3808,.F.);
#5115=ORIENTED_EDGE('',*,*,#3850,.F.);
#5116=ORIENTED_EDGE('',*,*,#3846,.T.);
#5117=ORIENTED_EDGE('',*,*,#3843,.F.);
#5118=ORIENTED_EDGE('',*,*,#3670,.F.);
#5119=ORIENTED_EDGE('',*,*,#3825,.F.);
#5120=ORIENTED_EDGE('',*,*,#3626,.F.);
#5121=ORIENTED_EDGE('',*,*,#3830,.F.);
#5122=ORIENTED_EDGE('',*,*,#3833,.F.);
#5123=ORIENTED_EDGE('',*,*,#3724,.F.);
#5124=ORIENTED_EDGE('',*,*,#3754,.F.);
#5125=ORIENTED_EDGE('',*,*,#3730,.F.);
#5126=ORIENTED_EDGE('',*,*,#3746,.F.);
#5127=ORIENTED_EDGE('',*,*,#3692,.F.);
#5128=ORIENTED_EDGE('',*,*,#3620,.F.);
#5129=ORIENTED_EDGE('',*,*,#3697,.F.);
#5130=ORIENTED_EDGE('',*,*,#3700,.F.);
#5131=ORIENTED_EDGE('',*,*,#3851,.F.);
#5132=ORIENTED_EDGE('',*,*,#3852,.T.);
#5133=ORIENTED_EDGE('',*,*,#3853,.T.);
#5134=ORIENTED_EDGE('',*,*,#3854,.F.);
#5135=ORIENTED_EDGE('',*,*,#3855,.F.);
#5136=ORIENTED_EDGE('',*,*,#3856,.T.);
#5137=ORIENTED_EDGE('',*,*,#3857,.T.);
#5138=ORIENTED_EDGE('',*,*,#3852,.F.);
#5139=ORIENTED_EDGE('',*,*,#3858,.F.);
#5140=ORIENTED_EDGE('',*,*,#3859,.T.);
#5141=ORIENTED_EDGE('',*,*,#3860,.T.);
#5142=ORIENTED_EDGE('',*,*,#3856,.F.);
#5143=ORIENTED_EDGE('',*,*,#3861,.F.);
#5144=ORIENTED_EDGE('',*,*,#3862,.T.);
#5145=ORIENTED_EDGE('',*,*,#3863,.T.);
#5146=ORIENTED_EDGE('',*,*,#3859,.F.);
#5147=ORIENTED_EDGE('',*,*,#3864,.F.);
#5148=ORIENTED_EDGE('',*,*,#3865,.T.);
#5149=ORIENTED_EDGE('',*,*,#3866,.T.);
#5150=ORIENTED_EDGE('',*,*,#3862,.F.);
#5151=ORIENTED_EDGE('',*,*,#3867,.F.);
#5152=ORIENTED_EDGE('',*,*,#3854,.T.);
#5153=ORIENTED_EDGE('',*,*,#3868,.T.);
#5154=ORIENTED_EDGE('',*,*,#3865,.F.);
#5155=ORIENTED_EDGE('',*,*,#3868,.F.);
#5156=ORIENTED_EDGE('',*,*,#3853,.F.);
#5157=ORIENTED_EDGE('',*,*,#3857,.F.);
#5158=ORIENTED_EDGE('',*,*,#3860,.F.);
#5159=ORIENTED_EDGE('',*,*,#3863,.F.);
#5160=ORIENTED_EDGE('',*,*,#3866,.F.);
#5161=ORIENTED_EDGE('',*,*,#3869,.F.);
#5162=ORIENTED_EDGE('',*,*,#3634,.F.);
#5163=ORIENTED_EDGE('',*,*,#3870,.T.);
#5164=ORIENTED_EDGE('',*,*,#3869,.T.);
#5165=ORIENTED_EDGE('',*,*,#3870,.F.);
#5166=ORIENTED_EDGE('',*,*,#3807,.F.);
#5167=ORIENTED_EDGE('',*,*,#3839,.F.);
#5168=ORIENTED_EDGE('',*,*,#3836,.F.);
#5169=ORIENTED_EDGE('',*,*,#3664,.T.);
#5170=ORIENTED_EDGE('',*,*,#3849,.T.);
#5171=ORIENTED_EDGE('',*,*,#3714,.F.);
#5172=ORIENTED_EDGE('',*,*,#3871,.T.);
#5173=ORIENTED_EDGE('',*,*,#3799,.T.);
#5174=ORIENTED_EDGE('',*,*,#3847,.T.);
#5175=ORIENTED_EDGE('',*,*,#3850,.T.);
#5176=ORIENTED_EDGE('',*,*,#3800,.F.);
#5177=ORIENTED_EDGE('',*,*,#3871,.F.);
#5178=ORIENTED_EDGE('',*,*,#3713,.F.);
#5179=ORIENTED_EDGE('',*,*,#3757,.F.);
#5180=ORIENTED_EDGE('',*,*,#3851,.T.);
#5181=ORIENTED_EDGE('',*,*,#3867,.T.);
#5182=ORIENTED_EDGE('',*,*,#3864,.T.);
#5183=ORIENTED_EDGE('',*,*,#3861,.T.);
#5184=ORIENTED_EDGE('',*,*,#3858,.T.);
#5185=ORIENTED_EDGE('',*,*,#3855,.T.);
#5186=ORIENTED_EDGE('',*,*,#3872,.T.);
#5187=ORIENTED_EDGE('',*,*,#3873,.T.);
#5188=ORIENTED_EDGE('',*,*,#3874,.T.);
#5189=ORIENTED_EDGE('',*,*,#3875,.F.);
#5190=ORIENTED_EDGE('',*,*,#3876,.T.);
#5191=ORIENTED_EDGE('',*,*,#3877,.F.);
#5192=ORIENTED_EDGE('',*,*,#3878,.T.);
#5193=ORIENTED_EDGE('',*,*,#3879,.T.);
#5194=ORIENTED_EDGE('',*,*,#3880,.T.);
#5195=ORIENTED_EDGE('',*,*,#3881,.T.);
#5196=ORIENTED_EDGE('',*,*,#3882,.F.);
#5197=ORIENTED_EDGE('',*,*,#3883,.F.);
#5198=ORIENTED_EDGE('',*,*,#3877,.T.);
#5199=ORIENTED_EDGE('',*,*,#3884,.T.);
#5200=ORIENTED_EDGE('',*,*,#3885,.F.);
#5201=ORIENTED_EDGE('',*,*,#3886,.F.);
#5202=ORIENTED_EDGE('',*,*,#3875,.T.);
#5203=ORIENTED_EDGE('',*,*,#3887,.T.);
#5204=ORIENTED_EDGE('',*,*,#3888,.F.);
#5205=ORIENTED_EDGE('',*,*,#3889,.F.);
#5206=ORIENTED_EDGE('',*,*,#3888,.T.);
#5207=ORIENTED_EDGE('',*,*,#3890,.T.);
#5208=ORIENTED_EDGE('',*,*,#3885,.T.);
#5209=ORIENTED_EDGE('',*,*,#3891,.T.);
#5210=ORIENTED_EDGE('',*,*,#3882,.T.);
#5211=ORIENTED_EDGE('',*,*,#3892,.T.);
#5212=ORIENTED_EDGE('',*,*,#3893,.T.);
#5213=ORIENTED_EDGE('',*,*,#3880,.F.);
#5214=ORIENTED_EDGE('',*,*,#3894,.T.);
#5215=ORIENTED_EDGE('',*,*,#3895,.T.);
#5216=ORIENTED_EDGE('',*,*,#3896,.T.);
#5217=ORIENTED_EDGE('',*,*,#3897,.F.);
#5218=ORIENTED_EDGE('',*,*,#3889,.T.);
#5219=ORIENTED_EDGE('',*,*,#3892,.F.);
#5220=ORIENTED_EDGE('',*,*,#3881,.F.);
#5221=ORIENTED_EDGE('',*,*,#3898,.T.);
#5222=ORIENTED_EDGE('',*,*,#3899,.T.);
#5223=ORIENTED_EDGE('',*,*,#3900,.F.);
#5224=ORIENTED_EDGE('',*,*,#3883,.T.);
#5225=ORIENTED_EDGE('',*,*,#3891,.F.);
#5226=ORIENTED_EDGE('',*,*,#3884,.F.);
#5227=ORIENTED_EDGE('',*,*,#3901,.T.);
#5228=ORIENTED_EDGE('',*,*,#3902,.T.);
#5229=ORIENTED_EDGE('',*,*,#3903,.F.);
#5230=ORIENTED_EDGE('',*,*,#3886,.T.);
#5231=ORIENTED_EDGE('',*,*,#3890,.F.);
#5232=ORIENTED_EDGE('',*,*,#3887,.F.);
#5233=ORIENTED_EDGE('',*,*,#3904,.T.);
#5234=ORIENTED_EDGE('',*,*,#3905,.F.);
#5235=ORIENTED_EDGE('',*,*,#3906,.T.);
#5236=ORIENTED_EDGE('',*,*,#3907,.F.);
#5237=ORIENTED_EDGE('',*,*,#3908,.F.);
#5238=ORIENTED_EDGE('',*,*,#3909,.T.);
#5239=ORIENTED_EDGE('',*,*,#3907,.T.);
#5240=ORIENTED_EDGE('',*,*,#3910,.T.);
#5241=ORIENTED_EDGE('',*,*,#3899,.F.);
#5242=ORIENTED_EDGE('',*,*,#3911,.F.);
#5243=ORIENTED_EDGE('',*,*,#3912,.T.);
#5244=ORIENTED_EDGE('',*,*,#3913,.F.);
#5245=ORIENTED_EDGE('',*,*,#3914,.F.);
#5246=ORIENTED_EDGE('',*,*,#3915,.T.);
#5247=ORIENTED_EDGE('',*,*,#3896,.F.);
#5248=ORIENTED_EDGE('',*,*,#3916,.T.);
#5249=ORIENTED_EDGE('',*,*,#3913,.T.);
#5250=ORIENTED_EDGE('',*,*,#3917,.F.);
#5251=ORIENTED_EDGE('',*,*,#3918,.T.);
#5252=ORIENTED_EDGE('',*,*,#3919,.F.);
#5253=ORIENTED_EDGE('',*,*,#3920,.F.);
#5254=ORIENTED_EDGE('',*,*,#3921,.T.);
#5255=ORIENTED_EDGE('',*,*,#3902,.F.);
#5256=ORIENTED_EDGE('',*,*,#3922,.T.);
#5257=ORIENTED_EDGE('',*,*,#3919,.T.);
#5258=ORIENTED_EDGE('',*,*,#3905,.T.);
#5259=ORIENTED_EDGE('',*,*,#3923,.T.);
#5260=ORIENTED_EDGE('',*,*,#3917,.T.);
#5261=ORIENTED_EDGE('',*,*,#3924,.T.);
#5262=ORIENTED_EDGE('',*,*,#3911,.T.);
#5263=ORIENTED_EDGE('',*,*,#3925,.T.);
#5264=ORIENTED_EDGE('',*,*,#3874,.F.);
#5265=ORIENTED_EDGE('',*,*,#3926,.T.);
#5266=ORIENTED_EDGE('',*,*,#3920,.T.);
#5267=ORIENTED_EDGE('',*,*,#3922,.F.);
#5268=ORIENTED_EDGE('',*,*,#3904,.F.);
#5269=ORIENTED_EDGE('',*,*,#3878,.F.);
#5270=ORIENTED_EDGE('',*,*,#3903,.T.);
#5271=ORIENTED_EDGE('',*,*,#3921,.F.);
#5272=ORIENTED_EDGE('',*,*,#3918,.F.);
#5273=ORIENTED_EDGE('',*,*,#3927,.F.);
#5274=ORIENTED_EDGE('',*,*,#3879,.F.);
#5275=ORIENTED_EDGE('',*,*,#3927,.T.);
#5276=ORIENTED_EDGE('',*,*,#3923,.F.);
#5277=ORIENTED_EDGE('',*,*,#3928,.F.);
#5278=ORIENTED_EDGE('',*,*,#3876,.F.);
#5279=ORIENTED_EDGE('',*,*,#3928,.T.);
#5280=ORIENTED_EDGE('',*,*,#3908,.T.);
#5281=ORIENTED_EDGE('',*,*,#3909,.F.);
#5282=ORIENTED_EDGE('',*,*,#3901,.F.);
#5283=ORIENTED_EDGE('',*,*,#3894,.F.);
#5284=ORIENTED_EDGE('',*,*,#3900,.T.);
#5285=ORIENTED_EDGE('',*,*,#3910,.F.);
#5286=ORIENTED_EDGE('',*,*,#3906,.F.);
#5287=ORIENTED_EDGE('',*,*,#3929,.F.);
#5288=ORIENTED_EDGE('',*,*,#3895,.F.);
#5289=ORIENTED_EDGE('',*,*,#3929,.T.);
#5290=ORIENTED_EDGE('',*,*,#3925,.F.);
#5291=ORIENTED_EDGE('',*,*,#3930,.F.);
#5292=ORIENTED_EDGE('',*,*,#3893,.F.);
#5293=ORIENTED_EDGE('',*,*,#3930,.T.);
#5294=ORIENTED_EDGE('',*,*,#3914,.T.);
#5295=ORIENTED_EDGE('',*,*,#3916,.F.);
#5296=ORIENTED_EDGE('',*,*,#3898,.F.);
#5297=ORIENTED_EDGE('',*,*,#3872,.F.);
#5298=ORIENTED_EDGE('',*,*,#3897,.T.);
#5299=ORIENTED_EDGE('',*,*,#3915,.F.);
#5300=ORIENTED_EDGE('',*,*,#3912,.F.);
#5301=ORIENTED_EDGE('',*,*,#3931,.F.);
#5302=ORIENTED_EDGE('',*,*,#3873,.F.);
#5303=ORIENTED_EDGE('',*,*,#3931,.T.);
#5304=ORIENTED_EDGE('',*,*,#3924,.F.);
#5305=ORIENTED_EDGE('',*,*,#3926,.F.);
#5306=ORIENTED_EDGE('',*,*,#3932,.T.);
#5307=ORIENTED_EDGE('',*,*,#3933,.T.);
#5308=ORIENTED_EDGE('',*,*,#3934,.T.);
#5309=ORIENTED_EDGE('',*,*,#3935,.T.);
#5310=ORIENTED_EDGE('',*,*,#3936,.T.);
#5311=ORIENTED_EDGE('',*,*,#3932,.F.);
#5312=ORIENTED_EDGE('',*,*,#3937,.T.);
#5313=ORIENTED_EDGE('',*,*,#3937,.F.);
#5314=ORIENTED_EDGE('',*,*,#3938,.F.);
#5315=ORIENTED_EDGE('',*,*,#3939,.F.);
#5316=ORIENTED_EDGE('',*,*,#3940,.F.);
#5317=ORIENTED_EDGE('',*,*,#3934,.F.);
#5318=ORIENTED_EDGE('',*,*,#3941,.T.);
#5319=ORIENTED_EDGE('',*,*,#3942,.F.);
#5320=ORIENTED_EDGE('',*,*,#3938,.T.);
#5321=ORIENTED_EDGE('',*,*,#3933,.F.);
#5322=ORIENTED_EDGE('',*,*,#3943,.T.);
#5323=ORIENTED_EDGE('',*,*,#3944,.F.);
#5324=ORIENTED_EDGE('',*,*,#3945,.T.);
#5325=ORIENTED_EDGE('',*,*,#3946,.T.);
#5326=ORIENTED_EDGE('',*,*,#3942,.T.);
#5327=ORIENTED_EDGE('',*,*,#3947,.T.);
#5328=ORIENTED_EDGE('',*,*,#3948,.T.);
#5329=ORIENTED_EDGE('',*,*,#3939,.T.);
#5330=ORIENTED_EDGE('',*,*,#3946,.F.);
#5331=ORIENTED_EDGE('',*,*,#3949,.T.);
#5332=ORIENTED_EDGE('',*,*,#3949,.F.);
#5333=ORIENTED_EDGE('',*,*,#3950,.F.);
#5334=ORIENTED_EDGE('',*,*,#3951,.F.);
#5335=ORIENTED_EDGE('',*,*,#3952,.F.);
#5336=ORIENTED_EDGE('',*,*,#3947,.F.);
#5337=ORIENTED_EDGE('',*,*,#3953,.T.);
#5338=ORIENTED_EDGE('',*,*,#3954,.F.);
#5339=ORIENTED_EDGE('',*,*,#3950,.T.);
#5340=ORIENTED_EDGE('',*,*,#3955,.T.);
#5341=ORIENTED_EDGE('',*,*,#3954,.T.);
#5342=ORIENTED_EDGE('',*,*,#3956,.T.);
#5343=ORIENTED_EDGE('',*,*,#3957,.T.);
#5344=ORIENTED_EDGE('',*,*,#3951,.T.);
#5345=ORIENTED_EDGE('',*,*,#3955,.F.);
#5346=ORIENTED_EDGE('',*,*,#3958,.T.);
#5347=ORIENTED_EDGE('',*,*,#3958,.F.);
#5348=ORIENTED_EDGE('',*,*,#3959,.F.);
#5349=ORIENTED_EDGE('',*,*,#3960,.F.);
#5350=ORIENTED_EDGE('',*,*,#3961,.F.);
#5351=ORIENTED_EDGE('',*,*,#3956,.F.);
#5352=ORIENTED_EDGE('',*,*,#3962,.T.);
#5353=ORIENTED_EDGE('',*,*,#3963,.F.);
#5354=ORIENTED_EDGE('',*,*,#3959,.T.);
#5355=ORIENTED_EDGE('',*,*,#3964,.T.);
#5356=ORIENTED_EDGE('',*,*,#3963,.T.);
#5357=ORIENTED_EDGE('',*,*,#3944,.T.);
#5358=ORIENTED_EDGE('',*,*,#3965,.T.);
#5359=ORIENTED_EDGE('',*,*,#3960,.T.);
#5360=ORIENTED_EDGE('',*,*,#3964,.F.);
#5361=ORIENTED_EDGE('',*,*,#3966,.T.);
#5362=ORIENTED_EDGE('',*,*,#3936,.F.);
#5363=ORIENTED_EDGE('',*,*,#3967,.F.);
#5364=ORIENTED_EDGE('',*,*,#3966,.F.);
#5365=ORIENTED_EDGE('',*,*,#3943,.F.);
#5366=ORIENTED_EDGE('',*,*,#3968,.T.);
#5367=ORIENTED_EDGE('',*,*,#3969,.T.);
#5368=ORIENTED_EDGE('',*,*,#3970,.T.);
#5369=ORIENTED_EDGE('',*,*,#3971,.T.);
#5370=ORIENTED_EDGE('',*,*,#3972,.T.);
#5371=ORIENTED_EDGE('',*,*,#3968,.F.);
#5372=ORIENTED_EDGE('',*,*,#3973,.T.);
#5373=ORIENTED_EDGE('',*,*,#3973,.F.);
#5374=ORIENTED_EDGE('',*,*,#3974,.F.);
#5375=ORIENTED_EDGE('',*,*,#3975,.F.);
#5376=ORIENTED_EDGE('',*,*,#3976,.F.);
#5377=ORIENTED_EDGE('',*,*,#3970,.F.);
#5378=ORIENTED_EDGE('',*,*,#3977,.T.);
#5379=ORIENTED_EDGE('',*,*,#3978,.F.);
#5380=ORIENTED_EDGE('',*,*,#3974,.T.);
#5381=ORIENTED_EDGE('',*,*,#3969,.F.);
#5382=ORIENTED_EDGE('',*,*,#3979,.T.);
#5383=ORIENTED_EDGE('',*,*,#3980,.F.);
#5384=ORIENTED_EDGE('',*,*,#3981,.T.);
#5385=ORIENTED_EDGE('',*,*,#3982,.T.);
#5386=ORIENTED_EDGE('',*,*,#3983,.T.);
#5387=ORIENTED_EDGE('',*,*,#3984,.T.);
#5388=ORIENTED_EDGE('',*,*,#3985,.T.);
#5389=ORIENTED_EDGE('',*,*,#3986,.T.);
#5390=ORIENTED_EDGE('',*,*,#3982,.F.);
#5391=ORIENTED_EDGE('',*,*,#3987,.T.);
#5392=ORIENTED_EDGE('',*,*,#3987,.F.);
#5393=ORIENTED_EDGE('',*,*,#3988,.F.);
#5394=ORIENTED_EDGE('',*,*,#3989,.F.);
#5395=ORIENTED_EDGE('',*,*,#3990,.F.);
#5396=ORIENTED_EDGE('',*,*,#3984,.F.);
#5397=ORIENTED_EDGE('',*,*,#3991,.T.);
#5398=ORIENTED_EDGE('',*,*,#3992,.F.);
#5399=ORIENTED_EDGE('',*,*,#3988,.T.);
#5400=ORIENTED_EDGE('',*,*,#3993,.T.);
#5401=ORIENTED_EDGE('',*,*,#3992,.T.);
#5402=ORIENTED_EDGE('',*,*,#3980,.T.);
#5403=ORIENTED_EDGE('',*,*,#3994,.T.);
#5404=ORIENTED_EDGE('',*,*,#3989,.T.);
#5405=ORIENTED_EDGE('',*,*,#3993,.F.);
#5406=ORIENTED_EDGE('',*,*,#3995,.T.);
#5407=ORIENTED_EDGE('',*,*,#3972,.F.);
#5408=ORIENTED_EDGE('',*,*,#3996,.F.);
#5409=ORIENTED_EDGE('',*,*,#3995,.F.);
#5410=ORIENTED_EDGE('',*,*,#3979,.F.);
#5411=ORIENTED_EDGE('',*,*,#3997,.T.);
#5412=ORIENTED_EDGE('',*,*,#3978,.T.);
#5413=ORIENTED_EDGE('',*,*,#3998,.T.);
#5414=ORIENTED_EDGE('',*,*,#3999,.T.);
#5415=ORIENTED_EDGE('',*,*,#3975,.T.);
#5416=ORIENTED_EDGE('',*,*,#3997,.F.);
#5417=ORIENTED_EDGE('',*,*,#4000,.T.);
#5418=ORIENTED_EDGE('',*,*,#4000,.F.);
#5419=ORIENTED_EDGE('',*,*,#4001,.F.);
#5420=ORIENTED_EDGE('',*,*,#4002,.F.);
#5421=ORIENTED_EDGE('',*,*,#4003,.F.);
#5422=ORIENTED_EDGE('',*,*,#3998,.F.);
#5423=ORIENTED_EDGE('',*,*,#4004,.T.);
#5424=ORIENTED_EDGE('',*,*,#4005,.F.);
#5425=ORIENTED_EDGE('',*,*,#4001,.T.);
#5426=ORIENTED_EDGE('',*,*,#4006,.T.);
#5427=ORIENTED_EDGE('',*,*,#4005,.T.);
#5428=ORIENTED_EDGE('',*,*,#4007,.T.);
#5429=ORIENTED_EDGE('',*,*,#4008,.T.);
#5430=ORIENTED_EDGE('',*,*,#4002,.T.);
#5431=ORIENTED_EDGE('',*,*,#4006,.F.);
#5432=ORIENTED_EDGE('',*,*,#4009,.T.);
#5433=ORIENTED_EDGE('',*,*,#3986,.F.);
#5434=ORIENTED_EDGE('',*,*,#4010,.F.);
#5435=ORIENTED_EDGE('',*,*,#4009,.F.);
#5436=ORIENTED_EDGE('',*,*,#4011,.F.);
#5437=ORIENTED_EDGE('',*,*,#3983,.F.);
#5438=ORIENTED_EDGE('',*,*,#4011,.T.);
#5439=ORIENTED_EDGE('',*,*,#4007,.F.);
#5440=ORIENTED_EDGE('',*,*,#4012,.T.);
#5441=ORIENTED_EDGE('',*,*,#4013,.T.);
#5442=ORIENTED_EDGE('',*,*,#4014,.T.);
#5443=ORIENTED_EDGE('',*,*,#4015,.T.);
#5444=ORIENTED_EDGE('',*,*,#4016,.T.);
#5445=ORIENTED_EDGE('',*,*,#4017,.T.);
#5446=ORIENTED_EDGE('',*,*,#4013,.F.);
#5447=ORIENTED_EDGE('',*,*,#4018,.T.);
#5448=ORIENTED_EDGE('',*,*,#4018,.F.);
#5449=ORIENTED_EDGE('',*,*,#4019,.F.);
#5450=ORIENTED_EDGE('',*,*,#4020,.F.);
#5451=ORIENTED_EDGE('',*,*,#4021,.F.);
#5452=ORIENTED_EDGE('',*,*,#4015,.F.);
#5453=ORIENTED_EDGE('',*,*,#4022,.T.);
#5454=ORIENTED_EDGE('',*,*,#4023,.F.);
#5455=ORIENTED_EDGE('',*,*,#4019,.T.);
#5456=ORIENTED_EDGE('',*,*,#4014,.F.);
#5457=ORIENTED_EDGE('',*,*,#4024,.T.);
#5458=ORIENTED_EDGE('',*,*,#4025,.F.);
#5459=ORIENTED_EDGE('',*,*,#4026,.T.);
#5460=ORIENTED_EDGE('',*,*,#4027,.T.);
#5461=ORIENTED_EDGE('',*,*,#4028,.T.);
#5462=ORIENTED_EDGE('',*,*,#4025,.T.);
#5463=ORIENTED_EDGE('',*,*,#4029,.T.);
#5464=ORIENTED_EDGE('',*,*,#4030,.T.);
#5465=ORIENTED_EDGE('',*,*,#4027,.F.);
#5466=ORIENTED_EDGE('',*,*,#4031,.T.);
#5467=ORIENTED_EDGE('',*,*,#4017,.F.);
#5468=ORIENTED_EDGE('',*,*,#4032,.F.);
#5469=ORIENTED_EDGE('',*,*,#4031,.F.);
#5470=ORIENTED_EDGE('',*,*,#4024,.F.);
#5471=ORIENTED_EDGE('',*,*,#4028,.F.);
#5472=ORIENTED_EDGE('',*,*,#4033,.T.);
#5473=ORIENTED_EDGE('',*,*,#4034,.F.);
#5474=ORIENTED_EDGE('',*,*,#4035,.T.);
#5475=ORIENTED_EDGE('',*,*,#4036,.T.);
#5476=ORIENTED_EDGE('',*,*,#4037,.T.);
#5477=ORIENTED_EDGE('',*,*,#4034,.T.);
#5478=ORIENTED_EDGE('',*,*,#4038,.T.);
#5479=ORIENTED_EDGE('',*,*,#4039,.T.);
#5480=ORIENTED_EDGE('',*,*,#4036,.F.);
#5481=ORIENTED_EDGE('',*,*,#4040,.T.);
#5482=ORIENTED_EDGE('',*,*,#4030,.F.);
#5483=ORIENTED_EDGE('',*,*,#4041,.F.);
#5484=ORIENTED_EDGE('',*,*,#4040,.F.);
#5485=ORIENTED_EDGE('',*,*,#4033,.F.);
#5486=ORIENTED_EDGE('',*,*,#4037,.F.);
#5487=ORIENTED_EDGE('',*,*,#4042,.T.);
#5488=ORIENTED_EDGE('',*,*,#4043,.F.);
#5489=ORIENTED_EDGE('',*,*,#4044,.T.);
#5490=ORIENTED_EDGE('',*,*,#4045,.T.);
#5491=ORIENTED_EDGE('',*,*,#4023,.T.);
#5492=ORIENTED_EDGE('',*,*,#4043,.T.);
#5493=ORIENTED_EDGE('',*,*,#4046,.T.);
#5494=ORIENTED_EDGE('',*,*,#4020,.T.);
#5495=ORIENTED_EDGE('',*,*,#4045,.F.);
#5496=ORIENTED_EDGE('',*,*,#4047,.T.);
#5497=ORIENTED_EDGE('',*,*,#4039,.F.);
#5498=ORIENTED_EDGE('',*,*,#4048,.F.);
#5499=ORIENTED_EDGE('',*,*,#4047,.F.);
#5500=ORIENTED_EDGE('',*,*,#4042,.F.);
#5501=ORIENTED_EDGE('',*,*,#4049,.T.);
#5502=ORIENTED_EDGE('',*,*,#4050,.T.);
#5503=ORIENTED_EDGE('',*,*,#4051,.T.);
#5504=ORIENTED_EDGE('',*,*,#4052,.T.);
#5505=ORIENTED_EDGE('',*,*,#4053,.T.);
#5506=ORIENTED_EDGE('',*,*,#4049,.F.);
#5507=ORIENTED_EDGE('',*,*,#4054,.T.);
#5508=ORIENTED_EDGE('',*,*,#4054,.F.);
#5509=ORIENTED_EDGE('',*,*,#4055,.F.);
#5510=ORIENTED_EDGE('',*,*,#4056,.F.);
#5511=ORIENTED_EDGE('',*,*,#4057,.F.);
#5512=ORIENTED_EDGE('',*,*,#4051,.F.);
#5513=ORIENTED_EDGE('',*,*,#4058,.T.);
#5514=ORIENTED_EDGE('',*,*,#4059,.F.);
#5515=ORIENTED_EDGE('',*,*,#4055,.T.);
#5516=ORIENTED_EDGE('',*,*,#4060,.T.);
#5517=ORIENTED_EDGE('',*,*,#4059,.T.);
#5518=ORIENTED_EDGE('',*,*,#4061,.T.);
#5519=ORIENTED_EDGE('',*,*,#4062,.T.);
#5520=ORIENTED_EDGE('',*,*,#4056,.T.);
#5521=ORIENTED_EDGE('',*,*,#4060,.F.);
#5522=ORIENTED_EDGE('',*,*,#4063,.T.);
#5523=ORIENTED_EDGE('',*,*,#4063,.F.);
#5524=ORIENTED_EDGE('',*,*,#4064,.F.);
#5525=ORIENTED_EDGE('',*,*,#4065,.F.);
#5526=ORIENTED_EDGE('',*,*,#4066,.F.);
#5527=ORIENTED_EDGE('',*,*,#4061,.F.);
#5528=ORIENTED_EDGE('',*,*,#4067,.T.);
#5529=ORIENTED_EDGE('',*,*,#4068,.F.);
#5530=ORIENTED_EDGE('',*,*,#4064,.T.);
#5531=ORIENTED_EDGE('',*,*,#4069,.T.);
#5532=ORIENTED_EDGE('',*,*,#4068,.T.);
#5533=ORIENTED_EDGE('',*,*,#4070,.T.);
#5534=ORIENTED_EDGE('',*,*,#4071,.T.);
#5535=ORIENTED_EDGE('',*,*,#4065,.T.);
#5536=ORIENTED_EDGE('',*,*,#4069,.F.);
#5537=ORIENTED_EDGE('',*,*,#4072,.T.);
#5538=ORIENTED_EDGE('',*,*,#4072,.F.);
#5539=ORIENTED_EDGE('',*,*,#4073,.F.);
#5540=ORIENTED_EDGE('',*,*,#4074,.F.);
#5541=ORIENTED_EDGE('',*,*,#4075,.F.);
#5542=ORIENTED_EDGE('',*,*,#4070,.F.);
#5543=ORIENTED_EDGE('',*,*,#4076,.T.);
#5544=ORIENTED_EDGE('',*,*,#4077,.F.);
#5545=ORIENTED_EDGE('',*,*,#4073,.T.);
#5546=ORIENTED_EDGE('',*,*,#4078,.T.);
#5547=ORIENTED_EDGE('',*,*,#4077,.T.);
#5548=ORIENTED_EDGE('',*,*,#4079,.T.);
#5549=ORIENTED_EDGE('',*,*,#4080,.T.);
#5550=ORIENTED_EDGE('',*,*,#4074,.T.);
#5551=ORIENTED_EDGE('',*,*,#4078,.F.);
#5552=ORIENTED_EDGE('',*,*,#4081,.T.);
#5553=ORIENTED_EDGE('',*,*,#4081,.F.);
#5554=ORIENTED_EDGE('',*,*,#4082,.F.);
#5555=ORIENTED_EDGE('',*,*,#4083,.F.);
#5556=ORIENTED_EDGE('',*,*,#4084,.F.);
#5557=ORIENTED_EDGE('',*,*,#4079,.F.);
#5558=ORIENTED_EDGE('',*,*,#4085,.T.);
#5559=ORIENTED_EDGE('',*,*,#4086,.T.);
#5560=ORIENTED_EDGE('',*,*,#4082,.T.);
#5561=ORIENTED_EDGE('',*,*,#4087,.T.);
#5562=ORIENTED_EDGE('',*,*,#4088,.T.);
#5563=ORIENTED_EDGE('',*,*,#4089,.T.);
#5564=ORIENTED_EDGE('',*,*,#4090,.T.);
#5565=ORIENTED_EDGE('',*,*,#4091,.T.);
#5566=ORIENTED_EDGE('',*,*,#4087,.F.);
#5567=ORIENTED_EDGE('',*,*,#4092,.T.);
#5568=ORIENTED_EDGE('',*,*,#4092,.F.);
#5569=ORIENTED_EDGE('',*,*,#4093,.F.);
#5570=ORIENTED_EDGE('',*,*,#4094,.F.);
#5571=ORIENTED_EDGE('',*,*,#4095,.F.);
#5572=ORIENTED_EDGE('',*,*,#4089,.F.);
#5573=ORIENTED_EDGE('',*,*,#4096,.T.);
#5574=ORIENTED_EDGE('',*,*,#4097,.F.);
#5575=ORIENTED_EDGE('',*,*,#4093,.T.);
#5576=ORIENTED_EDGE('',*,*,#4088,.F.);
#5577=ORIENTED_EDGE('',*,*,#4098,.T.);
#5578=ORIENTED_EDGE('',*,*,#4099,.F.);
#5579=ORIENTED_EDGE('',*,*,#4100,.T.);
#5580=ORIENTED_EDGE('',*,*,#4101,.T.);
#5581=ORIENTED_EDGE('',*,*,#4102,.T.);
#5582=ORIENTED_EDGE('',*,*,#4099,.T.);
#5583=ORIENTED_EDGE('',*,*,#4103,.T.);
#5584=ORIENTED_EDGE('',*,*,#4104,.T.);
#5585=ORIENTED_EDGE('',*,*,#4101,.F.);
#5586=ORIENTED_EDGE('',*,*,#4105,.T.);
#5587=ORIENTED_EDGE('',*,*,#4091,.F.);
#5588=ORIENTED_EDGE('',*,*,#4106,.F.);
#5589=ORIENTED_EDGE('',*,*,#4105,.F.);
#5590=ORIENTED_EDGE('',*,*,#4098,.F.);
#5591=ORIENTED_EDGE('',*,*,#4102,.F.);
#5592=ORIENTED_EDGE('',*,*,#4107,.T.);
#5593=ORIENTED_EDGE('',*,*,#4108,.F.);
#5594=ORIENTED_EDGE('',*,*,#4109,.T.);
#5595=ORIENTED_EDGE('',*,*,#4110,.T.);
#5596=ORIENTED_EDGE('',*,*,#4097,.T.);
#5597=ORIENTED_EDGE('',*,*,#4111,.T.);
#5598=ORIENTED_EDGE('',*,*,#4112,.T.);
#5599=ORIENTED_EDGE('',*,*,#4094,.T.);
#5600=ORIENTED_EDGE('',*,*,#4110,.F.);
#5601=ORIENTED_EDGE('',*,*,#4113,.T.);
#5602=ORIENTED_EDGE('',*,*,#4113,.F.);
#5603=ORIENTED_EDGE('',*,*,#4114,.F.);
#5604=ORIENTED_EDGE('',*,*,#4115,.F.);
#5605=ORIENTED_EDGE('',*,*,#4116,.F.);
#5606=ORIENTED_EDGE('',*,*,#4111,.F.);
#5607=ORIENTED_EDGE('',*,*,#4117,.T.);
#5608=ORIENTED_EDGE('',*,*,#4118,.F.);
#5609=ORIENTED_EDGE('',*,*,#4114,.T.);
#5610=ORIENTED_EDGE('',*,*,#4119,.T.);
#5611=ORIENTED_EDGE('',*,*,#4118,.T.);
#5612=ORIENTED_EDGE('',*,*,#4108,.T.);
#5613=ORIENTED_EDGE('',*,*,#4120,.T.);
#5614=ORIENTED_EDGE('',*,*,#4115,.T.);
#5615=ORIENTED_EDGE('',*,*,#4119,.F.);
#5616=ORIENTED_EDGE('',*,*,#4121,.T.);
#5617=ORIENTED_EDGE('',*,*,#4104,.F.);
#5618=ORIENTED_EDGE('',*,*,#4122,.F.);
#5619=ORIENTED_EDGE('',*,*,#4121,.F.);
#5620=ORIENTED_EDGE('',*,*,#4107,.F.);
#5621=ORIENTED_EDGE('',*,*,#4123,.T.);
#5622=ORIENTED_EDGE('',*,*,#4124,.T.);
#5623=ORIENTED_EDGE('',*,*,#4125,.T.);
#5624=ORIENTED_EDGE('',*,*,#4126,.T.);
#5625=ORIENTED_EDGE('',*,*,#4125,.F.);
#5626=ORIENTED_EDGE('',*,*,#4127,.T.);
#5627=ORIENTED_EDGE('',*,*,#4128,.T.);
#5628=ORIENTED_EDGE('',*,*,#4128,.F.);
#5629=ORIENTED_EDGE('',*,*,#4129,.T.);
#5630=ORIENTED_EDGE('',*,*,#4130,.F.);
#5631=ORIENTED_EDGE('',*,*,#4131,.T.);
#5632=ORIENTED_EDGE('',*,*,#4127,.F.);
#5633=ORIENTED_EDGE('',*,*,#4132,.T.);
#5634=ORIENTED_EDGE('',*,*,#4133,.T.);
#5635=ORIENTED_EDGE('',*,*,#4134,.T.);
#5636=ORIENTED_EDGE('',*,*,#4124,.F.);
#5637=ORIENTED_EDGE('',*,*,#4135,.F.);
#5638=ORIENTED_EDGE('',*,*,#4136,.F.);
#5639=ORIENTED_EDGE('',*,*,#4132,.F.);
#5640=ORIENTED_EDGE('',*,*,#4137,.T.);
#5641=ORIENTED_EDGE('',*,*,#4130,.T.);
#5642=ORIENTED_EDGE('',*,*,#4138,.T.);
#5643=ORIENTED_EDGE('',*,*,#4139,.T.);
#5644=ORIENTED_EDGE('',*,*,#4140,.T.);
#5645=ORIENTED_EDGE('',*,*,#4137,.F.);
#5646=ORIENTED_EDGE('',*,*,#4141,.T.);
#5647=ORIENTED_EDGE('',*,*,#4141,.F.);
#5648=ORIENTED_EDGE('',*,*,#4142,.F.);
#5649=ORIENTED_EDGE('',*,*,#4143,.F.);
#5650=ORIENTED_EDGE('',*,*,#4144,.F.);
#5651=ORIENTED_EDGE('',*,*,#4138,.F.);
#5652=ORIENTED_EDGE('',*,*,#4145,.T.);
#5653=ORIENTED_EDGE('',*,*,#4146,.T.);
#5654=ORIENTED_EDGE('',*,*,#4142,.T.);
#5655=ORIENTED_EDGE('',*,*,#4147,.F.);
#5656=ORIENTED_EDGE('',*,*,#4148,.F.);
#5657=ORIENTED_EDGE('',*,*,#4149,.F.);
#5658=ORIENTED_EDGE('',*,*,#4150,.T.);
#5659=ORIENTED_EDGE('',*,*,#4151,.T.);
#5660=ORIENTED_EDGE('',*,*,#4148,.T.);
#5661=ORIENTED_EDGE('',*,*,#4152,.T.);
#5662=ORIENTED_EDGE('',*,*,#4153,.F.);
#5663=ORIENTED_EDGE('',*,*,#4154,.F.);
#5664=ORIENTED_EDGE('',*,*,#4155,.F.);
#5665=ORIENTED_EDGE('',*,*,#4156,.T.);
#5666=ORIENTED_EDGE('',*,*,#4157,.T.);
#5667=ORIENTED_EDGE('',*,*,#4154,.T.);
#5668=ORIENTED_EDGE('',*,*,#4158,.T.);
#5669=ORIENTED_EDGE('',*,*,#4159,.F.);
#5670=ORIENTED_EDGE('',*,*,#4160,.F.);
#5671=ORIENTED_EDGE('',*,*,#4161,.F.);
#5672=ORIENTED_EDGE('',*,*,#4162,.T.);
#5673=ORIENTED_EDGE('',*,*,#4163,.T.);
#5674=ORIENTED_EDGE('',*,*,#4160,.T.);
#5675=ORIENTED_EDGE('',*,*,#4164,.T.);
#5676=ORIENTED_EDGE('',*,*,#4147,.T.);
#5677=ORIENTED_EDGE('',*,*,#4165,.T.);
#5678=ORIENTED_EDGE('',*,*,#4161,.T.);
#5679=ORIENTED_EDGE('',*,*,#4166,.T.);
#5680=ORIENTED_EDGE('',*,*,#4167,.F.);
#5681=ORIENTED_EDGE('',*,*,#4168,.F.);
#5682=ORIENTED_EDGE('',*,*,#4169,.F.);
#5683=ORIENTED_EDGE('',*,*,#4170,.T.);
#5684=ORIENTED_EDGE('',*,*,#4171,.T.);
#5685=ORIENTED_EDGE('',*,*,#4168,.T.);
#5686=ORIENTED_EDGE('',*,*,#4172,.T.);
#5687=ORIENTED_EDGE('',*,*,#4159,.T.);
#5688=ORIENTED_EDGE('',*,*,#4173,.T.);
#5689=ORIENTED_EDGE('',*,*,#4169,.T.);
#5690=ORIENTED_EDGE('',*,*,#4174,.T.);
#5691=ORIENTED_EDGE('',*,*,#4167,.T.);
#5692=ORIENTED_EDGE('',*,*,#4175,.T.);
#5693=ORIENTED_EDGE('',*,*,#4155,.T.);
#5694=ORIENTED_EDGE('',*,*,#4176,.T.);
#5695=ORIENTED_EDGE('',*,*,#4153,.T.);
#5696=ORIENTED_EDGE('',*,*,#4177,.T.);
#5697=ORIENTED_EDGE('',*,*,#4149,.T.);
#5698=ORIENTED_EDGE('',*,*,#4178,.T.);
#5699=ORIENTED_EDGE('',*,*,#4152,.F.);
#5700=ORIENTED_EDGE('',*,*,#4166,.F.);
#5701=ORIENTED_EDGE('',*,*,#4163,.F.);
#5702=ORIENTED_EDGE('',*,*,#4179,.F.);
#5703=ORIENTED_EDGE('',*,*,#4164,.F.);
#5704=ORIENTED_EDGE('',*,*,#4174,.F.);
#5705=ORIENTED_EDGE('',*,*,#4171,.F.);
#5706=ORIENTED_EDGE('',*,*,#4180,.F.);
#5707=ORIENTED_EDGE('',*,*,#4165,.F.);
#5708=ORIENTED_EDGE('',*,*,#4177,.F.);
#5709=ORIENTED_EDGE('',*,*,#4175,.F.);
#5710=ORIENTED_EDGE('',*,*,#4173,.F.);
#5711=ORIENTED_EDGE('',*,*,#4181,.F.);
#5712=ORIENTED_EDGE('',*,*,#4182,.F.);
#5713=ORIENTED_EDGE('',*,*,#4146,.F.);
#5714=ORIENTED_EDGE('',*,*,#4183,.T.);
#5715=ORIENTED_EDGE('',*,*,#4143,.T.);
#5716=ORIENTED_EDGE('',*,*,#4182,.T.);
#5717=ORIENTED_EDGE('',*,*,#4184,.T.);
#5718=ORIENTED_EDGE('',*,*,#4185,.F.);
#5719=ORIENTED_EDGE('',*,*,#4186,.F.);
#5720=ORIENTED_EDGE('',*,*,#4187,.F.);
#5721=ORIENTED_EDGE('',*,*,#4188,.T.);
#5722=ORIENTED_EDGE('',*,*,#4189,.T.);
#5723=ORIENTED_EDGE('',*,*,#4186,.T.);
#5724=ORIENTED_EDGE('',*,*,#4190,.T.);
#5725=ORIENTED_EDGE('',*,*,#4181,.T.);
#5726=ORIENTED_EDGE('',*,*,#4191,.T.);
#5727=ORIENTED_EDGE('',*,*,#4187,.T.);
#5728=ORIENTED_EDGE('',*,*,#4192,.T.);
#5729=ORIENTED_EDGE('',*,*,#4133,.F.);
#5730=ORIENTED_EDGE('',*,*,#4193,.F.);
#5731=ORIENTED_EDGE('',*,*,#4194,.F.);
#5732=ORIENTED_EDGE('',*,*,#4195,.T.);
#5733=ORIENTED_EDGE('',*,*,#4196,.T.);
#5734=ORIENTED_EDGE('',*,*,#4193,.T.);
#5735=ORIENTED_EDGE('',*,*,#4136,.T.);
#5736=ORIENTED_EDGE('',*,*,#4185,.T.);
#5737=ORIENTED_EDGE('',*,*,#4197,.T.);
#5738=ORIENTED_EDGE('',*,*,#4194,.T.);
#5739=ORIENTED_EDGE('',*,*,#4198,.T.);
#5740=ORIENTED_EDGE('',*,*,#4184,.F.);
#5741=ORIENTED_EDGE('',*,*,#4192,.F.);
#5742=ORIENTED_EDGE('',*,*,#4189,.F.);
#5743=ORIENTED_EDGE('',*,*,#4199,.F.);
#5744=ORIENTED_EDGE('',*,*,#4190,.F.);
#5745=ORIENTED_EDGE('',*,*,#4198,.F.);
#5746=ORIENTED_EDGE('',*,*,#4196,.F.);
#5747=ORIENTED_EDGE('',*,*,#4200,.F.);
#5748=ORIENTED_EDGE('',*,*,#4191,.F.);
#5749=ORIENTED_EDGE('',*,*,#4145,.F.);
#5750=ORIENTED_EDGE('',*,*,#4129,.F.);
#5751=ORIENTED_EDGE('',*,*,#4134,.F.);
#5752=ORIENTED_EDGE('',*,*,#4197,.F.);
#5753=ORIENTED_EDGE('',*,*,#4109,.F.);
#5754=ORIENTED_EDGE('',*,*,#4117,.F.);
#5755=ORIENTED_EDGE('',*,*,#4096,.F.);
#5756=ORIENTED_EDGE('',*,*,#4100,.F.);
#5757=ORIENTED_EDGE('',*,*,#4201,.F.);
#5758=ORIENTED_EDGE('',*,*,#4202,.F.);
#5759=ORIENTED_EDGE('',*,*,#4086,.F.);
#5760=ORIENTED_EDGE('',*,*,#4203,.T.);
#5761=ORIENTED_EDGE('',*,*,#4083,.T.);
#5762=ORIENTED_EDGE('',*,*,#4202,.T.);
#5763=ORIENTED_EDGE('',*,*,#4204,.T.);
#5764=ORIENTED_EDGE('',*,*,#4050,.F.);
#5765=ORIENTED_EDGE('',*,*,#4205,.T.);
#5766=ORIENTED_EDGE('',*,*,#4201,.T.);
#5767=ORIENTED_EDGE('',*,*,#4206,.T.);
#5768=ORIENTED_EDGE('',*,*,#4206,.F.);
#5769=ORIENTED_EDGE('',*,*,#4085,.F.);
#5770=ORIENTED_EDGE('',*,*,#4076,.F.);
#5771=ORIENTED_EDGE('',*,*,#4067,.F.);
#5772=ORIENTED_EDGE('',*,*,#4058,.F.);
#5773=ORIENTED_EDGE('',*,*,#4022,.F.);
#5774=ORIENTED_EDGE('',*,*,#4026,.F.);
#5775=ORIENTED_EDGE('',*,*,#4035,.F.);
#5776=ORIENTED_EDGE('',*,*,#4044,.F.);
#5777=ORIENTED_EDGE('',*,*,#4004,.F.);
#5778=ORIENTED_EDGE('',*,*,#3977,.F.);
#5779=ORIENTED_EDGE('',*,*,#3981,.F.);
#5780=ORIENTED_EDGE('',*,*,#3991,.F.);
#5781=ORIENTED_EDGE('',*,*,#4012,.F.);
#5782=ORIENTED_EDGE('',*,*,#3945,.F.);
#5783=ORIENTED_EDGE('',*,*,#3962,.F.);
#5784=ORIENTED_EDGE('',*,*,#3953,.F.);
#5785=ORIENTED_EDGE('',*,*,#3941,.F.);
#5786=ORIENTED_EDGE('',*,*,#4207,.F.);
#5787=ORIENTED_EDGE('',*,*,#4208,.F.);
#5788=ORIENTED_EDGE('',*,*,#4209,.F.);
#5789=ORIENTED_EDGE('',*,*,#4210,.T.);
#5790=ORIENTED_EDGE('',*,*,#4211,.T.);
#5791=ORIENTED_EDGE('',*,*,#4208,.T.);
#5792=ORIENTED_EDGE('',*,*,#4212,.T.);
#5793=ORIENTED_EDGE('',*,*,#4213,.F.);
#5794=ORIENTED_EDGE('',*,*,#4214,.F.);
#5795=ORIENTED_EDGE('',*,*,#4215,.F.);
#5796=ORIENTED_EDGE('',*,*,#4216,.T.);
#5797=ORIENTED_EDGE('',*,*,#4217,.T.);
#5798=ORIENTED_EDGE('',*,*,#4214,.T.);
#5799=ORIENTED_EDGE('',*,*,#4218,.T.);
#5800=ORIENTED_EDGE('',*,*,#4207,.T.);
#5801=ORIENTED_EDGE('',*,*,#4219,.T.);
#5802=ORIENTED_EDGE('',*,*,#4215,.T.);
#5803=ORIENTED_EDGE('',*,*,#4220,.T.);
#5804=ORIENTED_EDGE('',*,*,#4221,.F.);
#5805=ORIENTED_EDGE('',*,*,#4222,.F.);
#5806=ORIENTED_EDGE('',*,*,#4223,.F.);
#5807=ORIENTED_EDGE('',*,*,#4224,.T.);
#5808=ORIENTED_EDGE('',*,*,#4225,.T.);
#5809=ORIENTED_EDGE('',*,*,#4222,.T.);
#5810=ORIENTED_EDGE('',*,*,#4226,.T.);
#5811=ORIENTED_EDGE('',*,*,#4227,.F.);
#5812=ORIENTED_EDGE('',*,*,#4228,.F.);
#5813=ORIENTED_EDGE('',*,*,#4229,.F.);
#5814=ORIENTED_EDGE('',*,*,#4230,.T.);
#5815=ORIENTED_EDGE('',*,*,#4231,.T.);
#5816=ORIENTED_EDGE('',*,*,#4228,.T.);
#5817=ORIENTED_EDGE('',*,*,#4232,.T.);
#5818=ORIENTED_EDGE('',*,*,#4213,.T.);
#5819=ORIENTED_EDGE('',*,*,#4233,.T.);
#5820=ORIENTED_EDGE('',*,*,#4229,.T.);
#5821=ORIENTED_EDGE('',*,*,#4234,.T.);
#5822=ORIENTED_EDGE('',*,*,#4235,.F.);
#5823=ORIENTED_EDGE('',*,*,#4236,.F.);
#5824=ORIENTED_EDGE('',*,*,#4237,.F.);
#5825=ORIENTED_EDGE('',*,*,#4238,.T.);
#5826=ORIENTED_EDGE('',*,*,#4239,.T.);
#5827=ORIENTED_EDGE('',*,*,#4236,.T.);
#5828=ORIENTED_EDGE('',*,*,#4240,.T.);
#5829=ORIENTED_EDGE('',*,*,#4227,.T.);
#5830=ORIENTED_EDGE('',*,*,#4241,.T.);
#5831=ORIENTED_EDGE('',*,*,#4237,.T.);
#5832=ORIENTED_EDGE('',*,*,#4242,.T.);
#5833=ORIENTED_EDGE('',*,*,#4235,.T.);
#5834=ORIENTED_EDGE('',*,*,#4243,.T.);
#5835=ORIENTED_EDGE('',*,*,#4223,.T.);
#5836=ORIENTED_EDGE('',*,*,#4244,.T.);
#5837=ORIENTED_EDGE('',*,*,#4221,.T.);
#5838=ORIENTED_EDGE('',*,*,#4245,.T.);
#5839=ORIENTED_EDGE('',*,*,#4209,.T.);
#5840=ORIENTED_EDGE('',*,*,#4246,.T.);
#5841=ORIENTED_EDGE('',*,*,#4212,.F.);
#5842=ORIENTED_EDGE('',*,*,#4220,.F.);
#5843=ORIENTED_EDGE('',*,*,#4217,.F.);
#5844=ORIENTED_EDGE('',*,*,#4247,.F.);
#5845=ORIENTED_EDGE('',*,*,#4218,.F.);
#5846=ORIENTED_EDGE('',*,*,#4234,.F.);
#5847=ORIENTED_EDGE('',*,*,#4231,.F.);
#5848=ORIENTED_EDGE('',*,*,#4248,.F.);
#5849=ORIENTED_EDGE('',*,*,#4232,.F.);
#5850=ORIENTED_EDGE('',*,*,#4242,.F.);
#5851=ORIENTED_EDGE('',*,*,#4239,.F.);
#5852=ORIENTED_EDGE('',*,*,#4249,.F.);
#5853=ORIENTED_EDGE('',*,*,#4219,.F.);
#5854=ORIENTED_EDGE('',*,*,#4245,.F.);
#5855=ORIENTED_EDGE('',*,*,#4243,.F.);
#5856=ORIENTED_EDGE('',*,*,#4241,.F.);
#5857=ORIENTED_EDGE('',*,*,#4233,.F.);
#5858=ORIENTED_EDGE('',*,*,#4126,.F.);
#5859=ORIENTED_EDGE('',*,*,#4131,.F.);
#5860=ORIENTED_EDGE('',*,*,#4140,.F.);
#5861=ORIENTED_EDGE('',*,*,#4250,.F.);
#5862=ORIENTED_EDGE('',*,*,#4157,.F.);
#5863=ORIENTED_EDGE('',*,*,#4251,.F.);
#5864=ORIENTED_EDGE('',*,*,#4172,.F.);
#5865=ORIENTED_EDGE('',*,*,#4176,.F.);
#5866=ORIENTED_EDGE('',*,*,#4151,.F.);
#5867=ORIENTED_EDGE('',*,*,#4252,.F.);
#5868=ORIENTED_EDGE('',*,*,#4158,.F.);
#5869=ORIENTED_EDGE('',*,*,#4178,.F.);
#5870=ORIENTED_EDGE('',*,*,#4053,.F.);
#5871=ORIENTED_EDGE('',*,*,#4253,.F.);
#5872=ORIENTED_EDGE('',*,*,#4204,.F.);
#5873=ORIENTED_EDGE('',*,*,#4205,.F.);
#5874=ORIENTED_EDGE('',*,*,#4225,.F.);
#5875=ORIENTED_EDGE('',*,*,#4254,.F.);
#5876=ORIENTED_EDGE('',*,*,#4240,.F.);
#5877=ORIENTED_EDGE('',*,*,#4244,.F.);
#5878=ORIENTED_EDGE('',*,*,#4211,.F.);
#5879=ORIENTED_EDGE('',*,*,#4255,.F.);
#5880=ORIENTED_EDGE('',*,*,#4226,.F.);
#5881=ORIENTED_EDGE('',*,*,#4246,.F.);
#5882=ORIENTED_EDGE('',*,*,#4256,.F.);
#5883=ORIENTED_EDGE('',*,*,#4257,.T.);
#5884=ORIENTED_EDGE('',*,*,#4258,.T.);
#5885=ORIENTED_EDGE('',*,*,#4259,.F.);
#5886=ORIENTED_EDGE('',*,*,#4260,.F.);
#5887=ORIENTED_EDGE('',*,*,#4261,.T.);
#5888=ORIENTED_EDGE('',*,*,#4262,.T.);
#5889=ORIENTED_EDGE('',*,*,#4257,.F.);
#5890=ORIENTED_EDGE('',*,*,#4263,.F.);
#5891=ORIENTED_EDGE('',*,*,#4264,.T.);
#5892=ORIENTED_EDGE('',*,*,#4265,.T.);
#5893=ORIENTED_EDGE('',*,*,#4261,.F.);
#5894=ORIENTED_EDGE('',*,*,#4266,.F.);
#5895=ORIENTED_EDGE('',*,*,#4267,.T.);
#5896=ORIENTED_EDGE('',*,*,#4268,.T.);
#5897=ORIENTED_EDGE('',*,*,#4264,.F.);
#5898=ORIENTED_EDGE('',*,*,#4269,.F.);
#5899=ORIENTED_EDGE('',*,*,#4270,.T.);
#5900=ORIENTED_EDGE('',*,*,#4271,.T.);
#5901=ORIENTED_EDGE('',*,*,#4267,.F.);
#5902=ORIENTED_EDGE('',*,*,#4272,.F.);
#5903=ORIENTED_EDGE('',*,*,#4259,.T.);
#5904=ORIENTED_EDGE('',*,*,#4273,.T.);
#5905=ORIENTED_EDGE('',*,*,#4270,.F.);
#5906=ORIENTED_EDGE('',*,*,#4273,.F.);
#5907=ORIENTED_EDGE('',*,*,#4258,.F.);
#5908=ORIENTED_EDGE('',*,*,#4262,.F.);
#5909=ORIENTED_EDGE('',*,*,#4265,.F.);
#5910=ORIENTED_EDGE('',*,*,#4268,.F.);
#5911=ORIENTED_EDGE('',*,*,#4271,.F.);
#5912=ORIENTED_EDGE('',*,*,#4274,.F.);
#5913=ORIENTED_EDGE('',*,*,#4275,.F.);
#5914=ORIENTED_EDGE('',*,*,#4276,.T.);
#5915=ORIENTED_EDGE('',*,*,#4274,.T.);
#5916=ORIENTED_EDGE('',*,*,#4276,.F.);
#5917=ORIENTED_EDGE('',*,*,#4277,.T.);
#5918=ORIENTED_EDGE('',*,*,#4278,.T.);
#5919=ORIENTED_EDGE('',*,*,#4279,.F.);
#5920=ORIENTED_EDGE('',*,*,#4280,.F.);
#5921=ORIENTED_EDGE('',*,*,#4281,.T.);
#5922=ORIENTED_EDGE('',*,*,#4280,.T.);
#5923=ORIENTED_EDGE('',*,*,#4282,.F.);
#5924=ORIENTED_EDGE('',*,*,#4283,.F.);
#5925=ORIENTED_EDGE('',*,*,#4284,.T.);
#5926=ORIENTED_EDGE('',*,*,#4283,.T.);
#5927=ORIENTED_EDGE('',*,*,#4285,.F.);
#5928=ORIENTED_EDGE('',*,*,#4286,.F.);
#5929=ORIENTED_EDGE('',*,*,#4287,.T.);
#5930=ORIENTED_EDGE('',*,*,#4286,.T.);
#5931=ORIENTED_EDGE('',*,*,#4288,.F.);
#5932=ORIENTED_EDGE('',*,*,#4278,.F.);
#5933=ORIENTED_EDGE('',*,*,#4288,.T.);
#5934=ORIENTED_EDGE('',*,*,#4285,.T.);
#5935=ORIENTED_EDGE('',*,*,#4282,.T.);
#5936=ORIENTED_EDGE('',*,*,#4279,.T.);
#5937=ORIENTED_EDGE('',*,*,#4135,.T.);
#5938=ORIENTED_EDGE('',*,*,#4123,.F.);
#5939=ORIENTED_EDGE('',*,*,#4250,.T.);
#5940=ORIENTED_EDGE('',*,*,#4139,.F.);
#5941=ORIENTED_EDGE('',*,*,#4144,.T.);
#5942=ORIENTED_EDGE('',*,*,#4183,.F.);
#5943=ORIENTED_EDGE('',*,*,#4199,.T.);
#5944=ORIENTED_EDGE('',*,*,#4188,.F.);
#5945=ORIENTED_EDGE('',*,*,#4200,.T.);
#5946=ORIENTED_EDGE('',*,*,#4195,.F.);
#5947=ORIENTED_EDGE('',*,*,#3967,.T.);
#5948=ORIENTED_EDGE('',*,*,#3935,.F.);
#5949=ORIENTED_EDGE('',*,*,#3940,.T.);
#5950=ORIENTED_EDGE('',*,*,#3948,.F.);
#5951=ORIENTED_EDGE('',*,*,#3952,.T.);
#5952=ORIENTED_EDGE('',*,*,#3957,.F.);
#5953=ORIENTED_EDGE('',*,*,#3961,.T.);
#5954=ORIENTED_EDGE('',*,*,#3965,.F.);
#5955=ORIENTED_EDGE('',*,*,#4021,.T.);
#5956=ORIENTED_EDGE('',*,*,#4046,.F.);
#5957=ORIENTED_EDGE('',*,*,#4048,.T.);
#5958=ORIENTED_EDGE('',*,*,#4038,.F.);
#5959=ORIENTED_EDGE('',*,*,#4041,.T.);
#5960=ORIENTED_EDGE('',*,*,#4029,.F.);
#5961=ORIENTED_EDGE('',*,*,#4032,.T.);
#5962=ORIENTED_EDGE('',*,*,#4016,.F.);
#5963=ORIENTED_EDGE('',*,*,#4180,.T.);
#5964=ORIENTED_EDGE('',*,*,#4170,.F.);
#5965=ORIENTED_EDGE('',*,*,#4251,.T.);
#5966=ORIENTED_EDGE('',*,*,#4156,.F.);
#5967=ORIENTED_EDGE('',*,*,#4252,.T.);
#5968=ORIENTED_EDGE('',*,*,#4150,.F.);
#5969=ORIENTED_EDGE('',*,*,#4179,.T.);
#5970=ORIENTED_EDGE('',*,*,#4162,.F.);
#5971=ORIENTED_EDGE('',*,*,#4095,.T.);
#5972=ORIENTED_EDGE('',*,*,#4112,.F.);
#5973=ORIENTED_EDGE('',*,*,#4116,.T.);
#5974=ORIENTED_EDGE('',*,*,#4120,.F.);
#5975=ORIENTED_EDGE('',*,*,#4122,.T.);
#5976=ORIENTED_EDGE('',*,*,#4103,.F.);
#5977=ORIENTED_EDGE('',*,*,#4106,.T.);
#5978=ORIENTED_EDGE('',*,*,#4090,.F.);
#5979=ORIENTED_EDGE('',*,*,#3990,.T.);
#5980=ORIENTED_EDGE('',*,*,#3994,.F.);
#5981=ORIENTED_EDGE('',*,*,#3996,.T.);
#5982=ORIENTED_EDGE('',*,*,#3971,.F.);
#5983=ORIENTED_EDGE('',*,*,#3976,.T.);
#5984=ORIENTED_EDGE('',*,*,#3999,.F.);
#5985=ORIENTED_EDGE('',*,*,#4003,.T.);
#5986=ORIENTED_EDGE('',*,*,#4008,.F.);
#5987=ORIENTED_EDGE('',*,*,#4010,.T.);
#5988=ORIENTED_EDGE('',*,*,#3985,.F.);
#5989=ORIENTED_EDGE('',*,*,#4084,.T.);
#5990=ORIENTED_EDGE('',*,*,#4203,.F.);
#5991=ORIENTED_EDGE('',*,*,#4253,.T.);
#5992=ORIENTED_EDGE('',*,*,#4052,.F.);
#5993=ORIENTED_EDGE('',*,*,#4057,.T.);
#5994=ORIENTED_EDGE('',*,*,#4062,.F.);
#5995=ORIENTED_EDGE('',*,*,#4066,.T.);
#5996=ORIENTED_EDGE('',*,*,#4071,.F.);
#5997=ORIENTED_EDGE('',*,*,#4075,.T.);
#5998=ORIENTED_EDGE('',*,*,#4080,.F.);
#5999=ORIENTED_EDGE('',*,*,#4248,.T.);
#6000=ORIENTED_EDGE('',*,*,#4230,.F.);
#6001=ORIENTED_EDGE('',*,*,#4249,.T.);
#6002=ORIENTED_EDGE('',*,*,#4238,.F.);
#6003=ORIENTED_EDGE('',*,*,#4254,.T.);
#6004=ORIENTED_EDGE('',*,*,#4224,.F.);
#6005=ORIENTED_EDGE('',*,*,#4255,.T.);
#6006=ORIENTED_EDGE('',*,*,#4210,.F.);
#6007=ORIENTED_EDGE('',*,*,#4247,.T.);
#6008=ORIENTED_EDGE('',*,*,#4216,.F.);
#6009=ORIENTED_EDGE('',*,*,#4275,.T.);
#6010=ORIENTED_EDGE('',*,*,#4287,.F.);
#6011=ORIENTED_EDGE('',*,*,#4277,.F.);
#6012=ORIENTED_EDGE('',*,*,#4281,.F.);
#6013=ORIENTED_EDGE('',*,*,#4284,.F.);
#6014=ORIENTED_EDGE('',*,*,#4256,.T.);
#6015=ORIENTED_EDGE('',*,*,#4272,.T.);
#6016=ORIENTED_EDGE('',*,*,#4269,.T.);
#6017=ORIENTED_EDGE('',*,*,#4266,.T.);
#6018=ORIENTED_EDGE('',*,*,#4263,.T.);
#6019=ORIENTED_EDGE('',*,*,#4260,.T.);
#6020=ORIENTED_EDGE('',*,*,#4289,.F.);
#6021=ORIENTED_EDGE('',*,*,#4290,.F.);
#6022=ORIENTED_EDGE('',*,*,#4291,.F.);
#6023=ORIENTED_EDGE('',*,*,#4292,.T.);
#6024=ORIENTED_EDGE('',*,*,#4290,.T.);
#6025=ORIENTED_EDGE('',*,*,#4293,.T.);
#6026=ORIENTED_EDGE('',*,*,#4294,.T.);
#6027=ORIENTED_EDGE('',*,*,#4295,.T.);
#6028=ORIENTED_EDGE('',*,*,#4289,.T.);
#6029=ORIENTED_EDGE('',*,*,#4296,.T.);
#6030=ORIENTED_EDGE('',*,*,#4297,.T.);
#6031=ORIENTED_EDGE('',*,*,#4298,.T.);
#6032=ORIENTED_EDGE('',*,*,#4299,.T.);
#6033=ORIENTED_EDGE('',*,*,#4300,.T.);
#6034=ORIENTED_EDGE('',*,*,#4297,.F.);
#6035=ORIENTED_EDGE('',*,*,#4301,.F.);
#6036=ORIENTED_EDGE('',*,*,#4302,.F.);
#6037=ORIENTED_EDGE('',*,*,#4303,.F.);
#6038=ORIENTED_EDGE('',*,*,#4304,.T.);
#6039=ORIENTED_EDGE('',*,*,#4305,.T.);
#6040=ORIENTED_EDGE('',*,*,#4302,.T.);
#6041=ORIENTED_EDGE('',*,*,#4306,.T.);
#6042=ORIENTED_EDGE('',*,*,#4307,.F.);
#6043=ORIENTED_EDGE('',*,*,#4308,.F.);
#6044=ORIENTED_EDGE('',*,*,#4309,.F.);
#6045=ORIENTED_EDGE('',*,*,#4310,.T.);
#6046=ORIENTED_EDGE('',*,*,#4311,.T.);
#6047=ORIENTED_EDGE('',*,*,#4312,.T.);
#6048=ORIENTED_EDGE('',*,*,#4313,.T.);
#6049=ORIENTED_EDGE('',*,*,#4314,.T.);
#6050=ORIENTED_EDGE('',*,*,#4308,.T.);
#6051=ORIENTED_EDGE('',*,*,#4315,.T.);
#6052=ORIENTED_EDGE('',*,*,#4313,.F.);
#6053=ORIENTED_EDGE('',*,*,#4316,.T.);
#6054=ORIENTED_EDGE('',*,*,#4309,.T.);
#6055=ORIENTED_EDGE('',*,*,#4317,.T.);
#6056=ORIENTED_EDGE('',*,*,#4299,.F.);
#6057=ORIENTED_EDGE('',*,*,#4307,.T.);
#6058=ORIENTED_EDGE('',*,*,#4318,.T.);
#6059=ORIENTED_EDGE('',*,*,#4303,.T.);
#6060=ORIENTED_EDGE('',*,*,#4319,.T.);
#6061=ORIENTED_EDGE('',*,*,#4301,.T.);
#6062=ORIENTED_EDGE('',*,*,#4320,.T.);
#6063=ORIENTED_EDGE('',*,*,#4291,.T.);
#6064=ORIENTED_EDGE('',*,*,#4321,.T.);
#6065=ORIENTED_EDGE('',*,*,#4322,.T.);
#6066=ORIENTED_EDGE('',*,*,#4323,.T.);
#6067=ORIENTED_EDGE('',*,*,#4324,.T.);
#6068=ORIENTED_EDGE('',*,*,#4294,.F.);
#6069=ORIENTED_EDGE('',*,*,#4323,.F.);
#6070=ORIENTED_EDGE('',*,*,#4325,.T.);
#6071=ORIENTED_EDGE('',*,*,#4326,.T.);
#6072=ORIENTED_EDGE('',*,*,#4327,.T.);
#6073=ORIENTED_EDGE('',*,*,#4328,.F.);
#6074=ORIENTED_EDGE('',*,*,#4329,.F.);
#6075=ORIENTED_EDGE('',*,*,#4330,.F.);
#6076=ORIENTED_EDGE('',*,*,#4331,.T.);
#6077=ORIENTED_EDGE('',*,*,#4332,.T.);
#6078=ORIENTED_EDGE('',*,*,#4333,.F.);
#6079=ORIENTED_EDGE('',*,*,#4322,.F.);
#6080=ORIENTED_EDGE('',*,*,#4293,.F.);
#6081=ORIENTED_EDGE('',*,*,#4295,.F.);
#6082=ORIENTED_EDGE('',*,*,#4334,.T.);
#6083=ORIENTED_EDGE('',*,*,#4335,.T.);
#6084=ORIENTED_EDGE('',*,*,#4325,.F.);
#6085=ORIENTED_EDGE('',*,*,#4300,.F.);
#6086=ORIENTED_EDGE('',*,*,#4336,.T.);
#6087=ORIENTED_EDGE('',*,*,#4337,.T.);
#6088=ORIENTED_EDGE('',*,*,#4334,.F.);
#6089=ORIENTED_EDGE('',*,*,#4317,.F.);
#6090=ORIENTED_EDGE('',*,*,#4314,.F.);
#6091=ORIENTED_EDGE('',*,*,#4312,.F.);
#6092=ORIENTED_EDGE('',*,*,#4338,.F.);
#6093=ORIENTED_EDGE('',*,*,#4339,.T.);
#6094=ORIENTED_EDGE('',*,*,#4336,.F.);
#6095=ORIENTED_EDGE('',*,*,#4324,.F.);
#6096=ORIENTED_EDGE('',*,*,#4333,.T.);
#6097=ORIENTED_EDGE('',*,*,#4340,.T.);
#6098=ORIENTED_EDGE('',*,*,#4310,.F.);
#6099=ORIENTED_EDGE('',*,*,#4341,.T.);
#6100=ORIENTED_EDGE('',*,*,#4304,.F.);
#6101=ORIENTED_EDGE('',*,*,#4342,.T.);
#6102=ORIENTED_EDGE('',*,*,#4311,.F.);
#6103=ORIENTED_EDGE('',*,*,#4340,.F.);
#6104=ORIENTED_EDGE('',*,*,#4332,.F.);
#6105=ORIENTED_EDGE('',*,*,#4343,.T.);
#6106=ORIENTED_EDGE('',*,*,#4344,.T.);
#6107=ORIENTED_EDGE('',*,*,#4345,.F.);
#6108=ORIENTED_EDGE('',*,*,#4346,.F.);
#6109=ORIENTED_EDGE('',*,*,#4347,.T.);
#6110=ORIENTED_EDGE('',*,*,#4348,.T.);
#6111=ORIENTED_EDGE('',*,*,#4338,.T.);
#6112=ORIENTED_EDGE('',*,*,#4296,.F.);
#6113=ORIENTED_EDGE('',*,*,#4320,.F.);
#6114=ORIENTED_EDGE('',*,*,#4318,.F.);
#6115=ORIENTED_EDGE('',*,*,#4316,.F.);
#6116=ORIENTED_EDGE('',*,*,#4298,.F.);
#6117=ORIENTED_EDGE('',*,*,#4349,.T.);
#6118=ORIENTED_EDGE('',*,*,#4350,.T.);
#6119=ORIENTED_EDGE('',*,*,#4351,.T.);
#6120=ORIENTED_EDGE('',*,*,#4352,.T.);
#6121=ORIENTED_EDGE('',*,*,#4350,.F.);
#6122=ORIENTED_EDGE('',*,*,#4352,.F.);
#6123=ORIENTED_EDGE('',*,*,#4353,.T.);
#6124=ORIENTED_EDGE('',*,*,#4354,.T.);
#6125=ORIENTED_EDGE('',*,*,#4353,.F.);
#6126=ORIENTED_EDGE('',*,*,#4351,.F.);
#6127=ORIENTED_EDGE('',*,*,#4349,.F.);
#6128=ORIENTED_EDGE('',*,*,#4355,.T.);
#6129=ORIENTED_EDGE('',*,*,#4356,.F.);
#6130=ORIENTED_EDGE('',*,*,#4357,.F.);
#6131=ORIENTED_EDGE('',*,*,#4358,.F.);
#6132=ORIENTED_EDGE('',*,*,#4359,.T.);
#6133=ORIENTED_EDGE('',*,*,#4357,.T.);
#6134=ORIENTED_EDGE('',*,*,#4360,.T.);
#6135=ORIENTED_EDGE('',*,*,#4361,.T.);
#6136=ORIENTED_EDGE('',*,*,#4362,.T.);
#6137=ORIENTED_EDGE('',*,*,#4356,.T.);
#6138=ORIENTED_EDGE('',*,*,#4363,.T.);
#6139=ORIENTED_EDGE('',*,*,#4364,.T.);
#6140=ORIENTED_EDGE('',*,*,#4365,.F.);
#6141=ORIENTED_EDGE('',*,*,#4366,.F.);
#6142=ORIENTED_EDGE('',*,*,#4367,.F.);
#6143=ORIENTED_EDGE('',*,*,#4368,.T.);
#6144=ORIENTED_EDGE('',*,*,#4369,.T.);
#6145=ORIENTED_EDGE('',*,*,#4366,.T.);
#6146=ORIENTED_EDGE('',*,*,#4370,.T.);
#6147=ORIENTED_EDGE('',*,*,#4371,.T.);
#6148=ORIENTED_EDGE('',*,*,#4372,.T.);
#6149=ORIENTED_EDGE('',*,*,#4373,.T.);
#6150=ORIENTED_EDGE('',*,*,#4364,.F.);
#6151=ORIENTED_EDGE('',*,*,#4374,.F.);
#6152=ORIENTED_EDGE('',*,*,#4375,.F.);
#6153=ORIENTED_EDGE('',*,*,#4376,.F.);
#6154=ORIENTED_EDGE('',*,*,#4377,.T.);
#6155=ORIENTED_EDGE('',*,*,#4378,.T.);
#6156=ORIENTED_EDGE('',*,*,#4379,.T.);
#6157=ORIENTED_EDGE('',*,*,#4380,.T.);
#6158=ORIENTED_EDGE('',*,*,#4381,.T.);
#6159=ORIENTED_EDGE('',*,*,#4375,.T.);
#6160=ORIENTED_EDGE('',*,*,#4382,.T.);
#6161=ORIENTED_EDGE('',*,*,#4380,.F.);
#6162=ORIENTED_EDGE('',*,*,#4383,.T.);
#6163=ORIENTED_EDGE('',*,*,#4376,.T.);
#6164=ORIENTED_EDGE('',*,*,#4384,.T.);
#6165=ORIENTED_EDGE('',*,*,#4372,.F.);
#6166=ORIENTED_EDGE('',*,*,#4374,.T.);
#6167=ORIENTED_EDGE('',*,*,#4385,.T.);
#6168=ORIENTED_EDGE('',*,*,#4367,.T.);
#6169=ORIENTED_EDGE('',*,*,#4386,.T.);
#6170=ORIENTED_EDGE('',*,*,#4365,.T.);
#6171=ORIENTED_EDGE('',*,*,#4387,.T.);
#6172=ORIENTED_EDGE('',*,*,#4358,.T.);
#6173=ORIENTED_EDGE('',*,*,#4388,.T.);
#6174=ORIENTED_EDGE('',*,*,#4389,.T.);
#6175=ORIENTED_EDGE('',*,*,#4346,.T.);
#6176=ORIENTED_EDGE('',*,*,#4390,.T.);
#6177=ORIENTED_EDGE('',*,*,#4361,.F.);
#6178=ORIENTED_EDGE('',*,*,#4389,.F.);
#6179=ORIENTED_EDGE('',*,*,#4360,.F.);
#6180=ORIENTED_EDGE('',*,*,#4362,.F.);
#6181=ORIENTED_EDGE('',*,*,#4391,.T.);
#6182=ORIENTED_EDGE('',*,*,#4392,.T.);
#6183=ORIENTED_EDGE('',*,*,#4347,.F.);
#6184=ORIENTED_EDGE('',*,*,#4373,.F.);
#6185=ORIENTED_EDGE('',*,*,#4393,.F.);
#6186=ORIENTED_EDGE('',*,*,#4394,.T.);
#6187=ORIENTED_EDGE('',*,*,#4391,.F.);
#6188=ORIENTED_EDGE('',*,*,#4384,.F.);
#6189=ORIENTED_EDGE('',*,*,#4381,.F.);
#6190=ORIENTED_EDGE('',*,*,#4379,.F.);
#6191=ORIENTED_EDGE('',*,*,#4395,.F.);
#6192=ORIENTED_EDGE('',*,*,#4396,.T.);
#6193=ORIENTED_EDGE('',*,*,#4393,.T.);
#6194=ORIENTED_EDGE('',*,*,#4390,.F.);
#6195=ORIENTED_EDGE('',*,*,#4345,.T.);
#6196=ORIENTED_EDGE('',*,*,#4397,.T.);
#6197=ORIENTED_EDGE('',*,*,#4377,.F.);
#6198=ORIENTED_EDGE('',*,*,#4398,.T.);
#6199=ORIENTED_EDGE('',*,*,#4368,.F.);
#6200=ORIENTED_EDGE('',*,*,#4399,.T.);
#6201=ORIENTED_EDGE('',*,*,#4378,.F.);
#6202=ORIENTED_EDGE('',*,*,#4397,.F.);
#6203=ORIENTED_EDGE('',*,*,#4344,.F.);
#6204=ORIENTED_EDGE('',*,*,#4400,.T.);
#6205=ORIENTED_EDGE('',*,*,#4401,.T.);
#6206=ORIENTED_EDGE('',*,*,#4402,.F.);
#6207=ORIENTED_EDGE('',*,*,#4403,.F.);
#6208=ORIENTED_EDGE('',*,*,#4404,.T.);
#6209=ORIENTED_EDGE('',*,*,#4405,.T.);
#6210=ORIENTED_EDGE('',*,*,#4395,.T.);
#6211=ORIENTED_EDGE('',*,*,#4363,.F.);
#6212=ORIENTED_EDGE('',*,*,#4387,.F.);
#6213=ORIENTED_EDGE('',*,*,#4385,.F.);
#6214=ORIENTED_EDGE('',*,*,#4383,.F.);
#6215=ORIENTED_EDGE('',*,*,#4371,.F.);
#6216=ORIENTED_EDGE('',*,*,#4406,.T.);
#6217=ORIENTED_EDGE('',*,*,#4328,.T.);
#6218=ORIENTED_EDGE('',*,*,#4407,.T.);
#6219=ORIENTED_EDGE('',*,*,#4408,.T.);
#6220=ORIENTED_EDGE('',*,*,#4409,.F.);
#6221=ORIENTED_EDGE('',*,*,#4410,.F.);
#6222=ORIENTED_EDGE('',*,*,#4411,.F.);
#6223=ORIENTED_EDGE('',*,*,#4412,.T.);
#6224=ORIENTED_EDGE('',*,*,#4410,.T.);
#6225=ORIENTED_EDGE('',*,*,#4413,.T.);
#6226=ORIENTED_EDGE('',*,*,#4408,.F.);
#6227=ORIENTED_EDGE('',*,*,#4414,.F.);
#6228=ORIENTED_EDGE('',*,*,#4415,.F.);
#6229=ORIENTED_EDGE('',*,*,#4416,.F.);
#6230=ORIENTED_EDGE('',*,*,#4417,.T.);
#6231=ORIENTED_EDGE('',*,*,#4418,.T.);
#6232=ORIENTED_EDGE('',*,*,#4415,.T.);
#6233=ORIENTED_EDGE('',*,*,#4419,.T.);
#6234=ORIENTED_EDGE('',*,*,#4409,.T.);
#6235=ORIENTED_EDGE('',*,*,#4420,.T.);
#6236=ORIENTED_EDGE('',*,*,#4416,.T.);
#6237=ORIENTED_EDGE('',*,*,#4421,.T.);
#6238=ORIENTED_EDGE('',*,*,#4422,.F.);
#6239=ORIENTED_EDGE('',*,*,#4423,.F.);
#6240=ORIENTED_EDGE('',*,*,#4424,.F.);
#6241=ORIENTED_EDGE('',*,*,#4425,.T.);
#6242=ORIENTED_EDGE('',*,*,#4423,.T.);
#6243=ORIENTED_EDGE('',*,*,#4426,.T.);
#6244=ORIENTED_EDGE('',*,*,#4427,.T.);
#6245=ORIENTED_EDGE('',*,*,#4428,.T.);
#6246=ORIENTED_EDGE('',*,*,#4429,.T.);
#6247=ORIENTED_EDGE('',*,*,#4430,.T.);
#6248=ORIENTED_EDGE('',*,*,#4427,.F.);
#6249=ORIENTED_EDGE('',*,*,#4414,.T.);
#6250=ORIENTED_EDGE('',*,*,#4431,.T.);
#6251=ORIENTED_EDGE('',*,*,#4424,.T.);
#6252=ORIENTED_EDGE('',*,*,#4432,.T.);
#6253=ORIENTED_EDGE('',*,*,#4433,.T.);
#6254=ORIENTED_EDGE('',*,*,#4422,.T.);
#6255=ORIENTED_EDGE('',*,*,#4434,.T.);
#6256=ORIENTED_EDGE('',*,*,#4435,.T.);
#6257=ORIENTED_EDGE('',*,*,#4436,.T.);
#6258=ORIENTED_EDGE('',*,*,#4435,.F.);
#6259=ORIENTED_EDGE('',*,*,#4437,.T.);
#6260=ORIENTED_EDGE('',*,*,#4438,.T.);
#6261=ORIENTED_EDGE('',*,*,#4439,.T.);
#6262=ORIENTED_EDGE('',*,*,#4411,.T.);
#6263=ORIENTED_EDGE('',*,*,#4440,.T.);
#6264=ORIENTED_EDGE('',*,*,#4438,.F.);
#6265=ORIENTED_EDGE('',*,*,#4413,.F.);
#6266=ORIENTED_EDGE('',*,*,#4421,.F.);
#6267=ORIENTED_EDGE('',*,*,#4418,.F.);
#6268=ORIENTED_EDGE('',*,*,#4441,.F.);
#6269=ORIENTED_EDGE('',*,*,#4419,.F.);
#6270=ORIENTED_EDGE('',*,*,#4432,.F.);
#6271=ORIENTED_EDGE('',*,*,#4425,.F.);
#6272=ORIENTED_EDGE('',*,*,#4442,.F.);
#6273=ORIENTED_EDGE('',*,*,#4429,.F.);
#6274=ORIENTED_EDGE('',*,*,#4443,.T.);
#6275=ORIENTED_EDGE('',*,*,#4444,.T.);
#6276=ORIENTED_EDGE('',*,*,#4445,.T.);
#6277=ORIENTED_EDGE('',*,*,#4446,.F.);
#6278=ORIENTED_EDGE('',*,*,#4447,.F.);
#6279=ORIENTED_EDGE('',*,*,#4401,.F.);
#6280=ORIENTED_EDGE('',*,*,#4448,.T.);
#6281=ORIENTED_EDGE('',*,*,#4330,.T.);
#6282=ORIENTED_EDGE('',*,*,#4449,.F.);
#6283=ORIENTED_EDGE('',*,*,#4420,.F.);
#6284=ORIENTED_EDGE('',*,*,#4439,.F.);
#6285=ORIENTED_EDGE('',*,*,#4437,.F.);
#6286=ORIENTED_EDGE('',*,*,#4434,.F.);
#6287=ORIENTED_EDGE('',*,*,#4431,.F.);
#6288=ORIENTED_EDGE('',*,*,#4450,.F.);
#6289=ORIENTED_EDGE('',*,*,#4451,.F.);
#6290=ORIENTED_EDGE('',*,*,#4452,.F.);
#6291=ORIENTED_EDGE('',*,*,#4453,.T.);
#6292=ORIENTED_EDGE('',*,*,#4451,.T.);
#6293=ORIENTED_EDGE('',*,*,#4454,.T.);
#6294=ORIENTED_EDGE('',*,*,#4455,.T.);
#6295=ORIENTED_EDGE('',*,*,#4456,.T.);
#6296=ORIENTED_EDGE('',*,*,#4450,.T.);
#6297=ORIENTED_EDGE('',*,*,#4457,.T.);
#6298=ORIENTED_EDGE('',*,*,#4458,.T.);
#6299=ORIENTED_EDGE('',*,*,#4459,.T.);
#6300=ORIENTED_EDGE('',*,*,#4460,.T.);
#6301=ORIENTED_EDGE('',*,*,#4461,.T.);
#6302=ORIENTED_EDGE('',*,*,#4458,.F.);
#6303=ORIENTED_EDGE('',*,*,#4462,.F.);
#6304=ORIENTED_EDGE('',*,*,#4463,.F.);
#6305=ORIENTED_EDGE('',*,*,#4464,.F.);
#6306=ORIENTED_EDGE('',*,*,#4465,.T.);
#6307=ORIENTED_EDGE('',*,*,#4466,.T.);
#6308=ORIENTED_EDGE('',*,*,#4463,.T.);
#6309=ORIENTED_EDGE('',*,*,#4467,.T.);
#6310=ORIENTED_EDGE('',*,*,#4468,.F.);
#6311=ORIENTED_EDGE('',*,*,#4469,.F.);
#6312=ORIENTED_EDGE('',*,*,#4470,.F.);
#6313=ORIENTED_EDGE('',*,*,#4471,.T.);
#6314=ORIENTED_EDGE('',*,*,#4446,.T.);
#6315=ORIENTED_EDGE('',*,*,#4472,.T.);
#6316=ORIENTED_EDGE('',*,*,#4473,.T.);
#6317=ORIENTED_EDGE('',*,*,#4474,.T.);
#6318=ORIENTED_EDGE('',*,*,#4469,.T.);
#6319=ORIENTED_EDGE('',*,*,#4475,.T.);
#6320=ORIENTED_EDGE('',*,*,#4473,.F.);
#6321=ORIENTED_EDGE('',*,*,#4476,.T.);
#6322=ORIENTED_EDGE('',*,*,#4470,.T.);
#6323=ORIENTED_EDGE('',*,*,#4477,.T.);
#6324=ORIENTED_EDGE('',*,*,#4460,.F.);
#6325=ORIENTED_EDGE('',*,*,#4468,.T.);
#6326=ORIENTED_EDGE('',*,*,#4478,.T.);
#6327=ORIENTED_EDGE('',*,*,#4464,.T.);
#6328=ORIENTED_EDGE('',*,*,#4479,.T.);
#6329=ORIENTED_EDGE('',*,*,#4462,.T.);
#6330=ORIENTED_EDGE('',*,*,#4480,.T.);
#6331=ORIENTED_EDGE('',*,*,#4452,.T.);
#6332=ORIENTED_EDGE('',*,*,#4481,.T.);
#6333=ORIENTED_EDGE('',*,*,#4482,.T.);
#6334=ORIENTED_EDGE('',*,*,#4403,.T.);
#6335=ORIENTED_EDGE('',*,*,#4483,.T.);
#6336=ORIENTED_EDGE('',*,*,#4455,.F.);
#6337=ORIENTED_EDGE('',*,*,#4475,.F.);
#6338=ORIENTED_EDGE('',*,*,#4479,.F.);
#6339=ORIENTED_EDGE('',*,*,#4466,.F.);
#6340=ORIENTED_EDGE('',*,*,#4484,.F.);
#6341=ORIENTED_EDGE('',*,*,#4467,.F.);
#6342=ORIENTED_EDGE('',*,*,#4481,.F.);
#6343=ORIENTED_EDGE('',*,*,#4453,.F.);
#6344=ORIENTED_EDGE('',*,*,#4485,.F.);
#6345=ORIENTED_EDGE('',*,*,#4457,.F.);
#6346=ORIENTED_EDGE('',*,*,#4480,.F.);
#6347=ORIENTED_EDGE('',*,*,#4478,.F.);
#6348=ORIENTED_EDGE('',*,*,#4476,.F.);
#6349=ORIENTED_EDGE('',*,*,#4459,.F.);
#6350=ORIENTED_EDGE('',*,*,#4396,.F.);
#6351=ORIENTED_EDGE('',*,*,#4405,.F.);
#6352=ORIENTED_EDGE('',*,*,#4486,.F.);
#6353=ORIENTED_EDGE('',*,*,#4487,.F.);
#6354=ORIENTED_EDGE('',*,*,#4488,.F.);
#6355=ORIENTED_EDGE('',*,*,#4444,.F.);
#6356=ORIENTED_EDGE('',*,*,#4489,.F.);
#6357=ORIENTED_EDGE('',*,*,#4490,.F.);
#6358=ORIENTED_EDGE('',*,*,#4491,.F.);
#6359=ORIENTED_EDGE('',*,*,#4326,.F.);
#6360=ORIENTED_EDGE('',*,*,#4335,.F.);
#6361=ORIENTED_EDGE('',*,*,#4337,.F.);
#6362=ORIENTED_EDGE('',*,*,#4339,.F.);
#6363=ORIENTED_EDGE('',*,*,#4348,.F.);
#6364=ORIENTED_EDGE('',*,*,#4392,.F.);
#6365=ORIENTED_EDGE('',*,*,#4394,.F.);
#6366=ORIENTED_EDGE('',*,*,#4354,.F.);
#6367=ORIENTED_EDGE('',*,*,#4471,.F.);
#6368=ORIENTED_EDGE('',*,*,#4484,.T.);
#6369=ORIENTED_EDGE('',*,*,#4465,.F.);
#6370=ORIENTED_EDGE('',*,*,#4485,.T.);
#6371=ORIENTED_EDGE('',*,*,#4483,.F.);
#6372=ORIENTED_EDGE('',*,*,#4402,.T.);
#6373=ORIENTED_EDGE('',*,*,#4447,.T.);
#6374=ORIENTED_EDGE('',*,*,#4406,.F.);
#6375=ORIENTED_EDGE('',*,*,#4441,.T.);
#6376=ORIENTED_EDGE('',*,*,#4417,.F.);
#6377=ORIENTED_EDGE('',*,*,#4442,.T.);
#6378=ORIENTED_EDGE('',*,*,#4430,.F.);
#6379=ORIENTED_EDGE('',*,*,#4449,.T.);
#6380=ORIENTED_EDGE('',*,*,#4329,.T.);
#6381=ORIENTED_EDGE('',*,*,#4407,.F.);
#6382=ORIENTED_EDGE('',*,*,#4327,.F.);
#6383=ORIENTED_EDGE('',*,*,#4491,.T.);
#6384=ORIENTED_EDGE('',*,*,#4492,.T.);
#6385=ORIENTED_EDGE('',*,*,#4440,.F.);
#6386=ORIENTED_EDGE('',*,*,#4412,.F.);
#6387=ORIENTED_EDGE('',*,*,#4433,.F.);
#6388=ORIENTED_EDGE('',*,*,#4493,.T.);
#6389=ORIENTED_EDGE('',*,*,#4489,.T.);
#6390=ORIENTED_EDGE('',*,*,#4443,.F.);
#6391=ORIENTED_EDGE('',*,*,#4428,.F.);
#6392=ORIENTED_EDGE('',*,*,#4426,.F.);
#6393=ORIENTED_EDGE('',*,*,#4436,.F.);
#6394=ORIENTED_EDGE('',*,*,#4492,.F.);
#6395=ORIENTED_EDGE('',*,*,#4490,.T.);
#6396=ORIENTED_EDGE('',*,*,#4493,.F.);
#6397=ORIENTED_EDGE('',*,*,#4305,.F.);
#6398=ORIENTED_EDGE('',*,*,#4341,.F.);
#6399=ORIENTED_EDGE('',*,*,#4315,.F.);
#6400=ORIENTED_EDGE('',*,*,#4319,.F.);
#6401=ORIENTED_EDGE('',*,*,#4292,.F.);
#6402=ORIENTED_EDGE('',*,*,#4342,.F.);
#6403=ORIENTED_EDGE('',*,*,#4306,.F.);
#6404=ORIENTED_EDGE('',*,*,#4321,.F.);
#6405=ORIENTED_EDGE('',*,*,#4456,.F.);
#6406=ORIENTED_EDGE('',*,*,#4494,.T.);
#6407=ORIENTED_EDGE('',*,*,#4486,.T.);
#6408=ORIENTED_EDGE('',*,*,#4404,.F.);
#6409=ORIENTED_EDGE('',*,*,#4482,.F.);
#6410=ORIENTED_EDGE('',*,*,#4454,.F.);
#6411=ORIENTED_EDGE('',*,*,#4461,.F.);
#6412=ORIENTED_EDGE('',*,*,#4495,.T.);
#6413=ORIENTED_EDGE('',*,*,#4487,.T.);
#6414=ORIENTED_EDGE('',*,*,#4494,.F.);
#6415=ORIENTED_EDGE('',*,*,#4472,.F.);
#6416=ORIENTED_EDGE('',*,*,#4445,.F.);
#6417=ORIENTED_EDGE('',*,*,#4488,.T.);
#6418=ORIENTED_EDGE('',*,*,#4495,.F.);
#6419=ORIENTED_EDGE('',*,*,#4477,.F.);
#6420=ORIENTED_EDGE('',*,*,#4474,.F.);
#6421=ORIENTED_EDGE('',*,*,#4369,.F.);
#6422=ORIENTED_EDGE('',*,*,#4398,.F.);
#6423=ORIENTED_EDGE('',*,*,#4382,.F.);
#6424=ORIENTED_EDGE('',*,*,#4386,.F.);
#6425=ORIENTED_EDGE('',*,*,#4359,.F.);
#6426=ORIENTED_EDGE('',*,*,#4399,.F.);
#6427=ORIENTED_EDGE('',*,*,#4370,.F.);
#6428=ORIENTED_EDGE('',*,*,#4388,.F.);
#6429=ORIENTED_EDGE('',*,*,#4496,.F.);
#6430=ORIENTED_EDGE('',*,*,#4497,.T.);
#6431=ORIENTED_EDGE('',*,*,#4498,.T.);
#6432=ORIENTED_EDGE('',*,*,#4499,.F.);
#6433=ORIENTED_EDGE('',*,*,#4500,.F.);
#6434=ORIENTED_EDGE('',*,*,#4501,.T.);
#6435=ORIENTED_EDGE('',*,*,#4502,.T.);
#6436=ORIENTED_EDGE('',*,*,#4497,.F.);
#6437=ORIENTED_EDGE('',*,*,#4503,.F.);
#6438=ORIENTED_EDGE('',*,*,#4504,.T.);
#6439=ORIENTED_EDGE('',*,*,#4505,.T.);
#6440=ORIENTED_EDGE('',*,*,#4501,.F.);
#6441=ORIENTED_EDGE('',*,*,#4506,.F.);
#6442=ORIENTED_EDGE('',*,*,#4507,.T.);
#6443=ORIENTED_EDGE('',*,*,#4508,.T.);
#6444=ORIENTED_EDGE('',*,*,#4504,.F.);
#6445=ORIENTED_EDGE('',*,*,#4509,.F.);
#6446=ORIENTED_EDGE('',*,*,#4510,.T.);
#6447=ORIENTED_EDGE('',*,*,#4511,.T.);
#6448=ORIENTED_EDGE('',*,*,#4507,.F.);
#6449=ORIENTED_EDGE('',*,*,#4512,.F.);
#6450=ORIENTED_EDGE('',*,*,#4499,.T.);
#6451=ORIENTED_EDGE('',*,*,#4513,.T.);
#6452=ORIENTED_EDGE('',*,*,#4510,.F.);
#6453=ORIENTED_EDGE('',*,*,#4513,.F.);
#6454=ORIENTED_EDGE('',*,*,#4498,.F.);
#6455=ORIENTED_EDGE('',*,*,#4502,.F.);
#6456=ORIENTED_EDGE('',*,*,#4505,.F.);
#6457=ORIENTED_EDGE('',*,*,#4508,.F.);
#6458=ORIENTED_EDGE('',*,*,#4511,.F.);
#6459=ORIENTED_EDGE('',*,*,#4514,.F.);
#6460=ORIENTED_EDGE('',*,*,#4355,.F.);
#6461=ORIENTED_EDGE('',*,*,#4515,.T.);
#6462=ORIENTED_EDGE('',*,*,#4514,.T.);
#6463=ORIENTED_EDGE('',*,*,#4515,.F.);
#6464=ORIENTED_EDGE('',*,*,#4448,.F.);
#6465=ORIENTED_EDGE('',*,*,#4400,.F.);
#6466=ORIENTED_EDGE('',*,*,#4343,.F.);
#6467=ORIENTED_EDGE('',*,*,#4331,.F.);
#6468=ORIENTED_EDGE('',*,*,#4496,.T.);
#6469=ORIENTED_EDGE('',*,*,#4512,.T.);
#6470=ORIENTED_EDGE('',*,*,#4509,.T.);
#6471=ORIENTED_EDGE('',*,*,#4506,.T.);
#6472=ORIENTED_EDGE('',*,*,#4503,.T.);
#6473=ORIENTED_EDGE('',*,*,#4500,.T.);
#6474=PLANE('',#7206);
#6475=PLANE('',#7210);
#6476=PLANE('',#7211);
#6477=PLANE('',#7212);
#6478=PLANE('',#7213);
#6479=PLANE('',#7214);
#6480=PLANE('',#7215);
#6481=PLANE('',#7218);
#6482=PLANE('',#7223);
#6483=PLANE('',#7224);
#6484=PLANE('',#7225);
#6485=PLANE('',#7226);
#6486=PLANE('',#7227);
#6487=PLANE('',#7228);
#6488=PLANE('',#7229);
#6489=PLANE('',#7230);
#6490=PLANE('',#7231);
#6491=PLANE('',#7233);
#6492=PLANE('',#7234);
#6493=PLANE('',#7239);
#6494=PLANE('',#7242);
#6495=PLANE('',#7243);
#6496=PLANE('',#7244);
#6497=PLANE('',#7245);
#6498=PLANE('',#7246);
#6499=PLANE('',#7250);
#6500=PLANE('',#7272);
#6501=PLANE('',#7275);
#6502=PLANE('',#7278);
#6503=PLANE('',#7317);
#6504=PLANE('',#7318);
#6505=PLANE('',#7319);
#6506=PLANE('',#7320);
#6507=PLANE('',#7321);
#6508=PLANE('',#7358);
#6509=PLANE('',#7359);
#6510=PLANE('',#7360);
#6511=PLANE('',#7362);
#6512=PLANE('',#7395);
#6513=PLANE('',#7396);
#6514=PLANE('',#7397);
#6515=PLANE('',#7398);
#6516=PLANE('',#7435);
#6517=PLANE('',#7436);
#6518=PLANE('',#7437);
#6519=PLANE('',#7440);
#6520=PLANE('',#7441);
#6521=PLANE('',#7444);
#6522=PLANE('',#7445);
#6523=PLANE('',#7446);
#6524=PLANE('',#7447);
#6525=PLANE('',#7449);
#6526=PLANE('',#7451);
#6527=PLANE('',#7453);
#6528=PLANE('',#7454);
#6529=PLANE('',#7455);
#6530=PLANE('',#7456);
#6531=PLANE('',#7457);
#6532=PLANE('',#7458);
#6533=PLANE('',#7459);
#6534=PLANE('',#7462);
#6535=PLANE('',#7463);
#6536=PLANE('',#7465);
#6537=PLANE('',#7466);
#6538=PLANE('',#7467);
#6539=PLANE('',#7468);
#6540=PLANE('',#7469);
#6541=PLANE('',#7470);
#6542=PLANE('',#7474);
#6543=PLANE('',#7481);
#6544=PLANE('',#7482);
#6545=PLANE('',#7483);
#6546=PLANE('',#7484);
#6547=PLANE('',#7485);
#6548=PLANE('',#7486);
#6549=PLANE('',#7487);
#6550=PLANE('',#7488);
#6551=PLANE('',#7489);
#6552=PLANE('',#7490);
#6553=PLANE('',#7491);
#6554=PLANE('',#7492);
#6555=PLANE('',#7493);
#6556=PLANE('',#7494);
#6557=PLANE('',#7495);
#6558=PLANE('',#7496);
#6559=PLANE('',#7504);
#6560=PLANE('',#7514);
#6561=PLANE('',#7532);
#6562=PLANE('',#7539);
#6563=PLANE('',#7552);
#6564=PLANE('',#7566);
#6565=PLANE('',#7574);
#6566=PLANE('',#7582);
#6567=PLANE('',#7603);
#6568=PLANE('',#7610);
#6569=PLANE('',#7617);
#6570=PLANE('',#7625);
#6571=PLANE('',#7644);
#6572=PLANE('',#7653);
#6573=PLANE('',#7663);
#6574=PLANE('',#7681);
#6575=PLANE('',#7694);
#6576=PLANE('',#7700);
#6577=PLANE('',#7733);
#6578=PLANE('',#7734);
#6579=PLANE('',#7735);
#6580=PLANE('',#7754);
#6581=PLANE('',#7755);
#6582=PLANE('',#7756);
#6583=PLANE('',#7757);
#6584=PLANE('',#7764);
#6585=PLANE('',#7765);
#6586=PLANE('',#7766);
#6587=PLANE('',#7767);
#6588=PLANE('',#7807);
#6589=PLANE('',#7808);
#6590=PLANE('',#7809);
#6591=PLANE('',#7814);
#6592=PLANE('',#7815);
#6593=PLANE('',#7816);
#6594=PLANE('',#7817);
#6595=PLANE('',#7818);
#6596=PLANE('',#7819);
#6597=PLANE('',#7820);
#6598=PLANE('',#7821);
#6599=PLANE('',#7822);
#6600=PLANE('',#7823);
#6601=PLANE('',#7824);
#6602=PLANE('',#7828);
#6603=PLANE('',#7829);
#6604=PLANE('',#7830);
#6605=PLANE('',#7831);
#6606=PLANE('',#7832);
#6607=PLANE('',#7833);
#6608=PLANE('',#7864);
#6609=PLANE('',#7866);
#6610=PLANE('',#7869);
#6611=PLANE('',#7870);
#6612=PLANE('',#7871);
#6613=PLANE('',#7873);
#6614=PLANE('',#7881);
#6615=PLANE('',#7911);
#6616=PLANE('',#7914);
#6617=PLANE('',#7915);
#6618=PLANE('',#7916);
#6619=PLANE('',#7918);
#6620=PLANE('',#7947);
#6621=PLANE('',#7948);
#6622=PLANE('',#7949);
#6623=PLANE('',#7951);
#6624=PLANE('',#7979);
#6625=PLANE('',#7980);
#6626=PLANE('',#7981);
#6627=PLANE('',#7982);
#6628=PLANE('',#7985);
#6629=PLANE('',#7986);
#6630=PLANE('',#7987);
#6631=PLANE('',#7988);
#6632=PLANE('',#7990);
#6633=PLANE('',#7991);
#6634=PLANE('',#7992);
#6635=PLANE('',#7994);
#6636=PLANE('',#7995);
#6637=PLANE('',#7996);
#6638=PLANE('',#7997);
#6639=PLANE('',#7998);
#6640=PLANE('',#7999);
#6641=PLANE('',#8000);
#6642=PLANE('',#8001);
#6643=PLANE('',#8002);
#6644=PLANE('',#8003);
#6645=PLANE('',#8006);
#6646=ADVANCED_FACE('',(#889),#6474,.T.);
#6647=ADVANCED_FACE('',(#890),#715,.T.);
#6648=ADVANCED_FACE('',(#891),#6475,.T.);
#6649=ADVANCED_FACE('',(#892),#6476,.T.);
#6650=ADVANCED_FACE('',(#893),#6477,.F.);
#6651=ADVANCED_FACE('',(#894),#6478,.T.);
#6652=ADVANCED_FACE('',(#895),#6479,.T.);
#6653=ADVANCED_FACE('',(#896),#6480,.T.);
#6654=ADVANCED_FACE('',(#897),#6481,.F.);
#6655=ADVANCED_FACE('',(#898),#716,.T.);
#6656=ADVANCED_FACE('',(#899),#717,.T.);
#6657=ADVANCED_FACE('',(#900),#6482,.T.);
#6658=ADVANCED_FACE('',(#901),#6483,.T.);
#6659=ADVANCED_FACE('',(#902),#6484,.T.);
#6660=ADVANCED_FACE('',(#903),#6485,.T.);
#6661=ADVANCED_FACE('',(#904),#6486,.T.);
#6662=ADVANCED_FACE('',(#905),#6487,.F.);
#6663=ADVANCED_FACE('',(#906),#6488,.T.);
#6664=ADVANCED_FACE('',(#907),#6489,.T.);
#6665=ADVANCED_FACE('',(#908),#6490,.F.);
#6666=ADVANCED_FACE('',(#909),#6491,.F.);
#6667=ADVANCED_FACE('',(#910),#6492,.T.);
#6668=ADVANCED_FACE('',(#911),#718,.T.);
#6669=ADVANCED_FACE('',(#912),#6493,.T.);
#6670=ADVANCED_FACE('',(#913),#719,.T.);
#6671=ADVANCED_FACE('',(#914),#6494,.T.);
#6672=ADVANCED_FACE('',(#915),#6495,.T.);
#6673=ADVANCED_FACE('',(#916),#6496,.T.);
#6674=ADVANCED_FACE('',(#917),#6497,.T.);
#6675=ADVANCED_FACE('',(#918),#6498,.F.);
#6676=ADVANCED_FACE('',(#919),#720,.T.);
#6677=ADVANCED_FACE('',(#920,#292),#6499,.T.);
#6678=ADVANCED_FACE('',(#921),#721,.T.);
#6679=ADVANCED_FACE('',(#922),#722,.T.);
#6680=ADVANCED_FACE('',(#923),#6500,.T.);
#6681=ADVANCED_FACE('',(#924),#723,.T.);
#6682=ADVANCED_FACE('',(#925),#6501,.T.);
#6683=ADVANCED_FACE('',(#926),#724,.T.);
#6684=ADVANCED_FACE('',(#927),#6502,.T.);
#6685=ADVANCED_FACE('',(#928),#725,.T.);
#6686=ADVANCED_FACE('',(#929),#271,.T.);
#6687=ADVANCED_FACE('',(#930),#726,.T.);
#6688=ADVANCED_FACE('',(#931),#727,.T.);
#6689=ADVANCED_FACE('',(#932),#207,.T.);
#6690=ADVANCED_FACE('',(#933),#728,.T.);
#6691=ADVANCED_FACE('',(#934),#208,.T.);
#6692=ADVANCED_FACE('',(#935),#729,.T.);
#6693=ADVANCED_FACE('',(#936),#730,.T.);
#6694=ADVANCED_FACE('',(#937),#209,.T.);
#6695=ADVANCED_FACE('',(#938),#731,.T.);
#6696=ADVANCED_FACE('',(#939),#210,.T.);
#6697=ADVANCED_FACE('',(#940),#732,.T.);
#6698=ADVANCED_FACE('',(#941),#733,.T.);
#6699=ADVANCED_FACE('',(#942),#272,.T.);
#6700=ADVANCED_FACE('',(#943),#734,.T.);
#6701=ADVANCED_FACE('',(#944),#735,.T.);
#6702=ADVANCED_FACE('',(#945),#6503,.T.);
#6703=ADVANCED_FACE('',(#946),#6504,.T.);
#6704=ADVANCED_FACE('',(#947),#6505,.T.);
#6705=ADVANCED_FACE('',(#948),#6506,.T.);
#6706=ADVANCED_FACE('',(#949),#6507,.T.);
#6707=ADVANCED_FACE('',(#950),#273,.T.);
#6708=ADVANCED_FACE('',(#951),#736,.T.);
#6709=ADVANCED_FACE('',(#952),#737,.T.);
#6710=ADVANCED_FACE('',(#953),#211,.T.);
#6711=ADVANCED_FACE('',(#954),#738,.T.);
#6712=ADVANCED_FACE('',(#955),#212,.T.);
#6713=ADVANCED_FACE('',(#956),#739,.T.);
#6714=ADVANCED_FACE('',(#957),#213,.T.);
#6715=ADVANCED_FACE('',(#958),#740,.T.);
#6716=ADVANCED_FACE('',(#959),#741,.T.);
#6717=ADVANCED_FACE('',(#960),#214,.T.);
#6718=ADVANCED_FACE('',(#961),#742,.T.);
#6719=ADVANCED_FACE('',(#962),#274,.T.);
#6720=ADVANCED_FACE('',(#963),#743,.T.);
#6721=ADVANCED_FACE('',(#964),#744,.T.);
#6722=ADVANCED_FACE('',(#965),#745,.T.);
#6723=ADVANCED_FACE('',(#966),#6508,.T.);
#6724=ADVANCED_FACE('',(#967),#6509,.T.);
#6725=ADVANCED_FACE('',(#968),#6510,.T.);
#6726=ADVANCED_FACE('',(#969),#746,.F.);
#6727=ADVANCED_FACE('',(#970),#6511,.T.);
#6728=ADVANCED_FACE('',(#971),#747,.T.);
#6729=ADVANCED_FACE('',(#972),#215,.T.);
#6730=ADVANCED_FACE('',(#973),#748,.T.);
#6731=ADVANCED_FACE('',(#974),#216,.T.);
#6732=ADVANCED_FACE('',(#975),#749,.T.);
#6733=ADVANCED_FACE('',(#976),#750,.T.);
#6734=ADVANCED_FACE('',(#977),#217,.T.);
#6735=ADVANCED_FACE('',(#978),#751,.T.);
#6736=ADVANCED_FACE('',(#979),#218,.T.);
#6737=ADVANCED_FACE('',(#980),#752,.T.);
#6738=ADVANCED_FACE('',(#981),#753,.T.);
#6739=ADVANCED_FACE('',(#982),#754,.T.);
#6740=ADVANCED_FACE('',(#983),#755,.T.);
#6741=ADVANCED_FACE('',(#984),#275,.T.);
#6742=ADVANCED_FACE('',(#985),#6512,.T.);
#6743=ADVANCED_FACE('',(#986),#6513,.T.);
#6744=ADVANCED_FACE('',(#987),#6514,.T.);
#6745=ADVANCED_FACE('',(#988),#6515,.T.);
#6746=ADVANCED_FACE('',(#989),#276,.T.);
#6747=ADVANCED_FACE('',(#990),#756,.T.);
#6748=ADVANCED_FACE('',(#991),#757,.T.);
#6749=ADVANCED_FACE('',(#992),#219,.T.);
#6750=ADVANCED_FACE('',(#993),#758,.T.);
#6751=ADVANCED_FACE('',(#994),#220,.T.);
#6752=ADVANCED_FACE('',(#995),#759,.T.);
#6753=ADVANCED_FACE('',(#996),#760,.T.);
#6754=ADVANCED_FACE('',(#997),#221,.T.);
#6755=ADVANCED_FACE('',(#998),#761,.T.);
#6756=ADVANCED_FACE('',(#999),#222,.T.);
#6757=ADVANCED_FACE('',(#1000),#762,.T.);
#6758=ADVANCED_FACE('',(#1001),#763,.T.);
#6759=ADVANCED_FACE('',(#1002),#277,.T.);
#6760=ADVANCED_FACE('',(#1003),#764,.T.);
#6761=ADVANCED_FACE('',(#1004),#765,.T.);
#6762=ADVANCED_FACE('',(#1005),#6516,.T.);
#6763=ADVANCED_FACE('',(#1006),#6517,.T.);
#6764=ADVANCED_FACE('',(#1007),#6518,.T.);
#6765=ADVANCED_FACE('',(#1008),#278,.T.);
#6766=ADVANCED_FACE('',(#1009),#6519,.T.);
#6767=ADVANCED_FACE('',(#1010),#6520,.T.);
#6768=ADVANCED_FACE('',(#1011),#766,.T.);
#6769=ADVANCED_FACE('',(#1012),#6521,.T.);
#6770=ADVANCED_FACE('',(#1013),#6522,.T.);
#6771=ADVANCED_FACE('',(#1014),#6523,.T.);
#6772=ADVANCED_FACE('',(#1015),#6524,.T.);
#6773=ADVANCED_FACE('',(#1016),#767,.F.);
#6774=ADVANCED_FACE('',(#1017),#6525,.T.);
#6775=ADVANCED_FACE('',(#1018),#768,.F.);
#6776=ADVANCED_FACE('',(#1019),#6526,.T.);
#6777=ADVANCED_FACE('',(#1020),#769,.F.);
#6778=ADVANCED_FACE('',(#1021),#6527,.F.);
#6779=ADVANCED_FACE('',(#1022),#6528,.F.);
#6780=ADVANCED_FACE('',(#1023),#6529,.F.);
#6781=ADVANCED_FACE('',(#1024),#6530,.F.);
#6782=ADVANCED_FACE('',(#1025),#6531,.F.);
#6783=ADVANCED_FACE('',(#1026),#6532,.F.);
#6784=ADVANCED_FACE('',(#1027,#293),#6533,.F.);
#6785=ADVANCED_FACE('',(#1028),#770,.F.);
#6786=ADVANCED_FACE('',(#1029),#6534,.T.);
#6787=ADVANCED_FACE('',(#1030,#294),#6535,.F.);
#6788=ADVANCED_FACE('',(#1031),#6536,.F.);
#6789=ADVANCED_FACE('',(#1032),#6537,.F.);
#6790=ADVANCED_FACE('',(#1033),#6538,.T.);
#6791=ADVANCED_FACE('',(#1034),#6539,.T.);
#6792=ADVANCED_FACE('',(#1035),#6540,.T.);
#6793=ADVANCED_FACE('',(#1036),#6541,.T.);
#6794=ADVANCED_FACE('',(#1037),#6542,.F.);
#6795=ADVANCED_FACE('',(#1038),#771,.T.);
#6796=ADVANCED_FACE('',(#1039),#772,.T.);
#6797=ADVANCED_FACE('',(#1040),#773,.T.);
#6798=ADVANCED_FACE('',(#1041),#6543,.T.);
#6799=ADVANCED_FACE('',(#1042),#6544,.T.);
#6800=ADVANCED_FACE('',(#1043),#6545,.T.);
#6801=ADVANCED_FACE('',(#1044),#6546,.T.);
#6802=ADVANCED_FACE('',(#1045),#6547,.T.);
#6803=ADVANCED_FACE('',(#1046),#6548,.T.);
#6804=ADVANCED_FACE('',(#1047),#6549,.T.);
#6805=ADVANCED_FACE('',(#1048),#6550,.T.);
#6806=ADVANCED_FACE('',(#1049),#6551,.T.);
#6807=ADVANCED_FACE('',(#1050),#6552,.T.);
#6808=ADVANCED_FACE('',(#1051),#6553,.T.);
#6809=ADVANCED_FACE('',(#1052),#6554,.T.);
#6810=ADVANCED_FACE('',(#1053),#6555,.T.);
#6811=ADVANCED_FACE('',(#1054),#6556,.T.);
#6812=ADVANCED_FACE('',(#1055),#6557,.T.);
#6813=ADVANCED_FACE('',(#1056),#6558,.T.);
#6814=ADVANCED_FACE('',(#1057),#223,.T.);
#6815=ADVANCED_FACE('',(#1058),#774,.T.);
#6816=ADVANCED_FACE('',(#1059),#6559,.T.);
#6817=ADVANCED_FACE('',(#1060),#775,.T.);
#6818=ADVANCED_FACE('',(#1061),#776,.T.);
#6819=ADVANCED_FACE('',(#1062),#224,.T.);
#6820=ADVANCED_FACE('',(#1063),#777,.T.);
#6821=ADVANCED_FACE('',(#1064),#6560,.T.);
#6822=ADVANCED_FACE('',(#1065),#778,.T.);
#6823=ADVANCED_FACE('',(#1066),#225,.T.);
#6824=ADVANCED_FACE('',(#1067),#779,.T.);
#6825=ADVANCED_FACE('',(#1068),#780,.F.);
#6826=ADVANCED_FACE('',(#1069),#279,.T.);
#6827=ADVANCED_FACE('',(#1070),#226,.T.);
#6828=ADVANCED_FACE('',(#1071),#781,.T.);
#6829=ADVANCED_FACE('',(#1072),#6561,.T.);
#6830=ADVANCED_FACE('',(#1073),#227,.T.);
#6831=ADVANCED_FACE('',(#1074),#782,.T.);
#6832=ADVANCED_FACE('',(#1075),#6562,.T.);
#6833=ADVANCED_FACE('',(#1076),#783,.T.);
#6834=ADVANCED_FACE('',(#1077),#280,.T.);
#6835=ADVANCED_FACE('',(#1078),#228,.T.);
#6836=ADVANCED_FACE('',(#1079),#784,.T.);
#6837=ADVANCED_FACE('',(#1080),#6563,.T.);
#6838=ADVANCED_FACE('',(#1081),#785,.T.);
#6839=ADVANCED_FACE('',(#1082),#229,.T.);
#6840=ADVANCED_FACE('',(#1083),#786,.T.);
#6841=ADVANCED_FACE('',(#1084),#787,.F.);
#6842=ADVANCED_FACE('',(#1085),#230,.T.);
#6843=ADVANCED_FACE('',(#1086),#788,.T.);
#6844=ADVANCED_FACE('',(#1087),#6564,.T.);
#6845=ADVANCED_FACE('',(#1088),#789,.T.);
#6846=ADVANCED_FACE('',(#1089),#231,.T.);
#6847=ADVANCED_FACE('',(#1090),#790,.T.);
#6848=ADVANCED_FACE('',(#1091),#6565,.T.);
#6849=ADVANCED_FACE('',(#1092),#791,.T.);
#6850=ADVANCED_FACE('',(#1093),#232,.T.);
#6851=ADVANCED_FACE('',(#1094),#792,.T.);
#6852=ADVANCED_FACE('',(#1095),#6566,.T.);
#6853=ADVANCED_FACE('',(#1096),#793,.T.);
#6854=ADVANCED_FACE('',(#1097),#281,.T.);
#6855=ADVANCED_FACE('',(#1098),#233,.T.);
#6856=ADVANCED_FACE('',(#1099),#794,.T.);
#6857=ADVANCED_FACE('',(#1100),#795,.F.);
#6858=ADVANCED_FACE('',(#1101),#796,.T.);
#6859=ADVANCED_FACE('',(#1102),#234,.T.);
#6860=ADVANCED_FACE('',(#1103),#797,.T.);
#6861=ADVANCED_FACE('',(#1104),#6567,.T.);
#6862=ADVANCED_FACE('',(#1105),#798,.T.);
#6863=ADVANCED_FACE('',(#1106),#235,.T.);
#6864=ADVANCED_FACE('',(#1107),#799,.T.);
#6865=ADVANCED_FACE('',(#1108),#6568,.T.);
#6866=ADVANCED_FACE('',(#1109),#236,.T.);
#6867=ADVANCED_FACE('',(#1110),#800,.T.);
#6868=ADVANCED_FACE('',(#1111),#6569,.T.);
#6869=ADVANCED_FACE('',(#1112),#801,.T.);
#6870=ADVANCED_FACE('',(#1113),#237,.T.);
#6871=ADVANCED_FACE('',(#1114),#802,.T.);
#6872=ADVANCED_FACE('',(#1115),#6570,.T.);
#6873=ADVANCED_FACE('',(#1116),#803,.T.);
#6874=ADVANCED_FACE('',(#1117),#238,.T.);
#6875=ADVANCED_FACE('',(#1118),#804,.T.);
#6876=ADVANCED_FACE('',(#1119),#805,.F.);
#6877=ADVANCED_FACE('',(#1120),#282,.T.);
#6878=ADVANCED_FACE('',(#1121),#239,.T.);
#6879=ADVANCED_FACE('',(#1122),#806,.T.);
#6880=ADVANCED_FACE('',(#1123),#6571,.T.);
#6881=ADVANCED_FACE('',(#1124),#807,.T.);
#6882=ADVANCED_FACE('',(#1125),#240,.T.);
#6883=ADVANCED_FACE('',(#1126),#808,.T.);
#6884=ADVANCED_FACE('',(#1127),#6572,.T.);
#6885=ADVANCED_FACE('',(#1128),#809,.T.);
#6886=ADVANCED_FACE('',(#1129),#810,.T.);
#6887=ADVANCED_FACE('',(#1130),#241,.T.);
#6888=ADVANCED_FACE('',(#1131),#811,.T.);
#6889=ADVANCED_FACE('',(#1132),#6573,.T.);
#6890=ADVANCED_FACE('',(#1133),#812,.T.);
#6891=ADVANCED_FACE('',(#1134),#242,.T.);
#6892=ADVANCED_FACE('',(#1135),#813,.T.);
#6893=ADVANCED_FACE('',(#1136),#814,.F.);
#6894=ADVANCED_FACE('',(#1137),#283,.T.);
#6895=ADVANCED_FACE('',(#1138),#243,.T.);
#6896=ADVANCED_FACE('',(#1139),#815,.T.);
#6897=ADVANCED_FACE('',(#1140),#6574,.T.);
#6898=ADVANCED_FACE('',(#1141),#816,.T.);
#6899=ADVANCED_FACE('',(#1142),#244,.T.);
#6900=ADVANCED_FACE('',(#1143),#284,.T.);
#6901=ADVANCED_FACE('',(#1144),#817,.T.);
#6902=ADVANCED_FACE('',(#1145),#6575,.T.);
#6903=ADVANCED_FACE('',(#1146),#245,.T.);
#6904=ADVANCED_FACE('',(#1147),#818,.T.);
#6905=ADVANCED_FACE('',(#1148),#6576,.T.);
#6906=ADVANCED_FACE('',(#1149),#819,.T.);
#6907=ADVANCED_FACE('',(#1150),#246,.T.);
#6908=ADVANCED_FACE('',(#1151),#820,.T.);
#6909=ADVANCED_FACE('',(#1152),#247,.T.);
#6910=ADVANCED_FACE('',(#1153),#821,.T.);
#6911=ADVANCED_FACE('',(#1154),#248,.T.);
#6912=ADVANCED_FACE('',(#1155),#822,.T.);
#6913=ADVANCED_FACE('',(#1156),#823,.T.);
#6914=ADVANCED_FACE('',(#1157),#249,.T.);
#6915=ADVANCED_FACE('',(#1158),#824,.T.);
#6916=ADVANCED_FACE('',(#1159),#825,.T.);
#6917=ADVANCED_FACE('',(#1160),#285,.T.);
#6918=ADVANCED_FACE('',(#1161),#826,.T.);
#6919=ADVANCED_FACE('',(#1162),#6577,.T.);
#6920=ADVANCED_FACE('',(#1163),#6578,.T.);
#6921=ADVANCED_FACE('',(#1164),#6579,.T.);
#6922=ADVANCED_FACE('',(#1165),#250,.T.);
#6923=ADVANCED_FACE('',(#1166),#827,.T.);
#6924=ADVANCED_FACE('',(#1167),#251,.T.);
#6925=ADVANCED_FACE('',(#1168),#828,.T.);
#6926=ADVANCED_FACE('',(#1169),#829,.T.);
#6927=ADVANCED_FACE('',(#1170),#252,.T.);
#6928=ADVANCED_FACE('',(#1171),#830,.T.);
#6929=ADVANCED_FACE('',(#1172),#831,.T.);
#6930=ADVANCED_FACE('',(#1173),#6580,.T.);
#6931=ADVANCED_FACE('',(#1174),#6581,.T.);
#6932=ADVANCED_FACE('',(#1175),#6582,.T.);
#6933=ADVANCED_FACE('',(#1176),#6583,.T.);
#6934=ADVANCED_FACE('',(#1177),#253,.T.);
#6935=ADVANCED_FACE('',(#1178),#832,.T.);
#6936=ADVANCED_FACE('',(#1179),#833,.T.);
#6937=ADVANCED_FACE('',(#1180),#6584,.T.);
#6938=ADVANCED_FACE('',(#1181),#6585,.T.);
#6939=ADVANCED_FACE('',(#1182),#6586,.T.);
#6940=ADVANCED_FACE('',(#1183),#6587,.T.);
#6941=ADVANCED_FACE('',(#1184),#254,.T.);
#6942=ADVANCED_FACE('',(#1185),#834,.T.);
#6943=ADVANCED_FACE('',(#1186),#255,.T.);
#6944=ADVANCED_FACE('',(#1187),#835,.T.);
#6945=ADVANCED_FACE('',(#1188),#286,.T.);
#6946=ADVANCED_FACE('',(#1189),#256,.T.);
#6947=ADVANCED_FACE('',(#1190),#836,.T.);
#6948=ADVANCED_FACE('',(#1191),#257,.T.);
#6949=ADVANCED_FACE('',(#1192),#837,.T.);
#6950=ADVANCED_FACE('',(#1193),#838,.T.);
#6951=ADVANCED_FACE('',(#1194),#258,.T.);
#6952=ADVANCED_FACE('',(#1195),#839,.T.);
#6953=ADVANCED_FACE('',(#1196),#840,.T.);
#6954=ADVANCED_FACE('',(#1197),#841,.T.);
#6955=ADVANCED_FACE('',(#1198),#842,.T.);
#6956=ADVANCED_FACE('',(#1199),#843,.F.);
#6957=ADVANCED_FACE('',(#1200),#6588,.T.);
#6958=ADVANCED_FACE('',(#1201),#6589,.T.);
#6959=ADVANCED_FACE('',(#1202),#6590,.T.);
#6960=ADVANCED_FACE('',(#1203),#844,.F.);
#6961=ADVANCED_FACE('',(#1204),#845,.F.);
#6962=ADVANCED_FACE('',(#1205),#6591,.T.);
#6963=ADVANCED_FACE('',(#1206),#6592,.T.);
#6964=ADVANCED_FACE('',(#1207),#6593,.T.);
#6965=ADVANCED_FACE('',(#1208),#6594,.T.);
#6966=ADVANCED_FACE('',(#1209),#6595,.F.);
#6967=ADVANCED_FACE('',(#1210),#6596,.F.);
#6968=ADVANCED_FACE('',(#1211),#6597,.F.);
#6969=ADVANCED_FACE('',(#1212),#6598,.F.);
#6970=ADVANCED_FACE('',(#1213),#6599,.F.);
#6971=ADVANCED_FACE('',(#1214),#6600,.F.);
#6972=ADVANCED_FACE('',(#1215,#295),#6601,.F.);
#6973=ADVANCED_FACE('',(#1216),#846,.F.);
#6974=ADVANCED_FACE('',(#1217),#6602,.T.);
#6975=ADVANCED_FACE('',(#1218),#6603,.T.);
#6976=ADVANCED_FACE('',(#1219),#6604,.T.);
#6977=ADVANCED_FACE('',(#1220),#6605,.T.);
#6978=ADVANCED_FACE('',(#1221,#296,#297,#298,#299,#300,#301,#302,#303,#304),
#6606,.T.);
#6979=ADVANCED_FACE('',(#1222,#305),#6607,.F.);
#6980=ADVANCED_FACE('',(#1223),#259,.T.);
#6981=ADVANCED_FACE('',(#1224),#847,.T.);
#6982=ADVANCED_FACE('',(#1225),#848,.T.);
#6983=ADVANCED_FACE('',(#1226),#287,.T.);
#6984=ADVANCED_FACE('',(#1227),#260,.T.);
#6985=ADVANCED_FACE('',(#1228),#849,.T.);
#6986=ADVANCED_FACE('',(#1229),#261,.T.);
#6987=ADVANCED_FACE('',(#1230),#850,.T.);
#6988=ADVANCED_FACE('',(#1231),#851,.T.);
#6989=ADVANCED_FACE('',(#1232),#852,.T.);
#6990=ADVANCED_FACE('',(#1233),#853,.T.);
#6991=ADVANCED_FACE('',(#1234),#854,.T.);
#6992=ADVANCED_FACE('',(#1235),#855,.T.);
#6993=ADVANCED_FACE('',(#1236),#6608,.T.);
#6994=ADVANCED_FACE('',(#1237),#6609,.T.);
#6995=ADVANCED_FACE('',(#1238),#856,.F.);
#6996=ADVANCED_FACE('',(#1239),#6610,.T.);
#6997=ADVANCED_FACE('',(#1240),#6611,.T.);
#6998=ADVANCED_FACE('',(#1241),#6612,.T.);
#6999=ADVANCED_FACE('',(#1242),#6613,.T.);
#7000=ADVANCED_FACE('',(#1243),#288,.T.);
#7001=ADVANCED_FACE('',(#1244),#857,.T.);
#7002=ADVANCED_FACE('',(#1245,#306),#6614,.T.);
#7003=ADVANCED_FACE('',(#1246),#262,.T.);
#7004=ADVANCED_FACE('',(#1247),#858,.T.);
#7005=ADVANCED_FACE('',(#1248),#859,.T.);
#7006=ADVANCED_FACE('',(#1249),#263,.T.);
#7007=ADVANCED_FACE('',(#1250),#860,.T.);
#7008=ADVANCED_FACE('',(#1251),#289,.T.);
#7009=ADVANCED_FACE('',(#1252),#264,.T.);
#7010=ADVANCED_FACE('',(#1253),#861,.T.);
#7011=ADVANCED_FACE('',(#1254),#862,.T.);
#7012=ADVANCED_FACE('',(#1255),#863,.T.);
#7013=ADVANCED_FACE('',(#1256),#864,.T.);
#7014=ADVANCED_FACE('',(#1257),#865,.T.);
#7015=ADVANCED_FACE('',(#1258),#866,.T.);
#7016=ADVANCED_FACE('',(#1259),#6615,.T.);
#7017=ADVANCED_FACE('',(#1260),#867,.F.);
#7018=ADVANCED_FACE('',(#1261),#6616,.T.);
#7019=ADVANCED_FACE('',(#1262),#6617,.T.);
#7020=ADVANCED_FACE('',(#1263),#6618,.T.);
#7021=ADVANCED_FACE('',(#1264),#6619,.T.);
#7022=ADVANCED_FACE('',(#1265),#868,.T.);
#7023=ADVANCED_FACE('',(#1266),#265,.T.);
#7024=ADVANCED_FACE('',(#1267),#869,.T.);
#7025=ADVANCED_FACE('',(#1268),#266,.T.);
#7026=ADVANCED_FACE('',(#1269),#870,.T.);
#7027=ADVANCED_FACE('',(#1270),#871,.T.);
#7028=ADVANCED_FACE('',(#1271),#267,.T.);
#7029=ADVANCED_FACE('',(#1272),#872,.T.);
#7030=ADVANCED_FACE('',(#1273),#873,.T.);
#7031=ADVANCED_FACE('',(#1274),#874,.T.);
#7032=ADVANCED_FACE('',(#1275),#875,.T.);
#7033=ADVANCED_FACE('',(#1276),#290,.T.);
#7034=ADVANCED_FACE('',(#1277),#876,.T.);
#7035=ADVANCED_FACE('',(#1278),#6620,.T.);
#7036=ADVANCED_FACE('',(#1279),#6621,.T.);
#7037=ADVANCED_FACE('',(#1280),#6622,.T.);
#7038=ADVANCED_FACE('',(#1281),#6623,.T.);
#7039=ADVANCED_FACE('',(#1282),#268,.T.);
#7040=ADVANCED_FACE('',(#1283),#877,.T.);
#7041=ADVANCED_FACE('',(#1284),#878,.T.);
#7042=ADVANCED_FACE('',(#1285),#291,.T.);
#7043=ADVANCED_FACE('',(#1286),#269,.T.);
#7044=ADVANCED_FACE('',(#1287),#879,.T.);
#7045=ADVANCED_FACE('',(#1288),#270,.T.);
#7046=ADVANCED_FACE('',(#1289),#880,.T.);
#7047=ADVANCED_FACE('',(#1290),#881,.T.);
#7048=ADVANCED_FACE('',(#1291),#882,.T.);
#7049=ADVANCED_FACE('',(#1292),#883,.T.);
#7050=ADVANCED_FACE('',(#1293),#884,.T.);
#7051=ADVANCED_FACE('',(#1294),#885,.T.);
#7052=ADVANCED_FACE('',(#1295),#6624,.T.);
#7053=ADVANCED_FACE('',(#1296),#6625,.T.);
#7054=ADVANCED_FACE('',(#1297),#6626,.T.);
#7055=ADVANCED_FACE('',(#1298,#307),#6627,.T.);
#7056=ADVANCED_FACE('',(#1299),#6628,.T.);
#7057=ADVANCED_FACE('',(#1300),#6629,.T.);
#7058=ADVANCED_FACE('',(#1301),#6630,.T.);
#7059=ADVANCED_FACE('',(#1302),#6631,.T.);
#7060=ADVANCED_FACE('',(#1303),#886,.F.);
#7061=ADVANCED_FACE('',(#1304),#6632,.T.);
#7062=ADVANCED_FACE('',(#1305),#6633,.T.);
#7063=ADVANCED_FACE('',(#1306),#6634,.T.);
#7064=ADVANCED_FACE('',(#1307),#887,.F.);
#7065=ADVANCED_FACE('',(#1308),#6635,.T.);
#7066=ADVANCED_FACE('',(#1309),#6636,.T.);
#7067=ADVANCED_FACE('',(#1310),#6637,.T.);
#7068=ADVANCED_FACE('',(#1311),#6638,.F.);
#7069=ADVANCED_FACE('',(#1312),#6639,.F.);
#7070=ADVANCED_FACE('',(#1313),#6640,.F.);
#7071=ADVANCED_FACE('',(#1314),#6641,.F.);
#7072=ADVANCED_FACE('',(#1315),#6642,.F.);
#7073=ADVANCED_FACE('',(#1316),#6643,.F.);
#7074=ADVANCED_FACE('',(#1317,#308),#6644,.F.);
#7075=ADVANCED_FACE('',(#1318),#888,.F.);
#7076=ADVANCED_FACE('',(#1319,#309),#6645,.F.);
#7077=CLOSED_SHELL('',(#6646,#6647,#6648,#6649,#6650,#6651,#6652,#6653,
#6654,#6655,#6656,#6657,#6658,#6659,#6660,#6661,#6662,#6663,#6664,#6665));
#7078=CLOSED_SHELL('',(#6666,#6667,#6668,#6669,#6670,#6671,#6672,#6673,
#6674,#6675));
#7079=CLOSED_SHELL('',(#6676,#6677,#6678,#6679,#6680,#6681,#6682,#6683,
#6684,#6685,#6686,#6687,#6688,#6689,#6690,#6691,#6692,#6693,#6694,#6695,
#6696,#6697,#6698,#6699,#6700,#6701,#6702,#6703,#6704,#6705,#6706,#6707,
#6708,#6709,#6710,#6711,#6712,#6713,#6714,#6715,#6716,#6717,#6718,#6719,
#6720,#6721,#6722,#6723,#6724,#6725,#6726,#6727,#6728,#6729,#6730,#6731,
#6732,#6733,#6734,#6735,#6736,#6737,#6738,#6739,#6740,#6741,#6742,#6743,
#6744,#6745,#6746,#6747,#6748,#6749,#6750,#6751,#6752,#6753,#6754,#6755,
#6756,#6757,#6758,#6759,#6760,#6761,#6762,#6763,#6764,#6765,#6766,#6767,
#6768,#6769,#6770,#6771,#6772,#6773,#6774,#6775,#6776,#6777,#6778,#6779,
#6780,#6781,#6782,#6783,#6784,#6785,#6786,#6787));
#7080=CLOSED_SHELL('',(#6788,#6789,#6790,#6791,#6792,#6793,#6794,#6795,
#6796,#6797,#6798,#6799,#6800,#6801,#6802,#6803,#6804,#6805,#6806,#6807,
#6808,#6809,#6810,#6811,#6812,#6813));
#7081=CLOSED_SHELL('',(#6814,#6815,#6816,#6817,#6818,#6819,#6820,#6821,
#6822,#6823,#6824,#6825,#6826,#6827,#6828,#6829,#6830,#6831,#6832,#6833,
#6834,#6835,#6836,#6837,#6838,#6839,#6840,#6841,#6842,#6843,#6844,#6845,
#6846,#6847,#6848,#6849,#6850,#6851,#6852,#6853,#6854,#6855,#6856,#6857,
#6858,#6859,#6860,#6861,#6862,#6863,#6864,#6865,#6866,#6867,#6868,#6869,
#6870,#6871,#6872,#6873,#6874,#6875,#6876,#6877,#6878,#6879,#6880,#6881,
#6882,#6883,#6884,#6885,#6886,#6887,#6888,#6889,#6890,#6891,#6892,#6893,
#6894,#6895,#6896,#6897,#6898,#6899,#6900,#6901,#6902,#6903,#6904,#6905,
#6906,#6907,#6908,#6909,#6910,#6911,#6912,#6913,#6914,#6915,#6916,#6917,
#6918,#6919,#6920,#6921,#6922,#6923,#6924,#6925,#6926,#6927,#6928,#6929,
#6930,#6931,#6932,#6933,#6934,#6935,#6936,#6937,#6938,#6939,#6940,#6941,
#6942,#6943,#6944,#6945,#6946,#6947,#6948,#6949,#6950,#6951,#6952,#6953,
#6954,#6955,#6956,#6957,#6958,#6959,#6960,#6961,#6962,#6963,#6964,#6965,
#6966,#6967,#6968,#6969,#6970,#6971,#6972,#6973,#6974,#6975,#6976,#6977,
#6978,#6979));
#7082=CLOSED_SHELL('',(#6980,#6981,#6982,#6983,#6984,#6985,#6986,#6987,
#6988,#6989,#6990,#6991,#6992,#6993,#6994,#6995,#6996,#6997,#6998,#6999,
#7000,#7001,#7002,#7003,#7004,#7005,#7006,#7007,#7008,#7009,#7010,#7011,
#7012,#7013,#7014,#7015,#7016,#7017,#7018,#7019,#7020,#7021,#7022,#7023,
#7024,#7025,#7026,#7027,#7028,#7029,#7030,#7031,#7032,#7033,#7034,#7035,
#7036,#7037,#7038,#7039,#7040,#7041,#7042,#7043,#7044,#7045,#7046,#7047,
#7048,#7049,#7050,#7051,#7052,#7053,#7054,#7055,#7056,#7057,#7058,#7059,
#7060,#7061,#7062,#7063,#7064,#7065,#7066,#7067,#7068,#7069,#7070,#7071,
#7072,#7073,#7074,#7075,#7076));
#7083=DERIVED_UNIT_ELEMENT(#7096,1.);
#7084=DERIVED_UNIT_ELEMENT(#12613,-3.);
#7085=DERIVED_UNIT_ELEMENT(#7096,1.);
#7086=DERIVED_UNIT_ELEMENT(#12613,-3.);
#7087=DERIVED_UNIT_ELEMENT(#7096,1.);
#7088=DERIVED_UNIT_ELEMENT(#12613,-3.);
#7089=DERIVED_UNIT_ELEMENT(#7096,1.);
#7090=DERIVED_UNIT_ELEMENT(#12613,-3.);
#7091=DERIVED_UNIT_ELEMENT(#7096,1.);
#7092=DERIVED_UNIT_ELEMENT(#12613,-3.);
#7093=DERIVED_UNIT_ELEMENT(#7096,1.);
#7094=DERIVED_UNIT_ELEMENT(#12613,-3.);
#7095=DIMENSIONAL_EXPONENTS(0.,1.,0.,0.,0.,0.,0.);
#7096=(
CONVERSION_BASED_UNIT('gram',#7098)
MASS_UNIT()
NAMED_UNIT(#7095)
);
#7097=(
MASS_UNIT()
NAMED_UNIT(*)
SI_UNIT(.KILO.,.GRAM.)
);
#7098=MASS_MEASURE_WITH_UNIT(MASS_MEASURE(0.001),#7097);
#7099=DERIVED_UNIT((#7083,#7084));
#7100=DERIVED_UNIT((#7085,#7086));
#7101=DERIVED_UNIT((#7087,#7088));
#7102=DERIVED_UNIT((#7089,#7090));
#7103=DERIVED_UNIT((#7091,#7092));
#7104=DERIVED_UNIT((#7093,#7094));
#7105=MEASURE_REPRESENTATION_ITEM('density measure',
POSITIVE_RATIO_MEASURE(1.),#7099);
#7106=MEASURE_REPRESENTATION_ITEM('density measure',
POSITIVE_RATIO_MEASURE(1.),#7100);
#7107=MEASURE_REPRESENTATION_ITEM('density measure',
POSITIVE_RATIO_MEASURE(1.),#7101);
#7108=MEASURE_REPRESENTATION_ITEM('density measure',
POSITIVE_RATIO_MEASURE(1.),#7102);
#7109=MEASURE_REPRESENTATION_ITEM('density measure',
POSITIVE_RATIO_MEASURE(1.),#7103);
#7110=MEASURE_REPRESENTATION_ITEM('density measure',
POSITIVE_RATIO_MEASURE(1.),#7104);
#7111=PROPERTY_DEFINITION_REPRESENTATION(#7141,#7123);
#7112=PROPERTY_DEFINITION_REPRESENTATION(#7142,#7124);
#7113=PROPERTY_DEFINITION_REPRESENTATION(#7143,#7125);
#7114=PROPERTY_DEFINITION_REPRESENTATION(#7144,#7126);
#7115=PROPERTY_DEFINITION_REPRESENTATION(#7145,#7127);
#7116=PROPERTY_DEFINITION_REPRESENTATION(#7146,#7128);
#7117=PROPERTY_DEFINITION_REPRESENTATION(#7147,#7129);
#7118=PROPERTY_DEFINITION_REPRESENTATION(#7148,#7130);
#7119=PROPERTY_DEFINITION_REPRESENTATION(#7149,#7131);
#7120=PROPERTY_DEFINITION_REPRESENTATION(#7150,#7132);
#7121=PROPERTY_DEFINITION_REPRESENTATION(#7151,#7133);
#7122=PROPERTY_DEFINITION_REPRESENTATION(#7152,#7134);
#7123=REPRESENTATION('material name',(#7135),#12605);
#7124=REPRESENTATION('density',(#7105),#12605);
#7125=REPRESENTATION('material name',(#7136),#12606);
#7126=REPRESENTATION('density',(#7106),#12606);
#7127=REPRESENTATION('material name',(#7137),#12607);
#7128=REPRESENTATION('density',(#7107),#12607);
#7129=REPRESENTATION('material name',(#7138),#12608);
#7130=REPRESENTATION('density',(#7108),#12608);
#7131=REPRESENTATION('material name',(#7139),#12609);
#7132=REPRESENTATION('density',(#7109),#12609);
#7133=REPRESENTATION('material name',(#7140),#12610);
#7134=REPRESENTATION('density',(#7110),#12610);
#7135=DESCRIPTIVE_REPRESENTATION_ITEM('Generic','Generic');
#7136=DESCRIPTIVE_REPRESENTATION_ITEM('Generic','Generic');
#7137=DESCRIPTIVE_REPRESENTATION_ITEM('Generic','Generic');
#7138=DESCRIPTIVE_REPRESENTATION_ITEM('Generic','Generic');
#7139=DESCRIPTIVE_REPRESENTATION_ITEM('Generic','Generic');
#7140=DESCRIPTIVE_REPRESENTATION_ITEM('Generic','Generic');
#7141=PROPERTY_DEFINITION('material property','material name',#12688);
#7142=PROPERTY_DEFINITION('material property','density of part',#12688);
#7143=PROPERTY_DEFINITION('material property','material name',#12689);
#7144=PROPERTY_DEFINITION('material property','density of part',#12689);
#7145=PROPERTY_DEFINITION('material property','material name',#12690);
#7146=PROPERTY_DEFINITION('material property','density of part',#12690);
#7147=PROPERTY_DEFINITION('material property','material name',#12691);
#7148=PROPERTY_DEFINITION('material property','density of part',#12691);
#7149=PROPERTY_DEFINITION('material property','material name',#12692);
#7150=PROPERTY_DEFINITION('material property','density of part',#12692);
#7151=PROPERTY_DEFINITION('material property','material name',#12693);
#7152=PROPERTY_DEFINITION('material property','density of part',#12693);
#7153=PRESENTATION_STYLE_ASSIGNMENT((#7154));
#7154=SURFACE_STYLE_USAGE(.BOTH.,#7157);
#7155=SURFACE_STYLE_RENDERING_WITH_PROPERTIES($,#7161,(#7156));
#7156=SURFACE_STYLE_TRANSPARENT(0.);
#7157=SURFACE_SIDE_STYLE('',(#7158,#7155));
#7158=SURFACE_STYLE_FILL_AREA(#7159);
#7159=FILL_AREA_STYLE('',(#7160));
#7160=FILL_AREA_STYLE_COLOUR('',#7161);
#7161=COLOUR_RGB('',0.749019607843137,0.749019607843137,0.749019607843137);
#7162=DATE_TIME_ROLE('creation_date');
#7163=DATE_TIME_ROLE('creation_date');
#7164=DATE_TIME_ROLE('creation_date');
#7165=DATE_TIME_ROLE('creation_date');
#7166=DATE_TIME_ROLE('creation_date');
#7167=DATE_TIME_ROLE('creation_date');
#7168=DATE_TIME_ROLE('creation_date');
#7169=APPLIED_DATE_AND_TIME_ASSIGNMENT(#7176,#7162,(#12687));
#7170=APPLIED_DATE_AND_TIME_ASSIGNMENT(#7177,#7163,(#12688));
#7171=APPLIED_DATE_AND_TIME_ASSIGNMENT(#7178,#7164,(#12689));
#7172=APPLIED_DATE_AND_TIME_ASSIGNMENT(#7179,#7165,(#12690));
#7173=APPLIED_DATE_AND_TIME_ASSIGNMENT(#7180,#7166,(#12691));
#7174=APPLIED_DATE_AND_TIME_ASSIGNMENT(#7181,#7167,(#12692));
#7175=APPLIED_DATE_AND_TIME_ASSIGNMENT(#7182,#7168,(#12693));
#7176=DATE_AND_TIME(#7183,#7190);
#7177=DATE_AND_TIME(#7184,#7191);
#7178=DATE_AND_TIME(#7185,#7192);
#7179=DATE_AND_TIME(#7186,#7193);
#7180=DATE_AND_TIME(#7187,#7194);
#7181=DATE_AND_TIME(#7188,#7195);
#7182=DATE_AND_TIME(#7189,#7196);
#7183=CALENDAR_DATE(2026,30,4);
#7184=CALENDAR_DATE(2025,2,11);
#7185=CALENDAR_DATE(2025,2,11);
#7186=CALENDAR_DATE(2025,24,10);
#7187=CALENDAR_DATE(2025,2,11);
#7188=CALENDAR_DATE(2025,24,10);
#7189=CALENDAR_DATE(2025,24,10);
#7190=LOCAL_TIME(0,0,0.,#7197);
#7191=LOCAL_TIME(0,0,0.,#7198);
#7192=LOCAL_TIME(0,0,0.,#7199);
#7193=LOCAL_TIME(0,0,0.,#7200);
#7194=LOCAL_TIME(0,0,0.,#7201);
#7195=LOCAL_TIME(0,0,0.,#7202);
#7196=LOCAL_TIME(0,0,0.,#7203);
#7197=COORDINATED_UNIVERSAL_TIME_OFFSET(0,0,.BEHIND.);
#7198=COORDINATED_UNIVERSAL_TIME_OFFSET(0,0,.BEHIND.);
#7199=COORDINATED_UNIVERSAL_TIME_OFFSET(0,0,.BEHIND.);
#7200=COORDINATED_UNIVERSAL_TIME_OFFSET(0,0,.BEHIND.);
#7201=COORDINATED_UNIVERSAL_TIME_OFFSET(0,0,.BEHIND.);
#7202=COORDINATED_UNIVERSAL_TIME_OFFSET(0,0,.BEHIND.);
#7203=COORDINATED_UNIVERSAL_TIME_OFFSET(0,0,.BEHIND.);
#7204=AXIS2_PLACEMENT_3D('',#10358,#8056,#8057);
#7205=AXIS2_PLACEMENT_3D('',#10359,#8058,#8059);
#7206=AXIS2_PLACEMENT_3D('',#10360,#8060,#8061);
#7207=AXIS2_PLACEMENT_3D('',#10381,#8072,#8073);
#7208=AXIS2_PLACEMENT_3D('',#10383,#8074,#8075);
#7209=AXIS2_PLACEMENT_3D('',#10388,#8078,#8079);
#7210=AXIS2_PLACEMENT_3D('',#10389,#8080,#8081);
#7211=AXIS2_PLACEMENT_3D('',#10391,#8083,#8084);
#7212=AXIS2_PLACEMENT_3D('',#10397,#8088,#8089);
#7213=AXIS2_PLACEMENT_3D('',#10405,#8094,#8095);
#7214=AXIS2_PLACEMENT_3D('',#10411,#8099,#8100);
#7215=AXIS2_PLACEMENT_3D('',#10417,#8104,#8105);
#7216=AXIS2_PLACEMENT_3D('',#10418,#8106,#8107);
#7217=AXIS2_PLACEMENT_3D('',#10419,#8108,#8109);
#7218=AXIS2_PLACEMENT_3D('',#10420,#8110,#8111);
#7219=AXIS2_PLACEMENT_3D('',#10425,#8115,#8116);
#7220=AXIS2_PLACEMENT_3D('',#10429,#8118,#8119);
#7221=AXIS2_PLACEMENT_3D('',#10431,#8121,#8122);
#7222=AXIS2_PLACEMENT_3D('',#10434,#8124,#8125);
#7223=AXIS2_PLACEMENT_3D('',#10435,#8126,#8127);
#7224=AXIS2_PLACEMENT_3D('',#10443,#8133,#8134);
#7225=AXIS2_PLACEMENT_3D('',#10446,#8137,#8138);
#7226=AXIS2_PLACEMENT_3D('',#10448,#8140,#8141);
#7227=AXIS2_PLACEMENT_3D('',#10449,#8142,#8143);
#7228=AXIS2_PLACEMENT_3D('',#10450,#8144,#8145);
#7229=AXIS2_PLACEMENT_3D('',#10451,#8146,#8147);
#7230=AXIS2_PLACEMENT_3D('',#10452,#8148,#8149);
#7231=AXIS2_PLACEMENT_3D('',#10453,#8150,#8151);
#7232=AXIS2_PLACEMENT_3D('',#10454,#8152,#8153);
#7233=AXIS2_PLACEMENT_3D('',#10455,#8154,#8155);
#7234=AXIS2_PLACEMENT_3D('',#10472,#8164,#8165);
#7235=AXIS2_PLACEMENT_3D('',#10474,#8166,#8167);
#7236=AXIS2_PLACEMENT_3D('',#10477,#8169,#8170);
#7237=AXIS2_PLACEMENT_3D('',#10478,#8171,#8172);
#7238=AXIS2_PLACEMENT_3D('',#10481,#8174,#8175);
#7239=AXIS2_PLACEMENT_3D('',#10482,#8176,#8177);
#7240=AXIS2_PLACEMENT_3D('',#10486,#8180,#8181);
#7241=AXIS2_PLACEMENT_3D('',#10487,#8182,#8183);
#7242=AXIS2_PLACEMENT_3D('',#10488,#8184,#8185);
#7243=AXIS2_PLACEMENT_3D('',#10494,#8189,#8190);
#7244=AXIS2_PLACEMENT_3D('',#10498,#8193,#8194);
#7245=AXIS2_PLACEMENT_3D('',#10502,#8197,#8198);
#7246=AXIS2_PLACEMENT_3D('',#10504,#8200,#8201);
#7247=AXIS2_PLACEMENT_3D('',#10505,#8202,#8203);
#7248=AXIS2_PLACEMENT_3D('',#10506,#8204,#8205);
#7249=AXIS2_PLACEMENT_3D('',#10526,#8207,#8208);
#7250=AXIS2_PLACEMENT_3D('',#10528,#8210,#8211);
#7251=AXIS2_PLACEMENT_3D('',#10530,#8212,#8213);
#7252=AXIS2_PLACEMENT_3D('',#10534,#8215,#8216);
#7253=AXIS2_PLACEMENT_3D('',#10536,#8217,#8218);
#7254=AXIS2_PLACEMENT_3D('',#10538,#8219,#8220);
#7255=AXIS2_PLACEMENT_3D('',#10542,#8222,#8223);
#7256=AXIS2_PLACEMENT_3D('',#10546,#8225,#8226);
#7257=AXIS2_PLACEMENT_3D('',#10548,#8227,#8228);
#7258=AXIS2_PLACEMENT_3D('',#10550,#8229,#8230);
#7259=AXIS2_PLACEMENT_3D('',#10554,#8232,#8233);
#7260=AXIS2_PLACEMENT_3D('',#10558,#8235,#8236);
#7261=AXIS2_PLACEMENT_3D('',#10560,#8237,#8238);
#7262=AXIS2_PLACEMENT_3D('',#10562,#8239,#8240);
#7263=AXIS2_PLACEMENT_3D('',#10566,#8242,#8243);
#7264=AXIS2_PLACEMENT_3D('',#10570,#8245,#8246);
#7265=AXIS2_PLACEMENT_3D('',#10572,#8247,#8248);
#7266=AXIS2_PLACEMENT_3D('',#10573,#8249,#8250);
#7267=AXIS2_PLACEMENT_3D('',#10575,#8251,#8252);
#7268=AXIS2_PLACEMENT_3D('',#10576,#8253,#8254);
#7269=AXIS2_PLACEMENT_3D('',#10578,#8255,#8256);
#7270=AXIS2_PLACEMENT_3D('',#10595,#8258,#8259);
#7271=AXIS2_PLACEMENT_3D('',#10597,#8260,#8261);
#7272=AXIS2_PLACEMENT_3D('',#10614,#8263,#8264);
#7273=AXIS2_PLACEMENT_3D('',#10628,#8272,#8273);
#7274=AXIS2_PLACEMENT_3D('',#10646,#8275,#8276);
#7275=AXIS2_PLACEMENT_3D('',#10647,#8277,#8278);
#7276=AXIS2_PLACEMENT_3D('',#10661,#8286,#8287);
#7277=AXIS2_PLACEMENT_3D('',#10679,#8289,#8290);
#7278=AXIS2_PLACEMENT_3D('',#10680,#8291,#8292);
#7279=AXIS2_PLACEMENT_3D('',#10694,#8300,#8301);
#7280=AXIS2_PLACEMENT_3D('',#10711,#8302,#8303);
#7281=AXIS2_PLACEMENT_3D('',#10713,#8305,#8306);
#7282=AXIS2_PLACEMENT_3D('',#10714,#8307,#8308);
#7283=AXIS2_PLACEMENT_3D('',#10715,#8309,#8310);
#7284=AXIS2_PLACEMENT_3D('',#10716,#8311,#8312);
#7285=AXIS2_PLACEMENT_3D('',#10717,#8313,#8314);
#7286=AXIS2_PLACEMENT_3D('',#10722,#8316,#8317);
#7287=AXIS2_PLACEMENT_3D('',#10725,#8319,#8320);
#7288=AXIS2_PLACEMENT_3D('',#10726,#8321,#8322);
#7289=AXIS2_PLACEMENT_3D('',#10729,#8323,#8324);
#7290=AXIS2_PLACEMENT_3D('',#10731,#8325,#8326);
#7291=AXIS2_PLACEMENT_3D('',#10732,#8327,#8328);
#7292=AXIS2_PLACEMENT_3D('',#10733,#8329,#8330);
#7293=AXIS2_PLACEMENT_3D('',#10736,#8333,#8334);
#7294=AXIS2_PLACEMENT_3D('',#10738,#8335,#8336);
#7295=AXIS2_PLACEMENT_3D('',#10740,#8337,#8338);
#7296=AXIS2_PLACEMENT_3D('',#10741,#8339,#8340);
#7297=AXIS2_PLACEMENT_3D('',#10742,#8341,#8342);
#7298=AXIS2_PLACEMENT_3D('',#10745,#8344,#8345);
#7299=AXIS2_PLACEMENT_3D('',#10746,#8346,#8347);
#7300=AXIS2_PLACEMENT_3D('',#10749,#8350,#8351);
#7301=AXIS2_PLACEMENT_3D('',#10752,#8352,#8353);
#7302=AXIS2_PLACEMENT_3D('',#10754,#8354,#8355);
#7303=AXIS2_PLACEMENT_3D('',#10755,#8356,#8357);
#7304=AXIS2_PLACEMENT_3D('',#10756,#8358,#8359);
#7305=AXIS2_PLACEMENT_3D('',#10759,#8362,#8363);
#7306=AXIS2_PLACEMENT_3D('',#10762,#8364,#8365);
#7307=AXIS2_PLACEMENT_3D('',#10763,#8366,#8367);
#7308=AXIS2_PLACEMENT_3D('',#10764,#8368,#8369);
#7309=AXIS2_PLACEMENT_3D('',#10765,#8370,#8371);
#7310=AXIS2_PLACEMENT_3D('',#10767,#8373,#8374);
#7311=AXIS2_PLACEMENT_3D('',#10769,#8376,#8377);
#7312=AXIS2_PLACEMENT_3D('',#10770,#8378,#8379);
#7313=AXIS2_PLACEMENT_3D('',#10771,#8380,#8381);
#7314=AXIS2_PLACEMENT_3D('',#10772,#8382,#8383);
#7315=AXIS2_PLACEMENT_3D('',#10775,#8386,#8387);
#7316=AXIS2_PLACEMENT_3D('',#10777,#8388,#8389);
#7317=AXIS2_PLACEMENT_3D('',#10779,#8391,#8392);
#7318=AXIS2_PLACEMENT_3D('',#10796,#8396,#8397);
#7319=AXIS2_PLACEMENT_3D('',#10798,#8399,#8400);
#7320=AXIS2_PLACEMENT_3D('',#10800,#8402,#8403);
#7321=AXIS2_PLACEMENT_3D('',#10810,#8409,#8410);
#7322=AXIS2_PLACEMENT_3D('',#10811,#8411,#8412);
#7323=AXIS2_PLACEMENT_3D('',#10812,#8413,#8414);
#7324=AXIS2_PLACEMENT_3D('',#10813,#8415,#8416);
#7325=AXIS2_PLACEMENT_3D('',#10814,#8417,#8418);
#7326=AXIS2_PLACEMENT_3D('',#10815,#8419,#8420);
#7327=AXIS2_PLACEMENT_3D('',#10819,#8422,#8423);
#7328=AXIS2_PLACEMENT_3D('',#10820,#8424,#8425);
#7329=AXIS2_PLACEMENT_3D('',#10821,#8426,#8427);
#7330=AXIS2_PLACEMENT_3D('',#10824,#8428,#8429);
#7331=AXIS2_PLACEMENT_3D('',#10826,#8430,#8431);
#7332=AXIS2_PLACEMENT_3D('',#10827,#8432,#8433);
#7333=AXIS2_PLACEMENT_3D('',#10828,#8434,#8435);
#7334=AXIS2_PLACEMENT_3D('',#10833,#8438,#8439);
#7335=AXIS2_PLACEMENT_3D('',#10834,#8440,#8441);
#7336=AXIS2_PLACEMENT_3D('',#10837,#8442,#8443);
#7337=AXIS2_PLACEMENT_3D('',#10838,#8444,#8445);
#7338=AXIS2_PLACEMENT_3D('',#10839,#8446,#8447);
#7339=AXIS2_PLACEMENT_3D('',#10840,#8448,#8449);
#7340=AXIS2_PLACEMENT_3D('',#10842,#8451,#8452);
#7341=AXIS2_PLACEMENT_3D('',#10845,#8453,#8454);
#7342=AXIS2_PLACEMENT_3D('',#10847,#8455,#8456);
#7343=AXIS2_PLACEMENT_3D('',#10848,#8457,#8458);
#7344=AXIS2_PLACEMENT_3D('',#10849,#8459,#8460);
#7345=AXIS2_PLACEMENT_3D('',#10852,#8463,#8464);
#7346=AXIS2_PLACEMENT_3D('',#10855,#8467,#8468);
#7347=AXIS2_PLACEMENT_3D('',#10857,#8469,#8470);
#7348=AXIS2_PLACEMENT_3D('',#10859,#8471,#8472);
#7349=AXIS2_PLACEMENT_3D('',#10860,#8473,#8474);
#7350=AXIS2_PLACEMENT_3D('',#10861,#8475,#8476);
#7351=AXIS2_PLACEMENT_3D('',#10863,#8478,#8479);
#7352=AXIS2_PLACEMENT_3D('',#10864,#8480,#8481);
#7353=AXIS2_PLACEMENT_3D('',#10865,#8482,#8483);
#7354=AXIS2_PLACEMENT_3D('',#10866,#8484,#8485);
#7355=AXIS2_PLACEMENT_3D('',#10868,#8487,#8488);
#7356=AXIS2_PLACEMENT_3D('',#10871,#8491,#8492);
#7357=AXIS2_PLACEMENT_3D('',#10875,#8494,#8495);
#7358=AXIS2_PLACEMENT_3D('',#10877,#8497,#8498);
#7359=AXIS2_PLACEMENT_3D('',#10883,#8502,#8503);
#7360=AXIS2_PLACEMENT_3D('',#10886,#8506,#8507);
#7361=AXIS2_PLACEMENT_3D('',#10893,#8512,#8513);
#7362=AXIS2_PLACEMENT_3D('',#10894,#8514,#8515);
#7363=AXIS2_PLACEMENT_3D('',#10895,#8516,#8517);
#7364=AXIS2_PLACEMENT_3D('',#10900,#8519,#8520);
#7365=AXIS2_PLACEMENT_3D('',#10903,#8522,#8523);
#7366=AXIS2_PLACEMENT_3D('',#10904,#8524,#8525);
#7367=AXIS2_PLACEMENT_3D('',#10907,#8526,#8527);
#7368=AXIS2_PLACEMENT_3D('',#10909,#8528,#8529);
#7369=AXIS2_PLACEMENT_3D('',#10910,#8530,#8531);
#7370=AXIS2_PLACEMENT_3D('',#10911,#8532,#8533);
#7371=AXIS2_PLACEMENT_3D('',#10914,#8536,#8537);
#7372=AXIS2_PLACEMENT_3D('',#10917,#8538,#8539);
#7373=AXIS2_PLACEMENT_3D('',#10919,#8540,#8541);
#7374=AXIS2_PLACEMENT_3D('',#10920,#8542,#8543);
#7375=AXIS2_PLACEMENT_3D('',#10921,#8544,#8545);
#7376=AXIS2_PLACEMENT_3D('',#10924,#8548,#8549);
#7377=AXIS2_PLACEMENT_3D('',#10927,#8552,#8553);
#7378=AXIS2_PLACEMENT_3D('',#10930,#8554,#8555);
#7379=AXIS2_PLACEMENT_3D('',#10932,#8556,#8557);
#7380=AXIS2_PLACEMENT_3D('',#10933,#8558,#8559);
#7381=AXIS2_PLACEMENT_3D('',#10934,#8560,#8561);
#7382=AXIS2_PLACEMENT_3D('',#10937,#8564,#8565);
#7383=AXIS2_PLACEMENT_3D('',#10940,#8566,#8567);
#7384=AXIS2_PLACEMENT_3D('',#10942,#8568,#8569);
#7385=AXIS2_PLACEMENT_3D('',#10943,#8570,#8571);
#7386=AXIS2_PLACEMENT_3D('',#10944,#8572,#8573);
#7387=AXIS2_PLACEMENT_3D('',#10949,#8576,#8577);
#7388=AXIS2_PLACEMENT_3D('',#10950,#8578,#8579);
#7389=AXIS2_PLACEMENT_3D('',#10954,#8581,#8582);
#7390=AXIS2_PLACEMENT_3D('',#10956,#8584,#8585);
#7391=AXIS2_PLACEMENT_3D('',#10959,#8588,#8589);
#7392=AXIS2_PLACEMENT_3D('',#10962,#8592,#8593);
#7393=AXIS2_PLACEMENT_3D('',#10963,#8594,#8595);
#7394=AXIS2_PLACEMENT_3D('',#10964,#8596,#8597);
#7395=AXIS2_PLACEMENT_3D('',#10965,#8598,#8599);
#7396=AXIS2_PLACEMENT_3D('',#10967,#8601,#8602);
#7397=AXIS2_PLACEMENT_3D('',#10969,#8604,#8605);
#7398=AXIS2_PLACEMENT_3D('',#10980,#8612,#8613);
#7399=AXIS2_PLACEMENT_3D('',#10981,#8614,#8615);
#7400=AXIS2_PLACEMENT_3D('',#10982,#8616,#8617);
#7401=AXIS2_PLACEMENT_3D('',#10983,#8618,#8619);
#7402=AXIS2_PLACEMENT_3D('',#10986,#8621,#8622);
#7403=AXIS2_PLACEMENT_3D('',#10987,#8623,#8624);
#7404=AXIS2_PLACEMENT_3D('',#10992,#8626,#8627);
#7405=AXIS2_PLACEMENT_3D('',#10995,#8629,#8630);
#7406=AXIS2_PLACEMENT_3D('',#10996,#8631,#8632);
#7407=AXIS2_PLACEMENT_3D('',#10999,#8633,#8634);
#7408=AXIS2_PLACEMENT_3D('',#11001,#8635,#8636);
#7409=AXIS2_PLACEMENT_3D('',#11002,#8637,#8638);
#7410=AXIS2_PLACEMENT_3D('',#11003,#8639,#8640);
#7411=AXIS2_PLACEMENT_3D('',#11006,#8643,#8644);
#7412=AXIS2_PLACEMENT_3D('',#11008,#8645,#8646);
#7413=AXIS2_PLACEMENT_3D('',#11010,#8647,#8648);
#7414=AXIS2_PLACEMENT_3D('',#11011,#8649,#8650);
#7415=AXIS2_PLACEMENT_3D('',#11012,#8651,#8652);
#7416=AXIS2_PLACEMENT_3D('',#11015,#8654,#8655);
#7417=AXIS2_PLACEMENT_3D('',#11016,#8656,#8657);
#7418=AXIS2_PLACEMENT_3D('',#11019,#8660,#8661);
#7419=AXIS2_PLACEMENT_3D('',#11022,#8662,#8663);
#7420=AXIS2_PLACEMENT_3D('',#11024,#8664,#8665);
#7421=AXIS2_PLACEMENT_3D('',#11025,#8666,#8667);
#7422=AXIS2_PLACEMENT_3D('',#11026,#8668,#8669);
#7423=AXIS2_PLACEMENT_3D('',#11029,#8672,#8673);
#7424=AXIS2_PLACEMENT_3D('',#11032,#8674,#8675);
#7425=AXIS2_PLACEMENT_3D('',#11033,#8676,#8677);
#7426=AXIS2_PLACEMENT_3D('',#11034,#8678,#8679);
#7427=AXIS2_PLACEMENT_3D('',#11035,#8680,#8681);
#7428=AXIS2_PLACEMENT_3D('',#11037,#8683,#8684);
#7429=AXIS2_PLACEMENT_3D('',#11039,#8686,#8687);
#7430=AXIS2_PLACEMENT_3D('',#11040,#8688,#8689);
#7431=AXIS2_PLACEMENT_3D('',#11041,#8690,#8691);
#7432=AXIS2_PLACEMENT_3D('',#11042,#8692,#8693);
#7433=AXIS2_PLACEMENT_3D('',#11045,#8696,#8697);
#7434=AXIS2_PLACEMENT_3D('',#11047,#8698,#8699);
#7435=AXIS2_PLACEMENT_3D('',#11049,#8701,#8702);
#7436=AXIS2_PLACEMENT_3D('',#11051,#8704,#8705);
#7437=AXIS2_PLACEMENT_3D('',#11053,#8707,#8708);
#7438=AXIS2_PLACEMENT_3D('',#11054,#8709,#8710);
#7439=AXIS2_PLACEMENT_3D('',#11056,#8711,#8712);
#7440=AXIS2_PLACEMENT_3D('',#11067,#8713,#8714);
#7441=AXIS2_PLACEMENT_3D('',#11069,#8716,#8717);
#7442=AXIS2_PLACEMENT_3D('',#11070,#8718,#8719);
#7443=AXIS2_PLACEMENT_3D('',#11074,#8721,#8722);
#7444=AXIS2_PLACEMENT_3D('',#11076,#8724,#8725);
#7445=AXIS2_PLACEMENT_3D('',#11081,#8729,#8730);
#7446=AXIS2_PLACEMENT_3D('',#11083,#8732,#8733);
#7447=AXIS2_PLACEMENT_3D('',#11084,#8734,#8735);
#7448=AXIS2_PLACEMENT_3D('',#11085,#8736,#8737);
#7449=AXIS2_PLACEMENT_3D('',#11086,#8738,#8739);
#7450=AXIS2_PLACEMENT_3D('',#11088,#8741,#8742);
#7451=AXIS2_PLACEMENT_3D('',#11089,#8743,#8744);
#7452=AXIS2_PLACEMENT_3D('',#11090,#8745,#8746);
#7453=AXIS2_PLACEMENT_3D('',#11091,#8747,#8748);
#7454=AXIS2_PLACEMENT_3D('',#11100,#8753,#8754);
#7455=AXIS2_PLACEMENT_3D('',#11106,#8758,#8759);
#7456=AXIS2_PLACEMENT_3D('',#11112,#8763,#8764);
#7457=AXIS2_PLACEMENT_3D('',#11118,#8768,#8769);
#7458=AXIS2_PLACEMENT_3D('',#11124,#8773,#8774);
#7459=AXIS2_PLACEMENT_3D('',#11127,#8777,#8778);
#7460=AXIS2_PLACEMENT_3D('',#11129,#8779,#8780);
#7461=AXIS2_PLACEMENT_3D('',#11130,#8781,#8782);
#7462=AXIS2_PLACEMENT_3D('',#11132,#8784,#8785);
#7463=AXIS2_PLACEMENT_3D('',#11134,#8787,#8788);
#7464=AXIS2_PLACEMENT_3D('',#11135,#8789,#8790);
#7465=AXIS2_PLACEMENT_3D('',#11136,#8791,#8792);
#7466=AXIS2_PLACEMENT_3D('',#11145,#8797,#8798);
#7467=AXIS2_PLACEMENT_3D('',#11154,#8803,#8804);
#7468=AXIS2_PLACEMENT_3D('',#11163,#8809,#8810);
#7469=AXIS2_PLACEMENT_3D('',#11169,#8814,#8815);
#7470=AXIS2_PLACEMENT_3D('',#11175,#8819,#8820);
#7471=AXIS2_PLACEMENT_3D('',#11176,#8821,#8822);
#7472=AXIS2_PLACEMENT_3D('',#11177,#8823,#8824);
#7473=AXIS2_PLACEMENT_3D('',#11178,#8825,#8826);
#7474=AXIS2_PLACEMENT_3D('',#11179,#8827,#8828);
#7475=AXIS2_PLACEMENT_3D('',#11185,#8832,#8833);
#7476=AXIS2_PLACEMENT_3D('',#11188,#8834,#8835);
#7477=AXIS2_PLACEMENT_3D('',#11191,#8838,#8839);
#7478=AXIS2_PLACEMENT_3D('',#11194,#8840,#8841);
#7479=AXIS2_PLACEMENT_3D('',#11197,#8844,#8845);
#7480=AXIS2_PLACEMENT_3D('',#11200,#8846,#8847);
#7481=AXIS2_PLACEMENT_3D('',#11203,#8850,#8851);
#7482=AXIS2_PLACEMENT_3D('',#11212,#8856,#8857);
#7483=AXIS2_PLACEMENT_3D('',#11215,#8860,#8861);
#7484=AXIS2_PLACEMENT_3D('',#11224,#8866,#8867);
#7485=AXIS2_PLACEMENT_3D('',#11227,#8870,#8871);
#7486=AXIS2_PLACEMENT_3D('',#11236,#8876,#8877);
#7487=AXIS2_PLACEMENT_3D('',#11239,#8880,#8881);
#7488=AXIS2_PLACEMENT_3D('',#11243,#8885,#8886);
#7489=AXIS2_PLACEMENT_3D('',#11245,#8888,#8889);
#7490=AXIS2_PLACEMENT_3D('',#11247,#8891,#8892);
#7491=AXIS2_PLACEMENT_3D('',#11249,#8894,#8895);
#7492=AXIS2_PLACEMENT_3D('',#11250,#8896,#8897);
#7493=AXIS2_PLACEMENT_3D('',#11252,#8899,#8900);
#7494=AXIS2_PLACEMENT_3D('',#11254,#8902,#8903);
#7495=AXIS2_PLACEMENT_3D('',#11255,#8904,#8905);
#7496=AXIS2_PLACEMENT_3D('',#11257,#8907,#8908);
#7497=AXIS2_PLACEMENT_3D('',#11258,#8909,#8910);
#7498=AXIS2_PLACEMENT_3D('',#11259,#8911,#8912);
#7499=AXIS2_PLACEMENT_3D('',#11262,#8913,#8914);
#7500=AXIS2_PLACEMENT_3D('',#11264,#8915,#8916);
#7501=AXIS2_PLACEMENT_3D('',#11265,#8917,#8918);
#7502=AXIS2_PLACEMENT_3D('',#11266,#8919,#8920);
#7503=AXIS2_PLACEMENT_3D('',#11269,#8921,#8922);
#7504=AXIS2_PLACEMENT_3D('',#11272,#8925,#8926);
#7505=AXIS2_PLACEMENT_3D('',#11278,#8930,#8931);
#7506=AXIS2_PLACEMENT_3D('',#11281,#8933,#8934);
#7507=AXIS2_PLACEMENT_3D('',#11282,#8935,#8936);
#7508=AXIS2_PLACEMENT_3D('',#11286,#8938,#8939);
#7509=AXIS2_PLACEMENT_3D('',#11288,#8941,#8942);
#7510=AXIS2_PLACEMENT_3D('',#11290,#8943,#8944);
#7511=AXIS2_PLACEMENT_3D('',#11291,#8945,#8946);
#7512=AXIS2_PLACEMENT_3D('',#11292,#8947,#8948);
#7513=AXIS2_PLACEMENT_3D('',#11294,#8949,#8950);
#7514=AXIS2_PLACEMENT_3D('',#11296,#8952,#8953);
#7515=AXIS2_PLACEMENT_3D('',#11302,#8957,#8958);
#7516=AXIS2_PLACEMENT_3D('',#11305,#8960,#8961);
#7517=AXIS2_PLACEMENT_3D('',#11306,#8962,#8963);
#7518=AXIS2_PLACEMENT_3D('',#11308,#8964,#8965);
#7519=AXIS2_PLACEMENT_3D('',#11309,#8966,#8967);
#7520=AXIS2_PLACEMENT_3D('',#11310,#8968,#8969);
#7521=AXIS2_PLACEMENT_3D('',#11312,#8970,#8971);
#7522=AXIS2_PLACEMENT_3D('',#11314,#8973,#8974);
#7523=AXIS2_PLACEMENT_3D('',#11316,#8975,#8976);
#7524=AXIS2_PLACEMENT_3D('',#11319,#8978,#8979);
#7525=AXIS2_PLACEMENT_3D('',#11320,#8980,#8981);
#7526=AXIS2_PLACEMENT_3D('',#11321,#8982,#8983);
#7527=AXIS2_PLACEMENT_3D('',#11322,#8984,#8985);
#7528=AXIS2_PLACEMENT_3D('',#11323,#8986,#8987);
#7529=AXIS2_PLACEMENT_3D('',#11324,#8988,#8989);
#7530=AXIS2_PLACEMENT_3D('',#11325,#8990,#8991);
#7531=AXIS2_PLACEMENT_3D('',#11327,#8992,#8993);
#7532=AXIS2_PLACEMENT_3D('',#11329,#8995,#8996);
#7533=AXIS2_PLACEMENT_3D('',#11331,#8998,#8999);
#7534=AXIS2_PLACEMENT_3D('',#11334,#9000,#9001);
#7535=AXIS2_PLACEMENT_3D('',#11336,#9002,#9003);
#7536=AXIS2_PLACEMENT_3D('',#11337,#9004,#9005);
#7537=AXIS2_PLACEMENT_3D('',#11338,#9006,#9007);
#7538=AXIS2_PLACEMENT_3D('',#11341,#9008,#9009);
#7539=AXIS2_PLACEMENT_3D('',#11344,#9012,#9013);
#7540=AXIS2_PLACEMENT_3D('',#11350,#9017,#9018);
#7541=AXIS2_PLACEMENT_3D('',#11353,#9020,#9021);
#7542=AXIS2_PLACEMENT_3D('',#11354,#9022,#9023);
#7543=AXIS2_PLACEMENT_3D('',#11356,#9024,#9025);
#7544=AXIS2_PLACEMENT_3D('',#11358,#9026,#9027);
#7545=AXIS2_PLACEMENT_3D('',#11359,#9028,#9029);
#7546=AXIS2_PLACEMENT_3D('',#11360,#9030,#9031);
#7547=AXIS2_PLACEMENT_3D('',#11363,#9032,#9033);
#7548=AXIS2_PLACEMENT_3D('',#11365,#9034,#9035);
#7549=AXIS2_PLACEMENT_3D('',#11366,#9036,#9037);
#7550=AXIS2_PLACEMENT_3D('',#11367,#9038,#9039);
#7551=AXIS2_PLACEMENT_3D('',#11370,#9040,#9041);
#7552=AXIS2_PLACEMENT_3D('',#11373,#9044,#9045);
#7553=AXIS2_PLACEMENT_3D('',#11379,#9049,#9050);
#7554=AXIS2_PLACEMENT_3D('',#11381,#9052,#9053);
#7555=AXIS2_PLACEMENT_3D('',#11382,#9054,#9055);
#7556=AXIS2_PLACEMENT_3D('',#11383,#9056,#9057);
#7557=AXIS2_PLACEMENT_3D('',#11384,#9058,#9059);
#7558=AXIS2_PLACEMENT_3D('',#11386,#9060,#9061);
#7559=AXIS2_PLACEMENT_3D('',#11388,#9063,#9064);
#7560=AXIS2_PLACEMENT_3D('',#11389,#9065,#9066);
#7561=AXIS2_PLACEMENT_3D('',#11390,#9067,#9068);
#7562=AXIS2_PLACEMENT_3D('',#11392,#9069,#9070);
#7563=AXIS2_PLACEMENT_3D('',#11393,#9071,#9072);
#7564=AXIS2_PLACEMENT_3D('',#11394,#9073,#9074);
#7565=AXIS2_PLACEMENT_3D('',#11396,#9075,#9076);
#7566=AXIS2_PLACEMENT_3D('',#11398,#9078,#9079);
#7567=AXIS2_PLACEMENT_3D('',#11404,#9083,#9084);
#7568=AXIS2_PLACEMENT_3D('',#11407,#9086,#9087);
#7569=AXIS2_PLACEMENT_3D('',#11408,#9088,#9089);
#7570=AXIS2_PLACEMENT_3D('',#11410,#9090,#9091);
#7571=AXIS2_PLACEMENT_3D('',#11411,#9092,#9093);
#7572=AXIS2_PLACEMENT_3D('',#11412,#9094,#9095);
#7573=AXIS2_PLACEMENT_3D('',#11414,#9096,#9097);
#7574=AXIS2_PLACEMENT_3D('',#11416,#9099,#9100);
#7575=AXIS2_PLACEMENT_3D('',#11419,#9103,#9104);
#7576=AXIS2_PLACEMENT_3D('',#11421,#9106,#9107);
#7577=AXIS2_PLACEMENT_3D('',#11424,#9108,#9109);
#7578=AXIS2_PLACEMENT_3D('',#11426,#9110,#9111);
#7579=AXIS2_PLACEMENT_3D('',#11427,#9112,#9113);
#7580=AXIS2_PLACEMENT_3D('',#11428,#9114,#9115);
#7581=AXIS2_PLACEMENT_3D('',#11431,#9116,#9117);
#7582=AXIS2_PLACEMENT_3D('',#11434,#9120,#9121);
#7583=AXIS2_PLACEMENT_3D('',#11440,#9125,#9126);
#7584=AXIS2_PLACEMENT_3D('',#11443,#9128,#9129);
#7585=AXIS2_PLACEMENT_3D('',#11444,#9130,#9131);
#7586=AXIS2_PLACEMENT_3D('',#11446,#9132,#9133);
#7587=AXIS2_PLACEMENT_3D('',#11448,#9134,#9135);
#7588=AXIS2_PLACEMENT_3D('',#11449,#9136,#9137);
#7589=AXIS2_PLACEMENT_3D('',#11450,#9138,#9139);
#7590=AXIS2_PLACEMENT_3D('',#11452,#9140,#9141);
#7591=AXIS2_PLACEMENT_3D('',#11453,#9142,#9143);
#7592=AXIS2_PLACEMENT_3D('',#11454,#9144,#9145);
#7593=AXIS2_PLACEMENT_3D('',#11457,#9146,#9147);
#7594=AXIS2_PLACEMENT_3D('',#11460,#9150,#9151);
#7595=AXIS2_PLACEMENT_3D('',#11461,#9152,#9153);
#7596=AXIS2_PLACEMENT_3D('',#11462,#9154,#9155);
#7597=AXIS2_PLACEMENT_3D('',#11466,#9157,#9158);
#7598=AXIS2_PLACEMENT_3D('',#11468,#9160,#9161);
#7599=AXIS2_PLACEMENT_3D('',#11470,#9162,#9163);
#7600=AXIS2_PLACEMENT_3D('',#11471,#9164,#9165);
#7601=AXIS2_PLACEMENT_3D('',#11472,#9166,#9167);
#7602=AXIS2_PLACEMENT_3D('',#11475,#9168,#9169);
#7603=AXIS2_PLACEMENT_3D('',#11478,#9172,#9173);
#7604=AXIS2_PLACEMENT_3D('',#11480,#9175,#9176);
#7605=AXIS2_PLACEMENT_3D('',#11483,#9178,#9179);
#7606=AXIS2_PLACEMENT_3D('',#11485,#9181,#9182);
#7607=AXIS2_PLACEMENT_3D('',#11486,#9183,#9184);
#7608=AXIS2_PLACEMENT_3D('',#11487,#9185,#9186);
#7609=AXIS2_PLACEMENT_3D('',#11489,#9187,#9188);
#7610=AXIS2_PLACEMENT_3D('',#11491,#9190,#9191);
#7611=AXIS2_PLACEMENT_3D('',#11493,#9193,#9194);
#7612=AXIS2_PLACEMENT_3D('',#11496,#9195,#9196);
#7613=AXIS2_PLACEMENT_3D('',#11498,#9197,#9198);
#7614=AXIS2_PLACEMENT_3D('',#11499,#9199,#9200);
#7615=AXIS2_PLACEMENT_3D('',#11500,#9201,#9202);
#7616=AXIS2_PLACEMENT_3D('',#11503,#9203,#9204);
#7617=AXIS2_PLACEMENT_3D('',#11506,#9207,#9208);
#7618=AXIS2_PLACEMENT_3D('',#11512,#9212,#9213);
#7619=AXIS2_PLACEMENT_3D('',#11515,#9215,#9216);
#7620=AXIS2_PLACEMENT_3D('',#11516,#9217,#9218);
#7621=AXIS2_PLACEMENT_3D('',#11518,#9219,#9220);
#7622=AXIS2_PLACEMENT_3D('',#11519,#9221,#9222);
#7623=AXIS2_PLACEMENT_3D('',#11520,#9223,#9224);
#7624=AXIS2_PLACEMENT_3D('',#11522,#9225,#9226);
#7625=AXIS2_PLACEMENT_3D('',#11524,#9228,#9229);
#7626=AXIS2_PLACEMENT_3D('',#11530,#9233,#9234);
#7627=AXIS2_PLACEMENT_3D('',#11533,#9236,#9237);
#7628=AXIS2_PLACEMENT_3D('',#11534,#9238,#9239);
#7629=AXIS2_PLACEMENT_3D('',#11536,#9240,#9241);
#7630=AXIS2_PLACEMENT_3D('',#11537,#9242,#9243);
#7631=AXIS2_PLACEMENT_3D('',#11538,#9244,#9245);
#7632=AXIS2_PLACEMENT_3D('',#11540,#9246,#9247);
#7633=AXIS2_PLACEMENT_3D('',#11542,#9249,#9250);
#7634=AXIS2_PLACEMENT_3D('',#11544,#9251,#9252);
#7635=AXIS2_PLACEMENT_3D('',#11547,#9254,#9255);
#7636=AXIS2_PLACEMENT_3D('',#11548,#9256,#9257);
#7637=AXIS2_PLACEMENT_3D('',#11550,#9258,#9259);
#7638=AXIS2_PLACEMENT_3D('',#11551,#9260,#9261);
#7639=AXIS2_PLACEMENT_3D('',#11552,#9262,#9263);
#7640=AXIS2_PLACEMENT_3D('',#11554,#9264,#9265);
#7641=AXIS2_PLACEMENT_3D('',#11555,#9266,#9267);
#7642=AXIS2_PLACEMENT_3D('',#11556,#9268,#9269);
#7643=AXIS2_PLACEMENT_3D('',#11558,#9270,#9271);
#7644=AXIS2_PLACEMENT_3D('',#11560,#9273,#9274);
#7645=AXIS2_PLACEMENT_3D('',#11566,#9278,#9279);
#7646=AXIS2_PLACEMENT_3D('',#11569,#9281,#9282);
#7647=AXIS2_PLACEMENT_3D('',#11570,#9283,#9284);
#7648=AXIS2_PLACEMENT_3D('',#11573,#9285,#9286);
#7649=AXIS2_PLACEMENT_3D('',#11575,#9287,#9288);
#7650=AXIS2_PLACEMENT_3D('',#11576,#9289,#9290);
#7651=AXIS2_PLACEMENT_3D('',#11577,#9291,#9292);
#7652=AXIS2_PLACEMENT_3D('',#11580,#9293,#9294);
#7653=AXIS2_PLACEMENT_3D('',#11583,#9297,#9298);
#7654=AXIS2_PLACEMENT_3D('',#11589,#9302,#9303);
#7655=AXIS2_PLACEMENT_3D('',#11592,#9305,#9306);
#7656=AXIS2_PLACEMENT_3D('',#11593,#9307,#9308);
#7657=AXIS2_PLACEMENT_3D('',#11597,#9310,#9311);
#7658=AXIS2_PLACEMENT_3D('',#11599,#9313,#9314);
#7659=AXIS2_PLACEMENT_3D('',#11601,#9315,#9316);
#7660=AXIS2_PLACEMENT_3D('',#11602,#9317,#9318);
#7661=AXIS2_PLACEMENT_3D('',#11603,#9319,#9320);
#7662=AXIS2_PLACEMENT_3D('',#11606,#9321,#9322);
#7663=AXIS2_PLACEMENT_3D('',#11609,#9325,#9326);
#7664=AXIS2_PLACEMENT_3D('',#11611,#9328,#9329);
#7665=AXIS2_PLACEMENT_3D('',#11615,#9331,#9332);
#7666=AXIS2_PLACEMENT_3D('',#11617,#9334,#9335);
#7667=AXIS2_PLACEMENT_3D('',#11619,#9336,#9337);
#7668=AXIS2_PLACEMENT_3D('',#11620,#9338,#9339);
#7669=AXIS2_PLACEMENT_3D('',#11621,#9340,#9341);
#7670=AXIS2_PLACEMENT_3D('',#11623,#9342,#9343);
#7671=AXIS2_PLACEMENT_3D('',#11625,#9345,#9346);
#7672=AXIS2_PLACEMENT_3D('',#11627,#9347,#9348);
#7673=AXIS2_PLACEMENT_3D('',#11630,#9350,#9351);
#7674=AXIS2_PLACEMENT_3D('',#11631,#9352,#9353);
#7675=AXIS2_PLACEMENT_3D('',#11632,#9354,#9355);
#7676=AXIS2_PLACEMENT_3D('',#11633,#9356,#9357);
#7677=AXIS2_PLACEMENT_3D('',#11634,#9358,#9359);
#7678=AXIS2_PLACEMENT_3D('',#11635,#9360,#9361);
#7679=AXIS2_PLACEMENT_3D('',#11636,#9362,#9363);
#7680=AXIS2_PLACEMENT_3D('',#11638,#9364,#9365);
#7681=AXIS2_PLACEMENT_3D('',#11640,#9367,#9368);
#7682=AXIS2_PLACEMENT_3D('',#11642,#9370,#9371);
#7683=AXIS2_PLACEMENT_3D('',#11645,#9372,#9373);
#7684=AXIS2_PLACEMENT_3D('',#11649,#9375,#9376);
#7685=AXIS2_PLACEMENT_3D('',#11651,#9378,#9379);
#7686=AXIS2_PLACEMENT_3D('',#11653,#9380,#9381);
#7687=AXIS2_PLACEMENT_3D('',#11654,#9382,#9383);
#7688=AXIS2_PLACEMENT_3D('',#11655,#9384,#9385);
#7689=AXIS2_PLACEMENT_3D('',#11657,#9386,#9387);
#7690=AXIS2_PLACEMENT_3D('',#11659,#9388,#9389);
#7691=AXIS2_PLACEMENT_3D('',#11660,#9390,#9391);
#7692=AXIS2_PLACEMENT_3D('',#11661,#9392,#9393);
#7693=AXIS2_PLACEMENT_3D('',#11665,#9395,#9396);
#7694=AXIS2_PLACEMENT_3D('',#11667,#9398,#9399);
#7695=AXIS2_PLACEMENT_3D('',#11671,#9402,#9403);
#7696=AXIS2_PLACEMENT_3D('',#11673,#9404,#9405);
#7697=AXIS2_PLACEMENT_3D('',#11674,#9406,#9407);
#7698=AXIS2_PLACEMENT_3D('',#11675,#9408,#9409);
#7699=AXIS2_PLACEMENT_3D('',#11678,#9410,#9411);
#7700=AXIS2_PLACEMENT_3D('',#11681,#9414,#9415);
#7701=AXIS2_PLACEMENT_3D('',#11687,#9419,#9420);
#7702=AXIS2_PLACEMENT_3D('',#11690,#9422,#9423);
#7703=AXIS2_PLACEMENT_3D('',#11691,#9424,#9425);
#7704=AXIS2_PLACEMENT_3D('',#11694,#9426,#9427);
#7705=AXIS2_PLACEMENT_3D('',#11696,#9428,#9429);
#7706=AXIS2_PLACEMENT_3D('',#11697,#9430,#9431);
#7707=AXIS2_PLACEMENT_3D('',#11698,#9432,#9433);
#7708=AXIS2_PLACEMENT_3D('',#11701,#9434,#9435);
#7709=AXIS2_PLACEMENT_3D('',#11704,#9438,#9439);
#7710=AXIS2_PLACEMENT_3D('',#11707,#9440,#9441);
#7711=AXIS2_PLACEMENT_3D('',#11709,#9442,#9443);
#7712=AXIS2_PLACEMENT_3D('',#11710,#9444,#9445);
#7713=AXIS2_PLACEMENT_3D('',#11711,#9446,#9447);
#7714=AXIS2_PLACEMENT_3D('',#11714,#9448,#9449);
#7715=AXIS2_PLACEMENT_3D('',#11717,#9452,#9453);
#7716=AXIS2_PLACEMENT_3D('',#11720,#9454,#9455);
#7717=AXIS2_PLACEMENT_3D('',#11722,#9456,#9457);
#7718=AXIS2_PLACEMENT_3D('',#11723,#9458,#9459);
#7719=AXIS2_PLACEMENT_3D('',#11724,#9460,#9461);
#7720=AXIS2_PLACEMENT_3D('',#11727,#9462,#9463);
#7721=AXIS2_PLACEMENT_3D('',#11730,#9466,#9467);
#7722=AXIS2_PLACEMENT_3D('',#11733,#9470,#9471);
#7723=AXIS2_PLACEMENT_3D('',#11736,#9472,#9473);
#7724=AXIS2_PLACEMENT_3D('',#11738,#9474,#9475);
#7725=AXIS2_PLACEMENT_3D('',#11739,#9476,#9477);
#7726=AXIS2_PLACEMENT_3D('',#11740,#9478,#9479);
#7727=AXIS2_PLACEMENT_3D('',#11743,#9480,#9481);
#7728=AXIS2_PLACEMENT_3D('',#11746,#9484,#9485);
#7729=AXIS2_PLACEMENT_3D('',#11749,#9488,#9489);
#7730=AXIS2_PLACEMENT_3D('',#11750,#9490,#9491);
#7731=AXIS2_PLACEMENT_3D('',#11751,#9492,#9493);
#7732=AXIS2_PLACEMENT_3D('',#11752,#9494,#9495);
#7733=AXIS2_PLACEMENT_3D('',#11755,#9498,#9499);
#7734=AXIS2_PLACEMENT_3D('',#11757,#9501,#9502);
#7735=AXIS2_PLACEMENT_3D('',#11759,#9504,#9505);
#7736=AXIS2_PLACEMENT_3D('',#11760,#9506,#9507);
#7737=AXIS2_PLACEMENT_3D('',#11762,#9508,#9509);
#7738=AXIS2_PLACEMENT_3D('',#11763,#9510,#9511);
#7739=AXIS2_PLACEMENT_3D('',#11764,#9512,#9513);
#7740=AXIS2_PLACEMENT_3D('',#11766,#9514,#9515);
#7741=AXIS2_PLACEMENT_3D('',#11768,#9517,#9518);
#7742=AXIS2_PLACEMENT_3D('',#11771,#9519,#9520);
#7743=AXIS2_PLACEMENT_3D('',#11773,#9521,#9522);
#7744=AXIS2_PLACEMENT_3D('',#11774,#9523,#9524);
#7745=AXIS2_PLACEMENT_3D('',#11775,#9525,#9526);
#7746=AXIS2_PLACEMENT_3D('',#11778,#9527,#9528);
#7747=AXIS2_PLACEMENT_3D('',#11781,#9531,#9532);
#7748=AXIS2_PLACEMENT_3D('',#11784,#9535,#9536);
#7749=AXIS2_PLACEMENT_3D('',#11786,#9537,#9538);
#7750=AXIS2_PLACEMENT_3D('',#11787,#9539,#9540);
#7751=AXIS2_PLACEMENT_3D('',#11788,#9541,#9542);
#7752=AXIS2_PLACEMENT_3D('',#11790,#9543,#9544);
#7753=AXIS2_PLACEMENT_3D('',#11792,#9546,#9547);
#7754=AXIS2_PLACEMENT_3D('',#11795,#9550,#9551);
#7755=AXIS2_PLACEMENT_3D('',#11797,#9553,#9554);
#7756=AXIS2_PLACEMENT_3D('',#11799,#9556,#9557);
#7757=AXIS2_PLACEMENT_3D('',#11800,#9558,#9559);
#7758=AXIS2_PLACEMENT_3D('',#11801,#9560,#9561);
#7759=AXIS2_PLACEMENT_3D('',#11803,#9562,#9563);
#7760=AXIS2_PLACEMENT_3D('',#11804,#9564,#9565);
#7761=AXIS2_PLACEMENT_3D('',#11805,#9566,#9567);
#7762=AXIS2_PLACEMENT_3D('',#11807,#9568,#9569);
#7763=AXIS2_PLACEMENT_3D('',#11809,#9571,#9572);
#7764=AXIS2_PLACEMENT_3D('',#11812,#9575,#9576);
#7765=AXIS2_PLACEMENT_3D('',#11813,#9577,#9578);
#7766=AXIS2_PLACEMENT_3D('',#11814,#9579,#9580);
#7767=AXIS2_PLACEMENT_3D('',#11815,#9581,#9582);
#7768=AXIS2_PLACEMENT_3D('',#11816,#9583,#9584);
#7769=AXIS2_PLACEMENT_3D('',#11819,#9585,#9586);
#7770=AXIS2_PLACEMENT_3D('',#11821,#9587,#9588);
#7771=AXIS2_PLACEMENT_3D('',#11822,#9589,#9590);
#7772=AXIS2_PLACEMENT_3D('',#11823,#9591,#9592);
#7773=AXIS2_PLACEMENT_3D('',#11826,#9593,#9594);
#7774=AXIS2_PLACEMENT_3D('',#11829,#9597,#9598);
#7775=AXIS2_PLACEMENT_3D('',#11832,#9599,#9600);
#7776=AXIS2_PLACEMENT_3D('',#11834,#9601,#9602);
#7777=AXIS2_PLACEMENT_3D('',#11835,#9603,#9604);
#7778=AXIS2_PLACEMENT_3D('',#11836,#9605,#9606);
#7779=AXIS2_PLACEMENT_3D('',#11839,#9607,#9608);
#7780=AXIS2_PLACEMENT_3D('',#11842,#9611,#9612);
#7781=AXIS2_PLACEMENT_3D('',#11843,#9613,#9614);
#7782=AXIS2_PLACEMENT_3D('',#11844,#9615,#9616);
#7783=AXIS2_PLACEMENT_3D('',#11845,#9617,#9618);
#7784=AXIS2_PLACEMENT_3D('',#11848,#9619,#9620);
#7785=AXIS2_PLACEMENT_3D('',#11850,#9621,#9622);
#7786=AXIS2_PLACEMENT_3D('',#11851,#9623,#9624);
#7787=AXIS2_PLACEMENT_3D('',#11852,#9625,#9626);
#7788=AXIS2_PLACEMENT_3D('',#11855,#9627,#9628);
#7789=AXIS2_PLACEMENT_3D('',#11858,#9631,#9632);
#7790=AXIS2_PLACEMENT_3D('',#11861,#9633,#9634);
#7791=AXIS2_PLACEMENT_3D('',#11863,#9635,#9636);
#7792=AXIS2_PLACEMENT_3D('',#11864,#9637,#9638);
#7793=AXIS2_PLACEMENT_3D('',#11865,#9639,#9640);
#7794=AXIS2_PLACEMENT_3D('',#11868,#9641,#9642);
#7795=AXIS2_PLACEMENT_3D('',#11871,#9645,#9646);
#7796=AXIS2_PLACEMENT_3D('',#11874,#9649,#9650);
#7797=AXIS2_PLACEMENT_3D('',#11877,#9651,#9652);
#7798=AXIS2_PLACEMENT_3D('',#11879,#9653,#9654);
#7799=AXIS2_PLACEMENT_3D('',#11880,#9655,#9656);
#7800=AXIS2_PLACEMENT_3D('',#11881,#9657,#9658);
#7801=AXIS2_PLACEMENT_3D('',#11884,#9659,#9660);
#7802=AXIS2_PLACEMENT_3D('',#11887,#9663,#9664);
#7803=AXIS2_PLACEMENT_3D('',#11890,#9667,#9668);
#7804=AXIS2_PLACEMENT_3D('',#11893,#9671,#9672);
#7805=AXIS2_PLACEMENT_3D('',#11896,#9675,#9676);
#7806=AXIS2_PLACEMENT_3D('',#11897,#9677,#9678);
#7807=AXIS2_PLACEMENT_3D('',#11898,#9679,#9680);
#7808=AXIS2_PLACEMENT_3D('',#11900,#9682,#9683);
#7809=AXIS2_PLACEMENT_3D('',#11902,#9685,#9686);
#7810=AXIS2_PLACEMENT_3D('',#11903,#9687,#9688);
#7811=AXIS2_PLACEMENT_3D('',#11904,#9689,#9690);
#7812=AXIS2_PLACEMENT_3D('',#11905,#9691,#9692);
#7813=AXIS2_PLACEMENT_3D('',#11906,#9693,#9694);
#7814=AXIS2_PLACEMENT_3D('',#11907,#9695,#9696);
#7815=AXIS2_PLACEMENT_3D('',#11909,#9698,#9699);
#7816=AXIS2_PLACEMENT_3D('',#11911,#9701,#9702);
#7817=AXIS2_PLACEMENT_3D('',#11913,#9704,#9705);
#7818=AXIS2_PLACEMENT_3D('',#11915,#9707,#9708);
#7819=AXIS2_PLACEMENT_3D('',#11924,#9713,#9714);
#7820=AXIS2_PLACEMENT_3D('',#11930,#9718,#9719);
#7821=AXIS2_PLACEMENT_3D('',#11936,#9723,#9724);
#7822=AXIS2_PLACEMENT_3D('',#11942,#9728,#9729);
#7823=AXIS2_PLACEMENT_3D('',#11948,#9733,#9734);
#7824=AXIS2_PLACEMENT_3D('',#11951,#9737,#9738);
#7825=AXIS2_PLACEMENT_3D('',#11953,#9739,#9740);
#7826=AXIS2_PLACEMENT_3D('',#11954,#9741,#9742);
#7827=AXIS2_PLACEMENT_3D('',#11956,#9743,#9744);
#7828=AXIS2_PLACEMENT_3D('',#11958,#9746,#9747);
#7829=AXIS2_PLACEMENT_3D('',#11967,#9752,#9753);
#7830=AXIS2_PLACEMENT_3D('',#11973,#9757,#9758);
#7831=AXIS2_PLACEMENT_3D('',#11979,#9762,#9763);
#7832=AXIS2_PLACEMENT_3D('',#11982,#9766,#9767);
#7833=AXIS2_PLACEMENT_3D('',#11983,#9768,#9769);
#7834=AXIS2_PLACEMENT_3D('',#11984,#9770,#9771);
#7835=AXIS2_PLACEMENT_3D('',#11985,#9772,#9773);
#7836=AXIS2_PLACEMENT_3D('',#11988,#9774,#9775);
#7837=AXIS2_PLACEMENT_3D('',#11990,#9776,#9777);
#7838=AXIS2_PLACEMENT_3D('',#11991,#9778,#9779);
#7839=AXIS2_PLACEMENT_3D('',#11992,#9780,#9781);
#7840=AXIS2_PLACEMENT_3D('',#11997,#9784,#9785);
#7841=AXIS2_PLACEMENT_3D('',#11998,#9786,#9787);
#7842=AXIS2_PLACEMENT_3D('',#12017,#9790,#9791);
#7843=AXIS2_PLACEMENT_3D('',#12019,#9792,#9793);
#7844=AXIS2_PLACEMENT_3D('',#12035,#9794,#9795);
#7845=AXIS2_PLACEMENT_3D('',#12036,#9796,#9797);
#7846=AXIS2_PLACEMENT_3D('',#12039,#9798,#9799);
#7847=AXIS2_PLACEMENT_3D('',#12041,#9800,#9801);
#7848=AXIS2_PLACEMENT_3D('',#12042,#9802,#9803);
#7849=AXIS2_PLACEMENT_3D('',#12043,#9804,#9805);
#7850=AXIS2_PLACEMENT_3D('',#12046,#9806,#9807);
#7851=AXIS2_PLACEMENT_3D('',#12049,#9810,#9811);
#7852=AXIS2_PLACEMENT_3D('',#12052,#9812,#9813);
#7853=AXIS2_PLACEMENT_3D('',#12054,#9814,#9815);
#7854=AXIS2_PLACEMENT_3D('',#12055,#9816,#9817);
#7855=AXIS2_PLACEMENT_3D('',#12056,#9818,#9819);
#7856=AXIS2_PLACEMENT_3D('',#12061,#9821,#9822);
#7857=AXIS2_PLACEMENT_3D('',#12064,#9824,#9825);
#7858=AXIS2_PLACEMENT_3D('',#12065,#9826,#9827);
#7859=AXIS2_PLACEMENT_3D('',#12068,#9830,#9831);
#7860=AXIS2_PLACEMENT_3D('',#12071,#9834,#9835);
#7861=AXIS2_PLACEMENT_3D('',#12074,#9838,#9839);
#7862=AXIS2_PLACEMENT_3D('',#12077,#9842,#9843);
#7863=AXIS2_PLACEMENT_3D('',#12081,#9845,#9846);
#7864=AXIS2_PLACEMENT_3D('',#12083,#9848,#9849);
#7865=AXIS2_PLACEMENT_3D('',#12091,#9853,#9854);
#7866=AXIS2_PLACEMENT_3D('',#12101,#9860,#9861);
#7867=AXIS2_PLACEMENT_3D('',#12105,#9864,#9865);
#7868=AXIS2_PLACEMENT_3D('',#12108,#9867,#9868);
#7869=AXIS2_PLACEMENT_3D('',#12109,#9869,#9870);
#7870=AXIS2_PLACEMENT_3D('',#12113,#9873,#9874);
#7871=AXIS2_PLACEMENT_3D('',#12117,#9878,#9879);
#7872=AXIS2_PLACEMENT_3D('',#12125,#9883,#9884);
#7873=AXIS2_PLACEMENT_3D('',#12129,#9887,#9888);
#7874=AXIS2_PLACEMENT_3D('',#12130,#9889,#9890);
#7875=AXIS2_PLACEMENT_3D('',#12132,#9891,#9892);
#7876=AXIS2_PLACEMENT_3D('',#12134,#9893,#9894);
#7877=AXIS2_PLACEMENT_3D('',#12136,#9895,#9896);
#7878=AXIS2_PLACEMENT_3D('',#12137,#9897,#9898);
#7879=AXIS2_PLACEMENT_3D('',#12138,#9899,#9900);
#7880=AXIS2_PLACEMENT_3D('',#12141,#9902,#9903);
#7881=AXIS2_PLACEMENT_3D('',#12142,#9904,#9905);
#7882=AXIS2_PLACEMENT_3D('',#12144,#9906,#9907);
#7883=AXIS2_PLACEMENT_3D('',#12145,#9908,#9909);
#7884=AXIS2_PLACEMENT_3D('',#12148,#9910,#9911);
#7885=AXIS2_PLACEMENT_3D('',#12150,#9912,#9913);
#7886=AXIS2_PLACEMENT_3D('',#12151,#9914,#9915);
#7887=AXIS2_PLACEMENT_3D('',#12152,#9916,#9917);
#7888=AXIS2_PLACEMENT_3D('',#12157,#9920,#9921);
#7889=AXIS2_PLACEMENT_3D('',#12158,#9922,#9923);
#7890=AXIS2_PLACEMENT_3D('',#12177,#9926,#9927);
#7891=AXIS2_PLACEMENT_3D('',#12180,#9928,#9929);
#7892=AXIS2_PLACEMENT_3D('',#12182,#9930,#9931);
#7893=AXIS2_PLACEMENT_3D('',#12183,#9932,#9933);
#7894=AXIS2_PLACEMENT_3D('',#12184,#9934,#9935);
#7895=AXIS2_PLACEMENT_3D('',#12187,#9936,#9937);
#7896=AXIS2_PLACEMENT_3D('',#12190,#9940,#9941);
#7897=AXIS2_PLACEMENT_3D('',#12192,#9942,#9943);
#7898=AXIS2_PLACEMENT_3D('',#12208,#9944,#9945);
#7899=AXIS2_PLACEMENT_3D('',#12209,#9946,#9947);
#7900=AXIS2_PLACEMENT_3D('',#12212,#9948,#9949);
#7901=AXIS2_PLACEMENT_3D('',#12214,#9950,#9951);
#7902=AXIS2_PLACEMENT_3D('',#12215,#9952,#9953);
#7903=AXIS2_PLACEMENT_3D('',#12216,#9954,#9955);
#7904=AXIS2_PLACEMENT_3D('',#12221,#9957,#9958);
#7905=AXIS2_PLACEMENT_3D('',#12224,#9960,#9961);
#7906=AXIS2_PLACEMENT_3D('',#12225,#9962,#9963);
#7907=AXIS2_PLACEMENT_3D('',#12228,#9966,#9967);
#7908=AXIS2_PLACEMENT_3D('',#12231,#9970,#9971);
#7909=AXIS2_PLACEMENT_3D('',#12234,#9974,#9975);
#7910=AXIS2_PLACEMENT_3D('',#12237,#9978,#9979);
#7911=AXIS2_PLACEMENT_3D('',#12240,#9982,#9983);
#7912=AXIS2_PLACEMENT_3D('',#12244,#9986,#9987);
#7913=AXIS2_PLACEMENT_3D('',#12247,#9989,#9990);
#7914=AXIS2_PLACEMENT_3D('',#12248,#9991,#9992);
#7915=AXIS2_PLACEMENT_3D('',#12252,#9995,#9996);
#7916=AXIS2_PLACEMENT_3D('',#12256,#10000,#10001);
#7917=AXIS2_PLACEMENT_3D('',#12264,#10005,#10006);
#7918=AXIS2_PLACEMENT_3D('',#12268,#10009,#10010);
#7919=AXIS2_PLACEMENT_3D('',#12269,#10011,#10012);
#7920=AXIS2_PLACEMENT_3D('',#12274,#10015,#10016);
#7921=AXIS2_PLACEMENT_3D('',#12275,#10017,#10018);
#7922=AXIS2_PLACEMENT_3D('',#12278,#10019,#10020);
#7923=AXIS2_PLACEMENT_3D('',#12280,#10021,#10022);
#7924=AXIS2_PLACEMENT_3D('',#12281,#10023,#10024);
#7925=AXIS2_PLACEMENT_3D('',#12282,#10025,#10026);
#7926=AXIS2_PLACEMENT_3D('',#12285,#10029,#10030);
#7927=AXIS2_PLACEMENT_3D('',#12288,#10031,#10032);
#7928=AXIS2_PLACEMENT_3D('',#12290,#10033,#10034);
#7929=AXIS2_PLACEMENT_3D('',#12291,#10035,#10036);
#7930=AXIS2_PLACEMENT_3D('',#12292,#10037,#10038);
#7931=AXIS2_PLACEMENT_3D('',#12295,#10039,#10040);
#7932=AXIS2_PLACEMENT_3D('',#12298,#10043,#10044);
#7933=AXIS2_PLACEMENT_3D('',#12301,#10047,#10048);
#7934=AXIS2_PLACEMENT_3D('',#12304,#10049,#10050);
#7935=AXIS2_PLACEMENT_3D('',#12306,#10051,#10052);
#7936=AXIS2_PLACEMENT_3D('',#12307,#10053,#10054);
#7937=AXIS2_PLACEMENT_3D('',#12308,#10055,#10056);
#7938=AXIS2_PLACEMENT_3D('',#12313,#10059,#10060);
#7939=AXIS2_PLACEMENT_3D('',#12314,#10061,#10062);
#7940=AXIS2_PLACEMENT_3D('',#12318,#10064,#10065);
#7941=AXIS2_PLACEMENT_3D('',#12320,#10067,#10068);
#7942=AXIS2_PLACEMENT_3D('',#12323,#10071,#10072);
#7943=AXIS2_PLACEMENT_3D('',#12342,#10075,#10076);
#7944=AXIS2_PLACEMENT_3D('',#12344,#10077,#10078);
#7945=AXIS2_PLACEMENT_3D('',#12346,#10079,#10080);
#7946=AXIS2_PLACEMENT_3D('',#12361,#10081,#10082);
#7947=AXIS2_PLACEMENT_3D('',#12364,#10085,#10086);
#7948=AXIS2_PLACEMENT_3D('',#12366,#10088,#10089);
#7949=AXIS2_PLACEMENT_3D('',#12368,#10091,#10092);
#7950=AXIS2_PLACEMENT_3D('',#12376,#10096,#10097);
#7951=AXIS2_PLACEMENT_3D('',#12380,#10101,#10102);
#7952=AXIS2_PLACEMENT_3D('',#12381,#10103,#10104);
#7953=AXIS2_PLACEMENT_3D('',#12384,#10105,#10106);
#7954=AXIS2_PLACEMENT_3D('',#12386,#10107,#10108);
#7955=AXIS2_PLACEMENT_3D('',#12387,#10109,#10110);
#7956=AXIS2_PLACEMENT_3D('',#12388,#10111,#10112);
#7957=AXIS2_PLACEMENT_3D('',#12393,#10115,#10116);
#7958=AXIS2_PLACEMENT_3D('',#12394,#10117,#10118);
#7959=AXIS2_PLACEMENT_3D('',#12413,#10121,#10122);
#7960=AXIS2_PLACEMENT_3D('',#12415,#10123,#10124);
#7961=AXIS2_PLACEMENT_3D('',#12431,#10125,#10126);
#7962=AXIS2_PLACEMENT_3D('',#12432,#10127,#10128);
#7963=AXIS2_PLACEMENT_3D('',#12435,#10129,#10130);
#7964=AXIS2_PLACEMENT_3D('',#12437,#10131,#10132);
#7965=AXIS2_PLACEMENT_3D('',#12438,#10133,#10134);
#7966=AXIS2_PLACEMENT_3D('',#12439,#10135,#10136);
#7967=AXIS2_PLACEMENT_3D('',#12442,#10137,#10138);
#7968=AXIS2_PLACEMENT_3D('',#12445,#10141,#10142);
#7969=AXIS2_PLACEMENT_3D('',#12448,#10143,#10144);
#7970=AXIS2_PLACEMENT_3D('',#12450,#10145,#10146);
#7971=AXIS2_PLACEMENT_3D('',#12451,#10147,#10148);
#7972=AXIS2_PLACEMENT_3D('',#12452,#10149,#10150);
#7973=AXIS2_PLACEMENT_3D('',#12457,#10153,#10154);
#7974=AXIS2_PLACEMENT_3D('',#12458,#10155,#10156);
#7975=AXIS2_PLACEMENT_3D('',#12461,#10159,#10160);
#7976=AXIS2_PLACEMENT_3D('',#12464,#10163,#10164);
#7977=AXIS2_PLACEMENT_3D('',#12467,#10167,#10168);
#7978=AXIS2_PLACEMENT_3D('',#12470,#10171,#10172);
#7979=AXIS2_PLACEMENT_3D('',#12473,#10175,#10176);
#7980=AXIS2_PLACEMENT_3D('',#12475,#10178,#10179);
#7981=AXIS2_PLACEMENT_3D('',#12477,#10181,#10182);
#7982=AXIS2_PLACEMENT_3D('',#12478,#10183,#10184);
#7983=AXIS2_PLACEMENT_3D('',#12482,#10186,#10187);
#7984=AXIS2_PLACEMENT_3D('',#12487,#10190,#10191);
#7985=AXIS2_PLACEMENT_3D('',#12489,#10193,#10194);
#7986=AXIS2_PLACEMENT_3D('',#12490,#10195,#10196);
#7987=AXIS2_PLACEMENT_3D('',#12491,#10197,#10198);
#7988=AXIS2_PLACEMENT_3D('',#12493,#10200,#10201);
#7989=AXIS2_PLACEMENT_3D('',#12495,#10203,#10204);
#7990=AXIS2_PLACEMENT_3D('',#12496,#10205,#10206);
#7991=AXIS2_PLACEMENT_3D('',#12497,#10207,#10208);
#7992=AXIS2_PLACEMENT_3D('',#12498,#10209,#10210);
#7993=AXIS2_PLACEMENT_3D('',#12500,#10212,#10213);
#7994=AXIS2_PLACEMENT_3D('',#12502,#10215,#10216);
#7995=AXIS2_PLACEMENT_3D('',#12503,#10217,#10218);
#7996=AXIS2_PLACEMENT_3D('',#12504,#10219,#10220);
#7997=AXIS2_PLACEMENT_3D('',#12505,#10221,#10222);
#7998=AXIS2_PLACEMENT_3D('',#12514,#10227,#10228);
#7999=AXIS2_PLACEMENT_3D('',#12520,#10232,#10233);
#8000=AXIS2_PLACEMENT_3D('',#12526,#10237,#10238);
#8001=AXIS2_PLACEMENT_3D('',#12532,#10242,#10243);
#8002=AXIS2_PLACEMENT_3D('',#12538,#10247,#10248);
#8003=AXIS2_PLACEMENT_3D('',#12541,#10251,#10252);
#8004=AXIS2_PLACEMENT_3D('',#12543,#10253,#10254);
#8005=AXIS2_PLACEMENT_3D('',#12544,#10255,#10256);
#8006=AXIS2_PLACEMENT_3D('',#12546,#10258,#10259);
#8007=AXIS2_PLACEMENT_3D('',#12547,#10260,#10261);
#8008=AXIS2_PLACEMENT_3D('',#12548,#10262,#10263);
#8009=AXIS2_PLACEMENT_3D('',#12549,#10264,#10265);
#8010=AXIS2_PLACEMENT_3D('',#12550,#10266,#10267);
#8011=AXIS2_PLACEMENT_3D('',#12551,#10268,#10269);
#8012=AXIS2_PLACEMENT_3D('',#12552,#10270,#10271);
#8013=AXIS2_PLACEMENT_3D('',#12553,#10272,#10273);
#8014=AXIS2_PLACEMENT_3D('',#12554,#10274,#10275);
#8015=AXIS2_PLACEMENT_3D('',#12555,#10276,#10277);
#8016=AXIS2_PLACEMENT_3D('',#12556,#10278,#10279);
#8017=AXIS2_PLACEMENT_3D('',#12557,#10280,#10281);
#8018=AXIS2_PLACEMENT_3D('',#12558,#10282,#10283);
#8019=AXIS2_PLACEMENT_3D('',#12559,#10284,#10285);
#8020=AXIS2_PLACEMENT_3D('',#12560,#10286,#10287);
#8021=AXIS2_PLACEMENT_3D('',#12561,#10288,#10289);
#8022=AXIS2_PLACEMENT_3D('',#12562,#10290,#10291);
#8023=AXIS2_PLACEMENT_3D('',#12563,#10292,#10293);
#8024=AXIS2_PLACEMENT_3D('',#12564,#10294,#10295);
#8025=AXIS2_PLACEMENT_3D('',#12565,#10296,#10297);
#8026=AXIS2_PLACEMENT_3D('',#12566,#10298,#10299);
#8027=AXIS2_PLACEMENT_3D('',#12567,#10300,#10301);
#8028=AXIS2_PLACEMENT_3D('',#12568,#10302,#10303);
#8029=AXIS2_PLACEMENT_3D('',#12569,#10304,#10305);
#8030=AXIS2_PLACEMENT_3D('',#12570,#10306,#10307);
#8031=AXIS2_PLACEMENT_3D('',#12571,#10308,#10309);
#8032=AXIS2_PLACEMENT_3D('',#12572,#10310,#10311);
#8033=AXIS2_PLACEMENT_3D('',#12573,#10312,#10313);
#8034=AXIS2_PLACEMENT_3D('',#12574,#10314,#10315);
#8035=AXIS2_PLACEMENT_3D('',#12575,#10316,#10317);
#8036=AXIS2_PLACEMENT_3D('',#12576,#10318,#10319);
#8037=AXIS2_PLACEMENT_3D('',#12577,#10320,#10321);
#8038=AXIS2_PLACEMENT_3D('',#12578,#10322,#10323);
#8039=AXIS2_PLACEMENT_3D('',#12579,#10324,#10325);
#8040=AXIS2_PLACEMENT_3D('',#12580,#10326,#10327);
#8041=AXIS2_PLACEMENT_3D('',#12581,#10328,#10329);
#8042=AXIS2_PLACEMENT_3D('',#12582,#10330,#10331);
#8043=AXIS2_PLACEMENT_3D('',#12583,#10332,#10333);
#8044=AXIS2_PLACEMENT_3D('',#12584,#10334,#10335);
#8045=AXIS2_PLACEMENT_3D('',#12585,#10336,#10337);
#8046=AXIS2_PLACEMENT_3D('',#12586,#10338,#10339);
#8047=AXIS2_PLACEMENT_3D('',#12587,#10340,#10341);
#8048=AXIS2_PLACEMENT_3D('',#12588,#10342,#10343);
#8049=AXIS2_PLACEMENT_3D('',#12589,#10344,#10345);
#8050=AXIS2_PLACEMENT_3D('',#12590,#10346,#10347);
#8051=AXIS2_PLACEMENT_3D('',#12591,#10348,#10349);
#8052=AXIS2_PLACEMENT_3D('',#12592,#10350,#10351);
#8053=AXIS2_PLACEMENT_3D('',#12593,#10352,#10353);
#8054=AXIS2_PLACEMENT_3D('',#12594,#10354,#10355);
#8055=AXIS2_PLACEMENT_3D('',#12595,#10356,#10357);
#8056=DIRECTION('axis',(0.,0.,1.));
#8057=DIRECTION('refdir',(1.,0.,0.));
#8058=DIRECTION('axis',(0.,0.,1.));
#8059=DIRECTION('refdir',(1.,0.,0.));
#8060=DIRECTION('center_axis',(0.,1.,0.));
#8061=DIRECTION('ref_axis',(0.,0.,1.));
#8062=DIRECTION('',(1.,0.,0.));
#8063=DIRECTION('',(0.,0.,-1.));
#8064=DIRECTION('',(0.,0.,-1.));
#8065=DIRECTION('',(1.,0.,0.));
#8066=DIRECTION('',(0.,0.,-1.));
#8067=DIRECTION('',(-1.,0.,0.));
#8068=DIRECTION('',(0.,0.,1.));
#8069=DIRECTION('',(1.,0.,0.));
#8070=DIRECTION('',(0.,0.,-1.));
#8071=DIRECTION('',(0.,0.,-1.));
#8072=DIRECTION('center_axis',(0.,0.,-1.));
#8073=DIRECTION('ref_axis',(-0.499999999999998,0.86602540378444,0.));
#8074=DIRECTION('center_axis',(0.,0.,-1.));
#8075=DIRECTION('ref_axis',(-0.499999999999998,0.86602540378444,0.));
#8076=DIRECTION('',(0.,0.,-1.));
#8077=DIRECTION('',(0.,0.,1.));
#8078=DIRECTION('center_axis',(0.,0.,1.));
#8079=DIRECTION('ref_axis',(-0.499999999999998,0.86602540378444,0.));
#8080=DIRECTION('center_axis',(0.,0.,-1.));
#8081=DIRECTION('ref_axis',(-1.,0.,0.));
#8082=DIRECTION('',(-0.866025403784437,-0.500000000000002,0.));
#8083=DIRECTION('center_axis',(0.,0.,-1.));
#8084=DIRECTION('ref_axis',(-1.,0.,0.));
#8085=DIRECTION('',(-0.5,-0.866025403784438,0.));
#8086=DIRECTION('',(-1.,-6.86706805469099E-15,0.));
#8087=DIRECTION('',(-0.5,0.866025403784439,0.));
#8088=DIRECTION('center_axis',(0.,0.,1.));
#8089=DIRECTION('ref_axis',(1.,0.,0.));
#8090=DIRECTION('',(-0.866025403784438,0.500000000000001,0.));
#8091=DIRECTION('',(0.5,0.866025403784438,0.));
#8092=DIRECTION('',(0.866025403784438,-0.500000000000001,0.));
#8093=DIRECTION('',(0.5,0.866025403784438,0.));
#8094=DIRECTION('center_axis',(-0.866025403784439,-0.5,0.));
#8095=DIRECTION('ref_axis',(0.5,-0.866025403784439,0.));
#8096=DIRECTION('',(0.5,-0.866025403784439,0.));
#8097=DIRECTION('',(0.,0.,1.));
#8098=DIRECTION('',(0.5,-0.866025403784439,0.));
#8099=DIRECTION('center_axis',(0.866025403784439,-0.5,0.));
#8100=DIRECTION('ref_axis',(0.5,0.866025403784438,0.));
#8101=DIRECTION('',(0.,0.,1.));
#8102=DIRECTION('',(0.5,0.866025403784438,0.));
#8103=DIRECTION('',(0.,0.,1.));
#8104=DIRECTION('center_axis',(0.,0.,1.));
#8105=DIRECTION('ref_axis',(1.,0.,0.));
#8106=DIRECTION('center_axis',(0.,0.,1.));
#8107=DIRECTION('ref_axis',(-0.499999999999998,-0.86602540378444,0.));
#8108=DIRECTION('center_axis',(0.,0.,1.));
#8109=DIRECTION('ref_axis',(1.,0.,0.));
#8110=DIRECTION('center_axis',(0.,0.,1.));
#8111=DIRECTION('ref_axis',(1.,0.,0.));
#8112=DIRECTION('',(-0.866025403784439,-0.499999999999999,0.));
#8113=DIRECTION('',(0.866025403784439,0.5,0.));
#8114=DIRECTION('',(0.5,-0.866025403784439,0.));
#8115=DIRECTION('center_axis',(0.,0.,-1.));
#8116=DIRECTION('ref_axis',(-0.499999999999998,-0.86602540378444,0.));
#8117=DIRECTION('',(0.,0.,-1.));
#8118=DIRECTION('center_axis',(0.,0.,-1.));
#8119=DIRECTION('ref_axis',(-0.499999999999998,-0.86602540378444,0.));
#8120=DIRECTION('',(0.,0.,-1.));
#8121=DIRECTION('center_axis',(0.,0.,-1.));
#8122=DIRECTION('ref_axis',(1.,0.,0.));
#8123=DIRECTION('',(0.,0.,-1.));
#8124=DIRECTION('center_axis',(0.,0.,-1.));
#8125=DIRECTION('ref_axis',(1.,0.,0.));
#8126=DIRECTION('center_axis',(-6.86706805469099E-15,1.,0.));
#8127=DIRECTION('ref_axis',(1.,6.86706805469099E-15,0.));
#8128=DIRECTION('',(0.,0.,-1.));
#8129=DIRECTION('',(0.,0.,-1.));
#8130=DIRECTION('',(1.,6.86706805469099E-15,0.));
#8131=DIRECTION('',(0.,0.,-1.));
#8132=DIRECTION('',(0.,0.,-1.));
#8133=DIRECTION('center_axis',(0.,0.,-1.));
#8134=DIRECTION('ref_axis',(-1.,0.,0.));
#8135=DIRECTION('',(0.866025403784439,-0.499999999999999,0.));
#8136=DIRECTION('',(0.866025403784439,0.499999999999999,0.));
#8137=DIRECTION('center_axis',(0.,0.,-1.));
#8138=DIRECTION('ref_axis',(-1.,0.,0.));
#8139=DIRECTION('',(-0.866025403784438,0.500000000000001,0.));
#8140=DIRECTION('center_axis',(-0.500000000000001,-0.866025403784438,0.));
#8141=DIRECTION('ref_axis',(-0.866025403784438,0.500000000000001,0.));
#8142=DIRECTION('center_axis',(0.5,-0.866025403784439,0.));
#8143=DIRECTION('ref_axis',(-0.866025403784439,-0.5,0.));
#8144=DIRECTION('center_axis',(-0.866025403784439,-0.5,0.));
#8145=DIRECTION('ref_axis',(-0.5,0.866025403784439,0.));
#8146=DIRECTION('center_axis',(-0.5,0.866025403784439,0.));
#8147=DIRECTION('ref_axis',(0.866025403784439,0.499999999999999,0.));
#8148=DIRECTION('center_axis',(0.500000000000001,0.866025403784438,0.));
#8149=DIRECTION('ref_axis',(0.866025403784438,-0.500000000000001,0.));
#8150=DIRECTION('center_axis',(0.866025403784438,-0.5,0.));
#8151=DIRECTION('ref_axis',(-0.5,-0.866025403784438,0.));
#8152=DIRECTION('axis',(0.,0.,1.));
#8153=DIRECTION('refdir',(1.,0.,0.));
#8154=DIRECTION('center_axis',(0.,1.,0.));
#8155=DIRECTION('ref_axis',(0.,0.,1.));
#8156=DIRECTION('',(0.,0.,-1.));
#8157=DIRECTION('',(-1.,0.,0.));
#8158=DIRECTION('',(0.,0.,-1.));
#8159=DIRECTION('',(1.,0.,0.));
#8160=DIRECTION('',(0.,0.,1.));
#8161=DIRECTION('',(-1.,0.,0.));
#8162=DIRECTION('',(0.,0.,-1.));
#8163=DIRECTION('',(-1.,0.,0.));
#8164=DIRECTION('center_axis',(0.,0.,1.));
#8165=DIRECTION('ref_axis',(1.,0.,0.));
#8166=DIRECTION('center_axis',(0.,0.,1.));
#8167=DIRECTION('ref_axis',(1.,0.,0.));
#8168=DIRECTION('',(-1.,-4.44089209850063E-16,0.));
#8169=DIRECTION('center_axis',(0.,0.,1.));
#8170=DIRECTION('ref_axis',(-0.499999999999998,0.86602540378444,0.));
#8171=DIRECTION('center_axis',(0.,0.,-1.));
#8172=DIRECTION('ref_axis',(1.,0.,0.));
#8173=DIRECTION('',(0.,0.,1.));
#8174=DIRECTION('center_axis',(0.,0.,1.));
#8175=DIRECTION('ref_axis',(1.,0.,0.));
#8176=DIRECTION('center_axis',(-4.44089209850063E-16,1.,0.));
#8177=DIRECTION('ref_axis',(-1.,-4.44089209850063E-16,0.));
#8178=DIRECTION('',(-1.,-4.44089209850063E-16,0.));
#8179=DIRECTION('',(0.,0.,1.));
#8180=DIRECTION('center_axis',(0.,0.,-1.));
#8181=DIRECTION('ref_axis',(-0.499999999999998,0.86602540378444,0.));
#8182=DIRECTION('center_axis',(0.,0.,1.));
#8183=DIRECTION('ref_axis',(-0.499999999999998,0.86602540378444,0.));
#8184=DIRECTION('center_axis',(0.866025403784438,-0.500000000000001,0.));
#8185=DIRECTION('ref_axis',(-0.500000000000001,-0.866025403784438,0.));
#8186=DIRECTION('',(0.,0.,-1.));
#8187=DIRECTION('',(0.500000000000001,0.866025403784438,0.));
#8188=DIRECTION('',(-0.500000000000001,-0.866025403784438,0.));
#8189=DIRECTION('center_axis',(0.,0.,-1.));
#8190=DIRECTION('ref_axis',(-1.,0.,0.));
#8191=DIRECTION('',(-0.500000000000002,0.866025403784437,0.));
#8192=DIRECTION('',(-1.,-1.11022302462516E-16,0.));
#8193=DIRECTION('center_axis',(-0.866025403784437,-0.500000000000002,0.));
#8194=DIRECTION('ref_axis',(-0.500000000000002,0.866025403784437,0.));
#8195=DIRECTION('',(0.,0.,-1.));
#8196=DIRECTION('',(0.500000000000002,-0.866025403784437,0.));
#8197=DIRECTION('center_axis',(0.,0.,-1.));
#8198=DIRECTION('ref_axis',(-1.,0.,0.));
#8199=DIRECTION('',(1.,1.11022302462516E-16,0.));
#8200=DIRECTION('center_axis',(-1.11022302462516E-16,1.,0.));
#8201=DIRECTION('ref_axis',(1.,1.11022302462516E-16,0.));
#8202=DIRECTION('axis',(0.,0.,1.));
#8203=DIRECTION('refdir',(1.,0.,0.));
#8204=DIRECTION('center_axis',(0.,-1.,0.));
#8205=DIRECTION('ref_axis',(0.707106781186547,0.,0.707106781186548));
#8206=DIRECTION('',(0.,-1.,0.));
#8207=DIRECTION('center_axis',(0.,-0.707106781186548,0.707106781186548));
#8208=DIRECTION('ref_axis',(-1.2266347333467E-16,0.707106781186548,0.707106781186548));
#8209=DIRECTION('',(0.,1.,0.));
#8210=DIRECTION('center_axis',(0.,0.,1.));
#8211=DIRECTION('ref_axis',(1.,0.,0.));
#8212=DIRECTION('center_axis',(0.,0.,-1.));
#8213=DIRECTION('ref_axis',(0.707106781186547,-0.707106781186548,0.));
#8214=DIRECTION('',(-1.,0.,0.));
#8215=DIRECTION('center_axis',(0.,0.,-1.));
#8216=DIRECTION('ref_axis',(-0.810643483377778,-0.58554004376912,0.));
#8217=DIRECTION('center_axis',(0.,0.,1.));
#8218=DIRECTION('ref_axis',(-1.,0.,0.));
#8219=DIRECTION('center_axis',(0.,0.,-1.));
#8220=DIRECTION('ref_axis',(-0.810643483377778,0.58554004376912,0.));
#8221=DIRECTION('',(1.,0.,0.));
#8222=DIRECTION('center_axis',(0.,0.,-1.));
#8223=DIRECTION('ref_axis',(0.707106781186547,0.707106781186548,0.));
#8224=DIRECTION('',(2.89490087106138E-16,-1.,0.));
#8225=DIRECTION('center_axis',(0.,0.,-1.));
#8226=DIRECTION('ref_axis',(0.58554004376912,-0.810643483377778,0.));
#8227=DIRECTION('center_axis',(0.,0.,1.));
#8228=DIRECTION('ref_axis',(-1.,0.,0.));
#8229=DIRECTION('center_axis',(0.,0.,-1.));
#8230=DIRECTION('ref_axis',(-0.585540043769119,-0.810643483377778,0.));
#8231=DIRECTION('',(0.,1.,0.));
#8232=DIRECTION('center_axis',(0.,0.,-1.));
#8233=DIRECTION('ref_axis',(-0.707106781186547,0.707106781186548,0.));
#8234=DIRECTION('',(1.,0.,0.));
#8235=DIRECTION('center_axis',(0.,0.,-1.));
#8236=DIRECTION('ref_axis',(0.810643483377778,0.58554004376912,0.));
#8237=DIRECTION('center_axis',(0.,0.,1.));
#8238=DIRECTION('ref_axis',(-1.,0.,0.));
#8239=DIRECTION('center_axis',(0.,0.,-1.));
#8240=DIRECTION('ref_axis',(0.810643483377778,-0.585540043769119,0.));
#8241=DIRECTION('',(-1.,-2.33600942421446E-16,0.));
#8242=DIRECTION('center_axis',(0.,0.,-1.));
#8243=DIRECTION('ref_axis',(-0.707106781186548,-0.707106781186547,0.));
#8244=DIRECTION('',(-1.16800471210723E-16,1.,0.));
#8245=DIRECTION('center_axis',(0.,0.,-1.));
#8246=DIRECTION('ref_axis',(-0.58554004376912,0.810643483377778,0.));
#8247=DIRECTION('center_axis',(0.,0.,1.));
#8248=DIRECTION('ref_axis',(0.645161290322581,0.76404640531142,0.));
#8249=DIRECTION('center_axis',(0.,0.,-1.));
#8250=DIRECTION('ref_axis',(0.585540043769121,0.810643483377777,0.));
#8251=DIRECTION('center_axis',(0.,0.,-1.));
#8252=DIRECTION('ref_axis',(1.,0.,0.));
#8253=DIRECTION('center_axis',(-1.,0.,0.));
#8254=DIRECTION('ref_axis',(0.,-0.707106781186547,0.707106781186548));
#8255=DIRECTION('center_axis',(0.707106781186547,0.,0.707106781186548));
#8256=DIRECTION('ref_axis',(-0.707106781186548,-1.2266347333467E-16,0.707106781186547));
#8257=DIRECTION('',(1.,0.,0.));
#8258=DIRECTION('center_axis',(-1.,0.,0.));
#8259=DIRECTION('ref_axis',(0.,0.707106781186547,0.707106781186548));
#8260=DIRECTION('center_axis',(0.707106781186547,0.,0.707106781186548));
#8261=DIRECTION('ref_axis',(-0.707106781186548,1.2266347333467E-16,0.707106781186547));
#8262=DIRECTION('',(-1.,0.,0.));
#8263=DIRECTION('center_axis',(0.,1.,0.));
#8264=DIRECTION('ref_axis',(-1.,0.,0.));
#8265=DIRECTION('',(0.,0.,-1.));
#8266=DIRECTION('',(-1.,0.,0.));
#8267=DIRECTION('',(0.,0.,1.));
#8268=DIRECTION('',(-1.,0.,0.));
#8269=DIRECTION('',(0.,0.,1.));
#8270=DIRECTION('',(-1.,0.,0.));
#8271=DIRECTION('',(0.,0.,-1.));
#8272=DIRECTION('center_axis',(-2.89490087106138E-16,1.,0.));
#8273=DIRECTION('ref_axis',(0.707106781186547,0.,0.707106781186548));
#8274=DIRECTION('',(-2.89490087106138E-16,1.,0.));
#8275=DIRECTION('center_axis',(0.,0.707106781186548,0.707106781186548));
#8276=DIRECTION('ref_axis',(3.06658683336675E-16,-0.707106781186548,0.707106781186548));
#8277=DIRECTION('center_axis',(1.,2.89490087106138E-16,0.));
#8278=DIRECTION('ref_axis',(-2.89490087106138E-16,1.,0.));
#8279=DIRECTION('',(0.,0.,1.));
#8280=DIRECTION('',(0.,0.,-1.));
#8281=DIRECTION('',(-2.89490087106138E-16,1.,0.));
#8282=DIRECTION('',(0.,0.,-1.));
#8283=DIRECTION('',(-2.89490087106138E-16,1.,0.));
#8284=DIRECTION('',(0.,0.,-1.));
#8285=DIRECTION('',(-2.89490087106138E-16,1.,0.));
#8286=DIRECTION('center_axis',(-1.,0.,0.));
#8287=DIRECTION('ref_axis',(0.,0.707106781186547,0.707106781186548));
#8288=DIRECTION('',(-1.,0.,0.));
#8289=DIRECTION('center_axis',(-0.707106781186548,0.,0.707106781186548));
#8290=DIRECTION('ref_axis',(0.707106781186548,-1.2266347333467E-16,0.707106781186548));
#8291=DIRECTION('center_axis',(0.,1.,0.));
#8292=DIRECTION('ref_axis',(-1.,0.,0.));
#8293=DIRECTION('',(0.,0.,1.));
#8294=DIRECTION('',(0.,0.,-1.));
#8295=DIRECTION('',(-1.,0.,0.));
#8296=DIRECTION('',(0.,0.,-1.));
#8297=DIRECTION('',(-1.,0.,0.));
#8298=DIRECTION('',(0.,0.,-1.));
#8299=DIRECTION('',(-1.,0.,0.));
#8300=DIRECTION('center_axis',(-1.,-2.33600942421446E-16,0.));
#8301=DIRECTION('ref_axis',(0.,-0.707106781186547,0.707106781186548));
#8302=DIRECTION('center_axis',(-0.707106781186547,0.,0.707106781186548));
#8303=DIRECTION('ref_axis',(0.707106781186548,4.90653893338679E-16,0.707106781186547));
#8304=DIRECTION('',(1.,2.33600942421446E-16,0.));
#8305=DIRECTION('center_axis',(0.,0.,1.));
#8306=DIRECTION('ref_axis',(1.,0.,0.));
#8307=DIRECTION('center_axis',(0.,0.,1.));
#8308=DIRECTION('ref_axis',(0.707106781186547,0.707106781186548,0.));
#8309=DIRECTION('center_axis',(0.,0.,-1.));
#8310=DIRECTION('ref_axis',(-1.,0.,0.));
#8311=DIRECTION('center_axis',(0.,0.,1.));
#8312=DIRECTION('ref_axis',(-1.,0.,0.));
#8313=DIRECTION('center_axis',(0.,-1.,0.));
#8314=DIRECTION('ref_axis',(-0.707106781186547,0.,0.707106781186548));
#8315=DIRECTION('',(0.,1.,0.));
#8316=DIRECTION('center_axis',(0.,-1.,0.));
#8317=DIRECTION('ref_axis',(-0.707106781186547,0.,0.707106781186548));
#8318=DIRECTION('',(0.,-1.,0.));
#8319=DIRECTION('center_axis',(0.,0.707106781186548,-0.707106781186547));
#8320=DIRECTION('ref_axis',(0.,0.707106781186547,0.707106781186548));
#8321=DIRECTION('center_axis',(-0.408248290463862,-0.816496580927726,0.408248290463864));
#8322=DIRECTION('ref_axis',(-0.577350269189626,0.577350269189625,0.577350269189627));
#8323=DIRECTION('center_axis',(-1.,0.,0.));
#8324=DIRECTION('ref_axis',(0.,1.,0.));
#8325=DIRECTION('center_axis',(0.,0.,1.));
#8326=DIRECTION('ref_axis',(-1.,0.,0.));
#8327=DIRECTION('center_axis',(0.,1.,0.));
#8328=DIRECTION('ref_axis',(0.,0.,1.));
#8329=DIRECTION('center_axis',(0.,0.,1.));
#8330=DIRECTION('ref_axis',(-0.707106781186547,0.707106781186548,0.));
#8331=DIRECTION('',(0.,0.,1.));
#8332=DIRECTION('',(0.,0.,-1.));
#8333=DIRECTION('center_axis',(0.408248290463862,-0.816496580927726,0.408248290463864));
#8334=DIRECTION('ref_axis',(0.577350269189625,0.577350269189625,0.577350269189627));
#8335=DIRECTION('center_axis',(0.,1.,0.));
#8336=DIRECTION('ref_axis',(1.,0.,0.));
#8337=DIRECTION('center_axis',(0.,0.,1.));
#8338=DIRECTION('ref_axis',(0.,1.,0.));
#8339=DIRECTION('center_axis',(1.,-6.93889390390723E-16,0.));
#8340=DIRECTION('ref_axis',(0.,0.,1.));
#8341=DIRECTION('center_axis',(0.,0.,1.));
#8342=DIRECTION('ref_axis',(0.707106781186547,0.707106781186548,0.));
#8343=DIRECTION('',(0.,0.,1.));
#8344=DIRECTION('center_axis',(0.,-0.707106781186548,0.707106781186547));
#8345=DIRECTION('ref_axis',(0.,-0.707106781186547,-0.707106781186548));
#8346=DIRECTION('center_axis',(-1.,0.,0.));
#8347=DIRECTION('ref_axis',(0.,0.707106781186548,0.707106781186548));
#8348=DIRECTION('',(1.,0.,0.));
#8349=DIRECTION('',(-1.,0.,0.));
#8350=DIRECTION('center_axis',(0.348630881203436,-0.787378928211875,-0.508420035088345));
#8351=DIRECTION('ref_axis',(-0.445285110467587,-0.616469320735361,0.649374119431897));
#8352=DIRECTION('center_axis',(0.,-1.,0.));
#8353=DIRECTION('ref_axis',(-1.,0.,0.));
#8354=DIRECTION('center_axis',(0.,0.,1.));
#8355=DIRECTION('ref_axis',(0.314285714285714,-0.949328441476352,0.));
#8356=DIRECTION('center_axis',(-0.949328441476351,-0.314285714285715,0.));
#8357=DIRECTION('ref_axis',(0.,0.,1.));
#8358=DIRECTION('center_axis',(0.,0.,1.));
#8359=DIRECTION('ref_axis',(-0.585540043769119,-0.810643483377778,0.));
#8360=DIRECTION('',(0.,0.,1.));
#8361=DIRECTION('',(0.,0.,-1.));
#8362=DIRECTION('center_axis',(-0.348630881203436,-0.787378928211876,-0.508420035088344));
#8363=DIRECTION('ref_axis',(0.445285110467586,-0.616469320735361,0.649374119431898));
#8364=DIRECTION('center_axis',(0.949328441476352,-0.314285714285714,3.293644667683E-16));
#8365=DIRECTION('ref_axis',(-0.314285714285714,-0.949328441476352,0.));
#8366=DIRECTION('center_axis',(0.,0.,1.));
#8367=DIRECTION('ref_axis',(1.,0.,0.));
#8368=DIRECTION('center_axis',(0.,-1.,0.));
#8369=DIRECTION('ref_axis',(0.,0.,1.));
#8370=DIRECTION('center_axis',(0.,0.,1.));
#8371=DIRECTION('ref_axis',(0.58554004376912,-0.810643483377778,0.));
#8372=DIRECTION('',(0.,0.,-1.));
#8373=DIRECTION('center_axis',(-2.89490087106138E-16,1.,0.));
#8374=DIRECTION('ref_axis',(0.707106781186547,0.,0.707106781186548));
#8375=DIRECTION('',(2.89490087106138E-16,-1.,0.));
#8376=DIRECTION('center_axis',(0.,0.,-1.));
#8377=DIRECTION('ref_axis',(-1.,0.,0.));
#8378=DIRECTION('center_axis',(0.,0.,1.));
#8379=DIRECTION('ref_axis',(-6.12323399573677E-17,1.,0.));
#8380=DIRECTION('center_axis',(0.,0.,-1.));
#8381=DIRECTION('ref_axis',(-6.12323399573677E-17,1.,0.));
#8382=DIRECTION('center_axis',(0.,-1.,0.));
#8383=DIRECTION('ref_axis',(-0.707106781186547,0.,0.707106781186548));
#8384=DIRECTION('',(0.,1.,0.));
#8385=DIRECTION('',(0.,-1.,0.));
#8386=DIRECTION('center_axis',(-2.89490087106138E-16,1.,0.));
#8387=DIRECTION('ref_axis',(0.707106781186547,0.,0.707106781186548));
#8388=DIRECTION('center_axis',(0.,-1.,0.));
#8389=DIRECTION('ref_axis',(0.707106781186547,0.,0.707106781186548));
#8390=DIRECTION('',(2.89490087106138E-16,-1.,0.));
#8391=DIRECTION('center_axis',(-1.,0.,0.));
#8392=DIRECTION('ref_axis',(0.,-1.,0.));
#8393=DIRECTION('',(0.,0.,1.));
#8394=DIRECTION('',(0.,-1.,0.));
#8395=DIRECTION('',(0.,0.,-1.));
#8396=DIRECTION('center_axis',(0.,1.,0.));
#8397=DIRECTION('ref_axis',(-1.,0.,0.));
#8398=DIRECTION('',(1.,0.,0.));
#8399=DIRECTION('center_axis',(0.,0.,1.));
#8400=DIRECTION('ref_axis',(1.,0.,0.));
#8401=DIRECTION('',(-1.,0.,0.));
#8402=DIRECTION('center_axis',(0.,1.,0.));
#8403=DIRECTION('ref_axis',(-1.,0.,0.));
#8404=DIRECTION('',(1.,0.,0.));
#8405=DIRECTION('',(0.,0.,1.));
#8406=DIRECTION('',(-1.,0.,0.));
#8407=DIRECTION('',(0.,0.,1.));
#8408=DIRECTION('',(1.,0.,0.));
#8409=DIRECTION('center_axis',(0.,0.,1.));
#8410=DIRECTION('ref_axis',(1.,0.,0.));
#8411=DIRECTION('center_axis',(0.,0.,1.));
#8412=DIRECTION('ref_axis',(1.,0.,0.));
#8413=DIRECTION('center_axis',(0.,0.,1.));
#8414=DIRECTION('ref_axis',(-0.707106781186547,0.707106781186548,0.));
#8415=DIRECTION('center_axis',(0.,0.,-1.));
#8416=DIRECTION('ref_axis',(-1.,0.,0.));
#8417=DIRECTION('center_axis',(0.,0.,1.));
#8418=DIRECTION('ref_axis',(-1.,0.,0.));
#8419=DIRECTION('center_axis',(-1.,0.,0.));
#8420=DIRECTION('ref_axis',(0.,0.707106781186547,0.707106781186548));
#8421=DIRECTION('',(1.,0.,0.));
#8422=DIRECTION('center_axis',(-1.,0.,0.));
#8423=DIRECTION('ref_axis',(0.,0.707106781186547,0.707106781186548));
#8424=DIRECTION('center_axis',(0.707106781186548,0.,-0.707106781186548));
#8425=DIRECTION('ref_axis',(0.707106781186547,0.,0.707106781186547));
#8426=DIRECTION('center_axis',(-0.408248290463862,-0.816496580927726,-0.408248290463864));
#8427=DIRECTION('ref_axis',(0.577350269189626,-0.577350269189625,0.577350269189626));
#8428=DIRECTION('center_axis',(1.,0.,0.));
#8429=DIRECTION('ref_axis',(0.,-1.,0.));
#8430=DIRECTION('center_axis',(0.,0.,1.));
#8431=DIRECTION('ref_axis',(1.,0.,0.));
#8432=DIRECTION('center_axis',(3.46944695195361E-16,-1.,0.));
#8433=DIRECTION('ref_axis',(0.,0.,1.));
#8434=DIRECTION('center_axis',(0.,0.,1.));
#8435=DIRECTION('ref_axis',(0.707106781186548,-0.707106781186547,0.));
#8436=DIRECTION('',(0.,0.,1.));
#8437=DIRECTION('',(0.,0.,-1.));
#8438=DIRECTION('center_axis',(-0.707106781186548,0.,0.707106781186548));
#8439=DIRECTION('ref_axis',(-0.707106781186547,0.,-0.707106781186547));
#8440=DIRECTION('center_axis',(0.408248290463863,-0.816496580927726,0.408248290463863));
#8441=DIRECTION('ref_axis',(0.577350269189626,0.577350269189625,0.577350269189626));
#8442=DIRECTION('center_axis',(0.,1.,0.));
#8443=DIRECTION('ref_axis',(1.,0.,0.));
#8444=DIRECTION('center_axis',(0.,0.,1.));
#8445=DIRECTION('ref_axis',(0.,1.,0.));
#8446=DIRECTION('center_axis',(1.,0.,0.));
#8447=DIRECTION('ref_axis',(0.,0.,1.));
#8448=DIRECTION('center_axis',(0.,0.,1.));
#8449=DIRECTION('ref_axis',(0.707106781186548,0.707106781186547,0.));
#8450=DIRECTION('',(0.,0.,-1.));
#8451=DIRECTION('center_axis',(0.306575867459892,-0.895388837542589,-0.322939726722102));
#8452=DIRECTION('ref_axis',(-0.616469320735362,-0.445285110467587,0.649374119431896));
#8453=DIRECTION('center_axis',(-0.314285714285714,-0.949328441476352,-2.74171031276655E-15));
#8454=DIRECTION('ref_axis',(-0.949328441476352,0.314285714285714,0.));
#8455=DIRECTION('center_axis',(0.,0.,1.));
#8456=DIRECTION('ref_axis',(0.,-1.,0.));
#8457=DIRECTION('center_axis',(-1.,-1.38777878078145E-15,0.));
#8458=DIRECTION('ref_axis',(0.,0.,1.));
#8459=DIRECTION('center_axis',(0.,0.,1.));
#8460=DIRECTION('ref_axis',(-0.810643483377778,-0.58554004376912,0.));
#8461=DIRECTION('',(0.,0.,1.));
#8462=DIRECTION('',(0.,0.,-1.));
#8463=DIRECTION('center_axis',(1.,0.,0.));
#8464=DIRECTION('ref_axis',(0.,-0.707106781186547,0.707106781186548));
#8465=DIRECTION('',(-1.,0.,0.));
#8466=DIRECTION('',(1.,0.,0.));
#8467=DIRECTION('center_axis',(-0.306575867459893,-0.895388837542589,0.322939726722102));
#8468=DIRECTION('ref_axis',(-0.616469320735362,0.445285110467587,0.649374119431896));
#8469=DIRECTION('center_axis',(-1.,0.,-1.38777878078144E-15));
#8470=DIRECTION('ref_axis',(0.,1.,0.));
#8471=DIRECTION('center_axis',(0.,0.,1.));
#8472=DIRECTION('ref_axis',(-0.949328441476351,-0.314285714285714,0.));
#8473=DIRECTION('center_axis',(-0.314285714285716,0.949328441476351,0.));
#8474=DIRECTION('ref_axis',(0.,0.,1.));
#8475=DIRECTION('center_axis',(0.,0.,1.));
#8476=DIRECTION('ref_axis',(-0.810643483377778,0.58554004376912,0.));
#8477=DIRECTION('',(0.,0.,1.));
#8478=DIRECTION('center_axis',(0.,0.,-1.));
#8479=DIRECTION('ref_axis',(1.,-1.22464679914735E-16,0.));
#8480=DIRECTION('center_axis',(0.,0.,1.));
#8481=DIRECTION('ref_axis',(1.,1.22464679914735E-16,0.));
#8482=DIRECTION('center_axis',(0.,0.,-1.));
#8483=DIRECTION('ref_axis',(1.,1.22464679914735E-16,0.));
#8484=DIRECTION('center_axis',(-1.,0.,0.));
#8485=DIRECTION('ref_axis',(0.,0.707106781186547,0.707106781186548));
#8486=DIRECTION('',(1.,0.,0.));
#8487=DIRECTION('center_axis',(-6.16790569236198E-17,1.,0.));
#8488=DIRECTION('ref_axis',(0.707106781186548,0.,0.707106781186548));
#8489=DIRECTION('',(6.16790569236198E-17,-1.,0.));
#8490=DIRECTION('',(-6.16790569236198E-17,1.,0.));
#8491=DIRECTION('center_axis',(1.,0.,0.));
#8492=DIRECTION('ref_axis',(0.,-0.707106781186547,0.707106781186548));
#8493=DIRECTION('',(1.,0.,0.));
#8494=DIRECTION('center_axis',(-1.,0.,0.));
#8495=DIRECTION('ref_axis',(0.,-0.707106781186547,0.707106781186548));
#8496=DIRECTION('',(-1.,0.,0.));
#8497=DIRECTION('center_axis',(0.,-1.,0.));
#8498=DIRECTION('ref_axis',(1.,0.,0.));
#8499=DIRECTION('',(0.,0.,-1.));
#8500=DIRECTION('',(1.,1.11022302462516E-15,0.));
#8501=DIRECTION('',(0.,0.,-1.));
#8502=DIRECTION('center_axis',(0.,0.,1.));
#8503=DIRECTION('ref_axis',(1.,0.,0.));
#8504=DIRECTION('',(0.,1.,0.));
#8505=DIRECTION('',(6.16790569236198E-17,-1.,0.));
#8506=DIRECTION('center_axis',(1.,0.,0.));
#8507=DIRECTION('ref_axis',(0.,1.,0.));
#8508=DIRECTION('',(0.,-1.,0.));
#8509=DIRECTION('',(0.,0.,1.));
#8510=DIRECTION('',(0.,1.,0.));
#8511=DIRECTION('',(0.,-1.,0.));
#8512=DIRECTION('center_axis',(0.,0.,1.));
#8513=DIRECTION('ref_axis',(1.,-1.22464679914735E-16,0.));
#8514=DIRECTION('center_axis',(0.,0.,1.));
#8515=DIRECTION('ref_axis',(1.,0.,0.));
#8516=DIRECTION('center_axis',(0.,1.,0.));
#8517=DIRECTION('ref_axis',(0.707106781186547,0.,0.707106781186548));
#8518=DIRECTION('',(0.,-1.,0.));
#8519=DIRECTION('center_axis',(5.55111512312578E-17,1.,0.));
#8520=DIRECTION('ref_axis',(0.707106781186547,0.,0.707106781186548));
#8521=DIRECTION('',(0.,1.,0.));
#8522=DIRECTION('center_axis',(0.,-0.707106781186548,-0.707106781186548));
#8523=DIRECTION('ref_axis',(0.,-0.707106781186547,0.707106781186547));
#8524=DIRECTION('center_axis',(0.348630881203436,-0.787378928211876,0.508420035088343));
#8525=DIRECTION('ref_axis',(0.445285110467588,0.61646932073536,0.649374119431897));
#8526=DIRECTION('center_axis',(0.,1.,0.));
#8527=DIRECTION('ref_axis',(1.,0.,0.));
#8528=DIRECTION('center_axis',(0.,0.,1.));
#8529=DIRECTION('ref_axis',(-0.314285714285714,0.949328441476352,0.));
#8530=DIRECTION('center_axis',(0.949328441476351,0.314285714285715,0.));
#8531=DIRECTION('ref_axis',(0.,0.,1.));
#8532=DIRECTION('center_axis',(0.,0.,1.));
#8533=DIRECTION('ref_axis',(0.585540043769121,0.810643483377777,0.));
#8534=DIRECTION('',(0.,0.,1.));
#8535=DIRECTION('',(0.,0.,-1.));
#8536=DIRECTION('center_axis',(-0.408248290463862,-0.816496580927726,-0.408248290463864));
#8537=DIRECTION('ref_axis',(0.577350269189625,-0.577350269189625,0.577350269189627));
#8538=DIRECTION('center_axis',(1.,0.,0.));
#8539=DIRECTION('ref_axis',(0.,-1.,0.));
#8540=DIRECTION('center_axis',(0.,0.,1.));
#8541=DIRECTION('ref_axis',(1.,0.,0.));
#8542=DIRECTION('center_axis',(0.,-1.,0.));
#8543=DIRECTION('ref_axis',(0.,0.,1.));
#8544=DIRECTION('center_axis',(0.,0.,1.));
#8545=DIRECTION('ref_axis',(0.707106781186547,-0.707106781186548,0.));
#8546=DIRECTION('',(0.,0.,1.));
#8547=DIRECTION('',(0.,0.,-1.));
#8548=DIRECTION('center_axis',(0.,1.,0.));
#8549=DIRECTION('ref_axis',(0.707106781186547,0.,0.707106781186548));
#8550=DIRECTION('',(0.,-1.,0.));
#8551=DIRECTION('',(0.,1.,0.));
#8552=DIRECTION('center_axis',(-0.348630881203436,-0.787378928211876,0.508420035088344));
#8553=DIRECTION('ref_axis',(-0.445285110467587,0.616469320735361,0.649374119431898));
#8554=DIRECTION('center_axis',(-0.949328441476352,0.314285714285714,-9.880934003049E-16));
#8555=DIRECTION('ref_axis',(0.314285714285714,0.949328441476352,0.));
#8556=DIRECTION('center_axis',(0.,0.,1.));
#8557=DIRECTION('ref_axis',(-1.,0.,0.));
#8558=DIRECTION('center_axis',(-1.38777878078145E-15,1.,0.));
#8559=DIRECTION('ref_axis',(0.,0.,1.));
#8560=DIRECTION('center_axis',(0.,0.,1.));
#8561=DIRECTION('ref_axis',(-0.58554004376912,0.810643483377778,0.));
#8562=DIRECTION('',(0.,0.,1.));
#8563=DIRECTION('',(0.,0.,-1.));
#8564=DIRECTION('center_axis',(0.408248290463863,-0.816496580927726,-0.408248290463864));
#8565=DIRECTION('ref_axis',(-0.577350269189625,-0.577350269189626,0.577350269189626));
#8566=DIRECTION('center_axis',(0.,-1.,0.));
#8567=DIRECTION('ref_axis',(-1.,0.,0.));
#8568=DIRECTION('center_axis',(0.,0.,1.));
#8569=DIRECTION('ref_axis',(0.,-1.,0.));
#8570=DIRECTION('center_axis',(-1.,0.,0.));
#8571=DIRECTION('ref_axis',(0.,0.,1.));
#8572=DIRECTION('center_axis',(0.,0.,1.));
#8573=DIRECTION('ref_axis',(-0.707106781186547,-0.707106781186548,0.));
#8574=DIRECTION('',(0.,0.,1.));
#8575=DIRECTION('',(0.,0.,-1.));
#8576=DIRECTION('center_axis',(0.,0.707106781186548,0.707106781186548));
#8577=DIRECTION('ref_axis',(0.,0.707106781186547,-0.707106781186547));
#8578=DIRECTION('center_axis',(1.16800471210723E-16,-1.,0.));
#8579=DIRECTION('ref_axis',(-0.707106781186547,0.,0.707106781186548));
#8580=DIRECTION('',(1.16800471210723E-16,-1.,0.));
#8581=DIRECTION('center_axis',(5.55111512312578E-17,1.,0.));
#8582=DIRECTION('ref_axis',(-0.707106781186547,0.,0.707106781186548));
#8583=DIRECTION('',(-1.16800471210723E-16,1.,0.));
#8584=DIRECTION('center_axis',(1.,1.2335811384724E-16,0.));
#8585=DIRECTION('ref_axis',(0.,-0.707106781186548,0.707106781186548));
#8586=DIRECTION('',(-1.,-1.2335811384724E-16,0.));
#8587=DIRECTION('',(1.,1.2335811384724E-16,0.));
#8588=DIRECTION('center_axis',(1.16800471210723E-16,-1.,0.));
#8589=DIRECTION('ref_axis',(-0.707106781186548,0.,0.707106781186548));
#8590=DIRECTION('',(-1.16800471210723E-16,1.,0.));
#8591=DIRECTION('',(1.16800471210723E-16,-1.,0.));
#8592=DIRECTION('center_axis',(0.,0.,-1.));
#8593=DIRECTION('ref_axis',(-1.,0.,0.));
#8594=DIRECTION('center_axis',(0.,0.,1.));
#8595=DIRECTION('ref_axis',(-1.79068229778251E-16,-1.,0.));
#8596=DIRECTION('center_axis',(0.,0.,-1.));
#8597=DIRECTION('ref_axis',(-1.79068229778251E-16,-1.,0.));
#8598=DIRECTION('center_axis',(1.2335811384724E-16,-1.,0.));
#8599=DIRECTION('ref_axis',(1.,1.2335811384724E-16,0.));
#8600=DIRECTION('',(-1.,-1.2335811384724E-16,0.));
#8601=DIRECTION('center_axis',(0.,0.,1.));
#8602=DIRECTION('ref_axis',(1.,0.,0.));
#8603=DIRECTION('',(1.,-5.55111512312578E-17,0.));
#8604=DIRECTION('center_axis',(-5.55111512312578E-17,-1.,0.));
#8605=DIRECTION('ref_axis',(1.,-5.55111512312578E-17,0.));
#8606=DIRECTION('',(0.,0.,-1.));
#8607=DIRECTION('',(-1.,5.55111512312578E-17,0.));
#8608=DIRECTION('',(0.,0.,1.));
#8609=DIRECTION('',(1.,-5.55111512312578E-17,0.));
#8610=DIRECTION('',(-1.,5.55111512312578E-17,0.));
#8611=DIRECTION('',(0.,0.,1.));
#8612=DIRECTION('center_axis',(0.,0.,1.));
#8613=DIRECTION('ref_axis',(1.,0.,0.));
#8614=DIRECTION('center_axis',(0.,0.,1.));
#8615=DIRECTION('ref_axis',(1.,0.,0.));
#8616=DIRECTION('center_axis',(0.,0.,1.));
#8617=DIRECTION('ref_axis',(0.707106781186547,-0.707106781186548,0.));
#8618=DIRECTION('center_axis',(0.,0.,-1.));
#8619=DIRECTION('ref_axis',(-1.,0.,0.));
#8620=DIRECTION('',(0.,0.,-1.));
#8621=DIRECTION('center_axis',(0.,0.,1.));
#8622=DIRECTION('ref_axis',(-1.,0.,0.));
#8623=DIRECTION('center_axis',(1.,2.33600942421446E-16,0.));
#8624=DIRECTION('ref_axis',(0.,-0.707106781186547,0.707106781186548));
#8625=DIRECTION('',(-1.,-2.33600942421446E-16,0.));
#8626=DIRECTION('center_axis',(1.,1.66533453693774E-16,0.));
#8627=DIRECTION('ref_axis',(0.,-0.707106781186547,0.707106781186548));
#8628=DIRECTION('',(1.,2.33600942421446E-16,0.));
#8629=DIRECTION('center_axis',(-0.707106781186548,0.,-0.707106781186547));
#8630=DIRECTION('ref_axis',(-0.707106781186547,-3.30361620955545E-16,0.707106781186548));
#8631=DIRECTION('center_axis',(0.408248290463862,-0.816496580927726,-0.408248290463864));
#8632=DIRECTION('ref_axis',(-0.577350269189625,-0.577350269189625,0.577350269189627));
#8633=DIRECTION('center_axis',(0.,-1.,1.38777878078144E-15));
#8634=DIRECTION('ref_axis',(-1.,0.,0.));
#8635=DIRECTION('center_axis',(0.,0.,1.));
#8636=DIRECTION('ref_axis',(0.,-1.,0.));
#8637=DIRECTION('center_axis',(-1.,0.,0.));
#8638=DIRECTION('ref_axis',(0.,0.,1.));
#8639=DIRECTION('center_axis',(0.,0.,1.));
#8640=DIRECTION('ref_axis',(-0.707106781186547,-0.707106781186548,0.));
#8641=DIRECTION('',(0.,0.,1.));
#8642=DIRECTION('',(0.,0.,-1.));
#8643=DIRECTION('center_axis',(-0.408248290463862,-0.816496580927726,0.408248290463864));
#8644=DIRECTION('ref_axis',(-0.577350269189625,0.577350269189627,0.577350269189625));
#8645=DIRECTION('center_axis',(-1.,0.,0.));
#8646=DIRECTION('ref_axis',(0.,1.,0.));
#8647=DIRECTION('center_axis',(0.,0.,1.));
#8648=DIRECTION('ref_axis',(-1.,0.,0.));
#8649=DIRECTION('center_axis',(-3.46944695195362E-16,1.,0.));
#8650=DIRECTION('ref_axis',(0.,0.,1.));
#8651=DIRECTION('center_axis',(0.,0.,1.));
#8652=DIRECTION('ref_axis',(-0.707106781186548,0.707106781186547,0.));
#8653=DIRECTION('',(0.,0.,1.));
#8654=DIRECTION('center_axis',(0.707106781186548,0.,0.707106781186547));
#8655=DIRECTION('ref_axis',(0.707106781186547,0.,-0.707106781186548));
#8656=DIRECTION('center_axis',(1.2335811384724E-16,-1.,0.));
#8657=DIRECTION('ref_axis',(-0.707106781186548,0.,0.707106781186548));
#8658=DIRECTION('',(-1.2335811384724E-16,1.,0.));
#8659=DIRECTION('',(1.2335811384724E-16,-1.,0.));
#8660=DIRECTION('center_axis',(-0.306575867459891,-0.895388837542589,-0.322939726722102));
#8661=DIRECTION('ref_axis',(0.616469320735362,-0.445285110467586,0.649374119431897));
#8662=DIRECTION('center_axis',(1.,0.,0.));
#8663=DIRECTION('ref_axis',(0.,-1.,0.));
#8664=DIRECTION('center_axis',(0.,0.,1.));
#8665=DIRECTION('ref_axis',(0.949328441476352,0.314285714285714,0.));
#8666=DIRECTION('center_axis',(0.314285714285715,-0.949328441476351,0.));
#8667=DIRECTION('ref_axis',(0.,0.,1.));
#8668=DIRECTION('center_axis',(0.,0.,1.));
#8669=DIRECTION('ref_axis',(0.810643483377778,-0.585540043769119,0.));
#8670=DIRECTION('',(0.,0.,1.));
#8671=DIRECTION('',(0.,0.,-1.));
#8672=DIRECTION('center_axis',(0.306575867459892,-0.895388837542589,0.322939726722102));
#8673=DIRECTION('ref_axis',(0.61646932073536,0.445285110467587,0.649374119431898));
#8674=DIRECTION('center_axis',(0.314285714285714,0.949328441476352,3.293644667683E-16));
#8675=DIRECTION('ref_axis',(0.949328441476352,-0.314285714285714,0.));
#8676=DIRECTION('center_axis',(0.,0.,1.));
#8677=DIRECTION('ref_axis',(0.,1.,0.));
#8678=DIRECTION('center_axis',(1.,0.,0.));
#8679=DIRECTION('ref_axis',(0.,0.,1.));
#8680=DIRECTION('center_axis',(0.,0.,1.));
#8681=DIRECTION('ref_axis',(0.810643483377778,0.58554004376912,0.));
#8682=DIRECTION('',(0.,0.,-1.));
#8683=DIRECTION('center_axis',(-1.,0.,0.));
#8684=DIRECTION('ref_axis',(0.,0.707106781186547,0.707106781186548));
#8685=DIRECTION('',(1.,0.,0.));
#8686=DIRECTION('center_axis',(0.,0.,-1.));
#8687=DIRECTION('ref_axis',(-1.,0.,0.));
#8688=DIRECTION('center_axis',(0.,0.,1.));
#8689=DIRECTION('ref_axis',(-1.,1.66533453693774E-16,0.));
#8690=DIRECTION('center_axis',(0.,0.,-1.));
#8691=DIRECTION('ref_axis',(-1.,1.66533453693773E-16,0.));
#8692=DIRECTION('center_axis',(1.,2.33600942421446E-16,0.));
#8693=DIRECTION('ref_axis',(0.,-0.707106781186547,0.707106781186548));
#8694=DIRECTION('',(-1.,-2.33600942421446E-16,0.));
#8695=DIRECTION('',(1.,2.33600942421446E-16,0.));
#8696=DIRECTION('center_axis',(-1.,0.,0.));
#8697=DIRECTION('ref_axis',(0.,0.707106781186547,0.707106781186548));
#8698=DIRECTION('center_axis',(1.,1.66533453693774E-16,0.));
#8699=DIRECTION('ref_axis',(0.,0.707106781186547,0.707106781186548));
#8700=DIRECTION('',(1.,0.,0.));
#8701=DIRECTION('center_axis',(-1.,-1.2335811384724E-16,0.));
#8702=DIRECTION('ref_axis',(1.2335811384724E-16,-1.,0.));
#8703=DIRECTION('',(-1.2335811384724E-16,1.,0.));
#8704=DIRECTION('center_axis',(0.,0.,1.));
#8705=DIRECTION('ref_axis',(1.,0.,0.));
#8706=DIRECTION('',(1.66533453693774E-16,-1.,0.));
#8707=DIRECTION('center_axis',(0.,0.,1.));
#8708=DIRECTION('ref_axis',(1.,0.,0.));
#8709=DIRECTION('center_axis',(0.,0.,1.));
#8710=DIRECTION('ref_axis',(1.,0.,0.));
#8711=DIRECTION('center_axis',(0.,0.,1.));
#8712=DIRECTION('ref_axis',(-0.707106781186548,-0.707106781186547,0.));
#8713=DIRECTION('center_axis',(0.,0.,1.));
#8714=DIRECTION('ref_axis',(1.,0.,0.));
#8715=DIRECTION('',(0.,1.,0.));
#8716=DIRECTION('center_axis',(0.,0.,1.));
#8717=DIRECTION('ref_axis',(1.,0.,0.));
#8718=DIRECTION('center_axis',(0.,0.,-1.));
#8719=DIRECTION('ref_axis',(-0.707106781186548,-0.707106781186547,0.));
#8720=DIRECTION('',(0.,0.,-1.));
#8721=DIRECTION('center_axis',(0.,0.,1.));
#8722=DIRECTION('ref_axis',(0.645161290322581,0.76404640531142,0.));
#8723=DIRECTION('',(0.,0.,-1.));
#8724=DIRECTION('center_axis',(0.,0.,1.));
#8725=DIRECTION('ref_axis',(1.,0.,0.));
#8726=DIRECTION('',(1.,2.33600942421446E-16,0.));
#8727=DIRECTION('',(-1.66533453693774E-16,1.,0.));
#8728=DIRECTION('',(2.22044604925031E-15,-1.,0.));
#8729=DIRECTION('center_axis',(0.,0.,1.));
#8730=DIRECTION('ref_axis',(1.,0.,0.));
#8731=DIRECTION('',(-1.66533453693774E-16,1.,0.));
#8732=DIRECTION('center_axis',(1.,0.,0.));
#8733=DIRECTION('ref_axis',(0.,1.,0.));
#8734=DIRECTION('center_axis',(-1.,-1.16800471210723E-16,0.));
#8735=DIRECTION('ref_axis',(1.16800471210723E-16,-1.,0.));
#8736=DIRECTION('center_axis',(0.,0.,1.));
#8737=DIRECTION('ref_axis',(0.645161290322581,0.76404640531142,0.));
#8738=DIRECTION('center_axis',(2.33600942421446E-16,-1.,0.));
#8739=DIRECTION('ref_axis',(1.,2.33600942421446E-16,0.));
#8740=DIRECTION('',(0.,0.,1.));
#8741=DIRECTION('center_axis',(0.,0.,1.));
#8742=DIRECTION('ref_axis',(-1.,0.,0.));
#8743=DIRECTION('center_axis',(1.,6.16790569236198E-17,0.));
#8744=DIRECTION('ref_axis',(-6.16790569236198E-17,1.,0.));
#8745=DIRECTION('center_axis',(0.,0.,1.));
#8746=DIRECTION('ref_axis',(-1.,0.,0.));
#8747=DIRECTION('center_axis',(7.64814704811644E-16,1.,0.));
#8748=DIRECTION('ref_axis',(-1.,7.64814704811644E-16,0.));
#8749=DIRECTION('',(-1.,7.64814704811644E-16,0.));
#8750=DIRECTION('',(0.,0.,1.));
#8751=DIRECTION('',(-1.,7.64814704811644E-16,0.));
#8752=DIRECTION('',(0.,0.,1.));
#8753=DIRECTION('center_axis',(0.866025403784439,0.499999999999999,0.));
#8754=DIRECTION('ref_axis',(-0.499999999999999,0.866025403784439,0.));
#8755=DIRECTION('',(-0.499999999999999,0.866025403784439,0.));
#8756=DIRECTION('',(0.,0.,1.));
#8757=DIRECTION('',(-0.499999999999999,0.866025403784439,0.));
#8758=DIRECTION('center_axis',(0.866025403784438,-0.5,0.));
#8759=DIRECTION('ref_axis',(0.5,0.866025403784438,0.));
#8760=DIRECTION('',(0.5,0.866025403784438,0.));
#8761=DIRECTION('',(0.,0.,1.));
#8762=DIRECTION('',(0.5,0.866025403784438,0.));
#8763=DIRECTION('center_axis',(-2.18518487089041E-16,-1.,0.));
#8764=DIRECTION('ref_axis',(1.,-2.18518487089041E-16,0.));
#8765=DIRECTION('',(1.,-2.18518487089041E-16,0.));
#8766=DIRECTION('',(0.,0.,1.));
#8767=DIRECTION('',(1.,-2.18518487089041E-16,0.));
#8768=DIRECTION('center_axis',(-0.866025403784439,-0.5,0.));
#8769=DIRECTION('ref_axis',(0.5,-0.866025403784439,0.));
#8770=DIRECTION('',(0.5,-0.866025403784439,0.));
#8771=DIRECTION('',(0.,0.,1.));
#8772=DIRECTION('',(0.5,-0.866025403784439,0.));
#8773=DIRECTION('center_axis',(-0.866025403784439,0.5,0.));
#8774=DIRECTION('ref_axis',(-0.5,-0.866025403784439,0.));
#8775=DIRECTION('',(-0.5,-0.866025403784439,0.));
#8776=DIRECTION('',(-0.5,-0.866025403784439,0.));
#8777=DIRECTION('center_axis',(0.,0.,1.));
#8778=DIRECTION('ref_axis',(1.,0.,0.));
#8779=DIRECTION('center_axis',(0.,0.,-1.));
#8780=DIRECTION('ref_axis',(1.,0.,0.));
#8781=DIRECTION('center_axis',(0.,0.,-1.));
#8782=DIRECTION('ref_axis',(1.,0.,0.));
#8783=DIRECTION('',(0.,0.,-1.));
#8784=DIRECTION('center_axis',(-1.,-1.66533453693774E-16,0.));
#8785=DIRECTION('ref_axis',(1.66533453693774E-16,-1.,0.));
#8786=DIRECTION('',(1.66533453693774E-16,-1.,0.));
#8787=DIRECTION('center_axis',(0.,0.,1.));
#8788=DIRECTION('ref_axis',(1.,0.,0.));
#8789=DIRECTION('axis',(0.,0.,1.));
#8790=DIRECTION('refdir',(1.,0.,0.));
#8791=DIRECTION('center_axis',(0.,0.,1.));
#8792=DIRECTION('ref_axis',(1.,0.,0.));
#8793=DIRECTION('',(-0.866025403784438,0.500000000000001,0.));
#8794=DIRECTION('',(0.5,0.866025403784438,0.));
#8795=DIRECTION('',(0.866025403784438,-0.500000000000001,0.));
#8796=DIRECTION('',(0.5,0.866025403784438,0.));
#8797=DIRECTION('center_axis',(0.,0.,1.));
#8798=DIRECTION('ref_axis',(1.,0.,0.));
#8799=DIRECTION('',(2.77555756156289E-16,1.,0.));
#8800=DIRECTION('',(-1.,-4.44089209850063E-16,0.));
#8801=DIRECTION('',(0.,-1.,0.));
#8802=DIRECTION('',(-1.,-1.11022302462516E-16,0.));
#8803=DIRECTION('center_axis',(-0.866025403784439,-0.5,0.));
#8804=DIRECTION('ref_axis',(0.5,-0.866025403784439,0.));
#8805=DIRECTION('',(0.5,-0.866025403784439,0.));
#8806=DIRECTION('',(0.,0.,1.));
#8807=DIRECTION('',(0.5,-0.866025403784439,0.));
#8808=DIRECTION('',(0.,0.,1.));
#8809=DIRECTION('center_axis',(-4.44089209850063E-16,1.,0.));
#8810=DIRECTION('ref_axis',(-1.,-4.44089209850063E-16,0.));
#8811=DIRECTION('',(0.,0.,1.));
#8812=DIRECTION('',(-1.,-4.44089209850063E-16,0.));
#8813=DIRECTION('',(0.,0.,1.));
#8814=DIRECTION('center_axis',(0.866025403784439,-0.5,0.));
#8815=DIRECTION('ref_axis',(0.5,0.866025403784438,0.));
#8816=DIRECTION('',(0.,0.,1.));
#8817=DIRECTION('',(0.5,0.866025403784438,0.));
#8818=DIRECTION('',(0.,0.,1.));
#8819=DIRECTION('center_axis',(0.,0.,1.));
#8820=DIRECTION('ref_axis',(1.,0.,0.));
#8821=DIRECTION('center_axis',(0.,0.,1.));
#8822=DIRECTION('ref_axis',(1.,0.,0.));
#8823=DIRECTION('center_axis',(0.,0.,1.));
#8824=DIRECTION('ref_axis',(-0.499999999999998,0.86602540378444,0.));
#8825=DIRECTION('center_axis',(0.,0.,1.));
#8826=DIRECTION('ref_axis',(-0.499999999999998,-0.86602540378444,0.));
#8827=DIRECTION('center_axis',(0.,0.,1.));
#8828=DIRECTION('ref_axis',(1.,0.,0.));
#8829=DIRECTION('',(-0.866025403784439,-0.499999999999999,0.));
#8830=DIRECTION('',(0.866025403784439,0.5,0.));
#8831=DIRECTION('',(0.5,-0.866025403784439,0.));
#8832=DIRECTION('center_axis',(0.,0.,-1.));
#8833=DIRECTION('ref_axis',(-0.499999999999998,-0.86602540378444,0.));
#8834=DIRECTION('center_axis',(0.,0.,1.));
#8835=DIRECTION('ref_axis',(-0.499999999999998,-0.86602540378444,0.));
#8836=DIRECTION('',(0.,0.,-1.));
#8837=DIRECTION('',(0.,0.,-1.));
#8838=DIRECTION('center_axis',(0.,0.,-1.));
#8839=DIRECTION('ref_axis',(-0.499999999999998,0.86602540378444,0.));
#8840=DIRECTION('center_axis',(0.,0.,1.));
#8841=DIRECTION('ref_axis',(-0.499999999999998,0.86602540378444,0.));
#8842=DIRECTION('',(0.,0.,-1.));
#8843=DIRECTION('',(0.,0.,-1.));
#8844=DIRECTION('center_axis',(0.,0.,-1.));
#8845=DIRECTION('ref_axis',(1.,0.,0.));
#8846=DIRECTION('center_axis',(0.,0.,1.));
#8847=DIRECTION('ref_axis',(1.,0.,0.));
#8848=DIRECTION('',(0.,0.,-1.));
#8849=DIRECTION('',(0.,0.,-1.));
#8850=DIRECTION('center_axis',(0.866025403784438,-0.500000000000001,0.));
#8851=DIRECTION('ref_axis',(-0.500000000000001,-0.866025403784438,0.));
#8852=DIRECTION('',(0.500000000000001,0.866025403784438,0.));
#8853=DIRECTION('',(0.,0.,-1.));
#8854=DIRECTION('',(-0.500000000000001,-0.866025403784438,0.));
#8855=DIRECTION('',(0.,0.,-1.));
#8856=DIRECTION('center_axis',(0.,0.,-1.));
#8857=DIRECTION('ref_axis',(-1.,0.,0.));
#8858=DIRECTION('',(-2.77555756156289E-16,-1.,0.));
#8859=DIRECTION('',(-0.866025403784437,-0.500000000000002,0.));
#8860=DIRECTION('center_axis',(-6.86706805469099E-15,1.,0.));
#8861=DIRECTION('ref_axis',(1.,6.86706805469099E-15,0.));
#8862=DIRECTION('',(-1.,-6.86706805469099E-15,0.));
#8863=DIRECTION('',(0.,0.,-1.));
#8864=DIRECTION('',(1.,6.86706805469099E-15,0.));
#8865=DIRECTION('',(0.,0.,-1.));
#8866=DIRECTION('center_axis',(0.,0.,-1.));
#8867=DIRECTION('ref_axis',(-1.,0.,0.));
#8868=DIRECTION('',(0.866025403784439,-0.499999999999999,0.));
#8869=DIRECTION('',(0.866025403784439,0.499999999999999,0.));
#8870=DIRECTION('center_axis',(-0.866025403784437,-0.500000000000002,0.));
#8871=DIRECTION('ref_axis',(-0.500000000000002,0.866025403784437,0.));
#8872=DIRECTION('',(0.500000000000002,-0.866025403784437,0.));
#8873=DIRECTION('',(0.,0.,-1.));
#8874=DIRECTION('',(-0.500000000000002,0.866025403784437,0.));
#8875=DIRECTION('',(0.,0.,-1.));
#8876=DIRECTION('center_axis',(0.,0.,-1.));
#8877=DIRECTION('ref_axis',(-1.,0.,0.));
#8878=DIRECTION('',(0.,1.,0.));
#8879=DIRECTION('',(-0.866025403784438,0.500000000000001,0.));
#8880=DIRECTION('center_axis',(0.,0.,-1.));
#8881=DIRECTION('ref_axis',(-1.,0.,0.));
#8882=DIRECTION('',(1.,1.11022302462516E-16,0.));
#8883=DIRECTION('',(-0.5,-0.866025403784438,0.));
#8884=DIRECTION('',(-0.5,0.866025403784439,0.));
#8885=DIRECTION('center_axis',(-0.500000000000001,-0.866025403784438,0.));
#8886=DIRECTION('ref_axis',(-0.866025403784438,0.500000000000001,0.));
#8887=DIRECTION('',(0.,0.,-1.));
#8888=DIRECTION('center_axis',(-1.,0.,0.));
#8889=DIRECTION('ref_axis',(0.,1.,0.));
#8890=DIRECTION('',(0.,0.,-1.));
#8891=DIRECTION('center_axis',(-1.11022302462516E-16,1.,0.));
#8892=DIRECTION('ref_axis',(1.,1.11022302462516E-16,0.));
#8893=DIRECTION('',(0.,0.,-1.));
#8894=DIRECTION('center_axis',(1.,-2.77555756156289E-16,0.));
#8895=DIRECTION('ref_axis',(-2.77555756156289E-16,-1.,0.));
#8896=DIRECTION('center_axis',(0.5,-0.866025403784439,0.));
#8897=DIRECTION('ref_axis',(-0.866025403784439,-0.5,0.));
#8898=DIRECTION('',(0.,0.,-1.));
#8899=DIRECTION('center_axis',(-0.866025403784439,-0.5,0.));
#8900=DIRECTION('ref_axis',(-0.5,0.866025403784439,0.));
#8901=DIRECTION('',(0.,0.,-1.));
#8902=DIRECTION('center_axis',(-0.5,0.866025403784439,0.));
#8903=DIRECTION('ref_axis',(0.866025403784439,0.499999999999999,0.));
#8904=DIRECTION('center_axis',(0.500000000000001,0.866025403784438,0.));
#8905=DIRECTION('ref_axis',(0.866025403784438,-0.500000000000001,0.));
#8906=DIRECTION('',(0.,0.,-1.));
#8907=DIRECTION('center_axis',(0.866025403784438,-0.5,0.));
#8908=DIRECTION('ref_axis',(-0.5,-0.866025403784438,0.));
#8909=DIRECTION('axis',(0.,0.,1.));
#8910=DIRECTION('refdir',(1.,0.,0.));
#8911=DIRECTION('center_axis',(0.408248290463863,-0.816496580927726,-0.408248290463864));
#8912=DIRECTION('ref_axis',(-0.577350269189625,-0.577350269189626,0.577350269189627));
#8913=DIRECTION('center_axis',(0.,0.,1.));
#8914=DIRECTION('ref_axis',(-1.,0.,0.));
#8915=DIRECTION('center_axis',(-1.,-2.33600942421446E-16,0.));
#8916=DIRECTION('ref_axis',(0.,-0.707106781186547,0.707106781186548));
#8917=DIRECTION('center_axis',(1.2335811384724E-16,-1.,0.));
#8918=DIRECTION('ref_axis',(-0.707106781186548,0.,0.707106781186548));
#8919=DIRECTION('center_axis',(0.,0.,1.));
#8920=DIRECTION('ref_axis',(-0.707106781186547,-0.707106781186548,0.));
#8921=DIRECTION('center_axis',(0.,0.,-1.));
#8922=DIRECTION('ref_axis',(-0.707106781186547,-0.707106781186548,0.));
#8923=DIRECTION('',(0.,0.,1.));
#8924=DIRECTION('',(0.,0.,-1.));
#8925=DIRECTION('center_axis',(-1.,-1.2335811384724E-16,0.));
#8926=DIRECTION('ref_axis',(1.2335811384724E-16,-1.,0.));
#8927=DIRECTION('',(1.2335811384724E-16,-1.,0.));
#8928=DIRECTION('',(0.,0.,1.));
#8929=DIRECTION('',(-1.2335811384724E-16,1.,0.));
#8930=DIRECTION('center_axis',(1.2335811384724E-16,-1.,0.));
#8931=DIRECTION('ref_axis',(-0.707106781186548,0.,0.707106781186548));
#8932=DIRECTION('',(-1.2335811384724E-16,1.,0.));
#8933=DIRECTION('center_axis',(-1.2335811384724E-16,1.,0.));
#8934=DIRECTION('ref_axis',(-0.707106781186548,0.,0.707106781186548));
#8935=DIRECTION('center_axis',(1.,2.33600942421446E-16,0.));
#8936=DIRECTION('ref_axis',(0.,-0.707106781186547,0.707106781186548));
#8937=DIRECTION('',(1.,2.33600942421446E-16,0.));
#8938=DIRECTION('center_axis',(1.,2.33600942421446E-16,0.));
#8939=DIRECTION('ref_axis',(0.,-0.707106781186547,0.707106781186548));
#8940=DIRECTION('',(-1.,-2.33600942421446E-16,0.));
#8941=DIRECTION('center_axis',(-0.408248290463862,-0.816496580927726,0.408248290463864));
#8942=DIRECTION('ref_axis',(-0.577350269189625,0.577350269189626,0.577350269189627));
#8943=DIRECTION('center_axis',(0.,0.,1.));
#8944=DIRECTION('ref_axis',(0.,1.,0.));
#8945=DIRECTION('center_axis',(-1.,0.,0.));
#8946=DIRECTION('ref_axis',(0.,0.707106781186547,0.707106781186548));
#8947=DIRECTION('center_axis',(0.,0.,1.));
#8948=DIRECTION('ref_axis',(-0.707106781186548,0.707106781186547,0.));
#8949=DIRECTION('center_axis',(0.,0.,-1.));
#8950=DIRECTION('ref_axis',(-0.707106781186548,0.707106781186547,0.));
#8951=DIRECTION('',(0.,0.,-1.));
#8952=DIRECTION('center_axis',(0.,1.,0.));
#8953=DIRECTION('ref_axis',(-1.,0.,0.));
#8954=DIRECTION('',(-1.,0.,0.));
#8955=DIRECTION('',(0.,0.,1.));
#8956=DIRECTION('',(1.,0.,0.));
#8957=DIRECTION('center_axis',(-1.,0.,0.));
#8958=DIRECTION('ref_axis',(0.,0.707106781186547,0.707106781186548));
#8959=DIRECTION('',(1.,0.,0.));
#8960=DIRECTION('center_axis',(1.,0.,0.));
#8961=DIRECTION('ref_axis',(0.,0.707106781186547,0.707106781186548));
#8962=DIRECTION('center_axis',(0.306575867459891,-0.89538883754259,0.3229397267221));
#8963=DIRECTION('ref_axis',(0.616469320735361,0.445285110467585,0.649374119431898));
#8964=DIRECTION('center_axis',(0.,0.,1.));
#8965=DIRECTION('ref_axis',(0.949328441476351,-0.314285714285714,0.));
#8966=DIRECTION('center_axis',(0.314285714285715,0.949328441476351,0.));
#8967=DIRECTION('ref_axis',(-0.949328441476351,0.314285714285715,0.));
#8968=DIRECTION('center_axis',(0.,0.,1.));
#8969=DIRECTION('ref_axis',(0.810643483377778,0.58554004376912,0.));
#8970=DIRECTION('center_axis',(0.,0.,-1.));
#8971=DIRECTION('ref_axis',(0.810643483377778,0.58554004376912,0.));
#8972=DIRECTION('',(0.,0.,-1.));
#8973=DIRECTION('center_axis',(0.,0.,1.));
#8974=DIRECTION('ref_axis',(-1.,0.,0.));
#8975=DIRECTION('center_axis',(0.,0.,-1.));
#8976=DIRECTION('ref_axis',(-1.,1.66533453693773E-16,0.));
#8977=DIRECTION('',(0.,0.,1.));
#8978=DIRECTION('center_axis',(0.,0.,1.));
#8979=DIRECTION('ref_axis',(-1.,0.,0.));
#8980=DIRECTION('center_axis',(0.,0.,-1.));
#8981=DIRECTION('ref_axis',(-1.,0.,0.));
#8982=DIRECTION('center_axis',(0.,0.,1.));
#8983=DIRECTION('ref_axis',(-1.,1.66533453693774E-16,0.));
#8984=DIRECTION('center_axis',(0.314285714285714,-0.949328441476352,0.));
#8985=DIRECTION('ref_axis',(-0.949328441476352,-0.314285714285714,0.));
#8986=DIRECTION('center_axis',(-0.306575867459892,-0.895388837542589,-0.322939726722102));
#8987=DIRECTION('ref_axis',(0.616469320735361,-0.445285110467587,0.649374119431898));
#8988=DIRECTION('center_axis',(0.,0.,1.));
#8989=DIRECTION('ref_axis',(0.,-1.,0.));
#8990=DIRECTION('center_axis',(0.,0.,1.));
#8991=DIRECTION('ref_axis',(0.810643483377778,-0.585540043769119,0.));
#8992=DIRECTION('center_axis',(0.,0.,-1.));
#8993=DIRECTION('ref_axis',(0.810643483377778,-0.585540043769119,0.));
#8994=DIRECTION('',(0.,0.,-1.));
#8995=DIRECTION('center_axis',(2.33600942421446E-16,-1.,0.));
#8996=DIRECTION('ref_axis',(1.,2.33600942421446E-16,0.));
#8997=DIRECTION('',(-1.,-2.33600942421446E-16,0.));
#8998=DIRECTION('center_axis',(0.439101876010956,0.18959881966484,-0.878203752021909));
#8999=DIRECTION('ref_axis',(0.806254727329275,0.348130930433589,0.478286702652959));
#9000=DIRECTION('center_axis',(0.,0.,1.));
#9001=DIRECTION('ref_axis',(1.,0.,0.));
#9002=DIRECTION('center_axis',(0.727870811591828,-0.685714285714286,0.));
#9003=DIRECTION('ref_axis',(-0.685714285714286,-0.727870811591828,0.));
#9004=DIRECTION('center_axis',(0.,1.,0.));
#9005=DIRECTION('ref_axis',(0.707106781186547,0.,0.707106781186548));
#9006=DIRECTION('center_axis',(0.,0.,1.));
#9007=DIRECTION('ref_axis',(0.918072515031979,0.396412483586046,0.));
#9008=DIRECTION('center_axis',(0.,0.,-1.));
#9009=DIRECTION('ref_axis',(0.918072515031979,0.396412483586046,0.));
#9010=DIRECTION('',(0.,0.,1.));
#9011=DIRECTION('',(0.,0.,-1.));
#9012=DIRECTION('center_axis',(1.,0.,0.));
#9013=DIRECTION('ref_axis',(0.,1.,0.));
#9014=DIRECTION('',(0.,1.,0.));
#9015=DIRECTION('',(0.,0.,1.));
#9016=DIRECTION('',(0.,-1.,0.));
#9017=DIRECTION('center_axis',(0.,1.,0.));
#9018=DIRECTION('ref_axis',(0.707106781186547,0.,0.707106781186548));
#9019=DIRECTION('',(0.,-1.,0.));
#9020=DIRECTION('center_axis',(0.,-1.,0.));
#9021=DIRECTION('ref_axis',(0.707106781186547,0.,0.707106781186548));
#9022=DIRECTION('center_axis',(0.,0.,-1.));
#9023=DIRECTION('ref_axis',(-1.,0.,0.));
#9024=DIRECTION('center_axis',(0.,0.,-1.));
#9025=DIRECTION('ref_axis',(-0.707106781186547,-0.707106781186547,0.));
#9026=DIRECTION('center_axis',(-0.685714285714286,0.727870811591828,0.));
#9027=DIRECTION('ref_axis',(-0.727870811591828,-0.685714285714286,0.));
#9028=DIRECTION('center_axis',(0.,0.,1.));
#9029=DIRECTION('ref_axis',(-0.707106781186548,-0.707106781186548,0.));
#9030=DIRECTION('center_axis',(-0.408248290463862,-0.816496580927726,0.408248290463864));
#9031=DIRECTION('ref_axis',(-0.577350269189625,0.577350269189626,0.577350269189627));
#9032=DIRECTION('center_axis',(0.,0.,1.));
#9033=DIRECTION('ref_axis',(0.,1.,0.));
#9034=DIRECTION('center_axis',(-1.2335811384724E-16,1.,0.));
#9035=DIRECTION('ref_axis',(-0.707106781186548,0.,0.707106781186548));
#9036=DIRECTION('center_axis',(-1.,0.,0.));
#9037=DIRECTION('ref_axis',(0.,0.707106781186547,0.707106781186548));
#9038=DIRECTION('center_axis',(0.,0.,1.));
#9039=DIRECTION('ref_axis',(-0.707106781186548,0.707106781186548,0.));
#9040=DIRECTION('center_axis',(0.,0.,-1.));
#9041=DIRECTION('ref_axis',(-0.707106781186548,0.707106781186548,0.));
#9042=DIRECTION('',(0.,0.,1.));
#9043=DIRECTION('',(0.,0.,-1.));
#9044=DIRECTION('center_axis',(0.,1.,0.));
#9045=DIRECTION('ref_axis',(-1.,0.,0.));
#9046=DIRECTION('',(-1.,0.,0.));
#9047=DIRECTION('',(0.,0.,1.));
#9048=DIRECTION('',(1.,0.,0.));
#9049=DIRECTION('center_axis',(-1.,0.,0.));
#9050=DIRECTION('ref_axis',(0.,0.707106781186547,0.707106781186548));
#9051=DIRECTION('',(1.,0.,0.));
#9052=DIRECTION('center_axis',(1.,0.,0.));
#9053=DIRECTION('ref_axis',(0.,0.707106781186547,0.707106781186548));
#9054=DIRECTION('center_axis',(-0.937445921253831,0.299411626876789,0.177617066791316));
#9055=DIRECTION('ref_axis',(0.348130930433588,0.806254727329275,0.478286702652959));
#9056=DIRECTION('center_axis',(0.,0.,1.));
#9057=DIRECTION('ref_axis',(0.727870811591828,0.685714285714286,0.));
#9058=DIRECTION('center_axis',(0.,0.,1.));
#9059=DIRECTION('ref_axis',(0.396412483586046,0.918072515031979,0.));
#9060=DIRECTION('center_axis',(0.,0.,-1.));
#9061=DIRECTION('ref_axis',(0.396412483586046,0.918072515031979,0.));
#9062=DIRECTION('',(0.,0.,-1.));
#9063=DIRECTION('center_axis',(0.,0.,1.));
#9064=DIRECTION('ref_axis',(-1.,0.,0.));
#9065=DIRECTION('center_axis',(0.,0.,1.));
#9066=DIRECTION('ref_axis',(-1.,0.,0.));
#9067=DIRECTION('center_axis',(-0.408248290463863,-0.816496580927726,-0.408248290463862));
#9068=DIRECTION('ref_axis',(0.577350269189626,-0.577350269189625,0.577350269189627));
#9069=DIRECTION('center_axis',(0.,0.,1.));
#9070=DIRECTION('ref_axis',(0.,-1.,0.));
#9071=DIRECTION('center_axis',(1.,1.2335811384724E-16,0.));
#9072=DIRECTION('ref_axis',(0.,-0.707106781186548,0.707106781186548));
#9073=DIRECTION('center_axis',(0.,0.,1.));
#9074=DIRECTION('ref_axis',(0.707106781186548,-0.707106781186547,0.));
#9075=DIRECTION('center_axis',(0.,0.,-1.));
#9076=DIRECTION('ref_axis',(0.707106781186548,-0.707106781186547,0.));
#9077=DIRECTION('',(0.,0.,-1.));
#9078=DIRECTION('center_axis',(1.2335811384724E-16,-1.,0.));
#9079=DIRECTION('ref_axis',(1.,1.2335811384724E-16,0.));
#9080=DIRECTION('',(1.,1.2335811384724E-16,0.));
#9081=DIRECTION('',(0.,0.,1.));
#9082=DIRECTION('',(-1.,-1.2335811384724E-16,0.));
#9083=DIRECTION('center_axis',(1.,1.2335811384724E-16,0.));
#9084=DIRECTION('ref_axis',(0.,-0.707106781186548,0.707106781186548));
#9085=DIRECTION('',(-1.,-1.2335811384724E-16,0.));
#9086=DIRECTION('center_axis',(-1.,-1.2335811384724E-16,0.));
#9087=DIRECTION('ref_axis',(0.,-0.707106781186548,0.707106781186548));
#9088=DIRECTION('center_axis',(0.408248290463863,-0.816496580927726,-0.408248290463864));
#9089=DIRECTION('ref_axis',(-0.577350269189625,-0.577350269189625,0.577350269189627));
#9090=DIRECTION('center_axis',(0.,0.,1.));
#9091=DIRECTION('ref_axis',(-1.,0.,0.));
#9092=DIRECTION('center_axis',(1.2335811384724E-16,-1.,0.));
#9093=DIRECTION('ref_axis',(-0.707106781186548,0.,0.707106781186548));
#9094=DIRECTION('center_axis',(0.,0.,1.));
#9095=DIRECTION('ref_axis',(-0.707106781186547,-0.707106781186548,0.));
#9096=DIRECTION('center_axis',(0.,0.,-1.));
#9097=DIRECTION('ref_axis',(-0.707106781186547,-0.707106781186548,0.));
#9098=DIRECTION('',(0.,0.,-1.));
#9099=DIRECTION('center_axis',(-1.,-1.2335811384724E-16,0.));
#9100=DIRECTION('ref_axis',(1.2335811384724E-16,-1.,0.));
#9101=DIRECTION('',(-1.2335811384724E-16,1.,0.));
#9102=DIRECTION('',(1.2335811384724E-16,-1.,0.));
#9103=DIRECTION('center_axis',(1.2335811384724E-16,-1.,0.));
#9104=DIRECTION('ref_axis',(-0.707106781186548,0.,0.707106781186548));
#9105=DIRECTION('',(-1.2335811384724E-16,1.,0.));
#9106=DIRECTION('center_axis',(0.348630881203436,-0.787378928211876,0.508420035088344));
#9107=DIRECTION('ref_axis',(0.445285110467588,0.61646932073536,0.649374119431898));
#9108=DIRECTION('center_axis',(0.,0.,1.));
#9109=DIRECTION('ref_axis',(1.,0.,0.));
#9110=DIRECTION('center_axis',(0.949328441476352,0.314285714285714,0.));
#9111=DIRECTION('ref_axis',(0.314285714285714,-0.949328441476352,0.));
#9112=DIRECTION('center_axis',(0.,1.,0.));
#9113=DIRECTION('ref_axis',(0.707106781186547,0.,0.707106781186548));
#9114=DIRECTION('center_axis',(0.,0.,1.));
#9115=DIRECTION('ref_axis',(0.585540043769121,0.810643483377777,0.));
#9116=DIRECTION('center_axis',(0.,0.,-1.));
#9117=DIRECTION('ref_axis',(0.585540043769121,0.810643483377777,0.));
#9118=DIRECTION('',(0.,0.,1.));
#9119=DIRECTION('',(0.,0.,-1.));
#9120=DIRECTION('center_axis',(1.,0.,0.));
#9121=DIRECTION('ref_axis',(0.,1.,0.));
#9122=DIRECTION('',(0.,1.,0.));
#9123=DIRECTION('',(0.,0.,1.));
#9124=DIRECTION('',(0.,-1.,0.));
#9125=DIRECTION('center_axis',(0.,1.,0.));
#9126=DIRECTION('ref_axis',(0.707106781186547,0.,0.707106781186548));
#9127=DIRECTION('',(0.,-1.,0.));
#9128=DIRECTION('center_axis',(0.,-1.,0.));
#9129=DIRECTION('ref_axis',(0.707106781186547,0.,0.707106781186548));
#9130=DIRECTION('center_axis',(0.,0.,-1.));
#9131=DIRECTION('ref_axis',(-1.,0.,0.));
#9132=DIRECTION('center_axis',(0.,0.,-1.));
#9133=DIRECTION('ref_axis',(-1.79068229778251E-16,-1.,0.));
#9134=DIRECTION('center_axis',(-0.949328441476351,0.314285714285714,0.));
#9135=DIRECTION('ref_axis',(-0.314285714285714,-0.949328441476351,0.));
#9136=DIRECTION('center_axis',(0.,0.,1.));
#9137=DIRECTION('ref_axis',(-1.79068229778251E-16,-1.,0.));
#9138=DIRECTION('center_axis',(-0.348630881203436,-0.787378928211875,0.508420035088346));
#9139=DIRECTION('ref_axis',(-0.445285110467585,0.616469320735362,0.649374119431897));
#9140=DIRECTION('center_axis',(0.,0.,1.));
#9141=DIRECTION('ref_axis',(0.314285714285714,0.949328441476351,0.));
#9142=DIRECTION('center_axis',(-1.16800471210723E-16,1.,0.));
#9143=DIRECTION('ref_axis',(-0.707106781186548,0.,0.707106781186548));
#9144=DIRECTION('center_axis',(0.,0.,1.));
#9145=DIRECTION('ref_axis',(-0.58554004376912,0.810643483377778,0.));
#9146=DIRECTION('center_axis',(0.,0.,-1.));
#9147=DIRECTION('ref_axis',(-0.58554004376912,0.810643483377778,0.));
#9148=DIRECTION('',(0.,0.,1.));
#9149=DIRECTION('',(0.,0.,-1.));
#9150=DIRECTION('center_axis',(0.,0.,1.));
#9151=DIRECTION('ref_axis',(0.645161290322581,0.76404640531142,0.));
#9152=DIRECTION('center_axis',(0.,0.,1.));
#9153=DIRECTION('ref_axis',(0.645161290322581,0.76404640531142,0.));
#9154=DIRECTION('center_axis',(1.16800471210723E-16,-1.,0.));
#9155=DIRECTION('ref_axis',(-0.707106781186548,0.,0.707106781186548));
#9156=DIRECTION('',(1.16800471210723E-16,-1.,0.));
#9157=DIRECTION('center_axis',(1.16800471210723E-16,-1.,0.));
#9158=DIRECTION('ref_axis',(-0.707106781186548,0.,0.707106781186547));
#9159=DIRECTION('',(-1.16800471210723E-16,1.,0.));
#9160=DIRECTION('center_axis',(0.408248290463863,-0.816496580927726,-0.408248290463864));
#9161=DIRECTION('ref_axis',(-0.577350269189625,-0.577350269189626,0.577350269189626));
#9162=DIRECTION('center_axis',(0.,0.,1.));
#9163=DIRECTION('ref_axis',(-1.,0.,0.));
#9164=DIRECTION('center_axis',(-1.,-1.2335811384724E-16,0.));
#9165=DIRECTION('ref_axis',(0.,-0.707106781186548,0.707106781186548));
#9166=DIRECTION('center_axis',(0.,0.,1.));
#9167=DIRECTION('ref_axis',(-0.707106781186547,-0.707106781186548,0.));
#9168=DIRECTION('center_axis',(0.,0.,-1.));
#9169=DIRECTION('ref_axis',(-0.707106781186547,-0.707106781186548,0.));
#9170=DIRECTION('',(0.,0.,1.));
#9171=DIRECTION('',(0.,0.,-1.));
#9172=DIRECTION('center_axis',(-1.,-1.16800471210723E-16,0.));
#9173=DIRECTION('ref_axis',(1.16800471210723E-16,-1.,0.));
#9174=DIRECTION('',(-1.16800471210723E-16,1.,0.));
#9175=DIRECTION('center_axis',(1.,1.2335811384724E-16,0.));
#9176=DIRECTION('ref_axis',(0.,-0.707106781186548,0.707106781186548));
#9177=DIRECTION('',(1.,1.2335811384724E-16,0.));
#9178=DIRECTION('center_axis',(1.,1.2335811384724E-16,0.));
#9179=DIRECTION('ref_axis',(0.,-0.707106781186548,0.707106781186548));
#9180=DIRECTION('',(-1.,-1.2335811384724E-16,0.));
#9181=DIRECTION('center_axis',(-0.408248290463863,-0.816496580927726,-0.408248290463864));
#9182=DIRECTION('ref_axis',(0.577350269189625,-0.577350269189626,0.577350269189626));
#9183=DIRECTION('center_axis',(0.,0.,1.));
#9184=DIRECTION('ref_axis',(0.,-1.,0.));
#9185=DIRECTION('center_axis',(0.,0.,1.));
#9186=DIRECTION('ref_axis',(0.707106781186547,-0.707106781186548,0.));
#9187=DIRECTION('center_axis',(0.,0.,-1.));
#9188=DIRECTION('ref_axis',(0.707106781186547,-0.707106781186548,0.));
#9189=DIRECTION('',(0.,0.,-1.));
#9190=DIRECTION('center_axis',(1.2335811384724E-16,-1.,0.));
#9191=DIRECTION('ref_axis',(1.,1.2335811384724E-16,0.));
#9192=DIRECTION('',(-1.,-1.2335811384724E-16,0.));
#9193=DIRECTION('center_axis',(-0.408248290463863,-0.816496580927726,-0.408248290463864));
#9194=DIRECTION('ref_axis',(0.577350269189626,-0.577350269189626,0.577350269189626));
#9195=DIRECTION('center_axis',(0.,0.,1.));
#9196=DIRECTION('ref_axis',(0.,-1.,0.));
#9197=DIRECTION('center_axis',(6.16790569236198E-17,-1.,0.));
#9198=DIRECTION('ref_axis',(0.707106781186548,0.,0.707106781186548));
#9199=DIRECTION('center_axis',(1.,1.2335811384724E-16,0.));
#9200=DIRECTION('ref_axis',(0.,-0.707106781186548,0.707106781186548));
#9201=DIRECTION('center_axis',(0.,0.,1.));
#9202=DIRECTION('ref_axis',(0.707106781186548,-0.707106781186548,0.));
#9203=DIRECTION('center_axis',(0.,0.,-1.));
#9204=DIRECTION('ref_axis',(0.707106781186548,-0.707106781186548,0.));
#9205=DIRECTION('',(0.,0.,1.));
#9206=DIRECTION('',(0.,0.,-1.));
#9207=DIRECTION('center_axis',(1.2335811384724E-16,-1.,0.));
#9208=DIRECTION('ref_axis',(1.,1.2335811384724E-16,0.));
#9209=DIRECTION('',(1.,1.2335811384724E-16,0.));
#9210=DIRECTION('',(0.,0.,1.));
#9211=DIRECTION('',(-1.,-1.2335811384724E-16,0.));
#9212=DIRECTION('center_axis',(1.,1.2335811384724E-16,0.));
#9213=DIRECTION('ref_axis',(0.,-0.707106781186548,0.707106781186548));
#9214=DIRECTION('',(-1.,-1.2335811384724E-16,0.));
#9215=DIRECTION('center_axis',(-1.,-1.2335811384724E-16,0.));
#9216=DIRECTION('ref_axis',(0.,-0.707106781186548,0.707106781186548));
#9217=DIRECTION('center_axis',(0.408248290463863,-0.816496580927726,-0.408248290463864));
#9218=DIRECTION('ref_axis',(-0.577350269189625,-0.577350269189626,0.577350269189626));
#9219=DIRECTION('center_axis',(0.,0.,1.));
#9220=DIRECTION('ref_axis',(-1.,0.,0.));
#9221=DIRECTION('center_axis',(0.,-1.,0.));
#9222=DIRECTION('ref_axis',(-0.707106781186547,0.,0.707106781186548));
#9223=DIRECTION('center_axis',(0.,0.,1.));
#9224=DIRECTION('ref_axis',(-0.707106781186548,-0.707106781186548,0.));
#9225=DIRECTION('center_axis',(0.,0.,-1.));
#9226=DIRECTION('ref_axis',(-0.707106781186548,-0.707106781186548,0.));
#9227=DIRECTION('',(0.,0.,-1.));
#9228=DIRECTION('center_axis',(-1.,0.,0.));
#9229=DIRECTION('ref_axis',(0.,-1.,0.));
#9230=DIRECTION('',(0.,-1.,0.));
#9231=DIRECTION('',(0.,0.,1.));
#9232=DIRECTION('',(0.,1.,0.));
#9233=DIRECTION('center_axis',(0.,-1.,0.));
#9234=DIRECTION('ref_axis',(-0.707106781186547,0.,0.707106781186548));
#9235=DIRECTION('',(0.,1.,0.));
#9236=DIRECTION('center_axis',(0.,1.,0.));
#9237=DIRECTION('ref_axis',(-0.707106781186547,0.,0.707106781186548));
#9238=DIRECTION('center_axis',(-0.439101876010955,0.18959881966484,-0.878203752021909));
#9239=DIRECTION('ref_axis',(-0.806254727329275,0.348130930433589,0.478286702652959));
#9240=DIRECTION('center_axis',(0.,0.,1.));
#9241=DIRECTION('ref_axis',(-0.685714285714286,0.727870811591828,0.));
#9242=DIRECTION('center_axis',(-0.727870811591828,-0.685714285714286,0.));
#9243=DIRECTION('ref_axis',(0.685714285714286,-0.727870811591828,0.));
#9244=DIRECTION('center_axis',(0.,0.,1.));
#9245=DIRECTION('ref_axis',(-0.918072515031979,0.396412483586046,0.));
#9246=DIRECTION('center_axis',(0.,0.,-1.));
#9247=DIRECTION('ref_axis',(-0.918072515031979,0.396412483586046,0.));
#9248=DIRECTION('',(0.,0.,-1.));
#9249=DIRECTION('center_axis',(0.,0.,1.));
#9250=DIRECTION('ref_axis',(-1.,0.,0.));
#9251=DIRECTION('center_axis',(0.,0.,-1.));
#9252=DIRECTION('ref_axis',(0.707106781186547,-0.707106781186548,0.));
#9253=DIRECTION('',(0.,0.,1.));
#9254=DIRECTION('center_axis',(0.,0.,1.));
#9255=DIRECTION('ref_axis',(-1.,0.,0.));
#9256=DIRECTION('center_axis',(0.,0.,-1.));
#9257=DIRECTION('ref_axis',(-1.,0.,0.));
#9258=DIRECTION('center_axis',(0.,0.,1.));
#9259=DIRECTION('ref_axis',(0.707106781186548,-0.707106781186548,0.));
#9260=DIRECTION('center_axis',(0.685714285714286,0.727870811591828,0.));
#9261=DIRECTION('ref_axis',(0.727870811591828,-0.685714285714286,0.));
#9262=DIRECTION('center_axis',(-0.937445921253831,-0.299411626876789,-0.177617066791316));
#9263=DIRECTION('ref_axis',(-0.348130930433589,0.806254727329275,0.478286702652959));
#9264=DIRECTION('center_axis',(0.,0.,1.));
#9265=DIRECTION('ref_axis',(0.,1.,0.));
#9266=DIRECTION('center_axis',(-1.,0.,0.));
#9267=DIRECTION('ref_axis',(0.,0.707106781186547,0.707106781186548));
#9268=DIRECTION('center_axis',(0.,0.,1.));
#9269=DIRECTION('ref_axis',(-0.396412483586046,0.918072515031979,0.));
#9270=DIRECTION('center_axis',(0.,0.,-1.));
#9271=DIRECTION('ref_axis',(-0.396412483586046,0.918072515031979,0.));
#9272=DIRECTION('',(0.,0.,-1.));
#9273=DIRECTION('center_axis',(0.,1.,0.));
#9274=DIRECTION('ref_axis',(-1.,0.,0.));
#9275=DIRECTION('',(-1.,0.,0.));
#9276=DIRECTION('',(0.,0.,1.));
#9277=DIRECTION('',(1.,0.,0.));
#9278=DIRECTION('center_axis',(-1.,0.,0.));
#9279=DIRECTION('ref_axis',(0.,0.707106781186547,0.707106781186548));
#9280=DIRECTION('',(1.,0.,0.));
#9281=DIRECTION('center_axis',(1.,0.,0.));
#9282=DIRECTION('ref_axis',(0.,0.,1.));
#9283=DIRECTION('center_axis',(-0.408248290463863,-0.816496580927727,-0.408248290463862));
#9284=DIRECTION('ref_axis',(0.577350269189626,-0.577350269189625,0.577350269189626));
#9285=DIRECTION('center_axis',(0.,0.,1.));
#9286=DIRECTION('ref_axis',(0.,-1.,0.));
#9287=DIRECTION('center_axis',(6.16790569236198E-17,-1.,0.));
#9288=DIRECTION('ref_axis',(0.707106781186548,0.,0.707106781186548));
#9289=DIRECTION('center_axis',(1.,0.,0.));
#9290=DIRECTION('ref_axis',(0.,-0.707106781186547,0.707106781186548));
#9291=DIRECTION('center_axis',(0.,0.,1.));
#9292=DIRECTION('ref_axis',(0.707106781186548,-0.707106781186547,0.));
#9293=DIRECTION('center_axis',(0.,0.,-1.));
#9294=DIRECTION('ref_axis',(0.707106781186548,-0.707106781186547,0.));
#9295=DIRECTION('',(0.,0.,1.));
#9296=DIRECTION('',(0.,0.,-1.));
#9297=DIRECTION('center_axis',(0.,-1.,0.));
#9298=DIRECTION('ref_axis',(1.,0.,0.));
#9299=DIRECTION('',(1.,0.,0.));
#9300=DIRECTION('',(0.,0.,1.));
#9301=DIRECTION('',(-1.,0.,0.));
#9302=DIRECTION('center_axis',(1.,0.,0.));
#9303=DIRECTION('ref_axis',(0.,-0.707106781186547,0.707106781186548));
#9304=DIRECTION('',(-1.,0.,0.));
#9305=DIRECTION('center_axis',(-1.,0.,0.));
#9306=DIRECTION('ref_axis',(0.,-0.707106781186547,0.707106781186548));
#9307=DIRECTION('center_axis',(-6.16790569236198E-17,1.,0.));
#9308=DIRECTION('ref_axis',(0.707106781186548,0.,0.707106781186548));
#9309=DIRECTION('',(-6.16790569236198E-17,1.,0.));
#9310=DIRECTION('center_axis',(-6.16790569236198E-17,1.,0.));
#9311=DIRECTION('ref_axis',(0.707106781186548,0.,0.707106781186548));
#9312=DIRECTION('',(6.16790569236198E-17,-1.,0.));
#9313=DIRECTION('center_axis',(0.408248290463864,-0.816496580927725,0.408248290463864));
#9314=DIRECTION('ref_axis',(0.577350269189626,0.577350269189625,0.577350269189626));
#9315=DIRECTION('center_axis',(0.,0.,1.));
#9316=DIRECTION('ref_axis',(1.,0.,0.));
#9317=DIRECTION('center_axis',(1.,0.,0.));
#9318=DIRECTION('ref_axis',(0.,0.707106781186547,0.707106781186548));
#9319=DIRECTION('center_axis',(0.,0.,1.));
#9320=DIRECTION('ref_axis',(0.707106781186548,0.707106781186547,0.));
#9321=DIRECTION('center_axis',(0.,0.,-1.));
#9322=DIRECTION('ref_axis',(0.707106781186548,0.707106781186547,0.));
#9323=DIRECTION('',(0.,0.,1.));
#9324=DIRECTION('',(0.,0.,-1.));
#9325=DIRECTION('center_axis',(1.,6.16790569236198E-17,0.));
#9326=DIRECTION('ref_axis',(-6.16790569236198E-17,1.,0.));
#9327=DIRECTION('',(6.16790569236198E-17,-1.,0.));
#9328=DIRECTION('center_axis',(-1.,0.,0.));
#9329=DIRECTION('ref_axis',(0.,0.707106781186547,0.707106781186548));
#9330=DIRECTION('',(-1.,0.,0.));
#9331=DIRECTION('center_axis',(-1.,0.,0.));
#9332=DIRECTION('ref_axis',(0.,0.707106781186547,0.707106781186548));
#9333=DIRECTION('',(1.,0.,0.));
#9334=DIRECTION('center_axis',(0.306575867459892,-0.895388837542589,-0.322939726722102));
#9335=DIRECTION('ref_axis',(-0.616469320735361,-0.445285110467587,0.649374119431898));
#9336=DIRECTION('center_axis',(0.,0.,1.));
#9337=DIRECTION('ref_axis',(-0.949328441476352,0.314285714285714,0.));
#9338=DIRECTION('center_axis',(-0.314285714285714,-0.949328441476352,0.));
#9339=DIRECTION('ref_axis',(0.949328441476351,-0.314285714285714,0.));
#9340=DIRECTION('center_axis',(0.,0.,1.));
#9341=DIRECTION('ref_axis',(-0.810643483377778,-0.58554004376912,0.));
#9342=DIRECTION('center_axis',(0.,0.,-1.));
#9343=DIRECTION('ref_axis',(-0.810643483377778,-0.58554004376912,0.));
#9344=DIRECTION('',(0.,0.,-1.));
#9345=DIRECTION('center_axis',(0.,0.,1.));
#9346=DIRECTION('ref_axis',(1.,-1.22464679914735E-16,0.));
#9347=DIRECTION('center_axis',(0.,0.,-1.));
#9348=DIRECTION('ref_axis',(1.,1.22464679914735E-16,0.));
#9349=DIRECTION('',(0.,0.,1.));
#9350=DIRECTION('center_axis',(0.,0.,1.));
#9351=DIRECTION('ref_axis',(-1.,0.,0.));
#9352=DIRECTION('center_axis',(0.,0.,-1.));
#9353=DIRECTION('ref_axis',(1.,-1.22464679914735E-16,0.));
#9354=DIRECTION('center_axis',(0.,0.,1.));
#9355=DIRECTION('ref_axis',(1.,1.22464679914735E-16,0.));
#9356=DIRECTION('center_axis',(-0.314285714285714,0.949328441476352,0.));
#9357=DIRECTION('ref_axis',(0.949328441476351,0.314285714285714,0.));
#9358=DIRECTION('center_axis',(-0.306575867459893,-0.895388837542589,0.322939726722102));
#9359=DIRECTION('ref_axis',(-0.61646932073536,0.445285110467588,0.649374119431898));
#9360=DIRECTION('center_axis',(0.,0.,1.));
#9361=DIRECTION('ref_axis',(0.,1.,0.));
#9362=DIRECTION('center_axis',(0.,0.,1.));
#9363=DIRECTION('ref_axis',(-0.810643483377778,0.58554004376912,0.));
#9364=DIRECTION('center_axis',(0.,0.,-1.));
#9365=DIRECTION('ref_axis',(-0.810643483377778,0.58554004376912,0.));
#9366=DIRECTION('',(0.,0.,-1.));
#9367=DIRECTION('center_axis',(0.,1.,0.));
#9368=DIRECTION('ref_axis',(-1.,0.,0.));
#9369=DIRECTION('',(1.,0.,0.));
#9370=DIRECTION('center_axis',(0.,0.,1.));
#9371=DIRECTION('ref_axis',(-0.396412483586046,-0.918072515031979,0.));
#9372=DIRECTION('center_axis',(0.,0.,-1.));
#9373=DIRECTION('ref_axis',(-0.396412483586046,-0.918072515031979,0.));
#9374=DIRECTION('',(0.,0.,1.));
#9375=DIRECTION('center_axis',(0.,0.,-1.));
#9376=DIRECTION('ref_axis',(0.,-1.,0.));
#9377=DIRECTION('',(0.,0.,-1.));
#9378=DIRECTION('center_axis',(-0.93744592125383,0.299411626876791,-0.177617066791316));
#9379=DIRECTION('ref_axis',(-0.34813093043359,-0.806254727329274,0.478286702652959));
#9380=DIRECTION('center_axis',(-1.,-1.95553019574491E-16,0.));
#9381=DIRECTION('ref_axis',(0.,-0.707106781186547,0.707106781186548));
#9382=DIRECTION('center_axis',(0.685714285714285,-0.727870811591829,0.));
#9383=DIRECTION('ref_axis',(0.727870811591829,0.685714285714285,0.));
#9384=DIRECTION('center_axis',(0.,0.,-1.));
#9385=DIRECTION('ref_axis',(-1.,0.,0.));
#9386=DIRECTION('center_axis',(0.,0.,1.));
#9387=DIRECTION('ref_axis',(0.707106781186548,0.707106781186547,0.));
#9388=DIRECTION('center_axis',(-0.727870811591828,0.685714285714286,0.));
#9389=DIRECTION('ref_axis',(0.685714285714286,0.727870811591828,0.));
#9390=DIRECTION('center_axis',(0.,0.,-1.));
#9391=DIRECTION('ref_axis',(0.707106781186548,0.707106781186547,0.));
#9392=DIRECTION('center_axis',(1.,1.95553019574491E-16,0.));
#9393=DIRECTION('ref_axis',(0.,-0.707106781186547,0.707106781186548));
#9394=DIRECTION('',(1.,1.95553019574491E-16,0.));
#9395=DIRECTION('center_axis',(1.,0.,0.));
#9396=DIRECTION('ref_axis',(0.,-1.,0.));
#9397=DIRECTION('',(-1.,-1.95553019574491E-16,0.));
#9398=DIRECTION('center_axis',(1.95553019574491E-16,-1.,0.));
#9399=DIRECTION('ref_axis',(1.,1.95553019574491E-16,0.));
#9400=DIRECTION('',(-1.,-1.95553019574491E-16,0.));
#9401=DIRECTION('',(0.,0.,-1.));
#9402=DIRECTION('center_axis',(-0.439101876010956,-0.18959881966484,-0.878203752021909));
#9403=DIRECTION('ref_axis',(-0.806254727329274,-0.34813093043359,0.478286702652959));
#9404=DIRECTION('center_axis',(0.,0.,1.));
#9405=DIRECTION('ref_axis',(-1.,0.,0.));
#9406=DIRECTION('center_axis',(1.66266999483549E-16,-1.,0.));
#9407=DIRECTION('ref_axis',(-0.707106781186547,0.,0.707106781186548));
#9408=DIRECTION('center_axis',(0.,0.,1.));
#9409=DIRECTION('ref_axis',(-0.918072515031979,-0.396412483586046,0.));
#9410=DIRECTION('center_axis',(0.,0.,-1.));
#9411=DIRECTION('ref_axis',(-0.918072515031979,-0.396412483586046,0.));
#9412=DIRECTION('',(0.,0.,1.));
#9413=DIRECTION('',(0.,0.,-1.));
#9414=DIRECTION('center_axis',(-1.,-1.66266999483549E-16,0.));
#9415=DIRECTION('ref_axis',(1.66266999483549E-16,-1.,0.));
#9416=DIRECTION('',(1.66266999483549E-16,-1.,0.));
#9417=DIRECTION('',(0.,0.,1.));
#9418=DIRECTION('',(-1.66266999483549E-16,1.,0.));
#9419=DIRECTION('center_axis',(1.66266999483549E-16,-1.,0.));
#9420=DIRECTION('ref_axis',(-0.707106781186547,0.,0.707106781186548));
#9421=DIRECTION('',(-1.66266999483549E-16,1.,0.));
#9422=DIRECTION('center_axis',(0.,1.,0.));
#9423=DIRECTION('ref_axis',(0.,0.,1.));
#9424=DIRECTION('center_axis',(-0.408248290463862,-0.816496580927726,0.408248290463864));
#9425=DIRECTION('ref_axis',(-0.577350269189626,0.577350269189625,0.577350269189627));
#9426=DIRECTION('center_axis',(-1.,0.,0.));
#9427=DIRECTION('ref_axis',(0.,1.,0.));
#9428=DIRECTION('center_axis',(0.,0.,1.));
#9429=DIRECTION('ref_axis',(-1.,0.,0.));
#9430=DIRECTION('center_axis',(0.,1.,0.));
#9431=DIRECTION('ref_axis',(0.,0.,1.));
#9432=DIRECTION('center_axis',(0.,0.,1.));
#9433=DIRECTION('ref_axis',(-0.707106781186547,0.707106781186548,0.));
#9434=DIRECTION('center_axis',(0.,0.,-1.));
#9435=DIRECTION('ref_axis',(-0.707106781186547,0.707106781186548,0.));
#9436=DIRECTION('',(0.,0.,1.));
#9437=DIRECTION('',(0.,0.,-1.));
#9438=DIRECTION('center_axis',(0.348630881203436,-0.787378928211875,-0.508420035088345));
#9439=DIRECTION('ref_axis',(-0.445285110467587,-0.616469320735361,0.649374119431897));
#9440=DIRECTION('center_axis',(0.,-1.,0.));
#9441=DIRECTION('ref_axis',(-1.,0.,0.));
#9442=DIRECTION('center_axis',(0.,0.,1.));
#9443=DIRECTION('ref_axis',(0.314285714285714,-0.949328441476352,0.));
#9444=DIRECTION('center_axis',(-0.949328441476351,-0.314285714285715,0.));
#9445=DIRECTION('ref_axis',(0.,0.,1.));
#9446=DIRECTION('center_axis',(0.,0.,1.));
#9447=DIRECTION('ref_axis',(-0.585540043769119,-0.810643483377778,0.));
#9448=DIRECTION('center_axis',(0.,0.,-1.));
#9449=DIRECTION('ref_axis',(-0.585540043769119,-0.810643483377778,0.));
#9450=DIRECTION('',(0.,0.,1.));
#9451=DIRECTION('',(0.,0.,-1.));
#9452=DIRECTION('center_axis',(0.408248290463862,-0.816496580927726,0.408248290463864));
#9453=DIRECTION('ref_axis',(0.577350269189625,0.577350269189625,0.577350269189627));
#9454=DIRECTION('center_axis',(0.,1.,0.));
#9455=DIRECTION('ref_axis',(1.,0.,0.));
#9456=DIRECTION('center_axis',(0.,0.,1.));
#9457=DIRECTION('ref_axis',(0.,1.,0.));
#9458=DIRECTION('center_axis',(1.,-6.93889390390723E-16,0.));
#9459=DIRECTION('ref_axis',(0.,0.,1.));
#9460=DIRECTION('center_axis',(0.,0.,1.));
#9461=DIRECTION('ref_axis',(0.707106781186547,0.707106781186548,0.));
#9462=DIRECTION('center_axis',(0.,0.,-1.));
#9463=DIRECTION('ref_axis',(0.707106781186547,0.707106781186548,0.));
#9464=DIRECTION('',(0.,0.,1.));
#9465=DIRECTION('',(0.,0.,-1.));
#9466=DIRECTION('center_axis',(-1.,0.,0.));
#9467=DIRECTION('ref_axis',(0.,0.707106781186548,0.707106781186548));
#9468=DIRECTION('',(1.,0.,0.));
#9469=DIRECTION('',(-1.,0.,0.));
#9470=DIRECTION('center_axis',(-0.348630881203436,-0.787378928211876,-0.508420035088344));
#9471=DIRECTION('ref_axis',(0.445285110467586,-0.616469320735361,0.649374119431898));
#9472=DIRECTION('center_axis',(0.949328441476352,-0.314285714285714,3.293644667683E-16));
#9473=DIRECTION('ref_axis',(-0.314285714285714,-0.949328441476352,0.));
#9474=DIRECTION('center_axis',(0.,0.,1.));
#9475=DIRECTION('ref_axis',(1.,0.,0.));
#9476=DIRECTION('center_axis',(0.,-1.,0.));
#9477=DIRECTION('ref_axis',(0.,0.,1.));
#9478=DIRECTION('center_axis',(0.,0.,1.));
#9479=DIRECTION('ref_axis',(0.58554004376912,-0.810643483377778,0.));
#9480=DIRECTION('center_axis',(0.,0.,-1.));
#9481=DIRECTION('ref_axis',(0.58554004376912,-0.810643483377778,0.));
#9482=DIRECTION('',(0.,0.,1.));
#9483=DIRECTION('',(0.,0.,-1.));
#9484=DIRECTION('center_axis',(-2.89490087106138E-16,1.,0.));
#9485=DIRECTION('ref_axis',(0.707106781186547,0.,0.707106781186548));
#9486=DIRECTION('',(2.89490087106138E-16,-1.,0.));
#9487=DIRECTION('',(-2.89490087106138E-16,1.,0.));
#9488=DIRECTION('center_axis',(0.,0.,-1.));
#9489=DIRECTION('ref_axis',(-1.,0.,0.));
#9490=DIRECTION('center_axis',(0.,0.,1.));
#9491=DIRECTION('ref_axis',(-6.12323399573677E-17,1.,0.));
#9492=DIRECTION('center_axis',(0.,0.,-1.));
#9493=DIRECTION('ref_axis',(-6.12323399573677E-17,1.,0.));
#9494=DIRECTION('center_axis',(0.,-1.,0.));
#9495=DIRECTION('ref_axis',(-0.707106781186547,0.,0.707106781186548));
#9496=DIRECTION('',(0.,1.,0.));
#9497=DIRECTION('',(0.,-1.,0.));
#9498=DIRECTION('center_axis',(0.,1.,0.));
#9499=DIRECTION('ref_axis',(-1.,0.,0.));
#9500=DIRECTION('',(1.,0.,0.));
#9501=DIRECTION('center_axis',(1.,2.89490087106138E-16,0.));
#9502=DIRECTION('ref_axis',(-2.89490087106138E-16,1.,0.));
#9503=DIRECTION('',(2.89490087106138E-16,-1.,0.));
#9504=DIRECTION('center_axis',(0.,0.,1.));
#9505=DIRECTION('ref_axis',(1.,0.,0.));
#9506=DIRECTION('center_axis',(-0.408248290463863,-0.816496580927726,0.408248290463864));
#9507=DIRECTION('ref_axis',(-0.577350269189626,0.577350269189625,0.577350269189627));
#9508=DIRECTION('center_axis',(-1.,0.,0.));
#9509=DIRECTION('ref_axis',(0.,1.,0.));
#9510=DIRECTION('center_axis',(0.,0.,1.));
#9511=DIRECTION('ref_axis',(-1.,0.,0.));
#9512=DIRECTION('center_axis',(0.,0.,1.));
#9513=DIRECTION('ref_axis',(-0.707106781186547,0.707106781186548,0.));
#9514=DIRECTION('center_axis',(0.,0.,-1.));
#9515=DIRECTION('ref_axis',(-0.707106781186547,0.707106781186548,0.));
#9516=DIRECTION('',(0.,0.,-1.));
#9517=DIRECTION('center_axis',(0.408248290463862,-0.816496580927726,0.408248290463864));
#9518=DIRECTION('ref_axis',(0.577350269189625,0.577350269189625,0.577350269189627));
#9519=DIRECTION('center_axis',(0.,1.,0.));
#9520=DIRECTION('ref_axis',(1.,0.,0.));
#9521=DIRECTION('center_axis',(0.,0.,1.));
#9522=DIRECTION('ref_axis',(0.,1.,0.));
#9523=DIRECTION('center_axis',(1.,0.,0.));
#9524=DIRECTION('ref_axis',(0.,0.,1.));
#9525=DIRECTION('center_axis',(0.,0.,1.));
#9526=DIRECTION('ref_axis',(0.707106781186548,0.707106781186548,0.));
#9527=DIRECTION('center_axis',(0.,0.,-1.));
#9528=DIRECTION('ref_axis',(0.707106781186548,0.707106781186548,0.));
#9529=DIRECTION('',(0.,0.,1.));
#9530=DIRECTION('',(0.,0.,-1.));
#9531=DIRECTION('center_axis',(-1.,0.,0.));
#9532=DIRECTION('ref_axis',(0.,0.707106781186548,0.707106781186548));
#9533=DIRECTION('',(1.,0.,0.));
#9534=DIRECTION('',(-1.,0.,0.));
#9535=DIRECTION('center_axis',(-0.816496580927726,-0.408248290463863,0.408248290463862));
#9536=DIRECTION('ref_axis',(0.577350269189625,-0.577350269189627,0.577350269189625));
#9537=DIRECTION('center_axis',(0.,0.,1.));
#9538=DIRECTION('ref_axis',(1.,0.,0.));
#9539=DIRECTION('center_axis',(6.93889390390723E-16,-1.,0.));
#9540=DIRECTION('ref_axis',(0.,0.,1.));
#9541=DIRECTION('center_axis',(0.,0.,1.));
#9542=DIRECTION('ref_axis',(0.707106781186548,-0.707106781186548,0.));
#9543=DIRECTION('center_axis',(0.,0.,-1.));
#9544=DIRECTION('ref_axis',(0.707106781186548,-0.707106781186548,0.));
#9545=DIRECTION('',(0.,0.,1.));
#9546=DIRECTION('center_axis',(-6.16790569236198E-17,1.,0.));
#9547=DIRECTION('ref_axis',(0.707106781186548,0.,0.707106781186548));
#9548=DIRECTION('',(6.16790569236198E-17,-1.,0.));
#9549=DIRECTION('',(-6.16790569236198E-17,1.,0.));
#9550=DIRECTION('center_axis',(0.,1.,0.));
#9551=DIRECTION('ref_axis',(-1.,0.,0.));
#9552=DIRECTION('',(1.,0.,0.));
#9553=DIRECTION('center_axis',(1.,6.16790569236198E-17,0.));
#9554=DIRECTION('ref_axis',(-6.16790569236198E-17,1.,0.));
#9555=DIRECTION('',(6.16790569236198E-17,-1.,0.));
#9556=DIRECTION('center_axis',(0.,0.,1.));
#9557=DIRECTION('ref_axis',(1.,0.,0.));
#9558=DIRECTION('center_axis',(0.,0.,1.));
#9559=DIRECTION('ref_axis',(1.,0.,0.));
#9560=DIRECTION('center_axis',(0.408248290463863,-0.816496580927726,0.408248290463863));
#9561=DIRECTION('ref_axis',(0.577350269189626,0.577350269189625,0.577350269189626));
#9562=DIRECTION('center_axis',(0.,1.,0.));
#9563=DIRECTION('ref_axis',(1.,0.,0.));
#9564=DIRECTION('center_axis',(0.,0.,1.));
#9565=DIRECTION('ref_axis',(0.,1.,0.));
#9566=DIRECTION('center_axis',(0.,0.,1.));
#9567=DIRECTION('ref_axis',(0.707106781186548,0.707106781186547,0.));
#9568=DIRECTION('center_axis',(0.,0.,-1.));
#9569=DIRECTION('ref_axis',(0.707106781186548,0.707106781186547,0.));
#9570=DIRECTION('',(0.,0.,-1.));
#9571=DIRECTION('center_axis',(-6.16790569236198E-17,1.,0.));
#9572=DIRECTION('ref_axis',(0.707106781186548,0.,0.707106781186548));
#9573=DIRECTION('',(-6.16790569236198E-17,1.,0.));
#9574=DIRECTION('',(6.16790569236198E-17,-1.,0.));
#9575=DIRECTION('center_axis',(0.,0.,1.));
#9576=DIRECTION('ref_axis',(1.,0.,0.));
#9577=DIRECTION('center_axis',(0.,0.,1.));
#9578=DIRECTION('ref_axis',(1.,0.,0.));
#9579=DIRECTION('center_axis',(0.,0.,1.));
#9580=DIRECTION('ref_axis',(1.,0.,0.));
#9581=DIRECTION('center_axis',(0.,0.,1.));
#9582=DIRECTION('ref_axis',(1.,0.,0.));
#9583=DIRECTION('center_axis',(0.439101876010955,-0.18959881966484,-0.878203752021909));
#9584=DIRECTION('ref_axis',(0.806254727329275,-0.348130930433589,0.478286702652959));
#9585=DIRECTION('center_axis',(0.727870811591829,0.685714285714285,-1.01012366747731E-15));
#9586=DIRECTION('ref_axis',(0.685714285714285,-0.727870811591829,0.));
#9587=DIRECTION('center_axis',(0.,0.,1.));
#9588=DIRECTION('ref_axis',(1.,0.,0.));
#9589=DIRECTION('center_axis',(-1.38777878078145E-15,-1.,0.));
#9590=DIRECTION('ref_axis',(0.,0.,1.));
#9591=DIRECTION('center_axis',(0.,0.,1.));
#9592=DIRECTION('ref_axis',(0.918072515031979,-0.396412483586046,0.));
#9593=DIRECTION('center_axis',(0.,0.,-1.));
#9594=DIRECTION('ref_axis',(0.918072515031979,-0.396412483586046,0.));
#9595=DIRECTION('',(0.,0.,1.));
#9596=DIRECTION('',(0.,0.,-1.));
#9597=DIRECTION('center_axis',(-0.937445921253831,-0.29941162687679,0.177617066791316));
#9598=DIRECTION('ref_axis',(0.34813093043359,-0.806254727329275,0.478286702652959));
#9599=DIRECTION('center_axis',(1.,0.,0.));
#9600=DIRECTION('ref_axis',(0.,-1.,0.));
#9601=DIRECTION('center_axis',(0.,0.,1.));
#9602=DIRECTION('ref_axis',(0.727870811591829,-0.685714285714285,0.));
#9603=DIRECTION('center_axis',(-0.685714285714285,-0.727870811591829,0.));
#9604=DIRECTION('ref_axis',(0.,0.,1.));
#9605=DIRECTION('center_axis',(0.,0.,1.));
#9606=DIRECTION('ref_axis',(0.396412483586046,-0.918072515031979,0.));
#9607=DIRECTION('center_axis',(0.,0.,-1.));
#9608=DIRECTION('ref_axis',(0.396412483586046,-0.918072515031979,0.));
#9609=DIRECTION('',(0.,0.,1.));
#9610=DIRECTION('',(0.,0.,-1.));
#9611=DIRECTION('center_axis',(0.,0.,-1.));
#9612=DIRECTION('ref_axis',(-1.,0.,0.));
#9613=DIRECTION('center_axis',(0.,0.,1.));
#9614=DIRECTION('ref_axis',(-0.707106781186548,0.707106781186547,0.));
#9615=DIRECTION('center_axis',(0.,0.,-1.));
#9616=DIRECTION('ref_axis',(-0.707106781186548,0.707106781186547,0.));
#9617=DIRECTION('center_axis',(0.408248290463863,0.408248290463862,-0.816496580927726));
#9618=DIRECTION('ref_axis',(0.577350269189627,0.577350269189625,0.577350269189625));
#9619=DIRECTION('center_axis',(0.,1.,0.));
#9620=DIRECTION('ref_axis',(1.,0.,0.));
#9621=DIRECTION('center_axis',(0.,0.,1.));
#9622=DIRECTION('ref_axis',(0.,1.,0.));
#9623=DIRECTION('center_axis',(1.,0.,0.));
#9624=DIRECTION('ref_axis',(0.,0.,1.));
#9625=DIRECTION('center_axis',(0.,0.,1.));
#9626=DIRECTION('ref_axis',(0.707106781186548,0.707106781186548,0.));
#9627=DIRECTION('center_axis',(0.,0.,-1.));
#9628=DIRECTION('ref_axis',(0.707106781186548,0.707106781186548,0.));
#9629=DIRECTION('',(0.,0.,1.));
#9630=DIRECTION('',(0.,0.,-1.));
#9631=DIRECTION('center_axis',(0.408248290463863,-0.816496580927727,-0.408248290463862));
#9632=DIRECTION('ref_axis',(-0.577350269189626,-0.577350269189625,0.577350269189626));
#9633=DIRECTION('center_axis',(0.,-1.,0.));
#9634=DIRECTION('ref_axis',(-1.,0.,0.));
#9635=DIRECTION('center_axis',(0.,0.,1.));
#9636=DIRECTION('ref_axis',(0.,-1.,0.));
#9637=DIRECTION('center_axis',(-1.,0.,0.));
#9638=DIRECTION('ref_axis',(0.,0.,1.));
#9639=DIRECTION('center_axis',(0.,0.,1.));
#9640=DIRECTION('ref_axis',(-0.707106781186548,-0.707106781186547,0.));
#9641=DIRECTION('center_axis',(0.,0.,-1.));
#9642=DIRECTION('ref_axis',(-0.707106781186548,-0.707106781186547,0.));
#9643=DIRECTION('',(0.,0.,1.));
#9644=DIRECTION('',(0.,0.,-1.));
#9645=DIRECTION('center_axis',(1.,0.,0.));
#9646=DIRECTION('ref_axis',(0.,-0.707106781186547,0.707106781186548));
#9647=DIRECTION('',(-1.,0.,0.));
#9648=DIRECTION('',(1.,0.,0.));
#9649=DIRECTION('center_axis',(-0.408248290463863,-0.816496580927726,0.408248290463863));
#9650=DIRECTION('ref_axis',(-0.577350269189627,0.577350269189624,0.577350269189627));
#9651=DIRECTION('center_axis',(-1.,0.,0.));
#9652=DIRECTION('ref_axis',(0.,1.,0.));
#9653=DIRECTION('center_axis',(0.,0.,1.));
#9654=DIRECTION('ref_axis',(-1.,0.,0.));
#9655=DIRECTION('center_axis',(0.,1.,0.));
#9656=DIRECTION('ref_axis',(0.,0.,1.));
#9657=DIRECTION('center_axis',(0.,0.,1.));
#9658=DIRECTION('ref_axis',(-0.707106781186548,0.707106781186548,0.));
#9659=DIRECTION('center_axis',(0.,0.,-1.));
#9660=DIRECTION('ref_axis',(-0.707106781186548,0.707106781186548,0.));
#9661=DIRECTION('',(0.,0.,1.));
#9662=DIRECTION('',(0.,0.,-1.));
#9663=DIRECTION('center_axis',(1.2335811384724E-16,-1.,0.));
#9664=DIRECTION('ref_axis',(-0.707106781186548,0.,0.707106781186548));
#9665=DIRECTION('',(-1.2335811384724E-16,1.,0.));
#9666=DIRECTION('',(1.2335811384724E-16,-1.,0.));
#9667=DIRECTION('center_axis',(-1.,0.,0.));
#9668=DIRECTION('ref_axis',(0.,0.707106781186548,0.707106781186548));
#9669=DIRECTION('',(1.,0.,0.));
#9670=DIRECTION('',(-1.,0.,0.));
#9671=DIRECTION('center_axis',(-9.77765097872454E-17,1.,0.));
#9672=DIRECTION('ref_axis',(0.707106781186547,0.,0.707106781186548));
#9673=DIRECTION('',(9.77765097872454E-17,-1.,0.));
#9674=DIRECTION('',(-9.77765097872454E-17,1.,0.));
#9675=DIRECTION('center_axis',(0.,0.,1.));
#9676=DIRECTION('ref_axis',(-1.,0.,0.));
#9677=DIRECTION('center_axis',(0.,0.,1.));
#9678=DIRECTION('ref_axis',(-1.,0.,0.));
#9679=DIRECTION('center_axis',(0.,-1.,0.));
#9680=DIRECTION('ref_axis',(1.,0.,0.));
#9681=DIRECTION('',(-1.,0.,0.));
#9682=DIRECTION('center_axis',(-1.,-1.2335811384724E-16,0.));
#9683=DIRECTION('ref_axis',(1.2335811384724E-16,-1.,0.));
#9684=DIRECTION('',(-1.2335811384724E-16,1.,0.));
#9685=DIRECTION('center_axis',(0.,0.,1.));
#9686=DIRECTION('ref_axis',(1.,0.,0.));
#9687=DIRECTION('center_axis',(0.,0.,1.));
#9688=DIRECTION('ref_axis',(-1.,0.,0.));
#9689=DIRECTION('center_axis',(0.,0.,1.));
#9690=DIRECTION('ref_axis',(-1.,0.,0.));
#9691=DIRECTION('center_axis',(0.,0.,1.));
#9692=DIRECTION('ref_axis',(-1.,0.,0.));
#9693=DIRECTION('center_axis',(0.,0.,1.));
#9694=DIRECTION('ref_axis',(-1.,0.,0.));
#9695=DIRECTION('center_axis',(-1.,0.,0.));
#9696=DIRECTION('ref_axis',(0.,-1.,0.));
#9697=DIRECTION('',(0.,1.,0.));
#9698=DIRECTION('center_axis',(1.,6.16790569236198E-17,0.));
#9699=DIRECTION('ref_axis',(-6.16790569236198E-17,1.,0.));
#9700=DIRECTION('',(6.16790569236198E-17,-1.,0.));
#9701=DIRECTION('center_axis',(0.,1.,0.));
#9702=DIRECTION('ref_axis',(-1.,0.,0.));
#9703=DIRECTION('',(1.,0.,0.));
#9704=DIRECTION('center_axis',(1.,9.77765097872454E-17,0.));
#9705=DIRECTION('ref_axis',(-9.77765097872454E-17,1.,0.));
#9706=DIRECTION('',(9.77765097872454E-17,-1.,0.));
#9707=DIRECTION('center_axis',(7.64814704811644E-16,1.,0.));
#9708=DIRECTION('ref_axis',(-1.,7.64814704811644E-16,0.));
#9709=DIRECTION('',(-1.,7.64814704811644E-16,0.));
#9710=DIRECTION('',(0.,0.,1.));
#9711=DIRECTION('',(-1.,7.64814704811644E-16,0.));
#9712=DIRECTION('',(0.,0.,1.));
#9713=DIRECTION('center_axis',(0.866025403784439,0.499999999999999,0.));
#9714=DIRECTION('ref_axis',(-0.499999999999999,0.866025403784439,0.));
#9715=DIRECTION('',(-0.499999999999999,0.866025403784439,0.));
#9716=DIRECTION('',(0.,0.,1.));
#9717=DIRECTION('',(-0.499999999999999,0.866025403784439,0.));
#9718=DIRECTION('center_axis',(0.866025403784438,-0.5,0.));
#9719=DIRECTION('ref_axis',(0.5,0.866025403784438,0.));
#9720=DIRECTION('',(0.5,0.866025403784438,0.));
#9721=DIRECTION('',(0.,0.,1.));
#9722=DIRECTION('',(0.5,0.866025403784438,0.));
#9723=DIRECTION('center_axis',(-2.18518487089041E-16,-1.,0.));
#9724=DIRECTION('ref_axis',(1.,-2.18518487089041E-16,0.));
#9725=DIRECTION('',(1.,-2.18518487089041E-16,0.));
#9726=DIRECTION('',(0.,0.,1.));
#9727=DIRECTION('',(1.,-2.18518487089041E-16,0.));
#9728=DIRECTION('center_axis',(-0.866025403784439,-0.5,0.));
#9729=DIRECTION('ref_axis',(0.5,-0.866025403784439,0.));
#9730=DIRECTION('',(0.5,-0.866025403784439,0.));
#9731=DIRECTION('',(0.,0.,1.));
#9732=DIRECTION('',(0.5,-0.866025403784439,0.));
#9733=DIRECTION('center_axis',(-0.866025403784439,0.5,0.));
#9734=DIRECTION('ref_axis',(-0.5,-0.866025403784439,0.));
#9735=DIRECTION('',(-0.5,-0.866025403784439,0.));
#9736=DIRECTION('',(-0.5,-0.866025403784439,0.));
#9737=DIRECTION('center_axis',(0.,0.,1.));
#9738=DIRECTION('ref_axis',(1.,0.,0.));
#9739=DIRECTION('center_axis',(0.,0.,-1.));
#9740=DIRECTION('ref_axis',(1.,0.,0.));
#9741=DIRECTION('center_axis',(0.,0.,-1.));
#9742=DIRECTION('ref_axis',(1.,0.,0.));
#9743=DIRECTION('center_axis',(0.,0.,-1.));
#9744=DIRECTION('ref_axis',(1.,0.,0.));
#9745=DIRECTION('',(0.,0.,-1.));
#9746=DIRECTION('center_axis',(-1.,-1.66533453693774E-16,0.));
#9747=DIRECTION('ref_axis',(1.66533453693774E-16,-1.,0.));
#9748=DIRECTION('',(1.66533453693774E-16,-1.,0.));
#9749=DIRECTION('',(0.,0.,1.));
#9750=DIRECTION('',(1.66533453693774E-16,-1.,0.));
#9751=DIRECTION('',(0.,0.,1.));
#9752=DIRECTION('center_axis',(0.,1.,0.));
#9753=DIRECTION('ref_axis',(-1.,0.,0.));
#9754=DIRECTION('',(-1.,0.,0.));
#9755=DIRECTION('',(-1.,0.,0.));
#9756=DIRECTION('',(0.,0.,1.));
#9757=DIRECTION('center_axis',(1.,0.,0.));
#9758=DIRECTION('ref_axis',(0.,1.,0.));
#9759=DIRECTION('',(0.,1.,0.));
#9760=DIRECTION('',(0.,1.,0.));
#9761=DIRECTION('',(0.,0.,1.));
#9762=DIRECTION('center_axis',(-5.55111512312578E-17,-1.,0.));
#9763=DIRECTION('ref_axis',(1.,-5.55111512312578E-17,0.));
#9764=DIRECTION('',(1.,-5.55111512312578E-17,0.));
#9765=DIRECTION('',(1.,-5.55111512312578E-17,0.));
#9766=DIRECTION('center_axis',(0.,0.,1.));
#9767=DIRECTION('ref_axis',(1.,0.,0.));
#9768=DIRECTION('center_axis',(0.,0.,1.));
#9769=DIRECTION('ref_axis',(1.,0.,0.));
#9770=DIRECTION('axis',(0.,0.,1.));
#9771=DIRECTION('refdir',(1.,0.,0.));
#9772=DIRECTION('center_axis',(-0.816496580927726,-0.408248290463863,0.408248290463862));
#9773=DIRECTION('ref_axis',(0.577350269189625,-0.577350269189627,0.577350269189625));
#9774=DIRECTION('center_axis',(1.,0.,0.));
#9775=DIRECTION('ref_axis',(0.,-1.,0.));
#9776=DIRECTION('center_axis',(0.,0.,1.));
#9777=DIRECTION('ref_axis',(1.,0.,0.));
#9778=DIRECTION('center_axis',(6.93889390390723E-16,-1.,0.));
#9779=DIRECTION('ref_axis',(0.,0.,1.));
#9780=DIRECTION('center_axis',(0.,0.,1.));
#9781=DIRECTION('ref_axis',(0.707106781186548,-0.707106781186548,0.));
#9782=DIRECTION('',(0.,0.,1.));
#9783=DIRECTION('',(0.,0.,-1.));
#9784=DIRECTION('center_axis',(-0.707106781186548,0.,0.707106781186547));
#9785=DIRECTION('ref_axis',(-0.707106781186547,0.,-0.707106781186548));
#9786=DIRECTION('center_axis',(1.,1.95553019574491E-16,0.));
#9787=DIRECTION('ref_axis',(0.,-0.707106781186547,0.707106781186548));
#9788=DIRECTION('',(1.,1.95553019574491E-16,0.));
#9789=DIRECTION('',(-1.,-1.95553019574491E-16,0.));
#9790=DIRECTION('center_axis',(0.,0.,-1.));
#9791=DIRECTION('ref_axis',(-1.,0.,0.));
#9792=DIRECTION('center_axis',(0.,0.,1.));
#9793=DIRECTION('ref_axis',(0.707106781186548,0.707106781186547,0.));
#9794=DIRECTION('center_axis',(0.,0.,-1.));
#9795=DIRECTION('ref_axis',(0.707106781186548,0.707106781186547,0.));
#9796=DIRECTION('center_axis',(0.408248290463862,-0.816496580927726,0.408248290463864));
#9797=DIRECTION('ref_axis',(0.577350269189625,0.577350269189625,0.577350269189627));
#9798=DIRECTION('center_axis',(0.,1.,0.));
#9799=DIRECTION('ref_axis',(1.,0.,0.));
#9800=DIRECTION('center_axis',(0.,0.,1.));
#9801=DIRECTION('ref_axis',(0.,1.,0.));
#9802=DIRECTION('center_axis',(1.,0.,0.));
#9803=DIRECTION('ref_axis',(0.,0.,1.));
#9804=DIRECTION('center_axis',(0.,0.,1.));
#9805=DIRECTION('ref_axis',(0.707106781186548,0.707106781186548,0.));
#9806=DIRECTION('center_axis',(0.,0.,-1.));
#9807=DIRECTION('ref_axis',(0.707106781186548,0.707106781186548,0.));
#9808=DIRECTION('',(0.,0.,1.));
#9809=DIRECTION('',(0.,0.,-1.));
#9810=DIRECTION('center_axis',(-0.408248290463863,-0.816496580927726,0.408248290463864));
#9811=DIRECTION('ref_axis',(-0.577350269189626,0.577350269189625,0.577350269189627));
#9812=DIRECTION('center_axis',(-1.,0.,0.));
#9813=DIRECTION('ref_axis',(0.,1.,0.));
#9814=DIRECTION('center_axis',(0.,0.,1.));
#9815=DIRECTION('ref_axis',(-1.,0.,0.));
#9816=DIRECTION('center_axis',(0.,1.,0.));
#9817=DIRECTION('ref_axis',(0.,0.,1.));
#9818=DIRECTION('center_axis',(1.66266999483549E-16,-1.,0.));
#9819=DIRECTION('ref_axis',(-0.707106781186548,0.,0.707106781186548));
#9820=DIRECTION('',(-1.66266999483549E-16,1.,0.));
#9821=DIRECTION('center_axis',(0.,-1.,0.));
#9822=DIRECTION('ref_axis',(-0.707106781186548,0.,0.707106781186548));
#9823=DIRECTION('',(1.66266999483549E-16,-1.,0.));
#9824=DIRECTION('center_axis',(0.,0.707106781186548,-0.707106781186547));
#9825=DIRECTION('ref_axis',(-2.35137045644716E-16,0.707106781186547,0.707106781186548));
#9826=DIRECTION('center_axis',(0.,0.,1.));
#9827=DIRECTION('ref_axis',(-0.707106781186547,0.707106781186548,0.));
#9828=DIRECTION('',(0.,0.,1.));
#9829=DIRECTION('',(0.,0.,-1.));
#9830=DIRECTION('center_axis',(1.66266999483549E-16,-1.,0.));
#9831=DIRECTION('ref_axis',(-0.707106781186547,0.,0.707106781186548));
#9832=DIRECTION('',(-1.66266999483549E-16,1.,0.));
#9833=DIRECTION('',(1.66266999483549E-16,-1.,0.));
#9834=DIRECTION('center_axis',(-1.,0.,0.));
#9835=DIRECTION('ref_axis',(0.,0.707106781186548,0.707106781186548));
#9836=DIRECTION('',(1.,0.,0.));
#9837=DIRECTION('',(-1.,0.,0.));
#9838=DIRECTION('center_axis',(-6.16790569236198E-17,1.,0.));
#9839=DIRECTION('ref_axis',(0.707106781186548,0.,0.707106781186548));
#9840=DIRECTION('',(6.16790569236198E-17,-1.,0.));
#9841=DIRECTION('',(-6.16790569236198E-17,1.,0.));
#9842=DIRECTION('center_axis',(1.,1.95553019574491E-16,0.));
#9843=DIRECTION('ref_axis',(0.,-0.707106781186548,0.707106781186548));
#9844=DIRECTION('',(1.,1.95553019574491E-16,0.));
#9845=DIRECTION('center_axis',(-1.,0.,0.));
#9846=DIRECTION('ref_axis',(0.,-0.707106781186548,0.707106781186548));
#9847=DIRECTION('',(-1.,-1.95553019574491E-16,0.));
#9848=DIRECTION('center_axis',(1.,0.,0.));
#9849=DIRECTION('ref_axis',(0.,1.,0.));
#9850=DIRECTION('',(0.,0.,-1.));
#9851=DIRECTION('',(0.,-1.,0.));
#9852=DIRECTION('',(0.,0.,1.));
#9853=DIRECTION('center_axis',(-1.,0.,0.));
#9854=DIRECTION('ref_axis',(0.,0.707106781186547,0.707106781186548));
#9855=DIRECTION('',(0.,1.,0.));
#9856=DIRECTION('',(0.,0.,1.));
#9857=DIRECTION('',(0.,1.,0.));
#9858=DIRECTION('',(0.,0.,1.));
#9859=DIRECTION('',(0.,1.,0.));
#9860=DIRECTION('center_axis',(1.95553019574491E-16,-1.,0.));
#9861=DIRECTION('ref_axis',(1.,1.95553019574491E-16,0.));
#9862=DIRECTION('',(0.,0.,-1.));
#9863=DIRECTION('',(1.,1.11022302462516E-15,0.));
#9864=DIRECTION('center_axis',(0.,0.,1.));
#9865=DIRECTION('ref_axis',(-1.,0.,0.));
#9866=DIRECTION('',(0.,0.,-1.));
#9867=DIRECTION('center_axis',(0.,0.,-1.));
#9868=DIRECTION('ref_axis',(1.,0.,0.));
#9869=DIRECTION('center_axis',(-1.,-1.66266999483549E-16,0.));
#9870=DIRECTION('ref_axis',(1.66266999483549E-16,-1.,0.));
#9871=DIRECTION('',(0.,0.,1.));
#9872=DIRECTION('',(1.66266999483549E-16,-1.,0.));
#9873=DIRECTION('center_axis',(0.,0.,1.));
#9874=DIRECTION('ref_axis',(1.,0.,0.));
#9875=DIRECTION('',(-1.,0.,0.));
#9876=DIRECTION('',(1.,0.,0.));
#9877=DIRECTION('',(6.16790569236198E-17,-1.,0.));
#9878=DIRECTION('center_axis',(0.,1.,0.));
#9879=DIRECTION('ref_axis',(-1.,0.,0.));
#9880=DIRECTION('',(-1.,0.,0.));
#9881=DIRECTION('',(0.,0.,1.));
#9882=DIRECTION('',(-1.,0.,0.));
#9883=DIRECTION('center_axis',(0.,-1.,0.));
#9884=DIRECTION('ref_axis',(0.707106781186547,0.,0.707106781186548));
#9885=DIRECTION('',(0.,0.,-1.));
#9886=DIRECTION('',(1.,0.,0.));
#9887=DIRECTION('center_axis',(0.,0.,1.));
#9888=DIRECTION('ref_axis',(1.,0.,0.));
#9889=DIRECTION('center_axis',(0.,0.,1.));
#9890=DIRECTION('ref_axis',(1.,0.,0.));
#9891=DIRECTION('center_axis',(0.,0.,-1.));
#9892=DIRECTION('ref_axis',(-1.,0.,0.));
#9893=DIRECTION('center_axis',(1.22464679914735E-16,-1.,0.));
#9894=DIRECTION('ref_axis',(-1.,-1.22464679914735E-16,0.));
#9895=DIRECTION('center_axis',(0.,0.,1.));
#9896=DIRECTION('ref_axis',(-1.,0.,0.));
#9897=DIRECTION('center_axis',(0.,0.,1.));
#9898=DIRECTION('ref_axis',(-1.,0.,0.));
#9899=DIRECTION('center_axis',(0.,0.,-1.));
#9900=DIRECTION('ref_axis',(-1.,0.,0.));
#9901=DIRECTION('',(0.,0.,-1.));
#9902=DIRECTION('center_axis',(0.,0.,1.));
#9903=DIRECTION('ref_axis',(-1.,0.,0.));
#9904=DIRECTION('center_axis',(0.,0.,1.));
#9905=DIRECTION('ref_axis',(1.,0.,0.));
#9906=DIRECTION('center_axis',(0.,0.,-1.));
#9907=DIRECTION('ref_axis',(1.,0.,0.));
#9908=DIRECTION('center_axis',(0.408248290463863,0.408248290463862,-0.816496580927726));
#9909=DIRECTION('ref_axis',(0.577350269189627,0.577350269189625,0.577350269189625));
#9910=DIRECTION('center_axis',(0.,1.,0.));
#9911=DIRECTION('ref_axis',(1.,0.,0.));
#9912=DIRECTION('center_axis',(0.,0.,1.));
#9913=DIRECTION('ref_axis',(0.,1.,0.));
#9914=DIRECTION('center_axis',(1.,0.,0.));
#9915=DIRECTION('ref_axis',(0.,0.,1.));
#9916=DIRECTION('center_axis',(0.,0.,1.));
#9917=DIRECTION('ref_axis',(0.707106781186548,0.707106781186548,0.));
#9918=DIRECTION('',(0.,0.,1.));
#9919=DIRECTION('',(0.,0.,-1.));
#9920=DIRECTION('center_axis',(0.,-0.707106781186548,0.707106781186547));
#9921=DIRECTION('ref_axis',(0.,-0.707106781186547,-0.707106781186548));
#9922=DIRECTION('center_axis',(-9.77765097872454E-17,1.,0.));
#9923=DIRECTION('ref_axis',(0.707106781186547,0.,0.707106781186548));
#9924=DIRECTION('',(-9.77765097872454E-17,1.,0.));
#9925=DIRECTION('',(9.77765097872454E-17,-1.,0.));
#9926=DIRECTION('center_axis',(-0.408248290463863,-0.816496580927726,0.408248290463863));
#9927=DIRECTION('ref_axis',(-0.577350269189627,0.577350269189624,0.577350269189627));
#9928=DIRECTION('center_axis',(-1.,0.,0.));
#9929=DIRECTION('ref_axis',(0.,1.,0.));
#9930=DIRECTION('center_axis',(0.,0.,1.));
#9931=DIRECTION('ref_axis',(-1.,0.,0.));
#9932=DIRECTION('center_axis',(0.,1.,0.));
#9933=DIRECTION('ref_axis',(0.,0.,1.));
#9934=DIRECTION('center_axis',(0.,0.,1.));
#9935=DIRECTION('ref_axis',(-0.707106781186548,0.707106781186548,0.));
#9936=DIRECTION('center_axis',(0.,0.,-1.));
#9937=DIRECTION('ref_axis',(-0.707106781186548,0.707106781186548,0.));
#9938=DIRECTION('',(0.,0.,1.));
#9939=DIRECTION('',(0.,0.,-1.));
#9940=DIRECTION('center_axis',(0.,0.,-1.));
#9941=DIRECTION('ref_axis',(-1.,0.,0.));
#9942=DIRECTION('center_axis',(0.,0.,1.));
#9943=DIRECTION('ref_axis',(-0.707106781186548,0.707106781186547,0.));
#9944=DIRECTION('center_axis',(0.,0.,-1.));
#9945=DIRECTION('ref_axis',(-0.707106781186548,0.707106781186547,0.));
#9946=DIRECTION('center_axis',(0.408248290463863,-0.816496580927727,-0.408248290463862));
#9947=DIRECTION('ref_axis',(-0.577350269189626,-0.577350269189625,0.577350269189626));
#9948=DIRECTION('center_axis',(0.,-1.,0.));
#9949=DIRECTION('ref_axis',(-1.,0.,0.));
#9950=DIRECTION('center_axis',(0.,0.,1.));
#9951=DIRECTION('ref_axis',(0.,-1.,0.));
#9952=DIRECTION('center_axis',(-1.,0.,0.));
#9953=DIRECTION('ref_axis',(0.,0.,1.));
#9954=DIRECTION('center_axis',(1.,0.,0.));
#9955=DIRECTION('ref_axis',(0.,-0.707106781186547,0.707106781186548));
#9956=DIRECTION('',(-1.,0.,0.));
#9957=DIRECTION('center_axis',(1.,1.66533453693774E-16,0.));
#9958=DIRECTION('ref_axis',(0.,-0.707106781186547,0.707106781186548));
#9959=DIRECTION('',(1.,0.,0.));
#9960=DIRECTION('center_axis',(-0.707106781186548,0.,-0.707106781186548));
#9961=DIRECTION('ref_axis',(-0.707106781186547,0.,0.707106781186547));
#9962=DIRECTION('center_axis',(0.,0.,1.));
#9963=DIRECTION('ref_axis',(-0.707106781186548,-0.707106781186547,0.));
#9964=DIRECTION('',(0.,0.,1.));
#9965=DIRECTION('',(0.,0.,-1.));
#9966=DIRECTION('center_axis',(1.,0.,0.));
#9967=DIRECTION('ref_axis',(0.,-0.707106781186547,0.707106781186548));
#9968=DIRECTION('',(-1.,0.,0.));
#9969=DIRECTION('',(1.,0.,0.));
#9970=DIRECTION('center_axis',(1.2335811384724E-16,-1.,0.));
#9971=DIRECTION('ref_axis',(-0.707106781186548,0.,0.707106781186548));
#9972=DIRECTION('',(-1.2335811384724E-16,1.,0.));
#9973=DIRECTION('',(1.2335811384724E-16,-1.,0.));
#9974=DIRECTION('center_axis',(-1.,0.,0.));
#9975=DIRECTION('ref_axis',(0.,0.707106781186548,0.707106781186548));
#9976=DIRECTION('',(1.,0.,0.));
#9977=DIRECTION('',(-1.,0.,0.));
#9978=DIRECTION('center_axis',(-9.77765097872454E-17,1.,0.));
#9979=DIRECTION('ref_axis',(0.707106781186547,0.,0.707106781186548));
#9980=DIRECTION('',(-9.77765097872454E-17,1.,0.));
#9981=DIRECTION('',(9.77765097872454E-17,-1.,0.));
#9982=DIRECTION('center_axis',(1.,9.77765097872454E-17,0.));
#9983=DIRECTION('ref_axis',(-9.77765097872454E-17,1.,0.));
#9984=DIRECTION('',(0.,0.,-1.));
#9985=DIRECTION('',(-4.16333634234434E-14,1.,0.));
#9986=DIRECTION('center_axis',(0.,0.,1.));
#9987=DIRECTION('ref_axis',(-1.,0.,0.));
#9988=DIRECTION('',(0.,0.,1.));
#9989=DIRECTION('center_axis',(0.,0.,-1.));
#9990=DIRECTION('ref_axis',(1.,0.,0.));
#9991=DIRECTION('center_axis',(0.,-1.,0.));
#9992=DIRECTION('ref_axis',(1.,0.,0.));
#9993=DIRECTION('',(0.,0.,1.));
#9994=DIRECTION('',(1.,0.,0.));
#9995=DIRECTION('center_axis',(0.,0.,1.));
#9996=DIRECTION('ref_axis',(1.,0.,0.));
#9997=DIRECTION('',(1.66533453693774E-16,-1.,0.));
#9998=DIRECTION('',(-1.2335811384724E-16,1.,0.));
#9999=DIRECTION('',(1.,0.,0.));
#10000=DIRECTION('center_axis',(-1.,-1.66533453693774E-16,0.));
#10001=DIRECTION('ref_axis',(1.66533453693774E-16,-1.,0.));
#10002=DIRECTION('',(1.66533453693774E-16,-1.,0.));
#10003=DIRECTION('',(0.,0.,1.));
#10004=DIRECTION('',(1.66533453693774E-16,-1.,0.));
#10005=DIRECTION('center_axis',(1.,1.66533453693774E-16,0.));
#10006=DIRECTION('ref_axis',(0.,0.707106781186547,0.707106781186548));
#10007=DIRECTION('',(0.,0.,-1.));
#10008=DIRECTION('',(-1.66533453693774E-16,1.,0.));
#10009=DIRECTION('center_axis',(0.,0.,1.));
#10010=DIRECTION('ref_axis',(1.,0.,0.));
#10011=DIRECTION('center_axis',(-1.,0.,0.));
#10012=DIRECTION('ref_axis',(0.,0.707106781186547,0.707106781186548));
#10013=DIRECTION('',(1.,0.,0.));
#10014=DIRECTION('',(-1.,0.,0.));
#10015=DIRECTION('center_axis',(0.707106781186548,0.,-0.707106781186548));
#10016=DIRECTION('ref_axis',(0.707106781186547,0.,0.707106781186547));
#10017=DIRECTION('center_axis',(0.408248290463863,-0.816496580927726,0.408248290463863));
#10018=DIRECTION('ref_axis',(0.577350269189626,0.577350269189625,0.577350269189626));
#10019=DIRECTION('center_axis',(0.,1.,0.));
#10020=DIRECTION('ref_axis',(1.,0.,0.));
#10021=DIRECTION('center_axis',(0.,0.,1.));
#10022=DIRECTION('ref_axis',(0.,1.,0.));
#10023=DIRECTION('center_axis',(1.,0.,0.));
#10024=DIRECTION('ref_axis',(0.,0.,1.));
#10025=DIRECTION('center_axis',(0.,0.,1.));
#10026=DIRECTION('ref_axis',(0.707106781186548,0.707106781186547,0.));
#10027=DIRECTION('',(0.,0.,1.));
#10028=DIRECTION('',(0.,0.,-1.));
#10029=DIRECTION('center_axis',(-0.408248290463862,-0.816496580927726,-0.408248290463863));
#10030=DIRECTION('ref_axis',(0.577350269189626,-0.577350269189626,0.577350269189626));
#10031=DIRECTION('center_axis',(1.,0.,0.));
#10032=DIRECTION('ref_axis',(0.,-1.,0.));
#10033=DIRECTION('center_axis',(0.,0.,1.));
#10034=DIRECTION('ref_axis',(1.,0.,0.));
#10035=DIRECTION('center_axis',(0.,-1.,0.));
#10036=DIRECTION('ref_axis',(0.,0.,1.));
#10037=DIRECTION('center_axis',(0.,0.,1.));
#10038=DIRECTION('ref_axis',(0.707106781186548,-0.707106781186548,0.));
#10039=DIRECTION('center_axis',(0.,0.,-1.));
#10040=DIRECTION('ref_axis',(0.707106781186548,-0.707106781186548,0.));
#10041=DIRECTION('',(0.,0.,1.));
#10042=DIRECTION('',(0.,0.,-1.));
#10043=DIRECTION('center_axis',(-6.16790569236198E-17,1.,0.));
#10044=DIRECTION('ref_axis',(0.707106781186548,0.,0.707106781186548));
#10045=DIRECTION('',(6.16790569236198E-17,-1.,0.));
#10046=DIRECTION('',(-6.16790569236198E-17,1.,0.));
#10047=DIRECTION('center_axis',(-0.408248290463864,-0.408248290463864,-0.816496580927725));
#10048=DIRECTION('ref_axis',(-0.577350269189626,-0.577350269189626,0.577350269189626));
#10049=DIRECTION('center_axis',(0.,-1.,0.));
#10050=DIRECTION('ref_axis',(-1.,0.,0.));
#10051=DIRECTION('center_axis',(0.,0.,1.));
#10052=DIRECTION('ref_axis',(0.,-1.,0.));
#10053=DIRECTION('center_axis',(-1.,-6.93889390390722E-16,0.));
#10054=DIRECTION('ref_axis',(0.,0.,1.));
#10055=DIRECTION('center_axis',(0.,0.,1.));
#10056=DIRECTION('ref_axis',(-0.707106781186548,-0.707106781186548,0.));
#10057=DIRECTION('',(0.,0.,1.));
#10058=DIRECTION('',(0.,0.,-1.));
#10059=DIRECTION('center_axis',(0.,0.707106781186548,0.707106781186548));
#10060=DIRECTION('ref_axis',(0.,0.707106781186547,-0.707106781186547));
#10061=DIRECTION('center_axis',(0.,-1.,0.));
#10062=DIRECTION('ref_axis',(-0.707106781186547,0.,0.707106781186548));
#10063=DIRECTION('',(0.,-1.,0.));
#10064=DIRECTION('center_axis',(5.55111512312578E-17,1.,0.));
#10065=DIRECTION('ref_axis',(-0.707106781186547,0.,0.707106781186548));
#10066=DIRECTION('',(0.,1.,0.));
#10067=DIRECTION('center_axis',(1.,1.2335811384724E-16,0.));
#10068=DIRECTION('ref_axis',(0.,-0.707106781186548,0.707106781186548));
#10069=DIRECTION('',(-1.,-1.2335811384724E-16,0.));
#10070=DIRECTION('',(1.,1.2335811384724E-16,0.));
#10071=DIRECTION('center_axis',(0.,-1.,0.));
#10072=DIRECTION('ref_axis',(-0.707106781186547,0.,0.707106781186548));
#10073=DIRECTION('',(0.,-1.,0.));
#10074=DIRECTION('',(0.,1.,0.));
#10075=DIRECTION('center_axis',(0.,0.,-1.));
#10076=DIRECTION('ref_axis',(-1.,0.,0.));
#10077=DIRECTION('center_axis',(0.,0.,-1.));
#10078=DIRECTION('ref_axis',(0.707106781186547,-0.707106781186548,0.));
#10079=DIRECTION('center_axis',(0.,0.,1.));
#10080=DIRECTION('ref_axis',(0.707106781186548,-0.707106781186548,0.));
#10081=DIRECTION('center_axis',(-1.,0.,0.));
#10082=DIRECTION('ref_axis',(0.,0.707106781186547,0.707106781186548));
#10083=DIRECTION('',(1.,0.,0.));
#10084=DIRECTION('',(-1.,0.,0.));
#10085=DIRECTION('center_axis',(1.,6.16790569236198E-17,0.));
#10086=DIRECTION('ref_axis',(-6.16790569236198E-17,1.,0.));
#10087=DIRECTION('',(6.16790569236198E-17,-1.,0.));
#10088=DIRECTION('center_axis',(1.2335811384724E-16,-1.,0.));
#10089=DIRECTION('ref_axis',(1.,1.2335811384724E-16,0.));
#10090=DIRECTION('',(-1.,-1.2335811384724E-16,0.));
#10091=DIRECTION('center_axis',(-5.55111512312578E-17,-1.,0.));
#10092=DIRECTION('ref_axis',(1.,-5.55111512312578E-17,0.));
#10093=DIRECTION('',(0.,0.,-1.));
#10094=DIRECTION('',(-1.,5.55111512312578E-17,0.));
#10095=DIRECTION('',(0.,0.,1.));
#10096=DIRECTION('center_axis',(5.55111512312578E-17,1.,0.));
#10097=DIRECTION('ref_axis',(0.707106781186547,0.,0.707106781186548));
#10098=DIRECTION('',(1.,-5.55111512312578E-17,0.));
#10099=DIRECTION('',(1.,-5.55111512312578E-17,0.));
#10100=DIRECTION('',(1.,-5.55111512312578E-17,0.));
#10101=DIRECTION('center_axis',(0.,0.,1.));
#10102=DIRECTION('ref_axis',(1.,0.,0.));
#10103=DIRECTION('center_axis',(-0.816496580927726,-0.408248290463863,-0.408248290463862));
#10104=DIRECTION('ref_axis',(-0.577350269189625,0.577350269189627,0.577350269189625));
#10105=DIRECTION('center_axis',(-1.,0.,0.));
#10106=DIRECTION('ref_axis',(0.,1.,0.));
#10107=DIRECTION('center_axis',(0.,0.,1.));
#10108=DIRECTION('ref_axis',(-1.,0.,0.));
#10109=DIRECTION('center_axis',(-6.93889390390723E-16,1.,0.));
#10110=DIRECTION('ref_axis',(0.,0.,1.));
#10111=DIRECTION('center_axis',(0.,0.,1.));
#10112=DIRECTION('ref_axis',(-0.707106781186548,0.707106781186548,0.));
#10113=DIRECTION('',(0.,0.,1.));
#10114=DIRECTION('',(0.,0.,-1.));
#10115=DIRECTION('center_axis',(0.707106781186548,0.,0.707106781186547));
#10116=DIRECTION('ref_axis',(0.707106781186547,0.,-0.707106781186548));
#10117=DIRECTION('center_axis',(-1.,0.,0.));
#10118=DIRECTION('ref_axis',(0.,0.707106781186547,0.707106781186548));
#10119=DIRECTION('',(-1.,0.,0.));
#10120=DIRECTION('',(1.,0.,0.));
#10121=DIRECTION('center_axis',(0.,0.,-1.));
#10122=DIRECTION('ref_axis',(-1.,0.,0.));
#10123=DIRECTION('center_axis',(0.,0.,1.));
#10124=DIRECTION('ref_axis',(-0.707106781186548,-0.707106781186548,0.));
#10125=DIRECTION('center_axis',(0.,0.,-1.));
#10126=DIRECTION('ref_axis',(-0.707106781186547,-0.707106781186547,0.));
#10127=DIRECTION('center_axis',(0.408248290463862,-0.816496580927726,-0.408248290463864));
#10128=DIRECTION('ref_axis',(-0.577350269189625,-0.577350269189625,0.577350269189627));
#10129=DIRECTION('center_axis',(0.,-1.,0.));
#10130=DIRECTION('ref_axis',(-1.,0.,0.));
#10131=DIRECTION('center_axis',(0.,0.,1.));
#10132=DIRECTION('ref_axis',(0.,-1.,0.));
#10133=DIRECTION('center_axis',(-1.,0.,0.));
#10134=DIRECTION('ref_axis',(0.,0.,1.));
#10135=DIRECTION('center_axis',(0.,0.,1.));
#10136=DIRECTION('ref_axis',(-0.707106781186547,-0.707106781186548,0.));
#10137=DIRECTION('center_axis',(0.,0.,-1.));
#10138=DIRECTION('ref_axis',(-0.707106781186547,-0.707106781186548,0.));
#10139=DIRECTION('',(0.,0.,1.));
#10140=DIRECTION('',(0.,0.,-1.));
#10141=DIRECTION('center_axis',(-0.408248290463862,-0.816496580927727,-0.408248290463862));
#10142=DIRECTION('ref_axis',(0.577350269189626,-0.577350269189625,0.577350269189627));
#10143=DIRECTION('center_axis',(1.,0.,0.));
#10144=DIRECTION('ref_axis',(0.,-1.,0.));
#10145=DIRECTION('center_axis',(0.,0.,1.));
#10146=DIRECTION('ref_axis',(1.,0.,0.));
#10147=DIRECTION('center_axis',(0.,-1.,0.));
#10148=DIRECTION('ref_axis',(0.,0.,1.));
#10149=DIRECTION('center_axis',(0.,1.,0.));
#10150=DIRECTION('ref_axis',(0.707106781186547,0.,0.707106781186548));
#10151=DIRECTION('',(0.,-1.,0.));
#10152=DIRECTION('',(0.,1.,0.));
#10153=DIRECTION('center_axis',(0.,-0.707106781186548,-0.707106781186547));
#10154=DIRECTION('ref_axis',(0.,-0.707106781186547,0.707106781186548));
#10155=DIRECTION('center_axis',(0.,0.,1.));
#10156=DIRECTION('ref_axis',(0.707106781186548,-0.707106781186547,0.));
#10157=DIRECTION('',(0.,0.,1.));
#10158=DIRECTION('',(0.,0.,-1.));
#10159=DIRECTION('center_axis',(0.,1.,0.));
#10160=DIRECTION('ref_axis',(0.707106781186547,0.,0.707106781186548));
#10161=DIRECTION('',(0.,-1.,0.));
#10162=DIRECTION('',(0.,1.,0.));
#10163=DIRECTION('center_axis',(1.,1.2335811384724E-16,0.));
#10164=DIRECTION('ref_axis',(0.,-0.707106781186548,0.707106781186548));
#10165=DIRECTION('',(-1.,-1.2335811384724E-16,0.));
#10166=DIRECTION('',(1.,1.2335811384724E-16,0.));
#10167=DIRECTION('center_axis',(1.2335811384724E-16,-1.,0.));
#10168=DIRECTION('ref_axis',(-0.707106781186548,0.,0.707106781186548));
#10169=DIRECTION('',(-1.2335811384724E-16,1.,0.));
#10170=DIRECTION('',(1.2335811384724E-16,-1.,0.));
#10171=DIRECTION('center_axis',(-1.,0.,0.));
#10172=DIRECTION('ref_axis',(0.,0.707106781186547,0.707106781186548));
#10173=DIRECTION('',(-1.,0.,0.));
#10174=DIRECTION('',(1.,0.,0.));
#10175=DIRECTION('center_axis',(1.2335811384724E-16,-1.,0.));
#10176=DIRECTION('ref_axis',(1.,1.2335811384724E-16,0.));
#10177=DIRECTION('',(-1.,-1.2335811384724E-16,0.));
#10178=DIRECTION('center_axis',(-1.,-1.2335811384724E-16,0.));
#10179=DIRECTION('ref_axis',(1.2335811384724E-16,-1.,0.));
#10180=DIRECTION('',(-1.2335811384724E-16,1.,0.));
#10181=DIRECTION('center_axis',(0.,0.,1.));
#10182=DIRECTION('ref_axis',(1.,0.,0.));
#10183=DIRECTION('center_axis',(0.,0.,1.));
#10184=DIRECTION('ref_axis',(1.,0.,0.));
#10185=DIRECTION('',(-1.,-1.11022302462516E-15,0.));
#10186=DIRECTION('center_axis',(0.,0.,-1.));
#10187=DIRECTION('ref_axis',(1.,0.,0.));
#10188=DIRECTION('',(0.,1.,0.));
#10189=DIRECTION('',(2.22044604925031E-15,-1.,0.));
#10190=DIRECTION('center_axis',(0.,0.,-1.));
#10191=DIRECTION('ref_axis',(1.,0.,0.));
#10192=DIRECTION('',(-1.,0.,0.));
#10193=DIRECTION('center_axis',(0.,0.,1.));
#10194=DIRECTION('ref_axis',(1.,0.,0.));
#10195=DIRECTION('center_axis',(0.,0.,1.));
#10196=DIRECTION('ref_axis',(1.,0.,0.));
#10197=DIRECTION('center_axis',(0.,1.,0.));
#10198=DIRECTION('ref_axis',(-1.,0.,0.));
#10199=DIRECTION('',(0.,0.,1.));
#10200=DIRECTION('center_axis',(-1.,0.,0.));
#10201=DIRECTION('ref_axis',(0.,-1.,0.));
#10202=DIRECTION('',(0.,0.,-1.));
#10203=DIRECTION('center_axis',(0.,0.,1.));
#10204=DIRECTION('ref_axis',(-1.,0.,0.));
#10205=DIRECTION('center_axis',(0.,1.,0.));
#10206=DIRECTION('ref_axis',(-1.,0.,0.));
#10207=DIRECTION('center_axis',(1.,6.16790569236198E-17,0.));
#10208=DIRECTION('ref_axis',(-6.16790569236198E-17,1.,0.));
#10209=DIRECTION('center_axis',(0.,1.,0.));
#10210=DIRECTION('ref_axis',(-1.,0.,0.));
#10211=DIRECTION('',(0.,0.,-1.));
#10212=DIRECTION('center_axis',(0.,0.,1.));
#10213=DIRECTION('ref_axis',(-1.,0.,0.));
#10214=DIRECTION('',(0.,0.,-1.));
#10215=DIRECTION('center_axis',(1.,0.,0.));
#10216=DIRECTION('ref_axis',(0.,1.,0.));
#10217=DIRECTION('center_axis',(-1.,-1.2335811384724E-16,0.));
#10218=DIRECTION('ref_axis',(1.2335811384724E-16,-1.,0.));
#10219=DIRECTION('center_axis',(0.,1.,0.));
#10220=DIRECTION('ref_axis',(-1.,0.,0.));
#10221=DIRECTION('center_axis',(7.64814704811644E-16,1.,0.));
#10222=DIRECTION('ref_axis',(-1.,7.64814704811644E-16,0.));
#10223=DIRECTION('',(-1.,7.64814704811644E-16,0.));
#10224=DIRECTION('',(0.,0.,1.));
#10225=DIRECTION('',(-1.,7.64814704811644E-16,0.));
#10226=DIRECTION('',(0.,0.,1.));
#10227=DIRECTION('center_axis',(0.866025403784439,0.499999999999999,0.));
#10228=DIRECTION('ref_axis',(-0.499999999999999,0.866025403784439,0.));
#10229=DIRECTION('',(-0.499999999999999,0.866025403784439,0.));
#10230=DIRECTION('',(0.,0.,1.));
#10231=DIRECTION('',(-0.499999999999999,0.866025403784439,0.));
#10232=DIRECTION('center_axis',(0.866025403784438,-0.5,0.));
#10233=DIRECTION('ref_axis',(0.5,0.866025403784438,0.));
#10234=DIRECTION('',(0.5,0.866025403784438,0.));
#10235=DIRECTION('',(0.,0.,1.));
#10236=DIRECTION('',(0.5,0.866025403784438,0.));
#10237=DIRECTION('center_axis',(-2.18518487089041E-16,-1.,0.));
#10238=DIRECTION('ref_axis',(1.,-2.18518487089041E-16,0.));
#10239=DIRECTION('',(1.,-2.18518487089041E-16,0.));
#10240=DIRECTION('',(0.,0.,1.));
#10241=DIRECTION('',(1.,-2.18518487089041E-16,0.));
#10242=DIRECTION('center_axis',(-0.866025403784439,-0.5,0.));
#10243=DIRECTION('ref_axis',(0.5,-0.866025403784439,0.));
#10244=DIRECTION('',(0.5,-0.866025403784439,0.));
#10245=DIRECTION('',(0.,0.,1.));
#10246=DIRECTION('',(0.5,-0.866025403784439,0.));
#10247=DIRECTION('center_axis',(-0.866025403784439,0.5,0.));
#10248=DIRECTION('ref_axis',(-0.5,-0.866025403784439,0.));
#10249=DIRECTION('',(-0.5,-0.866025403784439,0.));
#10250=DIRECTION('',(-0.5,-0.866025403784439,0.));
#10251=DIRECTION('center_axis',(0.,0.,1.));
#10252=DIRECTION('ref_axis',(1.,0.,0.));
#10253=DIRECTION('center_axis',(0.,0.,-1.));
#10254=DIRECTION('ref_axis',(1.,0.,0.));
#10255=DIRECTION('center_axis',(0.,0.,-1.));
#10256=DIRECTION('ref_axis',(1.,0.,0.));
#10257=DIRECTION('',(0.,0.,-1.));
#10258=DIRECTION('center_axis',(0.,0.,1.));
#10259=DIRECTION('ref_axis',(1.,0.,0.));
#10260=DIRECTION('',(4.64236052764023E-14,-7.29619362985007E-13,1.));
#10261=DIRECTION('',(1.,4.47582707387742E-14,-4.64236052763696E-14));
#10262=DIRECTION('',(6.34672366463767E-14,-0.707106781187044,0.707106781186051));
#10263=DIRECTION('',(1.,4.35597235740777E-14,-4.61965032575728E-14));
#10264=DIRECTION('',(-4.78304449444051E-14,7.35528902844946E-13,-1.));
#10265=DIRECTION('',(-0.500000000000095,0.866025403784384,6.60901937553586E-13));
#10266=DIRECTION('',(-0.612372435695786,-0.353553390592818,-0.707106781186783));
#10267=DIRECTION('',(-0.500000000000007,0.866025403784434,5.60045859247705E-13));
#10268=DIRECTION('',(1.59714806843115E-14,-7.52363908573039E-13,1.));
#10269=DIRECTION('',(-0.499999999999925,-0.866025403784482,-6.43580517372683E-13));
#10270=DIRECTION('',(-0.61237243569582,0.353553390592692,0.707106781186816));
#10271=DIRECTION('',(-0.499999999999912,-0.866025403784489,-6.29242282648477E-13));
#10272=DIRECTION('',(5.6081424081431E-14,-7.27597479353552E-13,1.));
#10273=DIRECTION('',(0.499999999999944,0.866025403784471,6.02077188809011E-13));
#10274=DIRECTION('',(0.612372435695865,-0.353553390593753,0.707106781186247));
#10275=DIRECTION('',(0.499999999999941,0.866025403784473,6.05192294488487E-13));
#10276=DIRECTION('',(1.83996622103721E-14,-7.23339732605412E-13,1.));
#10277=DIRECTION('',(-1.,-6.47537579120534E-14,1.83996622103253E-14));
#10278=DIRECTION('',(-3.27772954064187E-14,0.707106781186025,0.70710678118707));
#10279=DIRECTION('',(-1.,-6.46851810404255E-14,1.83310853386975E-14));
#10280=DIRECTION('',(-0.866025403784413,-0.500000000000044,-3.31964024100715E-13));
#10281=DIRECTION('',(3.75402411808837E-14,-7.28949653255043E-13,1.));
#10282=DIRECTION('',(0.866025403784471,-0.499999999999945,-3.96287896869441E-13));
#10283=DIRECTION('',(-3.63317334133828E-14,7.29647385539934E-13,-1.));
#10284=DIRECTION('',(-6.32557932973924E-15,0.707106781186028,0.707106781187067));
#10285=DIRECTION('',(-7.51315555624912E-14,0.707106781187067,-0.707106781186028));
#10286=DIRECTION('',(0.86602540378442,0.500000000000033,3.22522266468852E-13));
#10287=DIRECTION('',(5.05012698326401E-14,-7.32515298134532E-13,1.));
#10288=DIRECTION('',(5.38735722698496E-14,-1.,-7.31761082675202E-13));
#10289=DIRECTION('',(5.23331378232715E-14,-7.31761082675199E-13,1.));
#10290=DIRECTION('',(-0.612372435695766,0.353553390592716,0.707106781186851));
#10291=DIRECTION('',(0.612372435695969,-0.353553390593578,0.707106781186244));
#10292=DIRECTION('',(1.00475183728858E-14,-7.37100605136278E-13,1.));
#10293=DIRECTION('',(1.,3.84692278032623E-14,-1.00475183728575E-14));
#10294=DIRECTION('',(0.866025403784469,-0.499999999999947,-3.77462402260386E-13));
#10295=DIRECTION('',(-9.20097331658502E-15,7.38988251257438E-13,-1.));
#10296=DIRECTION('',(-5.38735722698495E-14,1.,7.38988251257441E-13));
#10297=DIRECTION('',(-9.20097331659488E-15,7.3898825125744E-13,-1.));
#10298=DIRECTION('',(-0.866025403784417,-0.500000000000038,-3.61525848997052E-13));
#10299=DIRECTION('',(9.17321774096137E-15,-7.38940177190285E-13,1.));
#10300=DIRECTION('',(-0.866025403784411,-0.500000000000048,-3.6760446840446E-13));
#10301=DIRECTION('',(-5.33625339003685E-16,-7.34284670609488E-13,1.));
#10302=DIRECTION('',(-7.35245198057916E-14,1.,7.51864575191248E-13));
#10303=DIRECTION('',(-1.14588893929114E-13,-7.51864575191256E-13,1.));
#10304=DIRECTION('',(0.612372435695849,-0.353553390593727,0.707106781186274));
#10305=DIRECTION('',(0.612372435695712,-0.353553390592869,-0.707106781186821));
#10306=DIRECTION('',(8.9483975784712E-14,-1.,-7.36972459756274E-13));
#10307=DIRECTION('',(3.35148575558755E-14,-7.36972459756271E-13,1.));
#10308=DIRECTION('',(-0.866025403784471,0.499999999999944,3.96287896869441E-13));
#10309=DIRECTION('',(-3.63594889889989E-14,7.29599311472774E-13,-1.));
#10310=DIRECTION('',(-0.866025403784469,0.499999999999947,3.76678570087249E-13));
#10311=DIRECTION('',(-8.94643114714479E-15,7.37861466881304E-13,-1.));
#10312=DIRECTION('',(0.866025403784414,0.500000000000043,3.61182896794048E-13));
#10313=DIRECTION('',(8.97418672276057E-15,-7.37909540948462E-13,1.));
#10314=DIRECTION('',(7.80251899796998E-14,-0.707106781187077,0.707106781186018));
#10315=DIRECTION('',(4.6347268324125E-14,-0.707106781186018,-0.707106781187077));
#10316=DIRECTION('',(0.612372435695791,0.353553390593736,-0.70710678118632));
#10317=DIRECTION('',(-0.612372435695681,-0.353553390593014,-0.707106781186775));
#10318=DIRECTION('',(0.612372435695781,0.353553390592832,0.70710678118678));
#10319=DIRECTION('',(0.780330085889917,-0.126826484043903,-0.612372435695873));
#10320=DIRECTION('',(-0.612372435695781,-0.353553390593755,0.707106781186319));
#10321=DIRECTION('',(-0.500000000000021,0.866025403784427,5.75266776242981E-13));
#10322=DIRECTION('',(-0.126826484044354,0.926776695296862,-0.353553390592672));
#10323=DIRECTION('',(0.78033008588991,-0.126826484043901,-0.612372435695883));
#10324=DIRECTION('',(0.739198919740092,-0.573223304703164,-0.353553390593647));
#10325=DIRECTION('',(-0.280330085889919,-0.73919891974049,0.61237243569534));
#10326=DIRECTION('',(-0.612372435695779,0.353553390592759,0.707106781186819));
#10327=DIRECTION('',(0.280330085889914,-0.73919891974057,0.612372435695245));
#10328=DIRECTION('',(-0.612372435695801,0.35355339059381,-0.707106781186274));
#10329=DIRECTION('',(0.500000000000014,0.86602540378443,6.35679524028401E-13));
#10330=DIRECTION('',(0.739198919740138,0.573223304703091,0.35355339059367));
#10331=DIRECTION('',(0.28033008588991,-0.739198919740566,0.612372435695252));
#10332=DIRECTION('',(-0.126826484044363,-0.926776695296888,0.353553390592601));
#10333=DIRECTION('',(-0.780330085889932,-0.126826484043834,-0.612372435695868));
#10334=DIRECTION('',(7.91589016557737E-14,-0.707106781187037,0.707106781186059));
#10335=DIRECTION('',(0.49999999999998,0.612372435695407,0.612372435696198));
#10336=DIRECTION('',(1.10629419836546E-14,-0.707106781186067,-0.707106781187028));
#10337=DIRECTION('',(-1.,-6.37079699164901E-14,4.80626073233831E-14));
#10338=DIRECTION('',(-0.866025403784451,0.353553390592967,0.35355339059355));
#10339=DIRECTION('',(0.499999999999978,0.612372435695408,0.612372435696198));
#10340=DIRECTION('',(0.866025403784429,0.35355339059309,0.353553390593481));
#10341=DIRECTION('',(0.500000000000017,-0.612372435695342,-0.612372435696234));
#10342=DIRECTION('',(-3.45001804902267E-14,0.707106781186026,0.707106781187069));
#10343=DIRECTION('',(-0.499999999999954,-0.612372435696277,0.612372435695349));
#10344=DIRECTION('',(0.866025403784465,-0.353553390593476,0.353553390593007));
#10345=DIRECTION('',(-0.499999999999955,-0.612372435696281,0.612372435695345));
#10346=DIRECTION('',(-0.866025403784415,-0.353553390593593,0.353553390593014));
#10347=DIRECTION('',(-0.500000000000042,0.61237243569622,-0.612372435695336));
#10348=DIRECTION('',(-8.68816290022293E-14,0.70710678118708,-0.707106781186015));
#10349=DIRECTION('',(1.,8.57863509185886E-14,-3.7082827137395E-14));
#10350=DIRECTION('',(0.612372435695915,-0.353553390593666,0.707106781186247));
#10351=DIRECTION('',(-0.280330085890045,0.739198919739592,0.612372435696366));
#10352=DIRECTION('',(-0.739198919740019,-0.573223304703731,0.353553390592882));
#10353=DIRECTION('',(-0.280330085889998,0.739198919739628,0.612372435696344));
#10354=DIRECTION('',(0.126826484044066,0.926776695296435,0.353553390593894));
#10355=DIRECTION('',(0.780330085889813,0.126826484044983,-0.612372435695782));
#10356=DIRECTION('',(0.612372435695839,-0.3535533905926,-0.707106781186846));
#10357=DIRECTION('',(-0.49999999999981,-0.866025403784549,-6.361668282795E-13));
#10358=CARTESIAN_POINT('',(0.,0.,0.));
#10359=CARTESIAN_POINT('',(0.,0.,0.));
#10360=CARTESIAN_POINT('Origin',(3.26794919243112,1.,-5.));
#10361=CARTESIAN_POINT('',(-3.26794919243112,0.999999999999999,-0.5));
#10362=CARTESIAN_POINT('',(3.26794919243112,1.,-0.5));
#10363=CARTESIAN_POINT('',(1.63397459621556,1.,-0.5));
#10364=CARTESIAN_POINT('',(-3.26794919243112,0.999999999999999,-4.999));
#10365=CARTESIAN_POINT('',(-3.26794919243112,0.999999999999999,0.));
#10366=CARTESIAN_POINT('',(-3.26794919243113,1.,-5.));
#10367=CARTESIAN_POINT('',(-3.26794919243113,1.,-0.5));
#10368=CARTESIAN_POINT('',(-4.89897948556636,1.,-5.));
#10369=CARTESIAN_POINT('',(-0.241025403784438,1.,-5.));
#10370=CARTESIAN_POINT('',(-4.89897948556636,1.,0.5));
#10371=CARTESIAN_POINT('',(-4.89897948556636,1.,0.));
#10372=CARTESIAN_POINT('',(4.89897948556636,1.,0.5));
#10373=CARTESIAN_POINT('',(1.63397459621556,1.,0.5));
#10374=CARTESIAN_POINT('',(4.89897948556636,1.,-5.));
#10375=CARTESIAN_POINT('',(4.89897948556636,1.,0.));
#10376=CARTESIAN_POINT('',(3.26794919243112,1.,-5.));
#10377=CARTESIAN_POINT('',(3.50897459621556,1.,-5.));
#10378=CARTESIAN_POINT('',(3.26794919243112,1.,-4.999));
#10379=CARTESIAN_POINT('',(3.26794919243112,1.,-0.5));
#10380=CARTESIAN_POINT('',(3.26794919243112,1.,0.));
#10381=CARTESIAN_POINT('Origin',(0.,0.,0.));
#10382=CARTESIAN_POINT('',(-5.,-1.66533453693773E-15,-5.));
#10383=CARTESIAN_POINT('Origin',(0.,0.,-5.));
#10384=CARTESIAN_POINT('',(-5.,-1.75696319130231E-15,-4.999));
#10385=CARTESIAN_POINT('',(-5.,-5.55111512312578E-16,0.));
#10386=CARTESIAN_POINT('',(-5.,-5.55111512312578E-16,0.5));
#10387=CARTESIAN_POINT('',(-5.,-8.12739661758407E-16,0.));
#10388=CARTESIAN_POINT('Origin',(0.,0.,0.5));
#10389=CARTESIAN_POINT('Origin',(-3.75,2.1650635094611,-5.));
#10390=CARTESIAN_POINT('',(-3.26794919243113,1.,-5.));
#10391=CARTESIAN_POINT('Origin',(5.55111512312578E-16,5.55111512312578E-16,
-0.5));
#10392=CARTESIAN_POINT('',(0.767949192431122,-3.33012701892219,-0.5));
#10393=CARTESIAN_POINT('',(0.767949192431122,-3.33012701892219,-0.5));
#10394=CARTESIAN_POINT('',(-0.767949192431122,-3.3301270189222,-0.5));
#10395=CARTESIAN_POINT('',(-0.383974596215549,-3.33012701892219,-0.5));
#10396=CARTESIAN_POINT('',(-3.26794919243112,0.999999999999999,-0.5));
#10397=CARTESIAN_POINT('Origin',(5.55111512312578E-16,5.55111512312578E-16,
-4.999));
#10398=CARTESIAN_POINT('',(2.5,-4.33012701892219,-4.999));
#10399=CARTESIAN_POINT('',(0.76794919243112,-3.33012701892219,-4.999));
#10400=CARTESIAN_POINT('',(2.5,-4.33012701892219,-4.999));
#10401=CARTESIAN_POINT('',(0.767949192431122,-3.33012701892219,-4.999));
#10402=CARTESIAN_POINT('',(5.,-1.83400382508157E-15,-4.999));
#10403=CARTESIAN_POINT('',(3.26794919243112,1.,-4.999));
#10404=CARTESIAN_POINT('',(2.5,-4.33012701892219,-4.999));
#10405=CARTESIAN_POINT('Origin',(-5.,-7.4833262439695E-16,0.));
#10406=CARTESIAN_POINT('',(-2.5,-4.33012701892219,-4.999));
#10407=CARTESIAN_POINT('',(-5.,-5.55111512312578E-16,-4.999));
#10408=CARTESIAN_POINT('',(-2.5,-4.33012701892219,0.5));
#10409=CARTESIAN_POINT('',(-2.5,-4.33012701892219,0.));
#10410=CARTESIAN_POINT('',(-5.,-5.55111512312578E-16,0.5));
#10411=CARTESIAN_POINT('Origin',(2.5,-4.33012701892219,0.));
#10412=CARTESIAN_POINT('',(5.,-1.66533453693773E-15,0.5));
#10413=CARTESIAN_POINT('',(5.,-1.83400382508157E-15,0.));
#10414=CARTESIAN_POINT('',(2.5,-4.33012701892219,0.5));
#10415=CARTESIAN_POINT('',(2.5,-4.33012701892219,0.5));
#10416=CARTESIAN_POINT('',(2.5,-4.33012701892219,0.));
#10417=CARTESIAN_POINT('Origin',(5.55111512312578E-16,5.55111512312578E-16,
0.5));
#10418=CARTESIAN_POINT('Origin',(0.,0.,0.5));
#10419=CARTESIAN_POINT('Origin',(0.,0.,0.5));
#10420=CARTESIAN_POINT('Origin',(5.55111512312578E-16,5.55111512312578E-16,
-4.999));
#10421=CARTESIAN_POINT('',(-0.767949192431122,-3.3301270189222,-4.999));
#10422=CARTESIAN_POINT('',(-0.767949192431122,-3.3301270189222,-4.999));
#10423=CARTESIAN_POINT('',(-5.,-1.11022302462516E-15,-4.999));
#10424=CARTESIAN_POINT('',(-3.26794919243112,0.999999999999999,-4.999));
#10425=CARTESIAN_POINT('Origin',(0.,0.,0.));
#10426=CARTESIAN_POINT('',(-2.5,-4.33012701892219,-5.));
#10427=CARTESIAN_POINT('',(-2.5,-4.33012701892219,0.));
#10428=CARTESIAN_POINT('',(2.5,-4.33012701892218,-5.));
#10429=CARTESIAN_POINT('Origin',(0.,0.,-5.));
#10430=CARTESIAN_POINT('',(2.5,-4.33012701892219,0.));
#10431=CARTESIAN_POINT('Origin',(0.,0.,0.));
#10432=CARTESIAN_POINT('',(5.,-1.94289029309402E-15,-5.));
#10433=CARTESIAN_POINT('',(5.,-1.83400382508157E-15,0.));
#10434=CARTESIAN_POINT('Origin',(0.,0.,-5.));
#10435=CARTESIAN_POINT('Origin',(-0.767949192431122,-3.3301270189222,-0.5));
#10436=CARTESIAN_POINT('',(0.767949192431122,-3.33012701892219,0.));
#10437=CARTESIAN_POINT('',(0.767949192431119,-3.33012701892218,-5.));
#10438=CARTESIAN_POINT('',(0.767949192431119,-3.33012701892218,-0.5));
#10439=CARTESIAN_POINT('',(-0.767949192431122,-3.3301270189222,-5.));
#10440=CARTESIAN_POINT('',(-0.767949192431122,-3.3301270189222,-5.));
#10441=CARTESIAN_POINT('',(-0.767949192431122,-3.3301270189222,-0.5));
#10442=CARTESIAN_POINT('',(-0.767949192431122,-3.3301270189222,-0.5));
#10443=CARTESIAN_POINT('Origin',(-1.11022302462516E-15,-3.83012701892219,
-5.));
#10444=CARTESIAN_POINT('',(0.767949192431119,-3.33012701892218,-5.));
#10445=CARTESIAN_POINT('',(-2.5,-4.33012701892219,-5.));
#10446=CARTESIAN_POINT('Origin',(3.75,2.1650635094611,-5.));
#10447=CARTESIAN_POINT('',(5.,-1.83400382508157E-15,-5.));
#10448=CARTESIAN_POINT('Origin',(5.,-8.32667268468867E-16,0.));
#10449=CARTESIAN_POINT('Origin',(-3.26794919243112,1.,0.));
#10450=CARTESIAN_POINT('Origin',(-0.767949192431121,-3.3301270189222,0.));
#10451=CARTESIAN_POINT('Origin',(-2.5,-4.3301270189222,0.));
#10452=CARTESIAN_POINT('Origin',(0.767949192431122,-3.33012701892219,0.));
#10453=CARTESIAN_POINT('Origin',(3.26794919243113,1.,0.));
#10454=CARTESIAN_POINT('',(0.,0.,0.));
#10455=CARTESIAN_POINT('Origin',(3.26794919243112,1.,-5.));
#10456=CARTESIAN_POINT('',(3.26794919243112,1.,-0.5));
#10457=CARTESIAN_POINT('',(3.26794919243112,1.,-5.));
#10458=CARTESIAN_POINT('',(3.26794919243112,1.,-0.5));
#10459=CARTESIAN_POINT('',(4.89897948556636,1.,-5.));
#10460=CARTESIAN_POINT('',(3.50897459621556,1.,-5.));
#10461=CARTESIAN_POINT('',(4.89897948556636,1.,0.5));
#10462=CARTESIAN_POINT('',(4.89897948556636,1.,0.));
#10463=CARTESIAN_POINT('',(-4.89897948556636,1.,0.5));
#10464=CARTESIAN_POINT('',(1.63397459621556,1.,0.5));
#10465=CARTESIAN_POINT('',(-4.89897948556636,1.,-5.));
#10466=CARTESIAN_POINT('',(-4.89897948556636,1.,0.));
#10467=CARTESIAN_POINT('',(-3.26794919243113,1.,-5.));
#10468=CARTESIAN_POINT('',(-0.241025403784438,1.,-5.));
#10469=CARTESIAN_POINT('',(-3.26794919243112,0.999999999999999,-0.5));
#10470=CARTESIAN_POINT('',(-3.26794919243113,1.,-0.5));
#10471=CARTESIAN_POINT('',(1.63397459621556,1.,-0.5));
#10472=CARTESIAN_POINT('Origin',(5.55111512312578E-16,5.55111512312578E-16,
0.5));
#10473=CARTESIAN_POINT('',(2.5,4.3301270189222,0.5));
#10474=CARTESIAN_POINT('Origin',(0.,0.,0.5));
#10475=CARTESIAN_POINT('',(-2.5,4.33012701892219,0.5));
#10476=CARTESIAN_POINT('',(2.5,4.3301270189222,0.5));
#10477=CARTESIAN_POINT('Origin',(0.,0.,0.5));
#10478=CARTESIAN_POINT('Origin',(0.,0.,0.));
#10479=CARTESIAN_POINT('',(2.5,4.3301270189222,-5.));
#10480=CARTESIAN_POINT('',(2.5,4.3301270189222,0.));
#10481=CARTESIAN_POINT('Origin',(0.,0.,-5.));
#10482=CARTESIAN_POINT('Origin',(2.5,4.3301270189222,0.));
#10483=CARTESIAN_POINT('',(-2.5,4.33012701892219,-5.));
#10484=CARTESIAN_POINT('',(2.5,4.3301270189222,-5.));
#10485=CARTESIAN_POINT('',(-2.5,4.33012701892219,0.));
#10486=CARTESIAN_POINT('Origin',(0.,0.,0.));
#10487=CARTESIAN_POINT('Origin',(0.,0.,-5.));
#10488=CARTESIAN_POINT('Origin',(-2.5,2.33012701892219,-0.5));
#10489=CARTESIAN_POINT('',(-2.5,2.33012701892219,-0.5));
#10490=CARTESIAN_POINT('',(-2.5,2.33012701892219,-5.));
#10491=CARTESIAN_POINT('',(-2.5,2.33012701892219,-0.5));
#10492=CARTESIAN_POINT('',(-2.69198729810778,1.99759526419165,-0.5));
#10493=CARTESIAN_POINT('',(-2.5,2.33012701892219,-5.));
#10494=CARTESIAN_POINT('Origin',(-3.75,2.1650635094611,-5.));
#10495=CARTESIAN_POINT('',(2.5,2.33012701892219,-5.));
#10496=CARTESIAN_POINT('',(3.26794919243112,1.,-5.));
#10497=CARTESIAN_POINT('',(2.5,2.33012701892219,-5.));
#10498=CARTESIAN_POINT('Origin',(3.26794919243112,1.,-0.5));
#10499=CARTESIAN_POINT('',(2.5,2.33012701892219,-0.5));
#10500=CARTESIAN_POINT('',(2.5,2.33012701892219,0.));
#10501=CARTESIAN_POINT('',(3.07596189432334,1.33253175473055,-0.5));
#10502=CARTESIAN_POINT('Origin',(5.55111512312578E-16,5.55111512312578E-16,
-0.5));
#10503=CARTESIAN_POINT('',(2.5,2.33012701892219,-0.5));
#10504=CARTESIAN_POINT('Origin',(-2.5,2.33012701892219,0.));
#10505=CARTESIAN_POINT('',(0.,0.,0.));
#10506=CARTESIAN_POINT('Origin',(0.55,-1.125,1.8));
#10507=CARTESIAN_POINT('',(0.75,-1.35646599662505,1.8));
#10508=CARTESIAN_POINT('',(0.55,-1.2328828005938,2.));
#10509=CARTESIAN_POINT('Ctrl Pts',(0.55,-1.2328828005938,2.));
#10510=CARTESIAN_POINT('Ctrl Pts',(0.550647373607944,-1.23330287206053,
2.));
#10511=CARTESIAN_POINT('Ctrl Pts',(0.551294845789001,-1.23372279279308,
1.99999685680581));
#10512=CARTESIAN_POINT('Ctrl Pts',(0.569277238246802,-1.24537939922363,
1.99982220414196));
#10513=CARTESIAN_POINT('Ctrl Pts',(0.586672966499082,-1.25649986610934,
1.99739932901882));
#10514=CARTESIAN_POINT('Ctrl Pts',(0.621421031189013,-1.27843623101345,
1.98771921513822));
#10515=CARTESIAN_POINT('Ctrl Pts',(0.638723420835632,-1.28920810797746,
1.98025657753744));
#10516=CARTESIAN_POINT('Ctrl Pts',(0.674585632151736,-1.31129055113755,
1.95814396066115));
#10517=CARTESIAN_POINT('Ctrl Pts',(0.692532632803571,-1.32217000290185,
1.94239929119183));
#10518=CARTESIAN_POINT('Ctrl Pts',(0.720892435493034,-1.33921332152083,
1.90614020801186));
#10519=CARTESIAN_POINT('Ctrl Pts',(0.731694535339458,-1.34563383438749,
1.88660723287235));
#10520=CARTESIAN_POINT('Ctrl Pts',(0.746245442813521,-1.35425652402171,
1.84439596464738));
#10521=CARTESIAN_POINT('Ctrl Pts',(0.75,-1.35646599662505,1.8223765095442));
#10522=CARTESIAN_POINT('Ctrl Pts',(0.75,-1.35646599662505,1.8));
#10523=CARTESIAN_POINT('',(0.55,-1.46132477258362,2.));
#10524=CARTESIAN_POINT('',(0.55,-1.125,2.));
#10525=CARTESIAN_POINT('',(0.75,-1.66132477258362,1.8));
#10526=CARTESIAN_POINT('Origin',(0.55,-1.66132477258362,1.8));
#10527=CARTESIAN_POINT('',(0.75,-1.125,1.8));
#10528=CARTESIAN_POINT('Origin',(-2.77555756156289E-16,0.,2.));
#10529=CARTESIAN_POINT('',(1.23288280059379,-0.55,2.));
#10530=CARTESIAN_POINT('Origin',(0.,0.,2.));
#10531=CARTESIAN_POINT('',(1.46132477258362,-0.55,2.));
#10532=CARTESIAN_POINT('',(0.678232998312527,-0.55,2.));
#10533=CARTESIAN_POINT('',(1.47145908428835,-0.487142857142857,2.));
#10534=CARTESIAN_POINT('Origin',(1.66132477258362,-0.55,2.));
#10535=CARTESIAN_POINT('',(1.47145908428835,0.487142857142857,2.));
#10536=CARTESIAN_POINT('Origin',(0.,0.,2.));
#10537=CARTESIAN_POINT('',(1.46132477258362,0.55,2.));
#10538=CARTESIAN_POINT('Origin',(1.66132477258362,0.55,2.));
#10539=CARTESIAN_POINT('',(1.23288280059379,0.55,2.));
#10540=CARTESIAN_POINT('',(1.125,0.55,2.));
#10541=CARTESIAN_POINT('',(0.55,1.2328828005938,2.));
#10542=CARTESIAN_POINT('Origin',(0.,0.,2.));
#10543=CARTESIAN_POINT('',(0.55,1.46132477258362,2.));
#10544=CARTESIAN_POINT('',(0.55,0.678232998312527,2.));
#10545=CARTESIAN_POINT('',(0.487142857142857,1.47145908428835,2.));
#10546=CARTESIAN_POINT('Origin',(0.55,1.66132477258362,2.));
#10547=CARTESIAN_POINT('',(-0.487142857142857,1.47145908428835,2.));
#10548=CARTESIAN_POINT('Origin',(0.,0.,2.));
#10549=CARTESIAN_POINT('',(-0.75,1.66132477258362,2.));
#10550=CARTESIAN_POINT('Origin',(-0.55,1.66132477258362,2.));
#10551=CARTESIAN_POINT('',(-0.75,1.12249721603218,2.));
#10552=CARTESIAN_POINT('',(-0.75,1.125,2.));
#10553=CARTESIAN_POINT('',(-1.23288280059379,0.55,2.));
#10554=CARTESIAN_POINT('Origin',(0.,0.,2.));
#10555=CARTESIAN_POINT('',(-1.46132477258362,0.55,2.));
#10556=CARTESIAN_POINT('',(-0.678232998312527,0.55,2.));
#10557=CARTESIAN_POINT('',(-1.47145908428834,0.487142857142858,2.));
#10558=CARTESIAN_POINT('Origin',(-1.66132477258362,0.55,2.));
#10559=CARTESIAN_POINT('',(-1.47145908428835,-0.487142857142857,2.));
#10560=CARTESIAN_POINT('Origin',(0.,0.,2.));
#10561=CARTESIAN_POINT('',(-1.46132477258362,-0.55,2.));
#10562=CARTESIAN_POINT('Origin',(-1.66132477258362,-0.55,2.));
#10563=CARTESIAN_POINT('',(-1.2328828005938,-0.55,2.));
#10564=CARTESIAN_POINT('',(-1.125,-0.55,2.));
#10565=CARTESIAN_POINT('',(-0.75,-1.12249721603218,2.));
#10566=CARTESIAN_POINT('Origin',(0.,0.,2.));
#10567=CARTESIAN_POINT('',(-0.75,-1.66132477258362,2.));
#10568=CARTESIAN_POINT('',(-0.75,-0.678232998312527,2.));
#10569=CARTESIAN_POINT('',(-0.487142857142857,-1.47145908428834,2.));
#10570=CARTESIAN_POINT('Origin',(-0.55,-1.66132477258362,2.));
#10571=CARTESIAN_POINT('',(0.487142857142857,-1.47145908428835,2.));
#10572=CARTESIAN_POINT('Origin',(0.,0.,2.));
#10573=CARTESIAN_POINT('Origin',(0.549999999999999,-1.66132477258362,2.));
#10574=CARTESIAN_POINT('',(-0.75,9.18485099360515E-17,2.));
#10575=CARTESIAN_POINT('Origin',(0.,0.,2.));
#10576=CARTESIAN_POINT('Origin',(0.678232998312527,-0.55,1.8));
#10577=CARTESIAN_POINT('',(1.66132477258362,-0.75,1.8));
#10578=CARTESIAN_POINT('Origin',(1.66132477258362,-0.55,1.8));
#10579=CARTESIAN_POINT('',(1.35646599662505,-0.750000000000001,1.8));
#10580=CARTESIAN_POINT('Ctrl Pts',(1.35646599662505,-0.75,1.8));
#10581=CARTESIAN_POINT('Ctrl Pts',(1.35646599662505,-0.75,1.8223765095442));
#10582=CARTESIAN_POINT('Ctrl Pts',(1.35425652402171,-0.746245442813522,
1.84439596464737));
#10583=CARTESIAN_POINT('Ctrl Pts',(1.34563383438749,-0.731694535339459,
1.88660723287235));
#10584=CARTESIAN_POINT('Ctrl Pts',(1.33921332152083,-0.720892435493034,
1.90614020801186));
#10585=CARTESIAN_POINT('Ctrl Pts',(1.32217000290185,-0.692532632803571,
1.94239929119183));
#10586=CARTESIAN_POINT('Ctrl Pts',(1.31129055113755,-0.674585632151736,
1.95814396066115));
#10587=CARTESIAN_POINT('Ctrl Pts',(1.28920810797746,-0.638723420835633,
1.98025657753744));
#10588=CARTESIAN_POINT('Ctrl Pts',(1.27843623101345,-0.621421031189015,
1.98771921513822));
#10589=CARTESIAN_POINT('Ctrl Pts',(1.2564998661095,-0.58667296649934,1.99739932901875));
#10590=CARTESIAN_POINT('Ctrl Pts',(1.24537939922444,-0.569277238248427,
1.99982220414194));
#10591=CARTESIAN_POINT('Ctrl Pts',(1.23372279279302,-0.551294845788844,
1.99999685680581));
#10592=CARTESIAN_POINT('Ctrl Pts',(1.23330287206063,-0.550647373608095,
2.));
#10593=CARTESIAN_POINT('Ctrl Pts',(1.23288280059379,-0.55,2.));
#10594=CARTESIAN_POINT('',(0.678232998312527,-0.75,1.8));
#10595=CARTESIAN_POINT('Origin',(1.125,0.55,1.8));
#10596=CARTESIAN_POINT('',(1.66132477258362,0.75,1.8));
#10597=CARTESIAN_POINT('Origin',(1.66132477258362,0.55,1.8));
#10598=CARTESIAN_POINT('',(1.35646599662505,0.75,1.8));
#10599=CARTESIAN_POINT('',(1.125,0.75,1.8));
#10600=CARTESIAN_POINT('Ctrl Pts',(1.23288280059379,0.55,2.));
#10601=CARTESIAN_POINT('Ctrl Pts',(1.23330287206063,0.550647373608095,2.));
#10602=CARTESIAN_POINT('Ctrl Pts',(1.23372279279302,0.551294845788844,1.99999685680581));
#10603=CARTESIAN_POINT('Ctrl Pts',(1.24537939922444,0.569277238248427,1.99982220414194));
#10604=CARTESIAN_POINT('Ctrl Pts',(1.2564998661095,0.586672966499341,1.99739932901875));
#10605=CARTESIAN_POINT('Ctrl Pts',(1.27843623101345,0.621421031189014,1.98771921513822));
#10606=CARTESIAN_POINT('Ctrl Pts',(1.28920810797746,0.638723420835632,1.98025657753744));
#10607=CARTESIAN_POINT('Ctrl Pts',(1.31129055113755,0.674585632151738,1.95814396066115));
#10608=CARTESIAN_POINT('Ctrl Pts',(1.32217000290185,0.692532632803571,1.94239929119183));
#10609=CARTESIAN_POINT('Ctrl Pts',(1.33921332152083,0.720892435493034,1.90614020801186));
#10610=CARTESIAN_POINT('Ctrl Pts',(1.34563383438749,0.731694535339459,1.88660723287235));
#10611=CARTESIAN_POINT('Ctrl Pts',(1.35425652402171,0.746245442813522,1.84439596464737));
#10612=CARTESIAN_POINT('Ctrl Pts',(1.35646599662505,0.75,1.8223765095442));
#10613=CARTESIAN_POINT('Ctrl Pts',(1.35646599662505,0.75,1.8));
#10614=CARTESIAN_POINT('Origin',(2.25,0.75,2.));
#10615=CARTESIAN_POINT('',(1.66132477258362,0.75,2.8));
#10616=CARTESIAN_POINT('',(1.66132477258362,0.75,2.));
#10617=CARTESIAN_POINT('',(2.05,0.75,2.8));
#10618=CARTESIAN_POINT('',(2.02661649915626,0.75,2.8));
#10619=CARTESIAN_POINT('',(2.05,0.75,1.8));
#10620=CARTESIAN_POINT('',(2.05,0.75,2.));
#10621=CARTESIAN_POINT('',(2.5,0.75,1.8));
#10622=CARTESIAN_POINT('',(1.125,0.75,1.8));
#10623=CARTESIAN_POINT('',(2.5,0.750000000000001,1.));
#10624=CARTESIAN_POINT('',(2.5,0.75,1.));
#10625=CARTESIAN_POINT('',(1.35646599662505,0.75,1.));
#10626=CARTESIAN_POINT('',(1.06183802907976,0.75,1.));
#10627=CARTESIAN_POINT('',(1.35646599662505,0.75,2.));
#10628=CARTESIAN_POINT('Origin',(0.55,0.678232998312527,1.8));
#10629=CARTESIAN_POINT('',(0.75,1.35646599662505,1.8));
#10630=CARTESIAN_POINT('Ctrl Pts',(0.75,1.35646599662505,1.8));
#10631=CARTESIAN_POINT('Ctrl Pts',(0.75,1.35646599662505,1.8223765095442));
#10632=CARTESIAN_POINT('Ctrl Pts',(0.746245442813521,1.35425652402171,1.84439596464738));
#10633=CARTESIAN_POINT('Ctrl Pts',(0.731694535339458,1.34563383438749,1.88660723287235));
#10634=CARTESIAN_POINT('Ctrl Pts',(0.720892435493034,1.33921332152083,1.90614020801186));
#10635=CARTESIAN_POINT('Ctrl Pts',(0.692532632803571,1.32217000290185,1.94239929119183));
#10636=CARTESIAN_POINT('Ctrl Pts',(0.674585632151736,1.31129055113755,1.95814396066115));
#10637=CARTESIAN_POINT('Ctrl Pts',(0.638723420835633,1.28920810797746,1.98025657753744));
#10638=CARTESIAN_POINT('Ctrl Pts',(0.621421031189016,1.27843623101346,1.98771921513822));
#10639=CARTESIAN_POINT('Ctrl Pts',(0.586672966499341,1.2564998661095,1.99739932901875));
#10640=CARTESIAN_POINT('Ctrl Pts',(0.569277238248432,1.24537939922444,1.99982220414194));
#10641=CARTESIAN_POINT('Ctrl Pts',(0.551294845788843,1.23372279279302,1.99999685680581));
#10642=CARTESIAN_POINT('Ctrl Pts',(0.550647373608095,1.23330287206063,2.));
#10643=CARTESIAN_POINT('Ctrl Pts',(0.55,1.2328828005938,2.));
#10644=CARTESIAN_POINT('',(0.75,1.66132477258362,1.8));
#10645=CARTESIAN_POINT('',(0.75,0.678232998312527,1.8));
#10646=CARTESIAN_POINT('Origin',(0.55,1.66132477258362,1.8));
#10647=CARTESIAN_POINT('Origin',(0.75,1.35646599662505,2.));
#10648=CARTESIAN_POINT('',(0.75,1.66132477258362,2.8));
#10649=CARTESIAN_POINT('',(0.75,1.66132477258362,2.));
#10650=CARTESIAN_POINT('',(0.75,1.35646599662505,1.));
#10651=CARTESIAN_POINT('',(0.75,1.35646599662505,2.));
#10652=CARTESIAN_POINT('',(0.75,2.5,1.));
#10653=CARTESIAN_POINT('',(0.75,2.5,1.));
#10654=CARTESIAN_POINT('',(0.749999999999999,2.5,1.8));
#10655=CARTESIAN_POINT('',(0.749999999999999,2.5,1.));
#10656=CARTESIAN_POINT('',(0.75,2.05,1.8));
#10657=CARTESIAN_POINT('',(0.75,0.678232998312527,1.8));
#10658=CARTESIAN_POINT('',(0.75,2.05,2.8));
#10659=CARTESIAN_POINT('',(0.75,2.05,2.));
#10660=CARTESIAN_POINT('',(0.75,1.57984949746879,2.8));
#10661=CARTESIAN_POINT('Origin',(-0.678232998312527,0.55,1.8));
#10662=CARTESIAN_POINT('',(-1.35646599662505,0.75,1.8));
#10663=CARTESIAN_POINT('Ctrl Pts',(-1.35646599662505,0.75,1.8));
#10664=CARTESIAN_POINT('Ctrl Pts',(-1.35646599662505,0.75,1.8223765095442));
#10665=CARTESIAN_POINT('Ctrl Pts',(-1.35425652402171,0.746245442813521,
1.84439596464738));
#10666=CARTESIAN_POINT('Ctrl Pts',(-1.34563383438749,0.731694535339458,
1.88660723287235));
#10667=CARTESIAN_POINT('Ctrl Pts',(-1.33921332152083,0.720892435493035,
1.90614020801186));
#10668=CARTESIAN_POINT('Ctrl Pts',(-1.32217000290185,0.692532632803571,
1.94239929119183));
#10669=CARTESIAN_POINT('Ctrl Pts',(-1.31129055113755,0.674585632151737,
1.95814396066115));
#10670=CARTESIAN_POINT('Ctrl Pts',(-1.28920810797746,0.638723420835633,
1.98025657753744));
#10671=CARTESIAN_POINT('Ctrl Pts',(-1.27843623101345,0.621421031189014,
1.98771921513822));
#10672=CARTESIAN_POINT('Ctrl Pts',(-1.2564998661095,0.586672966499338,1.99739932901875));
#10673=CARTESIAN_POINT('Ctrl Pts',(-1.24537939922443,0.569277238248408,
1.99982220414194));
#10674=CARTESIAN_POINT('Ctrl Pts',(-1.23372279279302,0.551294845788846,
1.99999685680581));
#10675=CARTESIAN_POINT('Ctrl Pts',(-1.23330287206062,0.550647373608093,
2.));
#10676=CARTESIAN_POINT('Ctrl Pts',(-1.23288280059379,0.55,2.));
#10677=CARTESIAN_POINT('',(-1.66132477258362,0.75,1.8));
#10678=CARTESIAN_POINT('',(-0.678232998312527,0.75,1.8));
#10679=CARTESIAN_POINT('Origin',(-1.66132477258362,0.55,1.8));
#10680=CARTESIAN_POINT('Origin',(-1.35646599662505,0.75,2.));
#10681=CARTESIAN_POINT('',(-1.66132477258362,0.75,2.8));
#10682=CARTESIAN_POINT('',(-1.66132477258362,0.75,2.));
#10683=CARTESIAN_POINT('',(-1.35646599662505,0.75,1.));
#10684=CARTESIAN_POINT('',(-1.35646599662505,0.75,2.));
#10685=CARTESIAN_POINT('',(-2.5,0.75,1.));
#10686=CARTESIAN_POINT('',(-2.5,0.75,1.));
#10687=CARTESIAN_POINT('',(-2.5,0.75,1.8));
#10688=CARTESIAN_POINT('',(-2.5,0.75,1.));
#10689=CARTESIAN_POINT('',(-2.05,0.75,1.8));
#10690=CARTESIAN_POINT('',(-0.678232998312527,0.75,1.8));
#10691=CARTESIAN_POINT('',(-2.05,0.75,2.8));
#10692=CARTESIAN_POINT('',(-2.05,0.75,2.));
#10693=CARTESIAN_POINT('',(-1.57984949746879,0.75,2.8));
#10694=CARTESIAN_POINT('Origin',(-1.125,-0.55,1.8));
#10695=CARTESIAN_POINT('',(-1.35646599662505,-0.75,1.8));
#10696=CARTESIAN_POINT('Ctrl Pts',(-1.23288280059384,-0.549999999999896,
2.));
#10697=CARTESIAN_POINT('Ctrl Pts',(-1.23330287206051,-0.550647373607735,
2.));
#10698=CARTESIAN_POINT('Ctrl Pts',(-1.23372279279319,-0.5512948457891,1.9999968568058));
#10699=CARTESIAN_POINT('Ctrl Pts',(-1.24537939922443,-0.569277238248402,
1.99982220414194));
#10700=CARTESIAN_POINT('Ctrl Pts',(-1.2564998661095,-0.586672966499336,
1.99739932901875));
#10701=CARTESIAN_POINT('Ctrl Pts',(-1.27843623101345,-0.621421031189014,
1.98771921513822));
#10702=CARTESIAN_POINT('Ctrl Pts',(-1.28920810797746,-0.638723420835632,
1.98025657753744));
#10703=CARTESIAN_POINT('Ctrl Pts',(-1.31129055113755,-0.674585632151736,
1.95814396066115));
#10704=CARTESIAN_POINT('Ctrl Pts',(-1.32217000290185,-0.69253263280357,
1.94239929119183));
#10705=CARTESIAN_POINT('Ctrl Pts',(-1.33921332152083,-0.720892435493034,
1.90614020801186));
#10706=CARTESIAN_POINT('Ctrl Pts',(-1.34563383438749,-0.731694535339458,
1.88660723287235));
#10707=CARTESIAN_POINT('Ctrl Pts',(-1.35425652402171,-0.746245442813521,
1.84439596464738));
#10708=CARTESIAN_POINT('Ctrl Pts',(-1.35646599662505,-0.75,1.8223765095442));
#10709=CARTESIAN_POINT('Ctrl Pts',(-1.35646599662505,-0.75,1.8));
#10710=CARTESIAN_POINT('',(-1.66132477258362,-0.75,1.8));
#10711=CARTESIAN_POINT('Origin',(-1.66132477258362,-0.55,1.8));
#10712=CARTESIAN_POINT('',(-1.125,-0.75,1.8));
#10713=CARTESIAN_POINT('Origin',(0.,0.,1.8));
#10714=CARTESIAN_POINT('Origin',(0.,0.,1.8));
#10715=CARTESIAN_POINT('Origin',(0.,0.,2.));
#10716=CARTESIAN_POINT('Origin',(0.,0.,1.));
#10717=CARTESIAN_POINT('Origin',(-0.55,1.125,1.8));
#10718=CARTESIAN_POINT('',(-0.55,2.25,2.));
#10719=CARTESIAN_POINT('',(-0.55,2.5,2.));
#10720=CARTESIAN_POINT('',(-0.55,1.125,2.));
#10721=CARTESIAN_POINT('',(-0.75,2.5,1.8));
#10722=CARTESIAN_POINT('Origin',(-0.55,2.5,1.8));
#10723=CARTESIAN_POINT('',(-0.75,2.05,1.8));
#10724=CARTESIAN_POINT('',(-0.75,1.125,1.8));
#10725=CARTESIAN_POINT('Origin',(-0.55,2.05,1.8));
#10726=CARTESIAN_POINT('Origin',(-0.55,2.05,2.8));
#10727=CARTESIAN_POINT('',(-0.55,2.25,2.8));
#10728=CARTESIAN_POINT('',(-0.55,2.05,3.));
#10729=CARTESIAN_POINT('Origin',(-0.55,2.05,2.8));
#10730=CARTESIAN_POINT('',(-0.75,2.05,2.8));
#10731=CARTESIAN_POINT('Origin',(-0.55,2.05,2.8));
#10732=CARTESIAN_POINT('Origin',(-0.55,2.05,2.8));
#10733=CARTESIAN_POINT('Origin',(-0.55,2.05,2.));
#10734=CARTESIAN_POINT('',(-0.75,2.05,2.));
#10735=CARTESIAN_POINT('',(-0.55,2.25,2.));
#10736=CARTESIAN_POINT('Origin',(0.55,2.05,2.8));
#10737=CARTESIAN_POINT('',(0.55,2.05,3.));
#10738=CARTESIAN_POINT('Origin',(0.55,2.05,2.8));
#10739=CARTESIAN_POINT('',(0.55,2.25,2.8));
#10740=CARTESIAN_POINT('Origin',(0.55,2.05,2.8));
#10741=CARTESIAN_POINT('Origin',(0.55,2.05,2.8));
#10742=CARTESIAN_POINT('Origin',(0.55,2.05,2.));
#10743=CARTESIAN_POINT('',(0.55,2.25,2.));
#10744=CARTESIAN_POINT('',(0.55,2.25,2.));
#10745=CARTESIAN_POINT('Origin',(0.55,2.05,1.8));
#10746=CARTESIAN_POINT('Origin',(0.375,2.05,2.8));
#10747=CARTESIAN_POINT('',(0.375,2.05,3.));
#10748=CARTESIAN_POINT('',(0.375,2.25,2.8));
#10749=CARTESIAN_POINT('Origin',(-0.55,1.66132477258362,2.8));
#10750=CARTESIAN_POINT('',(-0.75,1.66132477258362,2.8));
#10751=CARTESIAN_POINT('',(-0.55,1.66132477258362,3.));
#10752=CARTESIAN_POINT('Origin',(-0.55,1.66132477258362,2.8));
#10753=CARTESIAN_POINT('',(-0.487142857142857,1.47145908428834,2.8));
#10754=CARTESIAN_POINT('Origin',(-0.55,1.66132477258362,2.8));
#10755=CARTESIAN_POINT('Origin',(-0.55,1.66132477258362,2.8));
#10756=CARTESIAN_POINT('Origin',(-0.55,1.66132477258362,2.));
#10757=CARTESIAN_POINT('',(-0.487142857142857,1.47145908428834,2.));
#10758=CARTESIAN_POINT('',(-0.75,1.66132477258362,2.));
#10759=CARTESIAN_POINT('Origin',(0.55,1.66132477258362,2.8));
#10760=CARTESIAN_POINT('',(0.487142857142857,1.47145908428835,2.8));
#10761=CARTESIAN_POINT('',(0.55,1.66132477258362,3.));
#10762=CARTESIAN_POINT('Origin',(0.55,1.66132477258362,2.8));
#10763=CARTESIAN_POINT('Origin',(0.55,1.66132477258362,2.8));
#10764=CARTESIAN_POINT('Origin',(0.55,1.66132477258362,2.8));
#10765=CARTESIAN_POINT('Origin',(0.55,1.66132477258362,2.));
#10766=CARTESIAN_POINT('',(0.487142857142857,1.47145908428835,2.));
#10767=CARTESIAN_POINT('Origin',(0.55,1.57984949746879,2.8));
#10768=CARTESIAN_POINT('',(0.55,1.57984949746879,3.));
#10769=CARTESIAN_POINT('Origin',(0.,0.,2.8));
#10770=CARTESIAN_POINT('Origin',(0.,0.,3.));
#10771=CARTESIAN_POINT('Origin',(0.,0.,2.8));
#10772=CARTESIAN_POINT('Origin',(-0.55,2.02661649915626,2.8));
#10773=CARTESIAN_POINT('',(-0.55,2.02661649915626,3.));
#10774=CARTESIAN_POINT('',(-0.75,2.02661649915626,2.8));
#10775=CARTESIAN_POINT('Origin',(0.55,0.678232998312527,1.8));
#10776=CARTESIAN_POINT('',(0.549999999999999,2.5,2.));
#10777=CARTESIAN_POINT('Origin',(0.549999999999999,2.5,1.8));
#10778=CARTESIAN_POINT('',(0.55,0.678232998312527,2.));
#10779=CARTESIAN_POINT('Origin',(-0.75,2.25,2.));
#10780=CARTESIAN_POINT('',(-0.75,2.5,1.));
#10781=CARTESIAN_POINT('',(-0.75,2.5,1.));
#10782=CARTESIAN_POINT('',(-0.75,1.35646599662505,1.));
#10783=CARTESIAN_POINT('',(-0.75,1.06183802907977,1.));
#10784=CARTESIAN_POINT('',(-0.75,1.35646599662505,1.8));
#10785=CARTESIAN_POINT('',(-0.75,1.35646599662505,2.));
#10786=CARTESIAN_POINT('Ctrl Pts',(-0.75,1.35646599662505,1.8));
#10787=CARTESIAN_POINT('Ctrl Pts',(-0.75,1.35646599662505,1.82352182010149));
#10788=CARTESIAN_POINT('Ctrl Pts',(-0.75,1.35045037554988,1.85109952437789));
#10789=CARTESIAN_POINT('Ctrl Pts',(-0.75,1.33059221583504,1.89560156362908));
#10790=CARTESIAN_POINT('Ctrl Pts',(-0.75,1.31262350424992,1.91993877291643));
#10791=CARTESIAN_POINT('Ctrl Pts',(-0.75,1.27363449977516,1.95581209190076));
#10792=CARTESIAN_POINT('Ctrl Pts',(-0.75,1.24502069299428,1.97289622744271));
#10793=CARTESIAN_POINT('Ctrl Pts',(-0.75,1.19009103709663,1.9937077000947));
#10794=CARTESIAN_POINT('Ctrl Pts',(-0.75,1.15346558104273,2.));
#10795=CARTESIAN_POINT('Ctrl Pts',(-0.75,1.12249721603218,2.));
#10796=CARTESIAN_POINT('Origin',(0.75,2.25,2.));
#10797=CARTESIAN_POINT('',(0.375,2.25,2.));
#10798=CARTESIAN_POINT('Origin',(-2.77555756156289E-16,0.,2.));
#10799=CARTESIAN_POINT('',(2.5,2.5,2.));
#10800=CARTESIAN_POINT('Origin',(2.5,2.5,0.));
#10801=CARTESIAN_POINT('',(2.5,2.5,1.));
#10802=CARTESIAN_POINT('',(2.0625,2.5,1.));
#10803=CARTESIAN_POINT('',(2.5,2.5,0.));
#10804=CARTESIAN_POINT('',(2.5,2.5,0.));
#10805=CARTESIAN_POINT('',(-2.5,2.5,0.));
#10806=CARTESIAN_POINT('',(2.5,2.5,0.));
#10807=CARTESIAN_POINT('',(-2.5,2.5,1.));
#10808=CARTESIAN_POINT('',(-2.5,2.5,0.));
#10809=CARTESIAN_POINT('',(0.4375,2.5,1.));
#10810=CARTESIAN_POINT('Origin',(-1.38777878078145E-16,1.80323299831253,
3.));
#10811=CARTESIAN_POINT('Origin',(0.,0.,1.8));
#10812=CARTESIAN_POINT('Origin',(0.,0.,1.8));
#10813=CARTESIAN_POINT('Origin',(0.,0.,2.));
#10814=CARTESIAN_POINT('Origin',(0.,0.,1.));
#10815=CARTESIAN_POINT('Origin',(1.125,0.55,1.8));
#10816=CARTESIAN_POINT('',(2.25,0.55,2.));
#10817=CARTESIAN_POINT('',(2.5,0.55,2.));
#10818=CARTESIAN_POINT('',(1.125,0.55,2.));
#10819=CARTESIAN_POINT('Origin',(2.5,0.55,1.8));
#10820=CARTESIAN_POINT('Origin',(2.05,0.55,1.8));
#10821=CARTESIAN_POINT('Origin',(2.05,-0.55,2.8));
#10822=CARTESIAN_POINT('',(2.05,-0.75,2.8));
#10823=CARTESIAN_POINT('',(2.05,-0.55,3.));
#10824=CARTESIAN_POINT('Origin',(2.05,-0.55,2.8));
#10825=CARTESIAN_POINT('',(2.25,-0.55,2.8));
#10826=CARTESIAN_POINT('Origin',(2.05,-0.55,2.8));
#10827=CARTESIAN_POINT('Origin',(2.05,-0.55,2.8));
#10828=CARTESIAN_POINT('Origin',(2.05,-0.55,2.));
#10829=CARTESIAN_POINT('',(2.25,-0.55,2.));
#10830=CARTESIAN_POINT('',(2.25,-0.55,2.));
#10831=CARTESIAN_POINT('',(2.05,-0.75,1.8));
#10832=CARTESIAN_POINT('',(2.05,-0.75,2.));
#10833=CARTESIAN_POINT('Origin',(2.05,-0.55,1.8));
#10834=CARTESIAN_POINT('Origin',(2.05,0.55,2.8));
#10835=CARTESIAN_POINT('',(2.25,0.55,2.8));
#10836=CARTESIAN_POINT('',(2.05,0.55,3.));
#10837=CARTESIAN_POINT('Origin',(2.05,0.55,2.8));
#10838=CARTESIAN_POINT('Origin',(2.05,0.55,2.8));
#10839=CARTESIAN_POINT('Origin',(2.05,0.55,2.8));
#10840=CARTESIAN_POINT('Origin',(2.05,0.55,2.));
#10841=CARTESIAN_POINT('',(2.25,0.55,2.));
#10842=CARTESIAN_POINT('Origin',(1.66132477258362,-0.55,2.8));
#10843=CARTESIAN_POINT('',(1.47145908428834,-0.487142857142857,2.8));
#10844=CARTESIAN_POINT('',(1.66132477258362,-0.55,3.));
#10845=CARTESIAN_POINT('Origin',(1.66132477258362,-0.55,2.8));
#10846=CARTESIAN_POINT('',(1.66132477258362,-0.75,2.8));
#10847=CARTESIAN_POINT('Origin',(1.66132477258362,-0.55,2.8));
#10848=CARTESIAN_POINT('Origin',(1.66132477258362,-0.55,2.8));
#10849=CARTESIAN_POINT('Origin',(1.66132477258362,-0.55,2.));
#10850=CARTESIAN_POINT('',(1.66132477258362,-0.75,2.));
#10851=CARTESIAN_POINT('',(1.47145908428834,-0.487142857142857,2.));
#10852=CARTESIAN_POINT('Origin',(1.57984949746879,-0.55,2.8));
#10853=CARTESIAN_POINT('',(1.57984949746879,-0.55,3.));
#10854=CARTESIAN_POINT('',(1.57984949746879,-0.75,2.8));
#10855=CARTESIAN_POINT('Origin',(1.66132477258362,0.55,2.8));
#10856=CARTESIAN_POINT('',(1.66132477258362,0.55,3.));
#10857=CARTESIAN_POINT('Origin',(1.66132477258362,0.55,2.8));
#10858=CARTESIAN_POINT('',(1.47145908428834,0.487142857142857,2.8));
#10859=CARTESIAN_POINT('Origin',(1.66132477258362,0.55,2.8));
#10860=CARTESIAN_POINT('Origin',(1.66132477258362,0.55,2.8));
#10861=CARTESIAN_POINT('Origin',(1.66132477258362,0.55,2.));
#10862=CARTESIAN_POINT('',(1.47145908428834,0.487142857142857,2.));
#10863=CARTESIAN_POINT('Origin',(0.,0.,2.8));
#10864=CARTESIAN_POINT('Origin',(0.,0.,3.));
#10865=CARTESIAN_POINT('Origin',(0.,0.,2.8));
#10866=CARTESIAN_POINT('Origin',(2.02661649915626,0.55,2.8));
#10867=CARTESIAN_POINT('',(2.02661649915626,0.55,3.));
#10868=CARTESIAN_POINT('Origin',(2.05,-0.375,2.8));
#10869=CARTESIAN_POINT('',(2.05,-0.375,3.));
#10870=CARTESIAN_POINT('',(2.25,-0.375,2.8));
#10871=CARTESIAN_POINT('Origin',(0.678232998312527,-0.55,1.8));
#10872=CARTESIAN_POINT('',(2.5,-0.75,1.8));
#10873=CARTESIAN_POINT('',(0.678232998312527,-0.75,1.8));
#10874=CARTESIAN_POINT('',(2.5,-0.55,2.));
#10875=CARTESIAN_POINT('Origin',(2.5,-0.55,1.8));
#10876=CARTESIAN_POINT('',(0.678232998312527,-0.55,2.));
#10877=CARTESIAN_POINT('Origin',(1.35646599662505,-0.75,2.));
#10878=CARTESIAN_POINT('',(1.35646599662505,-0.750000000000001,1.));
#10879=CARTESIAN_POINT('',(1.35646599662505,-0.750000000000001,2.));
#10880=CARTESIAN_POINT('',(2.5,-0.75,1.));
#10881=CARTESIAN_POINT('',(2.5,-0.75,1.));
#10882=CARTESIAN_POINT('',(2.5,-0.75,1.));
#10883=CARTESIAN_POINT('Origin',(-2.77555756156289E-16,0.,2.));
#10884=CARTESIAN_POINT('',(2.5,-2.5,2.));
#10885=CARTESIAN_POINT('',(2.25,-0.375,2.));
#10886=CARTESIAN_POINT('Origin',(2.5,-2.5,0.));
#10887=CARTESIAN_POINT('',(2.5,-2.5,1.));
#10888=CARTESIAN_POINT('',(2.5,-2.0625,1.));
#10889=CARTESIAN_POINT('',(2.5,-2.5,0.));
#10890=CARTESIAN_POINT('',(2.5,-2.5,0.));
#10891=CARTESIAN_POINT('',(2.5,-2.5,0.));
#10892=CARTESIAN_POINT('',(2.5,-0.4375,1.));
#10893=CARTESIAN_POINT('Origin',(0.,0.,2.));
#10894=CARTESIAN_POINT('Origin',(1.80323299831253,-6.93889390390723E-17,
3.));
#10895=CARTESIAN_POINT('Origin',(0.55,-1.125,1.8));
#10896=CARTESIAN_POINT('',(0.55,-2.25,2.));
#10897=CARTESIAN_POINT('',(0.55,-2.5,2.));
#10898=CARTESIAN_POINT('',(0.55,-1.125,2.));
#10899=CARTESIAN_POINT('',(0.75,-2.5,1.8));
#10900=CARTESIAN_POINT('Origin',(0.55,-2.5,1.8));
#10901=CARTESIAN_POINT('',(0.75,-2.05,1.8));
#10902=CARTESIAN_POINT('',(0.75,-1.125,1.8));
#10903=CARTESIAN_POINT('Origin',(0.55,-2.05,1.8));
#10904=CARTESIAN_POINT('Origin',(0.549999999999999,-1.66132477258362,2.8));
#10905=CARTESIAN_POINT('',(0.75,-1.66132477258362,2.8));
#10906=CARTESIAN_POINT('',(0.55,-1.66132477258362,3.));
#10907=CARTESIAN_POINT('Origin',(0.55,-1.66132477258362,2.8));
#10908=CARTESIAN_POINT('',(0.487142857142857,-1.47145908428834,2.8));
#10909=CARTESIAN_POINT('Origin',(0.549999999999999,-1.66132477258362,2.8));
#10910=CARTESIAN_POINT('Origin',(0.55,-1.66132477258362,2.8));
#10911=CARTESIAN_POINT('Origin',(0.549999999999999,-1.66132477258362,2.));
#10912=CARTESIAN_POINT('',(0.487142857142857,-1.47145908428834,2.));
#10913=CARTESIAN_POINT('',(0.75,-1.66132477258362,2.));
#10914=CARTESIAN_POINT('Origin',(0.55,-2.05,2.8));
#10915=CARTESIAN_POINT('',(0.55,-2.25,2.8));
#10916=CARTESIAN_POINT('',(0.55,-2.05,3.));
#10917=CARTESIAN_POINT('Origin',(0.55,-2.05,2.8));
#10918=CARTESIAN_POINT('',(0.75,-2.05,2.8));
#10919=CARTESIAN_POINT('Origin',(0.55,-2.05,2.8));
#10920=CARTESIAN_POINT('Origin',(0.55,-2.05,2.8));
#10921=CARTESIAN_POINT('Origin',(0.55,-2.05,2.));
#10922=CARTESIAN_POINT('',(0.75,-2.05,2.));
#10923=CARTESIAN_POINT('',(0.55,-2.25,2.));
#10924=CARTESIAN_POINT('Origin',(0.55,-2.02661649915626,2.8));
#10925=CARTESIAN_POINT('',(0.55,-2.02661649915626,3.));
#10926=CARTESIAN_POINT('',(0.75,-2.02661649915626,2.8));
#10927=CARTESIAN_POINT('Origin',(-0.55,-1.66132477258362,2.8));
#10928=CARTESIAN_POINT('',(-0.487142857142857,-1.47145908428834,2.8));
#10929=CARTESIAN_POINT('',(-0.55,-1.66132477258362,3.));
#10930=CARTESIAN_POINT('Origin',(-0.55,-1.66132477258362,2.8));
#10931=CARTESIAN_POINT('',(-0.75,-1.66132477258362,2.8));
#10932=CARTESIAN_POINT('Origin',(-0.55,-1.66132477258362,2.8));
#10933=CARTESIAN_POINT('Origin',(-0.55,-1.66132477258361,2.8));
#10934=CARTESIAN_POINT('Origin',(-0.55,-1.66132477258362,2.));
#10935=CARTESIAN_POINT('',(-0.75,-1.66132477258362,2.));
#10936=CARTESIAN_POINT('',(-0.487142857142857,-1.47145908428834,2.));
#10937=CARTESIAN_POINT('Origin',(-0.55,-2.05,2.8));
#10938=CARTESIAN_POINT('',(-0.75,-2.05,2.8));
#10939=CARTESIAN_POINT('',(-0.55,-2.05,3.));
#10940=CARTESIAN_POINT('Origin',(-0.55,-2.05,2.8));
#10941=CARTESIAN_POINT('',(-0.55,-2.25,2.8));
#10942=CARTESIAN_POINT('Origin',(-0.55,-2.05,2.8));
#10943=CARTESIAN_POINT('Origin',(-0.55,-2.05,2.8));
#10944=CARTESIAN_POINT('Origin',(-0.55,-2.05,2.));
#10945=CARTESIAN_POINT('',(-0.55,-2.25,2.));
#10946=CARTESIAN_POINT('',(-0.55,-2.25,2.));
#10947=CARTESIAN_POINT('',(-0.75,-2.05,1.8));
#10948=CARTESIAN_POINT('',(-0.75,-2.05,2.));
#10949=CARTESIAN_POINT('Origin',(-0.55,-2.05,1.8));
#10950=CARTESIAN_POINT('Origin',(-0.55,-0.678232998312527,1.8));
#10951=CARTESIAN_POINT('',(-0.75,-2.5,1.8));
#10952=CARTESIAN_POINT('',(-0.75,-0.678232998312527,1.8));
#10953=CARTESIAN_POINT('',(-0.55,-2.5,2.));
#10954=CARTESIAN_POINT('Origin',(-0.55,-2.5,1.8));
#10955=CARTESIAN_POINT('',(-0.55,-0.678232998312527,2.));
#10956=CARTESIAN_POINT('Origin',(-0.375,-2.05,2.8));
#10957=CARTESIAN_POINT('',(-0.375,-2.05,3.));
#10958=CARTESIAN_POINT('',(-0.375,-2.25,2.8));
#10959=CARTESIAN_POINT('Origin',(-0.55,-1.57984949746879,2.8));
#10960=CARTESIAN_POINT('',(-0.55,-1.57984949746879,3.));
#10961=CARTESIAN_POINT('',(-0.75,-1.57984949746879,2.8));
#10962=CARTESIAN_POINT('Origin',(0.,0.,2.8));
#10963=CARTESIAN_POINT('Origin',(0.,0.,3.));
#10964=CARTESIAN_POINT('Origin',(0.,0.,2.8));
#10965=CARTESIAN_POINT('Origin',(-0.75,-2.25,2.));
#10966=CARTESIAN_POINT('',(-0.375,-2.25,2.));
#10967=CARTESIAN_POINT('Origin',(-2.77555756156289E-16,0.,2.));
#10968=CARTESIAN_POINT('',(-2.5,-2.5,2.));
#10969=CARTESIAN_POINT('Origin',(-2.5,-2.5,0.));
#10970=CARTESIAN_POINT('',(-0.75,-2.5,1.));
#10971=CARTESIAN_POINT('',(-0.75,-2.5,1.));
#10972=CARTESIAN_POINT('',(-2.5,-2.5,1.));
#10973=CARTESIAN_POINT('',(-2.0625,-2.5,1.));
#10974=CARTESIAN_POINT('',(-2.5,-2.5,0.));
#10975=CARTESIAN_POINT('',(-2.5,-2.5,0.));
#10976=CARTESIAN_POINT('',(-2.5,-2.5,0.));
#10977=CARTESIAN_POINT('',(0.75,-2.5,1.));
#10978=CARTESIAN_POINT('',(-0.4375,-2.5,1.));
#10979=CARTESIAN_POINT('',(0.75,-2.5,1.));
#10980=CARTESIAN_POINT('Origin',(-3.46944695195361E-16,-1.80323299831253,
3.));
#10981=CARTESIAN_POINT('Origin',(0.,0.,1.8));
#10982=CARTESIAN_POINT('Origin',(0.,0.,1.8));
#10983=CARTESIAN_POINT('Origin',(0.,0.,2.));
#10984=CARTESIAN_POINT('',(0.75,-1.35646599662505,1.));
#10985=CARTESIAN_POINT('',(0.75,-1.35646599662505,2.));
#10986=CARTESIAN_POINT('Origin',(0.,0.,1.));
#10987=CARTESIAN_POINT('Origin',(-1.125,-0.55,1.8));
#10988=CARTESIAN_POINT('',(-2.25,-0.55,2.));
#10989=CARTESIAN_POINT('',(-2.5,-0.55,2.));
#10990=CARTESIAN_POINT('',(-1.125,-0.55,2.));
#10991=CARTESIAN_POINT('',(-2.5,-0.75,1.8));
#10992=CARTESIAN_POINT('Origin',(-2.5,-0.55,1.8));
#10993=CARTESIAN_POINT('',(-2.05,-0.75,1.8));
#10994=CARTESIAN_POINT('',(-1.125,-0.75,1.8));
#10995=CARTESIAN_POINT('Origin',(-2.05,-0.55,1.8));
#10996=CARTESIAN_POINT('Origin',(-2.05,-0.55,2.8));
#10997=CARTESIAN_POINT('',(-2.25,-0.55,2.8));
#10998=CARTESIAN_POINT('',(-2.05,-0.55,3.));
#10999=CARTESIAN_POINT('Origin',(-2.05,-0.55,2.8));
#11000=CARTESIAN_POINT('',(-2.05,-0.75,2.8));
#11001=CARTESIAN_POINT('Origin',(-2.05,-0.55,2.8));
#11002=CARTESIAN_POINT('Origin',(-2.05,-0.55,2.8));
#11003=CARTESIAN_POINT('Origin',(-2.05,-0.55,2.));
#11004=CARTESIAN_POINT('',(-2.05,-0.75,2.));
#11005=CARTESIAN_POINT('',(-2.25,-0.55,2.));
#11006=CARTESIAN_POINT('Origin',(-2.05,0.55,2.8));
#11007=CARTESIAN_POINT('',(-2.05,0.55,3.));
#11008=CARTESIAN_POINT('Origin',(-2.05,0.55,2.8));
#11009=CARTESIAN_POINT('',(-2.25,0.55,2.8));
#11010=CARTESIAN_POINT('Origin',(-2.05,0.55,2.8));
#11011=CARTESIAN_POINT('Origin',(-2.05,0.55,2.8));
#11012=CARTESIAN_POINT('Origin',(-2.05,0.55,2.));
#11013=CARTESIAN_POINT('',(-2.25,0.55,2.));
#11014=CARTESIAN_POINT('',(-2.25,0.55,2.));
#11015=CARTESIAN_POINT('Origin',(-2.05,0.55,1.8));
#11016=CARTESIAN_POINT('Origin',(-2.05,0.375,2.8));
#11017=CARTESIAN_POINT('',(-2.05,0.375,3.));
#11018=CARTESIAN_POINT('',(-2.25,0.375,2.8));
#11019=CARTESIAN_POINT('Origin',(-1.66132477258362,-0.55,2.8));
#11020=CARTESIAN_POINT('',(-1.66132477258362,-0.75,2.8));
#11021=CARTESIAN_POINT('',(-1.66132477258362,-0.55,3.));
#11022=CARTESIAN_POINT('Origin',(-1.66132477258362,-0.55,2.8));
#11023=CARTESIAN_POINT('',(-1.47145908428834,-0.487142857142857,2.8));
#11024=CARTESIAN_POINT('Origin',(-1.66132477258362,-0.55,2.8));
#11025=CARTESIAN_POINT('Origin',(-1.66132477258362,-0.55,2.8));
#11026=CARTESIAN_POINT('Origin',(-1.66132477258362,-0.55,2.));
#11027=CARTESIAN_POINT('',(-1.47145908428834,-0.487142857142857,2.));
#11028=CARTESIAN_POINT('',(-1.66132477258362,-0.75,2.));
#11029=CARTESIAN_POINT('Origin',(-1.66132477258362,0.55,2.8));
#11030=CARTESIAN_POINT('',(-1.47145908428834,0.487142857142858,2.8));
#11031=CARTESIAN_POINT('',(-1.66132477258362,0.55,3.));
#11032=CARTESIAN_POINT('Origin',(-1.66132477258362,0.55,2.8));
#11033=CARTESIAN_POINT('Origin',(-1.66132477258362,0.55,2.8));
#11034=CARTESIAN_POINT('Origin',(-1.66132477258362,0.55,2.8));
#11035=CARTESIAN_POINT('Origin',(-1.66132477258362,0.55,2.));
#11036=CARTESIAN_POINT('',(-1.47145908428834,0.487142857142858,2.));
#11037=CARTESIAN_POINT('Origin',(-1.57984949746879,0.55,2.8));
#11038=CARTESIAN_POINT('',(-1.57984949746879,0.55,3.));
#11039=CARTESIAN_POINT('Origin',(0.,0.,2.8));
#11040=CARTESIAN_POINT('Origin',(0.,0.,3.));
#11041=CARTESIAN_POINT('Origin',(0.,0.,2.8));
#11042=CARTESIAN_POINT('Origin',(-2.02661649915626,-0.55,2.8));
#11043=CARTESIAN_POINT('',(-2.02661649915626,-0.55,3.));
#11044=CARTESIAN_POINT('',(-2.02661649915626,-0.75,2.8));
#11045=CARTESIAN_POINT('Origin',(-0.678232998312527,0.55,1.8));
#11046=CARTESIAN_POINT('',(-2.5,0.55,2.));
#11047=CARTESIAN_POINT('Origin',(-2.5,0.55,1.8));
#11048=CARTESIAN_POINT('',(-0.678232998312527,0.55,2.));
#11049=CARTESIAN_POINT('Origin',(-2.25,0.75,2.));
#11050=CARTESIAN_POINT('',(-2.25,0.375,2.));
#11051=CARTESIAN_POINT('Origin',(-2.77555756156289E-16,0.,2.));
#11052=CARTESIAN_POINT('',(-2.5,2.5,2.));
#11053=CARTESIAN_POINT('Origin',(-1.80323299831253,2.08166817117217E-16,
3.));
#11054=CARTESIAN_POINT('Origin',(0.,0.,1.8));
#11055=CARTESIAN_POINT('',(-0.75,-1.35646599662505,1.8));
#11056=CARTESIAN_POINT('Origin',(0.,0.,1.8));
#11057=CARTESIAN_POINT('Ctrl Pts',(-0.75,-1.12249721603218,2.));
#11058=CARTESIAN_POINT('Ctrl Pts',(-0.75,-1.15346558104273,2.));
#11059=CARTESIAN_POINT('Ctrl Pts',(-0.75,-1.19009103709663,1.9937077000947));
#11060=CARTESIAN_POINT('Ctrl Pts',(-0.75,-1.24502069299428,1.97289622744271));
#11061=CARTESIAN_POINT('Ctrl Pts',(-0.75,-1.27363449977516,1.95581209190076));
#11062=CARTESIAN_POINT('Ctrl Pts',(-0.75,-1.31262350424992,1.91993877291643));
#11063=CARTESIAN_POINT('Ctrl Pts',(-0.75,-1.33059221583504,1.89560156362908));
#11064=CARTESIAN_POINT('Ctrl Pts',(-0.75,-1.35045037554988,1.85109952437789));
#11065=CARTESIAN_POINT('Ctrl Pts',(-0.75,-1.35646599662505,1.82352182010149));
#11066=CARTESIAN_POINT('Ctrl Pts',(-0.75,-1.35646599662505,1.8));
#11067=CARTESIAN_POINT('Origin',(1.625,-1.625,1.));
#11068=CARTESIAN_POINT('',(0.75,-1.06183802907977,1.));
#11069=CARTESIAN_POINT('Origin',(1.625,1.625,1.));
#11070=CARTESIAN_POINT('Origin',(0.,0.,2.));
#11071=CARTESIAN_POINT('',(-1.35646599662505,-0.75,1.));
#11072=CARTESIAN_POINT('',(-1.35646599662505,-0.75,2.));
#11073=CARTESIAN_POINT('',(-0.75,-1.35646599662505,1.));
#11074=CARTESIAN_POINT('Origin',(0.,0.,1.));
#11075=CARTESIAN_POINT('',(-0.75,-1.35646599662505,2.));
#11076=CARTESIAN_POINT('Origin',(-1.625,-1.625,1.));
#11077=CARTESIAN_POINT('',(-2.5,-0.75,1.));
#11078=CARTESIAN_POINT('',(-1.06183802907977,-0.75,1.));
#11079=CARTESIAN_POINT('',(-2.5,0.4375,1.));
#11080=CARTESIAN_POINT('',(-0.75,-2.5,1.));
#11081=CARTESIAN_POINT('Origin',(-1.625,1.625,1.));
#11082=CARTESIAN_POINT('',(-2.5,2.0625,1.));
#11083=CARTESIAN_POINT('Origin',(0.75,-2.25,2.));
#11084=CARTESIAN_POINT('Origin',(-0.75,-1.35646599662505,2.));
#11085=CARTESIAN_POINT('Origin',(0.,0.,2.));
#11086=CARTESIAN_POINT('Origin',(-2.25,-0.75,2.));
#11087=CARTESIAN_POINT('',(-2.5,-0.75,1.));
#11088=CARTESIAN_POINT('Origin',(0.,0.,2.));
#11089=CARTESIAN_POINT('Origin',(2.25,-0.75,2.));
#11090=CARTESIAN_POINT('Origin',(0.,0.,2.));
#11091=CARTESIAN_POINT('Origin',(0.63508529610859,1.1,0.));
#11092=CARTESIAN_POINT('',(0.63508529610859,1.1,0.));
#11093=CARTESIAN_POINT('',(-0.635085296108588,1.1,0.));
#11094=CARTESIAN_POINT('',(0.317542648054295,1.1,0.));
#11095=CARTESIAN_POINT('',(0.63508529610859,1.1,1.8));
#11096=CARTESIAN_POINT('',(0.63508529610859,1.1,0.));
#11097=CARTESIAN_POINT('',(-0.635085296108588,1.1,1.8));
#11098=CARTESIAN_POINT('',(-0.635085296108588,1.1,1.8));
#11099=CARTESIAN_POINT('',(-0.635085296108588,1.1,0.));
#11100=CARTESIAN_POINT('Origin',(1.27017059221718,-8.32667268468867E-16,
0.));
#11101=CARTESIAN_POINT('',(1.27017059221718,-7.19620089685498E-16,0.));
#11102=CARTESIAN_POINT('',(1.11139926819003,0.274999999999999,0.));
#11103=CARTESIAN_POINT('',(1.27017059221718,-7.19620089685498E-16,1.8));
#11104=CARTESIAN_POINT('',(1.27017059221718,-7.19620089685498E-16,0.));
#11105=CARTESIAN_POINT('',(0.63508529610859,1.1,1.8));
#11106=CARTESIAN_POINT('Origin',(0.635085296108588,-1.1,0.));
#11107=CARTESIAN_POINT('',(0.635085296108588,-1.1,0.));
#11108=CARTESIAN_POINT('',(0.793856620135735,-0.825,0.));
#11109=CARTESIAN_POINT('',(0.635085296108588,-1.1,1.8));
#11110=CARTESIAN_POINT('',(0.635085296108588,-1.1,0.));
#11111=CARTESIAN_POINT('',(1.27017059221718,-6.93889390390723E-16,1.8));
#11112=CARTESIAN_POINT('Origin',(-0.635085296108589,-1.1,0.));
#11113=CARTESIAN_POINT('',(-0.635085296108589,-1.1,0.));
#11114=CARTESIAN_POINT('',(-0.317542648054295,-1.1,0.));
#11115=CARTESIAN_POINT('',(-0.635085296108589,-1.1,1.8));
#11116=CARTESIAN_POINT('',(-0.635085296108589,-1.1,0.));
#11117=CARTESIAN_POINT('',(0.635085296108588,-1.1,1.8));
#11118=CARTESIAN_POINT('Origin',(-1.27017059221718,1.38777878078145E-16,
0.));
#11119=CARTESIAN_POINT('',(-1.27017059221718,2.82034527336256E-16,0.));
#11120=CARTESIAN_POINT('',(-1.11139926819003,-0.275,0.));
#11121=CARTESIAN_POINT('',(-1.27017059221718,2.82034527336256E-16,1.8));
#11122=CARTESIAN_POINT('',(-1.27017059221718,2.82034527336256E-16,0.));
#11123=CARTESIAN_POINT('',(-0.635085296108589,-1.1,1.8));
#11124=CARTESIAN_POINT('Origin',(-0.635085296108588,1.1,0.));
#11125=CARTESIAN_POINT('',(-0.793856620135735,0.825,0.));
#11126=CARTESIAN_POINT('',(-1.27017059221718,2.77555756156289E-16,1.8));
#11127=CARTESIAN_POINT('Origin',(0.,0.,1.8));
#11128=CARTESIAN_POINT('',(-0.75,9.18485099360515E-17,1.8));
#11129=CARTESIAN_POINT('Origin',(0.,0.,1.8));
#11130=CARTESIAN_POINT('Origin',(0.,0.,2.));
#11131=CARTESIAN_POINT('',(-0.75,9.18485099360515E-17,2.));
#11132=CARTESIAN_POINT('Origin',(-2.5,2.5,0.));
#11133=CARTESIAN_POINT('',(-2.5,2.5,0.));
#11134=CARTESIAN_POINT('Origin',(-2.77555756156289E-16,-1.38777878078145E-16,
0.));
#11135=CARTESIAN_POINT('',(0.,0.,0.));
#11136=CARTESIAN_POINT('Origin',(5.55111512312578E-16,5.55111512312578E-16,
0.));
#11137=CARTESIAN_POINT('',(2.5,-4.33012701892219,0.));
#11138=CARTESIAN_POINT('',(0.767949192431122,-3.33012701892219,0.));
#11139=CARTESIAN_POINT('',(2.5,-4.33012701892219,0.));
#11140=CARTESIAN_POINT('',(3.26794919243112,1.,0.));
#11141=CARTESIAN_POINT('',(0.767949192431122,-3.33012701892219,0.));
#11142=CARTESIAN_POINT('',(5.,-1.83400382508157E-15,0.));
#11143=CARTESIAN_POINT('',(3.26794919243112,1.,0.));
#11144=CARTESIAN_POINT('',(2.5,-4.33012701892219,0.));
#11145=CARTESIAN_POINT('Origin',(5.55111512312578E-16,5.55111512312578E-16,
0.));
#11146=CARTESIAN_POINT('',(-2.5,2.33012701892219,0.));
#11147=CARTESIAN_POINT('',(-2.5,4.33012701892219,0.));
#11148=CARTESIAN_POINT('',(-2.5,2.33012701892219,0.));
#11149=CARTESIAN_POINT('',(2.5,4.3301270189222,0.));
#11150=CARTESIAN_POINT('',(2.5,4.3301270189222,0.));
#11151=CARTESIAN_POINT('',(2.5,2.33012701892219,0.));
#11152=CARTESIAN_POINT('',(2.5,4.33012701892219,0.));
#11153=CARTESIAN_POINT('',(2.5,2.33012701892219,0.));
#11154=CARTESIAN_POINT('Origin',(-5.,-7.4833262439695E-16,0.));
#11155=CARTESIAN_POINT('',(-5.,-5.55111512312578E-16,0.));
#11156=CARTESIAN_POINT('',(-2.5,-4.33012701892219,0.));
#11157=CARTESIAN_POINT('',(-5.,-5.55111512312578E-16,0.));
#11158=CARTESIAN_POINT('',(-2.5,-4.33012701892219,0.5));
#11159=CARTESIAN_POINT('',(-2.5,-4.33012701892219,0.));
#11160=CARTESIAN_POINT('',(-5.,-5.55111512312578E-16,0.5));
#11161=CARTESIAN_POINT('',(-5.,-5.55111512312578E-16,0.5));
#11162=CARTESIAN_POINT('',(-5.,-8.12739661758407E-16,0.));
#11163=CARTESIAN_POINT('Origin',(2.5,4.3301270189222,0.));
#11164=CARTESIAN_POINT('',(-2.5,4.33012701892219,0.5));
#11165=CARTESIAN_POINT('',(-2.5,4.33012701892219,0.));
#11166=CARTESIAN_POINT('',(2.5,4.3301270189222,0.5));
#11167=CARTESIAN_POINT('',(2.5,4.3301270189222,0.5));
#11168=CARTESIAN_POINT('',(2.5,4.3301270189222,0.));
#11169=CARTESIAN_POINT('Origin',(2.5,-4.33012701892219,0.));
#11170=CARTESIAN_POINT('',(5.,-1.66533453693773E-15,0.5));
#11171=CARTESIAN_POINT('',(5.,-1.83400382508157E-15,0.));
#11172=CARTESIAN_POINT('',(2.5,-4.33012701892219,0.5));
#11173=CARTESIAN_POINT('',(2.5,-4.33012701892219,0.5));
#11174=CARTESIAN_POINT('',(2.5,-4.33012701892219,0.));
#11175=CARTESIAN_POINT('Origin',(5.55111512312578E-16,5.55111512312578E-16,
0.5));
#11176=CARTESIAN_POINT('Origin',(0.,0.,0.5));
#11177=CARTESIAN_POINT('Origin',(0.,0.,0.5));
#11178=CARTESIAN_POINT('Origin',(0.,0.,0.5));
#11179=CARTESIAN_POINT('Origin',(5.55111512312578E-16,5.55111512312578E-16,
0.));
#11180=CARTESIAN_POINT('',(-0.767949192431122,-3.3301270189222,0.));
#11181=CARTESIAN_POINT('',(-0.767949192431122,-3.3301270189222,0.));
#11182=CARTESIAN_POINT('',(-3.26794919243112,0.999999999999999,0.));
#11183=CARTESIAN_POINT('',(-5.,-1.11022302462516E-15,0.));
#11184=CARTESIAN_POINT('',(-3.26794919243112,0.999999999999999,0.));
#11185=CARTESIAN_POINT('Origin',(0.,0.,0.));
#11186=CARTESIAN_POINT('',(-2.5,-4.33012701892219,-5.));
#11187=CARTESIAN_POINT('',(2.5,-4.33012701892218,-5.));
#11188=CARTESIAN_POINT('Origin',(0.,0.,-5.));
#11189=CARTESIAN_POINT('',(2.5,-4.33012701892219,0.));
#11190=CARTESIAN_POINT('',(-2.5,-4.33012701892219,0.));
#11191=CARTESIAN_POINT('Origin',(0.,0.,0.));
#11192=CARTESIAN_POINT('',(-2.5,4.33012701892219,-5.));
#11193=CARTESIAN_POINT('',(-5.,-1.66533453693773E-15,-5.));
#11194=CARTESIAN_POINT('Origin',(0.,0.,-5.));
#11195=CARTESIAN_POINT('',(-5.,-5.55111512312578E-16,0.));
#11196=CARTESIAN_POINT('',(-2.5,4.33012701892219,0.));
#11197=CARTESIAN_POINT('Origin',(0.,0.,0.));
#11198=CARTESIAN_POINT('',(5.,-1.94289029309402E-15,-5.));
#11199=CARTESIAN_POINT('',(2.5,4.3301270189222,-5.));
#11200=CARTESIAN_POINT('Origin',(0.,0.,-5.));
#11201=CARTESIAN_POINT('',(2.5,4.3301270189222,0.));
#11202=CARTESIAN_POINT('',(5.,-1.83400382508157E-15,0.));
#11203=CARTESIAN_POINT('Origin',(-2.5,2.33012701892219,-0.5));
#11204=CARTESIAN_POINT('',(-3.26794919243112,0.999999999999999,-0.5));
#11205=CARTESIAN_POINT('',(-2.5,2.33012701892219,-0.5));
#11206=CARTESIAN_POINT('',(-2.69198729810778,1.99759526419165,-0.5));
#11207=CARTESIAN_POINT('',(-3.26794919243113,1.,-5.));
#11208=CARTESIAN_POINT('',(-3.26794919243113,1.,-0.5));
#11209=CARTESIAN_POINT('',(-2.5,2.33012701892219,-5.));
#11210=CARTESIAN_POINT('',(-2.5,2.33012701892219,-5.));
#11211=CARTESIAN_POINT('',(-2.5,2.33012701892219,-0.5));
#11212=CARTESIAN_POINT('Origin',(-3.75,2.1650635094611,-5.));
#11213=CARTESIAN_POINT('',(-2.5,4.33012701892219,-5.));
#11214=CARTESIAN_POINT('',(-3.26794919243113,1.,-5.));
#11215=CARTESIAN_POINT('Origin',(-0.767949192431122,-3.3301270189222,-0.5));
#11216=CARTESIAN_POINT('',(0.767949192431122,-3.33012701892219,-0.5));
#11217=CARTESIAN_POINT('',(-0.767949192431122,-3.3301270189222,-0.5));
#11218=CARTESIAN_POINT('',(-0.383974596215549,-3.33012701892219,-0.5));
#11219=CARTESIAN_POINT('',(0.767949192431119,-3.33012701892218,-5.));
#11220=CARTESIAN_POINT('',(0.767949192431119,-3.33012701892218,-0.5));
#11221=CARTESIAN_POINT('',(-0.767949192431122,-3.3301270189222,-5.));
#11222=CARTESIAN_POINT('',(-0.767949192431122,-3.3301270189222,-5.));
#11223=CARTESIAN_POINT('',(-0.767949192431122,-3.3301270189222,-0.5));
#11224=CARTESIAN_POINT('Origin',(-1.11022302462516E-15,-3.83012701892219,
-5.));
#11225=CARTESIAN_POINT('',(0.767949192431119,-3.33012701892218,-5.));
#11226=CARTESIAN_POINT('',(-2.5,-4.33012701892219,-5.));
#11227=CARTESIAN_POINT('Origin',(3.26794919243112,1.,-0.5));
#11228=CARTESIAN_POINT('',(2.5,2.33012701892219,-0.5));
#11229=CARTESIAN_POINT('',(3.26794919243112,1.,-0.5));
#11230=CARTESIAN_POINT('',(3.07596189432334,1.33253175473055,-0.5));
#11231=CARTESIAN_POINT('',(2.5,2.33012701892219,-5.));
#11232=CARTESIAN_POINT('',(2.5,2.33012701892219,-0.5));
#11233=CARTESIAN_POINT('',(3.26794919243112,1.,-5.));
#11234=CARTESIAN_POINT('',(3.26794919243112,1.,-5.));
#11235=CARTESIAN_POINT('',(3.26794919243112,1.,-0.5));
#11236=CARTESIAN_POINT('Origin',(3.75,2.1650635094611,-5.));
#11237=CARTESIAN_POINT('',(2.5,2.33012701892219,-5.));
#11238=CARTESIAN_POINT('',(5.,-1.83400382508157E-15,-5.));
#11239=CARTESIAN_POINT('Origin',(5.55111512312578E-16,5.55111512312578E-16,
-0.5));
#11240=CARTESIAN_POINT('',(2.5,2.33012701892219,-0.5));
#11241=CARTESIAN_POINT('',(0.767949192431122,-3.33012701892219,-0.5));
#11242=CARTESIAN_POINT('',(-3.26794919243112,0.999999999999999,-0.5));
#11243=CARTESIAN_POINT('Origin',(5.,-8.32667268468867E-16,0.));
#11244=CARTESIAN_POINT('',(3.26794919243112,1.,0.));
#11245=CARTESIAN_POINT('Origin',(2.5,2.33012701892219,0.));
#11246=CARTESIAN_POINT('',(2.5,2.33012701892219,0.));
#11247=CARTESIAN_POINT('Origin',(-2.5,2.33012701892219,0.));
#11248=CARTESIAN_POINT('',(-2.5,2.33012701892219,0.));
#11249=CARTESIAN_POINT('Origin',(-2.5,4.33012701892219,0.));
#11250=CARTESIAN_POINT('Origin',(-3.26794919243112,1.,0.));
#11251=CARTESIAN_POINT('',(-3.26794919243112,0.999999999999999,0.));
#11252=CARTESIAN_POINT('Origin',(-0.767949192431121,-3.3301270189222,0.));
#11253=CARTESIAN_POINT('',(-0.767949192431122,-3.3301270189222,0.));
#11254=CARTESIAN_POINT('Origin',(-2.5,-4.3301270189222,0.));
#11255=CARTESIAN_POINT('Origin',(0.767949192431122,-3.33012701892219,0.));
#11256=CARTESIAN_POINT('',(0.767949192431122,-3.33012701892219,0.));
#11257=CARTESIAN_POINT('Origin',(3.26794919243113,1.,0.));
#11258=CARTESIAN_POINT('',(0.,0.,0.));
#11259=CARTESIAN_POINT('Origin',(-2.05,-0.55,3.3));
#11260=CARTESIAN_POINT('',(-2.25,-0.55,3.3));
#11261=CARTESIAN_POINT('',(-2.05,-0.75,3.3));
#11262=CARTESIAN_POINT('Origin',(-2.05,-0.55,3.3));
#11263=CARTESIAN_POINT('',(-2.05,-0.55,3.5));
#11264=CARTESIAN_POINT('Origin',(-2.05,-0.55,3.3));
#11265=CARTESIAN_POINT('Origin',(-2.05,-0.55,3.3));
#11266=CARTESIAN_POINT('Origin',(-2.05,-0.55,2.));
#11267=CARTESIAN_POINT('',(-2.25,-0.55,2.));
#11268=CARTESIAN_POINT('',(-2.05,-0.75,2.));
#11269=CARTESIAN_POINT('Origin',(-2.05,-0.55,2.));
#11270=CARTESIAN_POINT('',(-2.05,-0.75,2.));
#11271=CARTESIAN_POINT('',(-2.25,-0.55,2.));
#11272=CARTESIAN_POINT('Origin',(-2.25,0.75,2.));
#11273=CARTESIAN_POINT('',(-2.25,0.55,3.3));
#11274=CARTESIAN_POINT('',(-2.25,0.375,3.3));
#11275=CARTESIAN_POINT('',(-2.25,0.55,2.));
#11276=CARTESIAN_POINT('',(-2.25,0.55,2.));
#11277=CARTESIAN_POINT('',(-2.25,0.375,2.));
#11278=CARTESIAN_POINT('Origin',(-2.05,0.375,3.3));
#11279=CARTESIAN_POINT('',(-2.05,0.55,3.5));
#11280=CARTESIAN_POINT('',(-2.05,0.375,3.5));
#11281=CARTESIAN_POINT('Origin',(-2.05,0.55,3.3));
#11282=CARTESIAN_POINT('Origin',(-2.02661649915626,-0.55,3.3));
#11283=CARTESIAN_POINT('',(-1.66132477258362,-0.75,3.3));
#11284=CARTESIAN_POINT('',(-2.02661649915626,-0.75,3.3));
#11285=CARTESIAN_POINT('',(-1.66132477258362,-0.55,3.5));
#11286=CARTESIAN_POINT('Origin',(-1.66132477258362,-0.55,3.3));
#11287=CARTESIAN_POINT('',(-2.02661649915626,-0.55,3.5));
#11288=CARTESIAN_POINT('Origin',(-2.05,0.55,3.3));
#11289=CARTESIAN_POINT('',(-2.05,0.75,3.3));
#11290=CARTESIAN_POINT('Origin',(-2.05,0.55,3.3));
#11291=CARTESIAN_POINT('Origin',(-2.05,0.55,3.3));
#11292=CARTESIAN_POINT('Origin',(-2.05,0.55,2.));
#11293=CARTESIAN_POINT('',(-2.05,0.75,2.));
#11294=CARTESIAN_POINT('Origin',(-2.05,0.55,2.));
#11295=CARTESIAN_POINT('',(-2.05,0.75,2.));
#11296=CARTESIAN_POINT('Origin',(-1.35646599662505,0.75,2.));
#11297=CARTESIAN_POINT('',(-1.66132477258362,0.75,3.3));
#11298=CARTESIAN_POINT('',(-1.57984949746879,0.75,3.3));
#11299=CARTESIAN_POINT('',(-1.66132477258362,0.75,2.));
#11300=CARTESIAN_POINT('',(-1.66132477258362,0.75,2.));
#11301=CARTESIAN_POINT('',(-0.678232998312527,0.75,2.));
#11302=CARTESIAN_POINT('Origin',(-1.57984949746879,0.55,3.3));
#11303=CARTESIAN_POINT('',(-1.66132477258362,0.55,3.5));
#11304=CARTESIAN_POINT('',(-1.57984949746879,0.55,3.5));
#11305=CARTESIAN_POINT('Origin',(-1.66132477258362,0.55,3.3));
#11306=CARTESIAN_POINT('Origin',(-1.66132477258362,0.55,3.3));
#11307=CARTESIAN_POINT('',(-1.47145908428834,0.487142857142858,3.3));
#11308=CARTESIAN_POINT('Origin',(-1.66132477258362,0.55,3.3));
#11309=CARTESIAN_POINT('Origin',(-1.66132477258362,0.55,3.3));
#11310=CARTESIAN_POINT('Origin',(-1.66132477258362,0.55,2.));
#11311=CARTESIAN_POINT('',(-1.47145908428834,0.487142857142858,2.));
#11312=CARTESIAN_POINT('Origin',(-1.66132477258362,0.55,2.));
#11313=CARTESIAN_POINT('',(-1.47145908428834,0.487142857142858,2.));
#11314=CARTESIAN_POINT('Origin',(0.,0.,2.));
#11315=CARTESIAN_POINT('',(-1.47145908428835,-0.487142857142857,3.3));
#11316=CARTESIAN_POINT('Origin',(0.,0.,3.3));
#11317=CARTESIAN_POINT('',(-1.47145908428835,-0.487142857142857,2.));
#11318=CARTESIAN_POINT('',(-1.47145908428834,-0.487142857142857,2.));
#11319=CARTESIAN_POINT('Origin',(0.,0.,2.));
#11320=CARTESIAN_POINT('Origin',(0.,0.,3.3));
#11321=CARTESIAN_POINT('Origin',(0.,0.,3.5));
#11322=CARTESIAN_POINT('Origin',(-1.66132477258362,-0.55,3.3));
#11323=CARTESIAN_POINT('Origin',(-1.66132477258362,-0.55,3.3));
#11324=CARTESIAN_POINT('Origin',(-1.66132477258362,-0.55,3.3));
#11325=CARTESIAN_POINT('Origin',(-1.66132477258362,-0.55,2.));
#11326=CARTESIAN_POINT('',(-1.66132477258362,-0.75,2.));
#11327=CARTESIAN_POINT('Origin',(-1.66132477258362,-0.55,2.));
#11328=CARTESIAN_POINT('',(-1.66132477258362,-0.75,2.));
#11329=CARTESIAN_POINT('Origin',(-2.25,-0.75,2.));
#11330=CARTESIAN_POINT('',(-1.125,-0.75,2.));
#11331=CARTESIAN_POINT('Origin',(-1.2,-1.2737739202857,3.3));
#11332=CARTESIAN_POINT('',(-1.,-1.2737739202857,3.3));
#11333=CARTESIAN_POINT('',(-1.06285714285714,-1.12819975796733,3.3));
#11334=CARTESIAN_POINT('Origin',(-1.2,-1.2737739202857,3.3));
#11335=CARTESIAN_POINT('',(-1.2,-1.2737739202857,3.5));
#11336=CARTESIAN_POINT('Origin',(-1.2,-1.2737739202857,3.3));
#11337=CARTESIAN_POINT('Origin',(-1.2,-1.2737739202857,3.3));
#11338=CARTESIAN_POINT('Origin',(-1.2,-1.2737739202857,2.));
#11339=CARTESIAN_POINT('',(-1.,-1.2737739202857,2.));
#11340=CARTESIAN_POINT('',(-1.06285714285714,-1.12819975796733,2.));
#11341=CARTESIAN_POINT('Origin',(-1.2,-1.2737739202857,2.));
#11342=CARTESIAN_POINT('',(-1.06285714285714,-1.12819975796733,2.));
#11343=CARTESIAN_POINT('',(-1.,-1.2737739202857,2.));
#11344=CARTESIAN_POINT('Origin',(-1.,-2.25,2.));
#11345=CARTESIAN_POINT('',(-1.,-2.05,3.3));
#11346=CARTESIAN_POINT('',(-1.,-1.9375,3.3));
#11347=CARTESIAN_POINT('',(-1.,-2.05,2.));
#11348=CARTESIAN_POINT('',(-1.,-2.05,2.));
#11349=CARTESIAN_POINT('',(-1.,-1.125,2.));
#11350=CARTESIAN_POINT('Origin',(-1.2,-1.9375,3.3));
#11351=CARTESIAN_POINT('',(-1.2,-2.05,3.5));
#11352=CARTESIAN_POINT('',(-1.2,-1.9375,3.5));
#11353=CARTESIAN_POINT('Origin',(-1.2,-2.05,3.3));
#11354=CARTESIAN_POINT('Origin',(0.,0.,3.3));
#11355=CARTESIAN_POINT('',(-1.12819975796733,-1.06285714285714,3.3));
#11356=CARTESIAN_POINT('Origin',(0.,0.,3.3));
#11357=CARTESIAN_POINT('',(-1.2737739202857,-1.2,3.5));
#11358=CARTESIAN_POINT('Origin',(-1.2737739202857,-1.2,3.3));
#11359=CARTESIAN_POINT('Origin',(0.,0.,3.5));
#11360=CARTESIAN_POINT('Origin',(-2.05,-1.2,3.3));
#11361=CARTESIAN_POINT('',(-2.05,-1.,3.3));
#11362=CARTESIAN_POINT('',(-2.25,-1.2,3.3));
#11363=CARTESIAN_POINT('Origin',(-2.05,-1.2,3.3));
#11364=CARTESIAN_POINT('',(-2.05,-1.2,3.5));
#11365=CARTESIAN_POINT('Origin',(-2.05,-1.2,3.3));
#11366=CARTESIAN_POINT('Origin',(-2.05,-1.2,3.3));
#11367=CARTESIAN_POINT('Origin',(-2.05,-1.2,2.));
#11368=CARTESIAN_POINT('',(-2.05,-1.,2.));
#11369=CARTESIAN_POINT('',(-2.25,-1.2,2.));
#11370=CARTESIAN_POINT('Origin',(-2.05,-1.2,2.));
#11371=CARTESIAN_POINT('',(-2.25,-1.2,2.));
#11372=CARTESIAN_POINT('',(-2.05,-1.,2.));
#11373=CARTESIAN_POINT('Origin',(-1.1842719282327,-1.,2.));
#11374=CARTESIAN_POINT('',(-1.2737739202857,-1.,3.3));
#11375=CARTESIAN_POINT('',(-1.40463596411635,-1.,3.3));
#11376=CARTESIAN_POINT('',(-1.2737739202857,-1.,2.));
#11377=CARTESIAN_POINT('',(-1.2737739202857,-1.,2.));
#11378=CARTESIAN_POINT('',(-0.59213596411635,-1.,2.));
#11379=CARTESIAN_POINT('Origin',(-1.40463596411635,-1.2,3.3));
#11380=CARTESIAN_POINT('',(-1.40463596411635,-1.2,3.5));
#11381=CARTESIAN_POINT('Origin',(-1.2737739202857,-1.2,3.3));
#11382=CARTESIAN_POINT('Origin',(-1.2737739202857,-1.2,3.3));
#11383=CARTESIAN_POINT('Origin',(-1.2737739202857,-1.2,3.3));
#11384=CARTESIAN_POINT('Origin',(-1.2737739202857,-1.2,2.));
#11385=CARTESIAN_POINT('',(-1.12819975796733,-1.06285714285714,2.));
#11386=CARTESIAN_POINT('Origin',(-1.2737739202857,-1.2,2.));
#11387=CARTESIAN_POINT('',(-1.12819975796733,-1.06285714285714,2.));
#11388=CARTESIAN_POINT('Origin',(0.,0.,2.));
#11389=CARTESIAN_POINT('Origin',(0.,0.,2.));
#11390=CARTESIAN_POINT('Origin',(-1.2,-2.05,3.3));
#11391=CARTESIAN_POINT('',(-1.2,-2.25,3.3));
#11392=CARTESIAN_POINT('Origin',(-1.2,-2.05,3.3));
#11393=CARTESIAN_POINT('Origin',(-1.2,-2.05,3.3));
#11394=CARTESIAN_POINT('Origin',(-1.2,-2.05,2.));
#11395=CARTESIAN_POINT('',(-1.2,-2.25,2.));
#11396=CARTESIAN_POINT('Origin',(-1.2,-2.05,2.));
#11397=CARTESIAN_POINT('',(-1.2,-2.25,2.));
#11398=CARTESIAN_POINT('Origin',(-2.25,-2.25,2.));
#11399=CARTESIAN_POINT('',(-2.05,-2.25,3.3));
#11400=CARTESIAN_POINT('',(-1.9375,-2.25,3.3));
#11401=CARTESIAN_POINT('',(-2.05,-2.25,2.));
#11402=CARTESIAN_POINT('',(-2.05,-2.25,2.));
#11403=CARTESIAN_POINT('',(-1.125,-2.25,2.));
#11404=CARTESIAN_POINT('Origin',(-1.9375,-2.05,3.3));
#11405=CARTESIAN_POINT('',(-2.05,-2.05,3.5));
#11406=CARTESIAN_POINT('',(-1.9375,-2.05,3.5));
#11407=CARTESIAN_POINT('Origin',(-2.05,-2.05,3.3));
#11408=CARTESIAN_POINT('Origin',(-2.05,-2.05,3.3));
#11409=CARTESIAN_POINT('',(-2.25,-2.05,3.3));
#11410=CARTESIAN_POINT('Origin',(-2.05,-2.05,3.3));
#11411=CARTESIAN_POINT('Origin',(-2.05,-2.05,3.3));
#11412=CARTESIAN_POINT('Origin',(-2.05,-2.05,2.));
#11413=CARTESIAN_POINT('',(-2.25,-2.05,2.));
#11414=CARTESIAN_POINT('Origin',(-2.05,-2.05,2.));
#11415=CARTESIAN_POINT('',(-2.25,-2.05,2.));
#11416=CARTESIAN_POINT('Origin',(-2.25,-1.,2.));
#11417=CARTESIAN_POINT('',(-2.25,-0.500000000000001,2.));
#11418=CARTESIAN_POINT('',(-2.25,-1.3125,3.3));
#11419=CARTESIAN_POINT('Origin',(-2.05,-1.3125,3.3));
#11420=CARTESIAN_POINT('',(-2.05,-1.3125,3.5));
#11421=CARTESIAN_POINT('Origin',(0.55,-1.66132477258362,3.3));
#11422=CARTESIAN_POINT('',(0.75,-1.66132477258362,3.3));
#11423=CARTESIAN_POINT('',(0.487142857142857,-1.47145908428835,3.3));
#11424=CARTESIAN_POINT('Origin',(0.55,-1.66132477258362,3.3));
#11425=CARTESIAN_POINT('',(0.55,-1.66132477258362,3.5));
#11426=CARTESIAN_POINT('Origin',(0.55,-1.66132477258362,3.3));
#11427=CARTESIAN_POINT('Origin',(0.55,-1.66132477258362,3.3));
#11428=CARTESIAN_POINT('Origin',(0.549999999999999,-1.66132477258362,2.));
#11429=CARTESIAN_POINT('',(0.75,-1.66132477258362,2.));
#11430=CARTESIAN_POINT('',(0.487142857142857,-1.47145908428835,2.));
#11431=CARTESIAN_POINT('Origin',(0.549999999999999,-1.66132477258362,2.));
#11432=CARTESIAN_POINT('',(0.487142857142857,-1.47145908428834,2.));
#11433=CARTESIAN_POINT('',(0.75,-1.66132477258362,2.));
#11434=CARTESIAN_POINT('Origin',(0.75,-2.25,2.));
#11435=CARTESIAN_POINT('',(0.75,-2.05,3.3));
#11436=CARTESIAN_POINT('',(0.75,-2.02661649915626,3.3));
#11437=CARTESIAN_POINT('',(0.75,-2.05,2.));
#11438=CARTESIAN_POINT('',(0.75,-2.05,2.));
#11439=CARTESIAN_POINT('',(0.75,-1.125,2.));
#11440=CARTESIAN_POINT('Origin',(0.55,-2.02661649915626,3.3));
#11441=CARTESIAN_POINT('',(0.55,-2.05,3.5));
#11442=CARTESIAN_POINT('',(0.55,-2.02661649915626,3.5));
#11443=CARTESIAN_POINT('Origin',(0.55,-2.05,3.3));
#11444=CARTESIAN_POINT('Origin',(0.,0.,3.3));
#11445=CARTESIAN_POINT('',(-0.487142857142857,-1.47145908428834,3.3));
#11446=CARTESIAN_POINT('Origin',(0.,0.,3.3));
#11447=CARTESIAN_POINT('',(-0.55,-1.66132477258362,3.5));
#11448=CARTESIAN_POINT('Origin',(-0.55,-1.66132477258362,3.3));
#11449=CARTESIAN_POINT('Origin',(0.,0.,3.5));
#11450=CARTESIAN_POINT('Origin',(-0.55,-1.66132477258362,3.3));
#11451=CARTESIAN_POINT('',(-0.75,-1.66132477258362,3.3));
#11452=CARTESIAN_POINT('Origin',(-0.55,-1.66132477258362,3.3));
#11453=CARTESIAN_POINT('Origin',(-0.55,-1.66132477258362,3.3));
#11454=CARTESIAN_POINT('Origin',(-0.55,-1.66132477258362,2.));
#11455=CARTESIAN_POINT('',(-0.487142857142857,-1.47145908428834,2.));
#11456=CARTESIAN_POINT('',(-0.75,-1.66132477258362,2.));
#11457=CARTESIAN_POINT('Origin',(-0.55,-1.66132477258362,2.));
#11458=CARTESIAN_POINT('',(-0.75,-1.66132477258362,2.));
#11459=CARTESIAN_POINT('',(-0.487142857142857,-1.47145908428834,2.));
#11460=CARTESIAN_POINT('Origin',(0.,0.,2.));
#11461=CARTESIAN_POINT('Origin',(0.,0.,2.));
#11462=CARTESIAN_POINT('Origin',(-0.55,-1.57984949746879,3.3));
#11463=CARTESIAN_POINT('',(-0.75,-2.05,3.3));
#11464=CARTESIAN_POINT('',(-0.75,-1.57984949746879,3.3));
#11465=CARTESIAN_POINT('',(-0.55,-2.05,3.5));
#11466=CARTESIAN_POINT('Origin',(-0.55,-2.05,3.3));
#11467=CARTESIAN_POINT('',(-0.55,-1.57984949746879,3.5));
#11468=CARTESIAN_POINT('Origin',(-0.55,-2.05,3.3));
#11469=CARTESIAN_POINT('',(-0.55,-2.25,3.3));
#11470=CARTESIAN_POINT('Origin',(-0.55,-2.05,3.3));
#11471=CARTESIAN_POINT('Origin',(-0.55,-2.05,3.3));
#11472=CARTESIAN_POINT('Origin',(-0.55,-2.05,2.));
#11473=CARTESIAN_POINT('',(-0.75,-2.05,2.));
#11474=CARTESIAN_POINT('',(-0.55,-2.25,2.));
#11475=CARTESIAN_POINT('Origin',(-0.55,-2.05,2.));
#11476=CARTESIAN_POINT('',(-0.55,-2.25,2.));
#11477=CARTESIAN_POINT('',(-0.75,-2.05,2.));
#11478=CARTESIAN_POINT('Origin',(-0.75,-1.35646599662505,2.));
#11479=CARTESIAN_POINT('',(-0.75,-0.678232998312527,2.));
#11480=CARTESIAN_POINT('Origin',(-0.375,-2.05,3.3));
#11481=CARTESIAN_POINT('',(0.55,-2.25,3.3));
#11482=CARTESIAN_POINT('',(-0.375,-2.25,3.3));
#11483=CARTESIAN_POINT('Origin',(0.55,-2.05,3.3));
#11484=CARTESIAN_POINT('',(-0.375,-2.05,3.5));
#11485=CARTESIAN_POINT('Origin',(0.55,-2.05,3.3));
#11486=CARTESIAN_POINT('Origin',(0.55,-2.05,3.3));
#11487=CARTESIAN_POINT('Origin',(0.55,-2.05,2.));
#11488=CARTESIAN_POINT('',(0.55,-2.25,2.));
#11489=CARTESIAN_POINT('Origin',(0.55,-2.05,2.));
#11490=CARTESIAN_POINT('',(0.55,-2.25,2.));
#11491=CARTESIAN_POINT('Origin',(-0.75,-2.25,2.));
#11492=CARTESIAN_POINT('',(-0.375,-2.25,2.));
#11493=CARTESIAN_POINT('Origin',(2.05,-2.05,3.3));
#11494=CARTESIAN_POINT('',(2.05,-2.25,3.3));
#11495=CARTESIAN_POINT('',(2.25,-2.05,3.3));
#11496=CARTESIAN_POINT('Origin',(2.05,-2.05,3.3));
#11497=CARTESIAN_POINT('',(2.05,-2.05,3.5));
#11498=CARTESIAN_POINT('Origin',(2.05,-2.05,3.3));
#11499=CARTESIAN_POINT('Origin',(2.05,-2.05,3.3));
#11500=CARTESIAN_POINT('Origin',(2.05,-2.05,2.));
#11501=CARTESIAN_POINT('',(2.05,-2.25,2.));
#11502=CARTESIAN_POINT('',(2.25,-2.05,2.));
#11503=CARTESIAN_POINT('Origin',(2.05,-2.05,2.));
#11504=CARTESIAN_POINT('',(2.25,-2.05,2.));
#11505=CARTESIAN_POINT('',(2.05,-2.25,2.));
#11506=CARTESIAN_POINT('Origin',(1.,-2.25,2.));
#11507=CARTESIAN_POINT('',(1.2,-2.25,3.3));
#11508=CARTESIAN_POINT('',(1.3125,-2.25,3.3));
#11509=CARTESIAN_POINT('',(1.2,-2.25,2.));
#11510=CARTESIAN_POINT('',(1.2,-2.25,2.));
#11511=CARTESIAN_POINT('',(0.5,-2.25,2.));
#11512=CARTESIAN_POINT('Origin',(1.3125,-2.05,3.3));
#11513=CARTESIAN_POINT('',(1.2,-2.05,3.5));
#11514=CARTESIAN_POINT('',(1.3125,-2.05,3.5));
#11515=CARTESIAN_POINT('Origin',(1.2,-2.05,3.3));
#11516=CARTESIAN_POINT('Origin',(1.2,-2.05,3.3));
#11517=CARTESIAN_POINT('',(1.,-2.05,3.3));
#11518=CARTESIAN_POINT('Origin',(1.2,-2.05,3.3));
#11519=CARTESIAN_POINT('Origin',(1.2,-2.05,3.3));
#11520=CARTESIAN_POINT('Origin',(1.2,-2.05,2.));
#11521=CARTESIAN_POINT('',(1.,-2.05,2.));
#11522=CARTESIAN_POINT('Origin',(1.2,-2.05,2.));
#11523=CARTESIAN_POINT('',(1.,-2.05,2.));
#11524=CARTESIAN_POINT('Origin',(1.,-1.1842719282327,2.));
#11525=CARTESIAN_POINT('',(1.,-1.2737739202857,3.3));
#11526=CARTESIAN_POINT('',(1.,-1.40463596411635,3.3));
#11527=CARTESIAN_POINT('',(1.,-1.2737739202857,2.));
#11528=CARTESIAN_POINT('',(1.,-1.2737739202857,2.));
#11529=CARTESIAN_POINT('',(1.,-0.592135964116351,2.));
#11530=CARTESIAN_POINT('Origin',(1.2,-1.40463596411635,3.3));
#11531=CARTESIAN_POINT('',(1.2,-1.2737739202857,3.5));
#11532=CARTESIAN_POINT('',(1.2,-1.40463596411635,3.5));
#11533=CARTESIAN_POINT('Origin',(1.2,-1.2737739202857,3.3));
#11534=CARTESIAN_POINT('Origin',(1.2,-1.2737739202857,3.3));
#11535=CARTESIAN_POINT('',(1.06285714285714,-1.12819975796733,3.3));
#11536=CARTESIAN_POINT('Origin',(1.2,-1.2737739202857,3.3));
#11537=CARTESIAN_POINT('Origin',(1.2,-1.2737739202857,3.3));
#11538=CARTESIAN_POINT('Origin',(1.2,-1.2737739202857,2.));
#11539=CARTESIAN_POINT('',(1.06285714285714,-1.12819975796733,2.));
#11540=CARTESIAN_POINT('Origin',(1.2,-1.2737739202857,2.));
#11541=CARTESIAN_POINT('',(1.06285714285714,-1.12819975796733,2.));
#11542=CARTESIAN_POINT('Origin',(0.,0.,2.));
#11543=CARTESIAN_POINT('',(1.12819975796733,-1.06285714285714,3.3));
#11544=CARTESIAN_POINT('Origin',(0.,0.,3.3));
#11545=CARTESIAN_POINT('',(1.12819975796733,-1.06285714285714,2.));
#11546=CARTESIAN_POINT('',(1.12819975796733,-1.06285714285714,2.));
#11547=CARTESIAN_POINT('Origin',(0.,0.,2.));
#11548=CARTESIAN_POINT('Origin',(0.,0.,3.3));
#11549=CARTESIAN_POINT('',(1.2737739202857,-1.2,3.5));
#11550=CARTESIAN_POINT('Origin',(0.,0.,3.5));
#11551=CARTESIAN_POINT('Origin',(1.2737739202857,-1.2,3.3));
#11552=CARTESIAN_POINT('Origin',(1.2737739202857,-1.2,3.3));
#11553=CARTESIAN_POINT('',(1.2737739202857,-1.,3.3));
#11554=CARTESIAN_POINT('Origin',(1.2737739202857,-1.2,3.3));
#11555=CARTESIAN_POINT('Origin',(1.2737739202857,-1.2,3.3));
#11556=CARTESIAN_POINT('Origin',(1.2737739202857,-1.2,2.));
#11557=CARTESIAN_POINT('',(1.2737739202857,-1.,2.));
#11558=CARTESIAN_POINT('Origin',(1.2737739202857,-1.2,2.));
#11559=CARTESIAN_POINT('',(1.2737739202857,-1.,2.));
#11560=CARTESIAN_POINT('Origin',(2.25,-1.,2.));
#11561=CARTESIAN_POINT('',(2.05,-1.,3.3));
#11562=CARTESIAN_POINT('',(1.9375,-1.,3.3));
#11563=CARTESIAN_POINT('',(2.05,-1.,2.));
#11564=CARTESIAN_POINT('',(2.05,-1.,2.));
#11565=CARTESIAN_POINT('',(1.125,-1.,2.));
#11566=CARTESIAN_POINT('Origin',(1.9375,-1.2,3.3));
#11567=CARTESIAN_POINT('',(2.05,-1.2,3.5));
#11568=CARTESIAN_POINT('',(1.9375,-1.2,3.5));
#11569=CARTESIAN_POINT('Origin',(2.05,-1.2,3.3));
#11570=CARTESIAN_POINT('Origin',(2.05,-0.55,3.3));
#11571=CARTESIAN_POINT('',(2.05,-0.75,3.3));
#11572=CARTESIAN_POINT('',(2.25,-0.55,3.3));
#11573=CARTESIAN_POINT('Origin',(2.05,-0.55,3.3));
#11574=CARTESIAN_POINT('',(2.05,-0.55,3.5));
#11575=CARTESIAN_POINT('Origin',(2.05,-0.55,3.3));
#11576=CARTESIAN_POINT('Origin',(2.05,-0.55,3.3));
#11577=CARTESIAN_POINT('Origin',(2.05,-0.55,2.));
#11578=CARTESIAN_POINT('',(2.05,-0.75,2.));
#11579=CARTESIAN_POINT('',(2.25,-0.55,2.));
#11580=CARTESIAN_POINT('Origin',(2.05,-0.55,2.));
#11581=CARTESIAN_POINT('',(2.25,-0.55,2.));
#11582=CARTESIAN_POINT('',(2.05,-0.75,2.));
#11583=CARTESIAN_POINT('Origin',(1.35646599662505,-0.75,2.));
#11584=CARTESIAN_POINT('',(1.66132477258362,-0.75,3.3));
#11585=CARTESIAN_POINT('',(1.57984949746879,-0.75,3.3));
#11586=CARTESIAN_POINT('',(1.66132477258362,-0.75,2.));
#11587=CARTESIAN_POINT('',(1.66132477258362,-0.75,2.));
#11588=CARTESIAN_POINT('',(0.678232998312527,-0.75,2.));
#11589=CARTESIAN_POINT('Origin',(1.57984949746879,-0.55,3.3));
#11590=CARTESIAN_POINT('',(1.66132477258362,-0.55,3.5));
#11591=CARTESIAN_POINT('',(1.57984949746879,-0.55,3.5));
#11592=CARTESIAN_POINT('Origin',(1.66132477258362,-0.55,3.3));
#11593=CARTESIAN_POINT('Origin',(2.05,-0.375,3.3));
#11594=CARTESIAN_POINT('',(2.25,0.55,3.3));
#11595=CARTESIAN_POINT('',(2.25,-0.375,3.3));
#11596=CARTESIAN_POINT('',(2.05,0.55,3.5));
#11597=CARTESIAN_POINT('Origin',(2.05,0.55,3.3));
#11598=CARTESIAN_POINT('',(2.05,-0.375,3.5));
#11599=CARTESIAN_POINT('Origin',(2.05,0.55,3.3));
#11600=CARTESIAN_POINT('',(2.05,0.75,3.3));
#11601=CARTESIAN_POINT('Origin',(2.05,0.55,3.3));
#11602=CARTESIAN_POINT('Origin',(2.05,0.55,3.3));
#11603=CARTESIAN_POINT('Origin',(2.05,0.55,2.));
#11604=CARTESIAN_POINT('',(2.25,0.55,2.));
#11605=CARTESIAN_POINT('',(2.05,0.75,2.));
#11606=CARTESIAN_POINT('Origin',(2.05,0.55,2.));
#11607=CARTESIAN_POINT('',(2.05,0.75,2.));
#11608=CARTESIAN_POINT('',(2.25,0.55,2.));
#11609=CARTESIAN_POINT('Origin',(2.25,-0.75,2.));
#11610=CARTESIAN_POINT('',(2.25,-0.375,2.));
#11611=CARTESIAN_POINT('Origin',(2.02661649915626,0.55,3.3));
#11612=CARTESIAN_POINT('',(1.66132477258362,0.75,3.3));
#11613=CARTESIAN_POINT('',(2.02661649915626,0.75,3.3));
#11614=CARTESIAN_POINT('',(1.66132477258362,0.55,3.5));
#11615=CARTESIAN_POINT('Origin',(1.66132477258362,0.55,3.3));
#11616=CARTESIAN_POINT('',(2.02661649915626,0.55,3.5));
#11617=CARTESIAN_POINT('Origin',(1.66132477258362,-0.55,3.3));
#11618=CARTESIAN_POINT('',(1.47145908428835,-0.487142857142857,3.3));
#11619=CARTESIAN_POINT('Origin',(1.66132477258362,-0.55,3.3));
#11620=CARTESIAN_POINT('Origin',(1.66132477258362,-0.55,3.3));
#11621=CARTESIAN_POINT('Origin',(1.66132477258362,-0.55,2.));
#11622=CARTESIAN_POINT('',(1.47145908428835,-0.487142857142857,2.));
#11623=CARTESIAN_POINT('Origin',(1.66132477258362,-0.55,2.));
#11624=CARTESIAN_POINT('',(1.47145908428834,-0.487142857142857,2.));
#11625=CARTESIAN_POINT('Origin',(0.,0.,2.));
#11626=CARTESIAN_POINT('',(1.47145908428835,0.487142857142857,3.3));
#11627=CARTESIAN_POINT('Origin',(0.,0.,3.3));
#11628=CARTESIAN_POINT('',(1.47145908428835,0.487142857142857,2.));
#11629=CARTESIAN_POINT('',(1.47145908428834,0.487142857142857,2.));
#11630=CARTESIAN_POINT('Origin',(0.,0.,2.));
#11631=CARTESIAN_POINT('Origin',(0.,0.,3.3));
#11632=CARTESIAN_POINT('Origin',(0.,0.,3.5));
#11633=CARTESIAN_POINT('Origin',(1.66132477258362,0.55,3.3));
#11634=CARTESIAN_POINT('Origin',(1.66132477258362,0.55,3.3));
#11635=CARTESIAN_POINT('Origin',(1.66132477258362,0.55,3.3));
#11636=CARTESIAN_POINT('Origin',(1.66132477258362,0.55,2.));
#11637=CARTESIAN_POINT('',(1.66132477258362,0.75,2.));
#11638=CARTESIAN_POINT('Origin',(1.66132477258362,0.55,2.));
#11639=CARTESIAN_POINT('',(1.66132477258362,0.75,2.));
#11640=CARTESIAN_POINT('Origin',(2.25,0.75,2.));
#11641=CARTESIAN_POINT('',(1.125,0.75,2.));
#11642=CARTESIAN_POINT('Origin',(1.2737739202857,1.2,2.));
#11643=CARTESIAN_POINT('',(1.12819975796733,1.06285714285714,2.));
#11644=CARTESIAN_POINT('',(1.2737739202857,1.,2.));
#11645=CARTESIAN_POINT('Origin',(1.2737739202857,1.2,2.));
#11646=CARTESIAN_POINT('',(1.2737739202857,1.,3.3));
#11647=CARTESIAN_POINT('',(1.2737739202857,1.,2.));
#11648=CARTESIAN_POINT('',(1.12819975796733,1.06285714285714,3.3));
#11649=CARTESIAN_POINT('Origin',(1.2737739202857,1.2,3.3));
#11650=CARTESIAN_POINT('',(1.12819975796733,1.06285714285714,2.));
#11651=CARTESIAN_POINT('Origin',(1.2737739202857,1.2,3.3));
#11652=CARTESIAN_POINT('',(1.2737739202857,1.2,3.5));
#11653=CARTESIAN_POINT('Origin',(1.2737739202857,1.2,3.3));
#11654=CARTESIAN_POINT('Origin',(1.2737739202857,1.2,3.3));
#11655=CARTESIAN_POINT('Origin',(0.,0.,3.3));
#11656=CARTESIAN_POINT('',(1.2,1.2737739202857,3.5));
#11657=CARTESIAN_POINT('Origin',(0.,0.,3.5));
#11658=CARTESIAN_POINT('',(1.06285714285714,1.12819975796733,3.3));
#11659=CARTESIAN_POINT('Origin',(1.2,1.2737739202857,3.3));
#11660=CARTESIAN_POINT('Origin',(0.,0.,3.3));
#11661=CARTESIAN_POINT('Origin',(1.40463596411635,1.2,3.3));
#11662=CARTESIAN_POINT('',(2.05,1.,3.3));
#11663=CARTESIAN_POINT('',(1.40463596411635,1.,3.3));
#11664=CARTESIAN_POINT('',(2.05,1.2,3.5));
#11665=CARTESIAN_POINT('Origin',(2.05,1.2,3.3));
#11666=CARTESIAN_POINT('',(1.40463596411635,1.2,3.5));
#11667=CARTESIAN_POINT('Origin',(1.1842719282327,1.,2.));
#11668=CARTESIAN_POINT('',(2.05,1.,2.));
#11669=CARTESIAN_POINT('',(0.592135964116351,0.999999999999999,2.));
#11670=CARTESIAN_POINT('',(2.05,1.,2.));
#11671=CARTESIAN_POINT('Origin',(1.2,1.2737739202857,3.3));
#11672=CARTESIAN_POINT('',(1.,1.2737739202857,3.3));
#11673=CARTESIAN_POINT('Origin',(1.2,1.2737739202857,3.3));
#11674=CARTESIAN_POINT('Origin',(1.2,1.2737739202857,3.3));
#11675=CARTESIAN_POINT('Origin',(1.2,1.2737739202857,2.));
#11676=CARTESIAN_POINT('',(1.,1.2737739202857,2.));
#11677=CARTESIAN_POINT('',(1.06285714285714,1.12819975796733,2.));
#11678=CARTESIAN_POINT('Origin',(1.2,1.2737739202857,2.));
#11679=CARTESIAN_POINT('',(1.06285714285714,1.12819975796733,2.));
#11680=CARTESIAN_POINT('',(1.,1.2737739202857,2.));
#11681=CARTESIAN_POINT('Origin',(1.,2.25,2.));
#11682=CARTESIAN_POINT('',(1.,2.05,3.3));
#11683=CARTESIAN_POINT('',(1.,1.9375,3.3));
#11684=CARTESIAN_POINT('',(1.,2.05,2.));
#11685=CARTESIAN_POINT('',(1.,2.05,2.));
#11686=CARTESIAN_POINT('',(1.,1.125,2.));
#11687=CARTESIAN_POINT('Origin',(1.2,1.9375,3.3));
#11688=CARTESIAN_POINT('',(1.2,2.05,3.5));
#11689=CARTESIAN_POINT('',(1.2,1.9375,3.5));
#11690=CARTESIAN_POINT('Origin',(1.2,2.05,3.3));
#11691=CARTESIAN_POINT('Origin',(-0.55,2.05,3.3));
#11692=CARTESIAN_POINT('',(-0.55,2.25,3.3));
#11693=CARTESIAN_POINT('',(-0.55,2.05,3.5));
#11694=CARTESIAN_POINT('Origin',(-0.55,2.05,3.3));
#11695=CARTESIAN_POINT('',(-0.75,2.05,3.3));
#11696=CARTESIAN_POINT('Origin',(-0.55,2.05,3.3));
#11697=CARTESIAN_POINT('Origin',(-0.55,2.05,3.3));
#11698=CARTESIAN_POINT('Origin',(-0.55,2.05,2.));
#11699=CARTESIAN_POINT('',(-0.55,2.25,2.));
#11700=CARTESIAN_POINT('',(-0.75,2.05,2.));
#11701=CARTESIAN_POINT('Origin',(-0.55,2.05,2.));
#11702=CARTESIAN_POINT('',(-0.75,2.05,2.));
#11703=CARTESIAN_POINT('',(-0.55,2.25,2.));
#11704=CARTESIAN_POINT('Origin',(-0.55,1.66132477258362,3.3));
#11705=CARTESIAN_POINT('',(-0.75,1.66132477258362,3.3));
#11706=CARTESIAN_POINT('',(-0.55,1.66132477258362,3.5));
#11707=CARTESIAN_POINT('Origin',(-0.55,1.66132477258362,3.3));
#11708=CARTESIAN_POINT('',(-0.487142857142857,1.47145908428834,3.3));
#11709=CARTESIAN_POINT('Origin',(-0.55,1.66132477258362,3.3));
#11710=CARTESIAN_POINT('Origin',(-0.55,1.66132477258362,3.3));
#11711=CARTESIAN_POINT('Origin',(-0.55,1.66132477258362,2.));
#11712=CARTESIAN_POINT('',(-0.75,1.66132477258362,2.));
#11713=CARTESIAN_POINT('',(-0.487142857142857,1.47145908428835,2.));
#11714=CARTESIAN_POINT('Origin',(-0.55,1.66132477258362,2.));
#11715=CARTESIAN_POINT('',(-0.487142857142857,1.47145908428834,2.));
#11716=CARTESIAN_POINT('',(-0.75,1.66132477258362,2.));
#11717=CARTESIAN_POINT('Origin',(0.55,2.05,3.3));
#11718=CARTESIAN_POINT('',(0.75,2.05,3.3));
#11719=CARTESIAN_POINT('',(0.55,2.05,3.5));
#11720=CARTESIAN_POINT('Origin',(0.55,2.05,3.3));
#11721=CARTESIAN_POINT('',(0.55,2.25,3.3));
#11722=CARTESIAN_POINT('Origin',(0.55,2.05,3.3));
#11723=CARTESIAN_POINT('Origin',(0.55,2.05,3.3));
#11724=CARTESIAN_POINT('Origin',(0.55,2.05,2.));
#11725=CARTESIAN_POINT('',(0.75,2.05,2.));
#11726=CARTESIAN_POINT('',(0.55,2.25,2.));
#11727=CARTESIAN_POINT('Origin',(0.55,2.05,2.));
#11728=CARTESIAN_POINT('',(0.55,2.25,2.));
#11729=CARTESIAN_POINT('',(0.75,2.05,2.));
#11730=CARTESIAN_POINT('Origin',(0.375,2.05,3.3));
#11731=CARTESIAN_POINT('',(0.375,2.05,3.5));
#11732=CARTESIAN_POINT('',(0.375,2.25,3.3));
#11733=CARTESIAN_POINT('Origin',(0.55,1.66132477258362,3.3));
#11734=CARTESIAN_POINT('',(0.487142857142857,1.47145908428835,3.3));
#11735=CARTESIAN_POINT('',(0.55,1.66132477258362,3.5));
#11736=CARTESIAN_POINT('Origin',(0.55,1.66132477258362,3.3));
#11737=CARTESIAN_POINT('',(0.75,1.66132477258362,3.3));
#11738=CARTESIAN_POINT('Origin',(0.55,1.66132477258362,3.3));
#11739=CARTESIAN_POINT('Origin',(0.55,1.66132477258362,3.3));
#11740=CARTESIAN_POINT('Origin',(0.55,1.66132477258362,2.));
#11741=CARTESIAN_POINT('',(0.487142857142857,1.47145908428835,2.));
#11742=CARTESIAN_POINT('',(0.75,1.66132477258362,2.));
#11743=CARTESIAN_POINT('Origin',(0.55,1.66132477258362,2.));
#11744=CARTESIAN_POINT('',(0.75,1.66132477258362,2.));
#11745=CARTESIAN_POINT('',(0.487142857142857,1.47145908428835,2.));
#11746=CARTESIAN_POINT('Origin',(0.55,1.57984949746879,3.3));
#11747=CARTESIAN_POINT('',(0.55,1.57984949746879,3.5));
#11748=CARTESIAN_POINT('',(0.75,1.57984949746879,3.3));
#11749=CARTESIAN_POINT('Origin',(0.,0.,3.3));
#11750=CARTESIAN_POINT('Origin',(0.,0.,3.5));
#11751=CARTESIAN_POINT('Origin',(0.,0.,3.3));
#11752=CARTESIAN_POINT('Origin',(-0.55,2.02661649915626,3.3));
#11753=CARTESIAN_POINT('',(-0.55,2.02661649915626,3.5));
#11754=CARTESIAN_POINT('',(-0.75,2.02661649915626,3.3));
#11755=CARTESIAN_POINT('Origin',(0.75,2.25,2.));
#11756=CARTESIAN_POINT('',(0.375,2.25,2.));
#11757=CARTESIAN_POINT('Origin',(0.75,1.35646599662505,2.));
#11758=CARTESIAN_POINT('',(0.75,0.678232998312527,2.));
#11759=CARTESIAN_POINT('Origin',(-1.38777878078145E-16,1.80323299831253,
3.5));
#11760=CARTESIAN_POINT('Origin',(1.2,2.05,3.3));
#11761=CARTESIAN_POINT('',(1.2,2.25,3.3));
#11762=CARTESIAN_POINT('Origin',(1.2,2.05,3.3));
#11763=CARTESIAN_POINT('Origin',(1.2,2.05,3.3));
#11764=CARTESIAN_POINT('Origin',(1.2,2.05,2.));
#11765=CARTESIAN_POINT('',(1.2,2.25,2.));
#11766=CARTESIAN_POINT('Origin',(1.2,2.05,2.));
#11767=CARTESIAN_POINT('',(1.2,2.25,2.));
#11768=CARTESIAN_POINT('Origin',(2.05,2.05,3.3));
#11769=CARTESIAN_POINT('',(2.25,2.05,3.3));
#11770=CARTESIAN_POINT('',(2.05,2.05,3.5));
#11771=CARTESIAN_POINT('Origin',(2.05,2.05,3.3));
#11772=CARTESIAN_POINT('',(2.05,2.25,3.3));
#11773=CARTESIAN_POINT('Origin',(2.05,2.05,3.3));
#11774=CARTESIAN_POINT('Origin',(2.05,2.05,3.3));
#11775=CARTESIAN_POINT('Origin',(2.05,2.05,2.));
#11776=CARTESIAN_POINT('',(2.25,2.05,2.));
#11777=CARTESIAN_POINT('',(2.05,2.25,2.));
#11778=CARTESIAN_POINT('Origin',(2.05,2.05,2.));
#11779=CARTESIAN_POINT('',(2.05,2.25,2.));
#11780=CARTESIAN_POINT('',(2.25,2.05,2.));
#11781=CARTESIAN_POINT('Origin',(1.9375,2.05,3.3));
#11782=CARTESIAN_POINT('',(1.9375,2.05,3.5));
#11783=CARTESIAN_POINT('',(1.9375,2.25,3.3));
#11784=CARTESIAN_POINT('Origin',(2.05,1.2,3.3));
#11785=CARTESIAN_POINT('',(2.25,1.2,3.3));
#11786=CARTESIAN_POINT('Origin',(2.05,1.2,3.3));
#11787=CARTESIAN_POINT('Origin',(2.05,1.2,3.3));
#11788=CARTESIAN_POINT('Origin',(2.05,1.2,2.));
#11789=CARTESIAN_POINT('',(2.25,1.2,2.));
#11790=CARTESIAN_POINT('Origin',(2.05,1.2,2.));
#11791=CARTESIAN_POINT('',(2.25,1.2,2.));
#11792=CARTESIAN_POINT('Origin',(2.05,1.3125,3.3));
#11793=CARTESIAN_POINT('',(2.05,1.3125,3.5));
#11794=CARTESIAN_POINT('',(2.25,1.3125,3.3));
#11795=CARTESIAN_POINT('Origin',(2.25,2.25,2.));
#11796=CARTESIAN_POINT('',(1.125,2.25,2.));
#11797=CARTESIAN_POINT('Origin',(2.25,1.,2.));
#11798=CARTESIAN_POINT('',(2.25,0.5,2.));
#11799=CARTESIAN_POINT('Origin',(1.625,1.625,3.5));
#11800=CARTESIAN_POINT('Origin',(1.80323299831253,-6.93889390390723E-17,
3.5));
#11801=CARTESIAN_POINT('Origin',(2.05,-1.2,3.3));
#11802=CARTESIAN_POINT('',(2.25,-1.2,3.3));
#11803=CARTESIAN_POINT('Origin',(2.05,-1.2,3.3));
#11804=CARTESIAN_POINT('Origin',(2.05,-1.2,3.3));
#11805=CARTESIAN_POINT('Origin',(2.05,-1.2,2.));
#11806=CARTESIAN_POINT('',(2.25,-1.2,2.));
#11807=CARTESIAN_POINT('Origin',(2.05,-1.2,2.));
#11808=CARTESIAN_POINT('',(2.25,-1.2,2.));
#11809=CARTESIAN_POINT('Origin',(2.05,-1.9375,3.3));
#11810=CARTESIAN_POINT('',(2.25,-1.9375,3.3));
#11811=CARTESIAN_POINT('',(2.05,-1.9375,3.5));
#11812=CARTESIAN_POINT('Origin',(1.625,-1.625,3.5));
#11813=CARTESIAN_POINT('Origin',(-3.46944695195361E-16,-1.80323299831253,
3.5));
#11814=CARTESIAN_POINT('Origin',(-1.625,-1.625,3.5));
#11815=CARTESIAN_POINT('Origin',(-1.80323299831253,2.08166817117217E-16,
3.5));
#11816=CARTESIAN_POINT('Origin',(-1.2,1.2737739202857,3.3));
#11817=CARTESIAN_POINT('',(-1.06285714285714,1.12819975796733,3.3));
#11818=CARTESIAN_POINT('',(-1.2,1.2737739202857,3.5));
#11819=CARTESIAN_POINT('Origin',(-1.2,1.2737739202857,3.3));
#11820=CARTESIAN_POINT('',(-1.,1.2737739202857,3.3));
#11821=CARTESIAN_POINT('Origin',(-1.2,1.2737739202857,3.3));
#11822=CARTESIAN_POINT('Origin',(-1.2,1.2737739202857,3.3));
#11823=CARTESIAN_POINT('Origin',(-1.2,1.2737739202857,2.));
#11824=CARTESIAN_POINT('',(-1.06285714285714,1.12819975796733,2.));
#11825=CARTESIAN_POINT('',(-1.,1.2737739202857,2.));
#11826=CARTESIAN_POINT('Origin',(-1.2,1.2737739202857,2.));
#11827=CARTESIAN_POINT('',(-1.,1.2737739202857,2.));
#11828=CARTESIAN_POINT('',(-1.06285714285714,1.12819975796733,2.));
#11829=CARTESIAN_POINT('Origin',(-1.2737739202857,1.2,3.3));
#11830=CARTESIAN_POINT('',(-1.2737739202857,1.,3.3));
#11831=CARTESIAN_POINT('',(-1.2737739202857,1.2,3.5));
#11832=CARTESIAN_POINT('Origin',(-1.2737739202857,1.2,3.3));
#11833=CARTESIAN_POINT('',(-1.12819975796733,1.06285714285714,3.3));
#11834=CARTESIAN_POINT('Origin',(-1.2737739202857,1.2,3.3));
#11835=CARTESIAN_POINT('Origin',(-1.2737739202857,1.2,3.3));
#11836=CARTESIAN_POINT('Origin',(-1.2737739202857,1.2,2.));
#11837=CARTESIAN_POINT('',(-1.2737739202857,1.,2.));
#11838=CARTESIAN_POINT('',(-1.12819975796733,1.06285714285714,2.));
#11839=CARTESIAN_POINT('Origin',(-1.2737739202857,1.2,2.));
#11840=CARTESIAN_POINT('',(-1.12819975796733,1.06285714285714,2.));
#11841=CARTESIAN_POINT('',(-1.2737739202857,1.,2.));
#11842=CARTESIAN_POINT('Origin',(0.,0.,3.3));
#11843=CARTESIAN_POINT('Origin',(0.,0.,3.5));
#11844=CARTESIAN_POINT('Origin',(0.,0.,3.3));
#11845=CARTESIAN_POINT('Origin',(-1.2,2.05,3.3));
#11846=CARTESIAN_POINT('',(-1.,2.05,3.3));
#11847=CARTESIAN_POINT('',(-1.2,2.05,3.5));
#11848=CARTESIAN_POINT('Origin',(-1.2,2.05,3.3));
#11849=CARTESIAN_POINT('',(-1.2,2.25,3.3));
#11850=CARTESIAN_POINT('Origin',(-1.2,2.05,3.3));
#11851=CARTESIAN_POINT('Origin',(-1.2,2.05,3.3));
#11852=CARTESIAN_POINT('Origin',(-1.2,2.05,2.));
#11853=CARTESIAN_POINT('',(-1.,2.05,2.));
#11854=CARTESIAN_POINT('',(-1.2,2.25,2.));
#11855=CARTESIAN_POINT('Origin',(-1.2,2.05,2.));
#11856=CARTESIAN_POINT('',(-1.2,2.25,2.));
#11857=CARTESIAN_POINT('',(-1.,2.05,2.));
#11858=CARTESIAN_POINT('Origin',(-2.05,1.2,3.3));
#11859=CARTESIAN_POINT('',(-2.25,1.2,3.3));
#11860=CARTESIAN_POINT('',(-2.05,1.2,3.5));
#11861=CARTESIAN_POINT('Origin',(-2.05,1.2,3.3));
#11862=CARTESIAN_POINT('',(-2.05,1.,3.3));
#11863=CARTESIAN_POINT('Origin',(-2.05,1.2,3.3));
#11864=CARTESIAN_POINT('Origin',(-2.05,1.2,3.3));
#11865=CARTESIAN_POINT('Origin',(-2.05,1.2,2.));
#11866=CARTESIAN_POINT('',(-2.25,1.2,2.));
#11867=CARTESIAN_POINT('',(-2.05,1.,2.));
#11868=CARTESIAN_POINT('Origin',(-2.05,1.2,2.));
#11869=CARTESIAN_POINT('',(-2.05,1.,2.));
#11870=CARTESIAN_POINT('',(-2.25,1.2,2.));
#11871=CARTESIAN_POINT('Origin',(-1.9375,1.2,3.3));
#11872=CARTESIAN_POINT('',(-1.9375,1.2,3.5));
#11873=CARTESIAN_POINT('',(-1.9375,1.,3.3));
#11874=CARTESIAN_POINT('Origin',(-2.05,2.05,3.3));
#11875=CARTESIAN_POINT('',(-2.05,2.25,3.3));
#11876=CARTESIAN_POINT('',(-2.05,2.05,3.5));
#11877=CARTESIAN_POINT('Origin',(-2.05,2.05,3.3));
#11878=CARTESIAN_POINT('',(-2.25,2.05,3.3));
#11879=CARTESIAN_POINT('Origin',(-2.05,2.05,3.3));
#11880=CARTESIAN_POINT('Origin',(-2.05,2.05,3.3));
#11881=CARTESIAN_POINT('Origin',(-2.05,2.05,2.));
#11882=CARTESIAN_POINT('',(-2.05,2.25,2.));
#11883=CARTESIAN_POINT('',(-2.25,2.05,2.));
#11884=CARTESIAN_POINT('Origin',(-2.05,2.05,2.));
#11885=CARTESIAN_POINT('',(-2.25,2.05,2.));
#11886=CARTESIAN_POINT('',(-2.05,2.25,2.));
#11887=CARTESIAN_POINT('Origin',(-2.05,1.9375,3.3));
#11888=CARTESIAN_POINT('',(-2.05,1.9375,3.5));
#11889=CARTESIAN_POINT('',(-2.25,1.9375,3.3));
#11890=CARTESIAN_POINT('Origin',(-1.3125,2.05,3.3));
#11891=CARTESIAN_POINT('',(-1.3125,2.05,3.5));
#11892=CARTESIAN_POINT('',(-1.3125,2.25,3.3));
#11893=CARTESIAN_POINT('Origin',(-1.2,1.40463596411635,3.3));
#11894=CARTESIAN_POINT('',(-1.2,1.40463596411635,3.5));
#11895=CARTESIAN_POINT('',(-1.,1.40463596411635,3.3));
#11896=CARTESIAN_POINT('Origin',(0.,0.,2.));
#11897=CARTESIAN_POINT('Origin',(0.,0.,2.));
#11898=CARTESIAN_POINT('Origin',(-2.25,1.,2.));
#11899=CARTESIAN_POINT('',(-1.125,1.,2.));
#11900=CARTESIAN_POINT('Origin',(-2.25,2.25,2.));
#11901=CARTESIAN_POINT('',(-2.25,1.125,2.));
#11902=CARTESIAN_POINT('Origin',(-1.625,1.625,3.5));
#11903=CARTESIAN_POINT('Origin',(0.,0.,2.));
#11904=CARTESIAN_POINT('Origin',(0.,0.,2.));
#11905=CARTESIAN_POINT('Origin',(0.,0.,2.));
#11906=CARTESIAN_POINT('Origin',(0.,0.,2.));
#11907=CARTESIAN_POINT('Origin',(-0.75,2.25,2.));
#11908=CARTESIAN_POINT('',(-0.75,1.125,2.));
#11909=CARTESIAN_POINT('Origin',(2.25,-2.25,2.));
#11910=CARTESIAN_POINT('',(2.25,-1.125,2.));
#11911=CARTESIAN_POINT('Origin',(-1.,2.25,2.));
#11912=CARTESIAN_POINT('',(-0.5,2.25,2.));
#11913=CARTESIAN_POINT('Origin',(-1.,1.1842719282327,2.));
#11914=CARTESIAN_POINT('',(-1.,0.59213596411635,2.));
#11915=CARTESIAN_POINT('Origin',(0.63508529610859,1.1,0.));
#11916=CARTESIAN_POINT('',(0.63508529610859,1.1,0.));
#11917=CARTESIAN_POINT('',(-0.635085296108588,1.1,0.));
#11918=CARTESIAN_POINT('',(0.317542648054295,1.1,0.));
#11919=CARTESIAN_POINT('',(0.63508529610859,1.1,1.8));
#11920=CARTESIAN_POINT('',(0.63508529610859,1.1,0.));
#11921=CARTESIAN_POINT('',(-0.635085296108588,1.1,1.8));
#11922=CARTESIAN_POINT('',(-0.635085296108588,1.1,1.8));
#11923=CARTESIAN_POINT('',(-0.635085296108588,1.1,0.));
#11924=CARTESIAN_POINT('Origin',(1.27017059221718,-8.32667268468867E-16,
0.));
#11925=CARTESIAN_POINT('',(1.27017059221718,-7.19620089685498E-16,0.));
#11926=CARTESIAN_POINT('',(1.11139926819003,0.274999999999999,0.));
#11927=CARTESIAN_POINT('',(1.27017059221718,-7.19620089685498E-16,1.8));
#11928=CARTESIAN_POINT('',(1.27017059221718,-7.19620089685498E-16,0.));
#11929=CARTESIAN_POINT('',(0.63508529610859,1.1,1.8));
#11930=CARTESIAN_POINT('Origin',(0.635085296108588,-1.1,0.));
#11931=CARTESIAN_POINT('',(0.635085296108588,-1.1,0.));
#11932=CARTESIAN_POINT('',(0.793856620135735,-0.825,0.));
#11933=CARTESIAN_POINT('',(0.635085296108588,-1.1,1.8));
#11934=CARTESIAN_POINT('',(0.635085296108588,-1.1,0.));
#11935=CARTESIAN_POINT('',(1.27017059221718,-6.93889390390723E-16,1.8));
#11936=CARTESIAN_POINT('Origin',(-0.635085296108589,-1.1,0.));
#11937=CARTESIAN_POINT('',(-0.635085296108589,-1.1,0.));
#11938=CARTESIAN_POINT('',(-0.317542648054295,-1.1,0.));
#11939=CARTESIAN_POINT('',(-0.635085296108589,-1.1,1.8));
#11940=CARTESIAN_POINT('',(-0.635085296108589,-1.1,0.));
#11941=CARTESIAN_POINT('',(0.635085296108588,-1.1,1.8));
#11942=CARTESIAN_POINT('Origin',(-1.27017059221718,1.38777878078145E-16,
0.));
#11943=CARTESIAN_POINT('',(-1.27017059221718,2.82034527336256E-16,0.));
#11944=CARTESIAN_POINT('',(-1.11139926819003,-0.275,0.));
#11945=CARTESIAN_POINT('',(-1.27017059221718,2.82034527336256E-16,1.8));
#11946=CARTESIAN_POINT('',(-1.27017059221718,2.82034527336256E-16,0.));
#11947=CARTESIAN_POINT('',(-0.635085296108589,-1.1,1.8));
#11948=CARTESIAN_POINT('Origin',(-0.635085296108588,1.1,0.));
#11949=CARTESIAN_POINT('',(-0.793856620135735,0.825,0.));
#11950=CARTESIAN_POINT('',(-1.27017059221718,2.77555756156289E-16,1.8));
#11951=CARTESIAN_POINT('Origin',(0.,0.,1.8));
#11952=CARTESIAN_POINT('',(-0.75,9.18485099360515E-17,1.8));
#11953=CARTESIAN_POINT('Origin',(0.,0.,1.8));
#11954=CARTESIAN_POINT('Origin',(0.,0.,2.));
#11955=CARTESIAN_POINT('',(-0.75,9.18485099360515E-17,2.));
#11956=CARTESIAN_POINT('Origin',(0.,0.,2.));
#11957=CARTESIAN_POINT('',(-0.75,9.18485099360515E-17,2.));
#11958=CARTESIAN_POINT('Origin',(-2.5,2.5,0.));
#11959=CARTESIAN_POINT('',(-2.5,2.5,0.));
#11960=CARTESIAN_POINT('',(-2.5,-2.5,0.));
#11961=CARTESIAN_POINT('',(-2.5,2.5,0.));
#11962=CARTESIAN_POINT('',(-2.5,-2.5,2.));
#11963=CARTESIAN_POINT('',(-2.5,-2.5,0.));
#11964=CARTESIAN_POINT('',(-2.5,2.5,2.));
#11965=CARTESIAN_POINT('',(-2.5,2.5,2.));
#11966=CARTESIAN_POINT('',(-2.5,2.5,0.));
#11967=CARTESIAN_POINT('Origin',(2.5,2.5,0.));
#11968=CARTESIAN_POINT('',(2.5,2.5,0.));
#11969=CARTESIAN_POINT('',(2.5,2.5,0.));
#11970=CARTESIAN_POINT('',(2.5,2.5,2.));
#11971=CARTESIAN_POINT('',(2.5,2.5,2.));
#11972=CARTESIAN_POINT('',(2.5,2.5,0.));
#11973=CARTESIAN_POINT('Origin',(2.5,-2.5,0.));
#11974=CARTESIAN_POINT('',(2.5,-2.5,0.));
#11975=CARTESIAN_POINT('',(2.5,-2.5,0.));
#11976=CARTESIAN_POINT('',(2.5,-2.5,2.));
#11977=CARTESIAN_POINT('',(2.5,-2.5,2.));
#11978=CARTESIAN_POINT('',(2.5,-2.5,0.));
#11979=CARTESIAN_POINT('Origin',(-2.5,-2.5,0.));
#11980=CARTESIAN_POINT('',(-2.5,-2.5,0.));
#11981=CARTESIAN_POINT('',(-2.5,-2.5,2.));
#11982=CARTESIAN_POINT('Origin',(-2.77555756156289E-16,0.,2.));
#11983=CARTESIAN_POINT('Origin',(-2.77555756156289E-16,-1.38777878078145E-16,
0.));
#11984=CARTESIAN_POINT('',(0.,0.,0.));
#11985=CARTESIAN_POINT('Origin',(2.05,1.2,2.8));
#11986=CARTESIAN_POINT('',(2.05,1.,2.8));
#11987=CARTESIAN_POINT('',(2.05,1.2,3.));
#11988=CARTESIAN_POINT('Origin',(2.05,1.2,2.8));
#11989=CARTESIAN_POINT('',(2.25,1.2,2.8));
#11990=CARTESIAN_POINT('Origin',(2.05,1.2,2.8));
#11991=CARTESIAN_POINT('Origin',(2.05,1.2,2.8));
#11992=CARTESIAN_POINT('Origin',(2.05,1.2,2.));
#11993=CARTESIAN_POINT('',(2.25,1.2,2.));
#11994=CARTESIAN_POINT('',(2.25,1.2,2.));
#11995=CARTESIAN_POINT('',(2.05,1.,1.8));
#11996=CARTESIAN_POINT('',(2.05,1.,2.));
#11997=CARTESIAN_POINT('Origin',(2.05,1.2,1.8));
#11998=CARTESIAN_POINT('Origin',(1.40463596411635,1.2,2.8));
#11999=CARTESIAN_POINT('',(1.1842719282327,1.,2.8));
#12000=CARTESIAN_POINT('',(1.40463596411635,1.,2.8));
#12001=CARTESIAN_POINT('',(1.2737739202857,1.2,3.));
#12002=CARTESIAN_POINT('',(1.40463596411635,1.2,3.));
#12003=CARTESIAN_POINT('Ctrl Pts',(1.2737739202857,1.2,3.));
#12004=CARTESIAN_POINT('Ctrl Pts',(1.27348477512423,1.19933035351661,3.));
#12005=CARTESIAN_POINT('Ctrl Pts',(1.27319554767549,1.19866074447892,2.99999663680197));
#12006=CARTESIAN_POINT('Ctrl Pts',(1.26632402949978,1.18275747461694,2.99983689615864));
#12007=CARTESIAN_POINT('Ctrl Pts',(1.25971263597689,1.16757595490637,2.99794365845681));
#12008=CARTESIAN_POINT('Ctrl Pts',(1.24673176783442,1.13799838513962,2.99075134127626));
#12009=CARTESIAN_POINT('Ctrl Pts',(1.24037731579222,1.12363518389817,2.98548124149727));
#12010=CARTESIAN_POINT('Ctrl Pts',(1.22411636833623,1.08714326708572,2.96708024455044));
#12011=CARTESIAN_POINT('Ctrl Pts',(1.21474464218995,1.06640238095859,2.95114073838034));
#12012=CARTESIAN_POINT('Ctrl Pts',(1.1997203682179,1.0334343354406,2.91325991487757));
#12013=CARTESIAN_POINT('Ctrl Pts',(1.19392714061543,1.020860474893,2.89227873100821));
#12014=CARTESIAN_POINT('Ctrl Pts',(1.18623975075303,1.00422788712802,2.84715801805403));
#12015=CARTESIAN_POINT('Ctrl Pts',(1.1842719282327,1.,2.82375341963455));
#12016=CARTESIAN_POINT('Ctrl Pts',(1.1842719282327,1.,2.8));
#12017=CARTESIAN_POINT('Origin',(0.,0.,2.8));
#12018=CARTESIAN_POINT('',(1.2,1.2737739202857,3.));
#12019=CARTESIAN_POINT('Origin',(0.,0.,3.));
#12020=CARTESIAN_POINT('',(1.,1.1842719282327,2.8));
#12021=CARTESIAN_POINT('Ctrl Pts',(1.2,1.2737739202857,3.));
#12022=CARTESIAN_POINT('Ctrl Pts',(1.19933035351662,1.27348477512423,3.));
#12023=CARTESIAN_POINT('Ctrl Pts',(1.19866074447891,1.27319554767548,2.99999663680197));
#12024=CARTESIAN_POINT('Ctrl Pts',(1.18275747461698,1.2663240294998,2.99983689615864));
#12025=CARTESIAN_POINT('Ctrl Pts',(1.16757595490638,1.25971263597689,2.99794365845682));
#12026=CARTESIAN_POINT('Ctrl Pts',(1.13799838513962,1.24673176783442,2.99075134127626));
#12027=CARTESIAN_POINT('Ctrl Pts',(1.12363518389817,1.24037731579222,2.98548124149727));
#12028=CARTESIAN_POINT('Ctrl Pts',(1.08714326708572,1.22411636833623,2.96708024455044));
#12029=CARTESIAN_POINT('Ctrl Pts',(1.06640238095859,1.21474464218994,2.95114073838034));
#12030=CARTESIAN_POINT('Ctrl Pts',(1.0334343354406,1.19972036821789,2.91325991487757));
#12031=CARTESIAN_POINT('Ctrl Pts',(1.020860474893,1.19392714061543,2.89227873100821));
#12032=CARTESIAN_POINT('Ctrl Pts',(1.00422788712802,1.18623975075302,2.84715801805403));
#12033=CARTESIAN_POINT('Ctrl Pts',(1.,1.1842719282327,2.82375341963455));
#12034=CARTESIAN_POINT('Ctrl Pts',(1.,1.1842719282327,2.8));
#12035=CARTESIAN_POINT('Origin',(0.,0.,2.8));
#12036=CARTESIAN_POINT('Origin',(2.05,2.05,2.8));
#12037=CARTESIAN_POINT('',(2.25,2.05,2.8));
#12038=CARTESIAN_POINT('',(2.05,2.05,3.));
#12039=CARTESIAN_POINT('Origin',(2.05,2.05,2.8));
#12040=CARTESIAN_POINT('',(2.05,2.25,2.8));
#12041=CARTESIAN_POINT('Origin',(2.05,2.05,2.8));
#12042=CARTESIAN_POINT('Origin',(2.05,2.05,2.8));
#12043=CARTESIAN_POINT('Origin',(2.05,2.05,2.));
#12044=CARTESIAN_POINT('',(2.25,2.05,2.));
#12045=CARTESIAN_POINT('',(2.05,2.25,2.));
#12046=CARTESIAN_POINT('Origin',(2.05,2.05,2.));
#12047=CARTESIAN_POINT('',(2.05,2.25,2.));
#12048=CARTESIAN_POINT('',(2.25,2.05,2.));
#12049=CARTESIAN_POINT('Origin',(1.2,2.05,2.8));
#12050=CARTESIAN_POINT('',(1.2,2.25,2.8));
#12051=CARTESIAN_POINT('',(1.2,2.05,3.));
#12052=CARTESIAN_POINT('Origin',(1.2,2.05,2.8));
#12053=CARTESIAN_POINT('',(1.,2.05,2.8));
#12054=CARTESIAN_POINT('Origin',(1.2,2.05,2.8));
#12055=CARTESIAN_POINT('Origin',(1.2,2.05,2.8));
#12056=CARTESIAN_POINT('Origin',(1.2,1.125,1.8));
#12057=CARTESIAN_POINT('',(1.2,2.25,2.));
#12058=CARTESIAN_POINT('',(1.2,2.5,2.));
#12059=CARTESIAN_POINT('',(1.2,1.125,2.));
#12060=CARTESIAN_POINT('',(1.,2.5,1.8));
#12061=CARTESIAN_POINT('Origin',(1.2,2.5,1.8));
#12062=CARTESIAN_POINT('',(1.,2.05,1.8));
#12063=CARTESIAN_POINT('',(1.,1.125,1.8));
#12064=CARTESIAN_POINT('Origin',(1.2,2.05,1.8));
#12065=CARTESIAN_POINT('Origin',(1.2,2.05,2.));
#12066=CARTESIAN_POINT('',(1.,2.05,2.));
#12067=CARTESIAN_POINT('',(1.2,2.25,2.));
#12068=CARTESIAN_POINT('Origin',(1.2,1.9375,2.8));
#12069=CARTESIAN_POINT('',(1.2,1.9375,3.));
#12070=CARTESIAN_POINT('',(1.,1.9375,2.8));
#12071=CARTESIAN_POINT('Origin',(1.9375,2.05,2.8));
#12072=CARTESIAN_POINT('',(1.9375,2.05,3.));
#12073=CARTESIAN_POINT('',(1.9375,2.25,2.8));
#12074=CARTESIAN_POINT('Origin',(2.05,1.3125,2.8));
#12075=CARTESIAN_POINT('',(2.05,1.3125,3.));
#12076=CARTESIAN_POINT('',(2.25,1.3125,2.8));
#12077=CARTESIAN_POINT('Origin',(0.592135964116351,1.2,1.8));
#12078=CARTESIAN_POINT('',(2.5,1.,1.8));
#12079=CARTESIAN_POINT('',(0.592135964116351,0.999999999999999,1.8));
#12080=CARTESIAN_POINT('',(2.5,1.2,2.));
#12081=CARTESIAN_POINT('Origin',(2.5,1.2,1.8));
#12082=CARTESIAN_POINT('',(0.592135964116351,1.2,2.));
#12083=CARTESIAN_POINT('Origin',(2.5,-2.5,0.));
#12084=CARTESIAN_POINT('',(2.5,1.,1.));
#12085=CARTESIAN_POINT('',(2.5,1.,1.));
#12086=CARTESIAN_POINT('',(2.5,-0.999999999999996,1.));
#12087=CARTESIAN_POINT('',(2.5,-1.25,1.));
#12088=CARTESIAN_POINT('',(2.5,-1.,1.8));
#12089=CARTESIAN_POINT('',(2.5,-1.,1.));
#12090=CARTESIAN_POINT('',(2.5,-1.2,2.));
#12091=CARTESIAN_POINT('Origin',(2.5,-1.2,1.8));
#12092=CARTESIAN_POINT('',(2.5,-2.5,2.));
#12093=CARTESIAN_POINT('',(2.5,-2.5,2.));
#12094=CARTESIAN_POINT('',(2.5,-2.5,0.));
#12095=CARTESIAN_POINT('',(2.5,-2.5,0.));
#12096=CARTESIAN_POINT('',(2.5,2.5,0.));
#12097=CARTESIAN_POINT('',(2.5,-2.5,0.));
#12098=CARTESIAN_POINT('',(2.5,2.5,2.));
#12099=CARTESIAN_POINT('',(2.5,2.5,0.));
#12100=CARTESIAN_POINT('',(2.5,-2.5,2.));
#12101=CARTESIAN_POINT('Origin',(1.1842719282327,1.,2.));
#12102=CARTESIAN_POINT('',(1.1842719282327,1.,1.));
#12103=CARTESIAN_POINT('',(1.1842719282327,1.,2.));
#12104=CARTESIAN_POINT('',(2.5,1.,1.));
#12105=CARTESIAN_POINT('Origin',(0.,0.,2.));
#12106=CARTESIAN_POINT('',(1.,1.1842719282327,1.));
#12107=CARTESIAN_POINT('',(1.,1.1842719282327,2.));
#12108=CARTESIAN_POINT('Origin',(0.,0.,1.));
#12109=CARTESIAN_POINT('Origin',(1.,2.25,2.));
#12110=CARTESIAN_POINT('',(1.,2.5,1.));
#12111=CARTESIAN_POINT('',(1.,2.5,1.));
#12112=CARTESIAN_POINT('',(1.,0.830662386291807,1.));
#12113=CARTESIAN_POINT('Origin',(-2.77555756156289E-16,0.,2.));
#12114=CARTESIAN_POINT('',(2.5,2.5,2.));
#12115=CARTESIAN_POINT('',(1.125,2.25,2.));
#12116=CARTESIAN_POINT('',(2.25,0.5,2.));
#12117=CARTESIAN_POINT('Origin',(2.5,2.5,0.));
#12118=CARTESIAN_POINT('',(-2.5,2.5,0.));
#12119=CARTESIAN_POINT('',(2.5,2.5,0.));
#12120=CARTESIAN_POINT('',(-2.5,2.5,2.));
#12121=CARTESIAN_POINT('',(-2.5,2.5,0.));
#12122=CARTESIAN_POINT('',(-1.2,2.5,2.));
#12123=CARTESIAN_POINT('',(2.5,2.5,2.));
#12124=CARTESIAN_POINT('',(-1.00000000000001,2.5,1.8));
#12125=CARTESIAN_POINT('Origin',(-1.2,2.5,1.8));
#12126=CARTESIAN_POINT('',(-1.00000000000001,2.5,1.));
#12127=CARTESIAN_POINT('',(-1.00000000000001,2.5,1.));
#12128=CARTESIAN_POINT('',(1.25,2.5,1.));
#12129=CARTESIAN_POINT('Origin',(1.625,1.625,3.));
#12130=CARTESIAN_POINT('Origin',(0.,0.,1.8));
#12131=CARTESIAN_POINT('',(-1.1,-1.34711147906209E-16,2.));
#12132=CARTESIAN_POINT('Origin',(0.,0.,2.));
#12133=CARTESIAN_POINT('',(-1.3,-1.59204083889156E-16,1.8));
#12134=CARTESIAN_POINT('Origin',(-1.1,-1.34711147906209E-16,1.8));
#12135=CARTESIAN_POINT('',(1.3,1.59204083889156E-16,1.8));
#12136=CARTESIAN_POINT('Origin',(0.,0.,1.8));
#12137=CARTESIAN_POINT('Origin',(0.,0.,1.8));
#12138=CARTESIAN_POINT('Origin',(0.,0.,2.));
#12139=CARTESIAN_POINT('',(1.3,1.38777878078145E-16,1.));
#12140=CARTESIAN_POINT('',(1.3,-1.59204083889156E-16,2.));
#12141=CARTESIAN_POINT('Origin',(0.,0.,1.));
#12142=CARTESIAN_POINT('Origin',(-2.77555756156289E-16,0.,2.));
#12143=CARTESIAN_POINT('',(-0.75,9.18485099360515E-17,2.));
#12144=CARTESIAN_POINT('Origin',(0.,0.,2.));
#12145=CARTESIAN_POINT('Origin',(-1.2,2.05,2.8));
#12146=CARTESIAN_POINT('',(-1.,2.05,2.8));
#12147=CARTESIAN_POINT('',(-1.2,2.05,3.));
#12148=CARTESIAN_POINT('Origin',(-1.2,2.05,2.8));
#12149=CARTESIAN_POINT('',(-1.2,2.25,2.8));
#12150=CARTESIAN_POINT('Origin',(-1.2,2.05,2.8));
#12151=CARTESIAN_POINT('Origin',(-1.2,2.05,2.8));
#12152=CARTESIAN_POINT('Origin',(-1.2,2.05,2.));
#12153=CARTESIAN_POINT('',(-1.2,2.25,2.));
#12154=CARTESIAN_POINT('',(-1.2,2.25,2.));
#12155=CARTESIAN_POINT('',(-1.,2.05,1.8));
#12156=CARTESIAN_POINT('',(-1.,2.05,2.));
#12157=CARTESIAN_POINT('Origin',(-1.2,2.05,1.8));
#12158=CARTESIAN_POINT('Origin',(-1.2,1.40463596411635,2.8));
#12159=CARTESIAN_POINT('',(-1.,1.1842719282327,2.8));
#12160=CARTESIAN_POINT('',(-1.,1.40463596411635,2.8));
#12161=CARTESIAN_POINT('',(-1.2,1.2737739202857,3.));
#12162=CARTESIAN_POINT('',(-1.2,1.40463596411635,3.));
#12163=CARTESIAN_POINT('Ctrl Pts',(-1.2,1.2737739202857,3.));
#12164=CARTESIAN_POINT('Ctrl Pts',(-1.19933035351661,1.27348477512423,3.));
#12165=CARTESIAN_POINT('Ctrl Pts',(-1.19866074447892,1.27319554767548,2.99999663680197));
#12166=CARTESIAN_POINT('Ctrl Pts',(-1.18275747461695,1.26632402949978,2.99983689615864));
#12167=CARTESIAN_POINT('Ctrl Pts',(-1.16757595490637,1.25971263597689,2.99794365845681));
#12168=CARTESIAN_POINT('Ctrl Pts',(-1.13799838513962,1.24673176783442,2.99075134127627));
#12169=CARTESIAN_POINT('Ctrl Pts',(-1.12363518389817,1.24037731579223,2.98548124149727));
#12170=CARTESIAN_POINT('Ctrl Pts',(-1.08714326708572,1.22411636833623,2.96708024455044));
#12171=CARTESIAN_POINT('Ctrl Pts',(-1.06640238095859,1.21474464218995,2.95114073838034));
#12172=CARTESIAN_POINT('Ctrl Pts',(-1.0334343354406,1.1997203682179,2.91325991487757));
#12173=CARTESIAN_POINT('Ctrl Pts',(-1.020860474893,1.19392714061543,2.89227873100821));
#12174=CARTESIAN_POINT('Ctrl Pts',(-1.00422788712802,1.18623975075302,2.84715801805403));
#12175=CARTESIAN_POINT('Ctrl Pts',(-1.,1.1842719282327,2.82375341963455));
#12176=CARTESIAN_POINT('Ctrl Pts',(-1.,1.1842719282327,2.8));
#12177=CARTESIAN_POINT('Origin',(-2.05,2.05,2.8));
#12178=CARTESIAN_POINT('',(-2.05,2.25,2.8));
#12179=CARTESIAN_POINT('',(-2.05,2.05,3.));
#12180=CARTESIAN_POINT('Origin',(-2.05,2.05,2.8));
#12181=CARTESIAN_POINT('',(-2.25,2.05,2.8));
#12182=CARTESIAN_POINT('Origin',(-2.05,2.05,2.8));
#12183=CARTESIAN_POINT('Origin',(-2.05,2.05,2.8));
#12184=CARTESIAN_POINT('Origin',(-2.05,2.05,2.));
#12185=CARTESIAN_POINT('',(-2.05,2.25,2.));
#12186=CARTESIAN_POINT('',(-2.25,2.05,2.));
#12187=CARTESIAN_POINT('Origin',(-2.05,2.05,2.));
#12188=CARTESIAN_POINT('',(-2.25,2.05,2.));
#12189=CARTESIAN_POINT('',(-2.05,2.25,2.));
#12190=CARTESIAN_POINT('Origin',(0.,0.,2.8));
#12191=CARTESIAN_POINT('',(-1.2737739202857,1.2,3.));
#12192=CARTESIAN_POINT('Origin',(0.,0.,3.));
#12193=CARTESIAN_POINT('',(-1.1842719282327,1.,2.8));
#12194=CARTESIAN_POINT('Ctrl Pts',(-1.2737739202857,1.2,3.));
#12195=CARTESIAN_POINT('Ctrl Pts',(-1.27348477512422,1.19933035351661,3.));
#12196=CARTESIAN_POINT('Ctrl Pts',(-1.27319554767549,1.19866074447892,2.99999663680197));
#12197=CARTESIAN_POINT('Ctrl Pts',(-1.26632402949976,1.18275747461692,2.99983689615864));
#12198=CARTESIAN_POINT('Ctrl Pts',(-1.25971263597689,1.16757595490637,2.99794365845681));
#12199=CARTESIAN_POINT('Ctrl Pts',(-1.24673176783442,1.13799838513962,2.99075134127627));
#12200=CARTESIAN_POINT('Ctrl Pts',(-1.24037731579223,1.12363518389817,2.98548124149727));
#12201=CARTESIAN_POINT('Ctrl Pts',(-1.22411636833623,1.08714326708572,2.96708024455044));
#12202=CARTESIAN_POINT('Ctrl Pts',(-1.21474464218995,1.06640238095859,2.95114073838034));
#12203=CARTESIAN_POINT('Ctrl Pts',(-1.1997203682179,1.0334343354406,2.91325991487757));
#12204=CARTESIAN_POINT('Ctrl Pts',(-1.19392714061543,1.020860474893,2.89227873100821));
#12205=CARTESIAN_POINT('Ctrl Pts',(-1.18623975075302,1.00422788712802,2.84715801805403));
#12206=CARTESIAN_POINT('Ctrl Pts',(-1.1842719282327,1.,2.82375341963455));
#12207=CARTESIAN_POINT('Ctrl Pts',(-1.1842719282327,1.,2.8));
#12208=CARTESIAN_POINT('Origin',(0.,0.,2.8));
#12209=CARTESIAN_POINT('Origin',(-2.05,1.2,2.8));
#12210=CARTESIAN_POINT('',(-2.25,1.2,2.8));
#12211=CARTESIAN_POINT('',(-2.05,1.2,3.));
#12212=CARTESIAN_POINT('Origin',(-2.05,1.2,2.8));
#12213=CARTESIAN_POINT('',(-2.05,1.,2.8));
#12214=CARTESIAN_POINT('Origin',(-2.05,1.2,2.8));
#12215=CARTESIAN_POINT('Origin',(-2.05,1.2,2.8));
#12216=CARTESIAN_POINT('Origin',(-1.125,1.2,1.8));
#12217=CARTESIAN_POINT('',(-2.25,1.2,2.));
#12218=CARTESIAN_POINT('',(-2.5,1.2,2.));
#12219=CARTESIAN_POINT('',(-1.125,1.2,2.));
#12220=CARTESIAN_POINT('',(-2.5,0.999999999999999,1.8));
#12221=CARTESIAN_POINT('Origin',(-2.5,1.2,1.8));
#12222=CARTESIAN_POINT('',(-2.05,1.,1.8));
#12223=CARTESIAN_POINT('',(-1.125,1.,1.8));
#12224=CARTESIAN_POINT('Origin',(-2.05,1.2,1.8));
#12225=CARTESIAN_POINT('Origin',(-2.05,1.2,2.));
#12226=CARTESIAN_POINT('',(-2.05,1.,2.));
#12227=CARTESIAN_POINT('',(-2.25,1.2,2.));
#12228=CARTESIAN_POINT('Origin',(-1.9375,1.2,2.8));
#12229=CARTESIAN_POINT('',(-1.9375,1.2,3.));
#12230=CARTESIAN_POINT('',(-1.9375,1.,2.8));
#12231=CARTESIAN_POINT('Origin',(-2.05,1.9375,2.8));
#12232=CARTESIAN_POINT('',(-2.05,1.9375,3.));
#12233=CARTESIAN_POINT('',(-2.25,1.9375,2.8));
#12234=CARTESIAN_POINT('Origin',(-1.3125,2.05,2.8));
#12235=CARTESIAN_POINT('',(-1.3125,2.05,3.));
#12236=CARTESIAN_POINT('',(-1.3125,2.25,2.8));
#12237=CARTESIAN_POINT('Origin',(-1.2,0.59213596411635,1.8));
#12238=CARTESIAN_POINT('',(-1.,0.59213596411635,1.8));
#12239=CARTESIAN_POINT('',(-1.2,0.59213596411635,2.));
#12240=CARTESIAN_POINT('Origin',(-1.,1.1842719282327,2.));
#12241=CARTESIAN_POINT('',(-1.,1.1842719282327,1.));
#12242=CARTESIAN_POINT('',(-1.,1.1842719282327,2.));
#12243=CARTESIAN_POINT('',(-1.00000000000001,2.5,1.));
#12244=CARTESIAN_POINT('Origin',(0.,0.,2.));
#12245=CARTESIAN_POINT('',(-1.1842719282327,1.,1.));
#12246=CARTESIAN_POINT('',(-1.1842719282327,1.,2.));
#12247=CARTESIAN_POINT('Origin',(0.,0.,1.));
#12248=CARTESIAN_POINT('Origin',(-2.25,1.,2.));
#12249=CARTESIAN_POINT('',(-2.5,1.,1.));
#12250=CARTESIAN_POINT('',(-2.5,0.999999999999999,1.));
#12251=CARTESIAN_POINT('',(-0.830662386291808,1.,1.));
#12252=CARTESIAN_POINT('Origin',(-2.77555756156289E-16,0.,2.));
#12253=CARTESIAN_POINT('',(-2.5,2.5,2.));
#12254=CARTESIAN_POINT('',(-2.25,1.125,2.));
#12255=CARTESIAN_POINT('',(-0.5,2.25,2.));
#12256=CARTESIAN_POINT('Origin',(-2.5,2.5,0.));
#12257=CARTESIAN_POINT('',(-2.5,-2.5,0.));
#12258=CARTESIAN_POINT('',(-2.5,2.5,0.));
#12259=CARTESIAN_POINT('',(-2.5,-2.5,2.));
#12260=CARTESIAN_POINT('',(-2.5,-2.5,0.));
#12261=CARTESIAN_POINT('',(-2.5,-1.2,2.));
#12262=CARTESIAN_POINT('',(-2.5,2.5,2.));
#12263=CARTESIAN_POINT('',(-2.5,-1.,1.8));
#12264=CARTESIAN_POINT('Origin',(-2.5,-1.2,1.8));
#12265=CARTESIAN_POINT('',(-2.5,-1.,1.));
#12266=CARTESIAN_POINT('',(-2.5,-1.,1.));
#12267=CARTESIAN_POINT('',(-2.5,1.25,1.));
#12268=CARTESIAN_POINT('Origin',(-1.625,1.625,3.));
#12269=CARTESIAN_POINT('Origin',(1.125,-1.2,1.8));
#12270=CARTESIAN_POINT('',(2.25,-1.2,2.));
#12271=CARTESIAN_POINT('',(1.125,-1.2,2.));
#12272=CARTESIAN_POINT('',(2.05,-1.,1.8));
#12273=CARTESIAN_POINT('',(1.125,-1.,1.8));
#12274=CARTESIAN_POINT('Origin',(2.05,-1.2,1.8));
#12275=CARTESIAN_POINT('Origin',(2.05,-1.2,2.8));
#12276=CARTESIAN_POINT('',(2.25,-1.2,2.8));
#12277=CARTESIAN_POINT('',(2.05,-1.2,3.));
#12278=CARTESIAN_POINT('Origin',(2.05,-1.2,2.8));
#12279=CARTESIAN_POINT('',(2.05,-1.,2.8));
#12280=CARTESIAN_POINT('Origin',(2.05,-1.2,2.8));
#12281=CARTESIAN_POINT('Origin',(2.05,-1.2,2.8));
#12282=CARTESIAN_POINT('Origin',(2.05,-1.2,2.));
#12283=CARTESIAN_POINT('',(2.05,-1.,2.));
#12284=CARTESIAN_POINT('',(2.25,-1.2,2.));
#12285=CARTESIAN_POINT('Origin',(2.05,-2.05,2.8));
#12286=CARTESIAN_POINT('',(2.05,-2.25,2.8));
#12287=CARTESIAN_POINT('',(2.05,-2.05,3.));
#12288=CARTESIAN_POINT('Origin',(2.05,-2.05,2.8));
#12289=CARTESIAN_POINT('',(2.25,-2.05,2.8));
#12290=CARTESIAN_POINT('Origin',(2.05,-2.05,2.8));
#12291=CARTESIAN_POINT('Origin',(2.05,-2.05,2.8));
#12292=CARTESIAN_POINT('Origin',(2.05,-2.05,2.));
#12293=CARTESIAN_POINT('',(2.05,-2.25,2.));
#12294=CARTESIAN_POINT('',(2.25,-2.05,2.));
#12295=CARTESIAN_POINT('Origin',(2.05,-2.05,2.));
#12296=CARTESIAN_POINT('',(2.25,-2.05,2.));
#12297=CARTESIAN_POINT('',(2.05,-2.25,2.));
#12298=CARTESIAN_POINT('Origin',(2.05,-1.9375,2.8));
#12299=CARTESIAN_POINT('',(2.05,-1.9375,3.));
#12300=CARTESIAN_POINT('',(2.25,-1.9375,2.8));
#12301=CARTESIAN_POINT('Origin',(1.2,-2.05,2.8));
#12302=CARTESIAN_POINT('',(1.,-2.05,2.8));
#12303=CARTESIAN_POINT('',(1.2,-2.05,3.));
#12304=CARTESIAN_POINT('Origin',(1.2,-2.05,2.8));
#12305=CARTESIAN_POINT('',(1.2,-2.25,2.8));
#12306=CARTESIAN_POINT('Origin',(1.2,-2.05,2.8));
#12307=CARTESIAN_POINT('Origin',(1.2,-2.05,2.8));
#12308=CARTESIAN_POINT('Origin',(1.2,-2.05,2.));
#12309=CARTESIAN_POINT('',(1.2,-2.25,2.));
#12310=CARTESIAN_POINT('',(1.2,-2.25,2.));
#12311=CARTESIAN_POINT('',(1.,-2.05,1.8));
#12312=CARTESIAN_POINT('',(1.,-2.05,2.));
#12313=CARTESIAN_POINT('Origin',(1.2,-2.05,1.8));
#12314=CARTESIAN_POINT('Origin',(1.2,-0.592135964116351,1.8));
#12315=CARTESIAN_POINT('',(1.,-2.5,1.8));
#12316=CARTESIAN_POINT('',(1.,-0.592135964116351,1.8));
#12317=CARTESIAN_POINT('',(1.2,-2.5,2.));
#12318=CARTESIAN_POINT('Origin',(1.2,-2.5,1.8));
#12319=CARTESIAN_POINT('',(1.2,-0.592135964116351,2.));
#12320=CARTESIAN_POINT('Origin',(1.3125,-2.05,2.8));
#12321=CARTESIAN_POINT('',(1.3125,-2.05,3.));
#12322=CARTESIAN_POINT('',(1.3125,-2.25,2.8));
#12323=CARTESIAN_POINT('Origin',(1.2,-1.40463596411635,2.8));
#12324=CARTESIAN_POINT('',(1.,-1.1842719282327,2.8));
#12325=CARTESIAN_POINT('',(1.,-1.40463596411635,2.8));
#12326=CARTESIAN_POINT('',(1.2,-1.2737739202857,3.));
#12327=CARTESIAN_POINT('',(1.2,-1.40463596411635,3.));
#12328=CARTESIAN_POINT('Ctrl Pts',(1.2,-1.2737739202857,3.));
#12329=CARTESIAN_POINT('Ctrl Pts',(1.19933035351661,-1.27348477512422,3.));
#12330=CARTESIAN_POINT('Ctrl Pts',(1.19866074447892,-1.27319554767548,2.99999663680197));
#12331=CARTESIAN_POINT('Ctrl Pts',(1.18275747461695,-1.26632402949978,2.99983689615864));
#12332=CARTESIAN_POINT('Ctrl Pts',(1.16757595490637,-1.25971263597689,2.99794365845682));
#12333=CARTESIAN_POINT('Ctrl Pts',(1.13799838513961,-1.24673176783442,2.99075134127626));
#12334=CARTESIAN_POINT('Ctrl Pts',(1.12363518389817,-1.24037731579222,2.98548124149726));
#12335=CARTESIAN_POINT('Ctrl Pts',(1.08714326708572,-1.22411636833623,2.96708024455044));
#12336=CARTESIAN_POINT('Ctrl Pts',(1.06640238095859,-1.21474464218995,2.95114073838034));
#12337=CARTESIAN_POINT('Ctrl Pts',(1.0334343354406,-1.1997203682179,2.91325991487757));
#12338=CARTESIAN_POINT('Ctrl Pts',(1.020860474893,-1.19392714061543,2.89227873100821));
#12339=CARTESIAN_POINT('Ctrl Pts',(1.00422788712802,-1.18623975075302,2.84715801805403));
#12340=CARTESIAN_POINT('Ctrl Pts',(1.,-1.1842719282327,2.82375341963455));
#12341=CARTESIAN_POINT('Ctrl Pts',(1.,-1.1842719282327,2.8));
#12342=CARTESIAN_POINT('Origin',(0.,0.,2.8));
#12343=CARTESIAN_POINT('',(1.1842719282327,-1.,2.8));
#12344=CARTESIAN_POINT('Origin',(0.,0.,2.8));
#12345=CARTESIAN_POINT('',(1.2737739202857,-1.2,3.));
#12346=CARTESIAN_POINT('Origin',(0.,0.,3.));
#12347=CARTESIAN_POINT('Ctrl Pts',(1.2737739202857,-1.2,3.));
#12348=CARTESIAN_POINT('Ctrl Pts',(1.27348477512422,-1.19933035351661,3.));
#12349=CARTESIAN_POINT('Ctrl Pts',(1.27319554767549,-1.19866074447892,2.99999663680197));
#12350=CARTESIAN_POINT('Ctrl Pts',(1.26632402949976,-1.18275747461693,2.99983689615864));
#12351=CARTESIAN_POINT('Ctrl Pts',(1.25971263597689,-1.16757595490637,2.99794365845681));
#12352=CARTESIAN_POINT('Ctrl Pts',(1.24673176783442,-1.13799838513962,2.99075134127627));
#12353=CARTESIAN_POINT('Ctrl Pts',(1.24037731579223,-1.12363518389817,2.98548124149727));
#12354=CARTESIAN_POINT('Ctrl Pts',(1.22411636833623,-1.08714326708572,2.96708024455044));
#12355=CARTESIAN_POINT('Ctrl Pts',(1.21474464218994,-1.06640238095859,2.95114073838034));
#12356=CARTESIAN_POINT('Ctrl Pts',(1.19972036821789,-1.0334343354406,2.91325991487757));
#12357=CARTESIAN_POINT('Ctrl Pts',(1.19392714061543,-1.020860474893,2.89227873100821));
#12358=CARTESIAN_POINT('Ctrl Pts',(1.18623975075302,-1.00422788712802,2.84715801805403));
#12359=CARTESIAN_POINT('Ctrl Pts',(1.1842719282327,-1.,2.82375341963455));
#12360=CARTESIAN_POINT('Ctrl Pts',(1.1842719282327,-1.,2.8));
#12361=CARTESIAN_POINT('Origin',(1.9375,-1.2,2.8));
#12362=CARTESIAN_POINT('',(1.9375,-1.2,3.));
#12363=CARTESIAN_POINT('',(1.9375,-1.,2.8));
#12364=CARTESIAN_POINT('Origin',(2.25,-2.25,2.));
#12365=CARTESIAN_POINT('',(2.25,-1.125,2.));
#12366=CARTESIAN_POINT('Origin',(1.,-2.25,2.));
#12367=CARTESIAN_POINT('',(0.5,-2.25,2.));
#12368=CARTESIAN_POINT('Origin',(-2.5,-2.5,0.));
#12369=CARTESIAN_POINT('',(1.,-2.5,1.));
#12370=CARTESIAN_POINT('',(1.,-2.5,1.));
#12371=CARTESIAN_POINT('',(-1.,-2.5,1.));
#12372=CARTESIAN_POINT('',(-1.25,-2.5,1.));
#12373=CARTESIAN_POINT('',(-1.,-2.5,1.8));
#12374=CARTESIAN_POINT('',(-1.,-2.5,1.));
#12375=CARTESIAN_POINT('',(-1.2,-2.5,2.));
#12376=CARTESIAN_POINT('Origin',(-1.2,-2.5,1.8));
#12377=CARTESIAN_POINT('',(-2.5,-2.5,2.));
#12378=CARTESIAN_POINT('',(-2.5,-2.5,0.));
#12379=CARTESIAN_POINT('',(-2.5,-2.5,2.));
#12380=CARTESIAN_POINT('Origin',(1.625,-1.625,3.));
#12381=CARTESIAN_POINT('Origin',(-2.05,-1.2,2.8));
#12382=CARTESIAN_POINT('',(-2.05,-1.,2.8));
#12383=CARTESIAN_POINT('',(-2.05,-1.2,3.));
#12384=CARTESIAN_POINT('Origin',(-2.05,-1.2,2.8));
#12385=CARTESIAN_POINT('',(-2.25,-1.2,2.8));
#12386=CARTESIAN_POINT('Origin',(-2.05,-1.2,2.8));
#12387=CARTESIAN_POINT('Origin',(-2.05,-1.2,2.8));
#12388=CARTESIAN_POINT('Origin',(-2.05,-1.2,2.));
#12389=CARTESIAN_POINT('',(-2.25,-1.2,2.));
#12390=CARTESIAN_POINT('',(-2.25,-1.2,2.));
#12391=CARTESIAN_POINT('',(-2.05,-1.,1.8));
#12392=CARTESIAN_POINT('',(-2.05,-1.,2.));
#12393=CARTESIAN_POINT('Origin',(-2.05,-1.2,1.8));
#12394=CARTESIAN_POINT('Origin',(-1.40463596411635,-1.2,2.8));
#12395=CARTESIAN_POINT('',(-1.1842719282327,-1.,2.8));
#12396=CARTESIAN_POINT('',(-1.40463596411635,-1.,2.8));
#12397=CARTESIAN_POINT('',(-1.2737739202857,-1.2,3.));
#12398=CARTESIAN_POINT('',(-1.40463596411635,-1.2,3.));
#12399=CARTESIAN_POINT('Ctrl Pts',(-1.2737739202857,-1.2,3.));
#12400=CARTESIAN_POINT('Ctrl Pts',(-1.27348477512422,-1.19933035351661,
3.));
#12401=CARTESIAN_POINT('Ctrl Pts',(-1.27319554767548,-1.19866074447892,
2.99999663680197));
#12402=CARTESIAN_POINT('Ctrl Pts',(-1.26632402949978,-1.18275747461696,
2.99983689615864));
#12403=CARTESIAN_POINT('Ctrl Pts',(-1.25971263597689,-1.16757595490637,
2.99794365845682));
#12404=CARTESIAN_POINT('Ctrl Pts',(-1.24673176783442,-1.13799838513962,
2.99075134127626));
#12405=CARTESIAN_POINT('Ctrl Pts',(-1.24037731579222,-1.12363518389817,
2.98548124149727));
#12406=CARTESIAN_POINT('Ctrl Pts',(-1.22411636833623,-1.08714326708572,
2.96708024455044));
#12407=CARTESIAN_POINT('Ctrl Pts',(-1.21474464218994,-1.06640238095859,
2.95114073838034));
#12408=CARTESIAN_POINT('Ctrl Pts',(-1.1997203682179,-1.0334343354406,2.91325991487757));
#12409=CARTESIAN_POINT('Ctrl Pts',(-1.19392714061543,-1.020860474893,2.89227873100821));
#12410=CARTESIAN_POINT('Ctrl Pts',(-1.18623975075302,-1.00422788712802,
2.84715801805403));
#12411=CARTESIAN_POINT('Ctrl Pts',(-1.1842719282327,-1.,2.82375341963455));
#12412=CARTESIAN_POINT('Ctrl Pts',(-1.1842719282327,-1.,2.8));
#12413=CARTESIAN_POINT('Origin',(0.,0.,2.8));
#12414=CARTESIAN_POINT('',(-1.2,-1.2737739202857,3.));
#12415=CARTESIAN_POINT('Origin',(0.,0.,3.));
#12416=CARTESIAN_POINT('',(-1.,-1.1842719282327,2.8));
#12417=CARTESIAN_POINT('Ctrl Pts',(-1.2,-1.2737739202857,3.));
#12418=CARTESIAN_POINT('Ctrl Pts',(-1.19933035351661,-1.27348477512423,
3.));
#12419=CARTESIAN_POINT('Ctrl Pts',(-1.19866074447892,-1.27319554767548,
2.99999663680197));
#12420=CARTESIAN_POINT('Ctrl Pts',(-1.18275747461695,-1.26632402949978,
2.99983689615864));
#12421=CARTESIAN_POINT('Ctrl Pts',(-1.16757595490637,-1.25971263597689,
2.99794365845682));
#12422=CARTESIAN_POINT('Ctrl Pts',(-1.13799838513962,-1.24673176783442,
2.99075134127626));
#12423=CARTESIAN_POINT('Ctrl Pts',(-1.12363518389817,-1.24037731579223,
2.98548124149727));
#12424=CARTESIAN_POINT('Ctrl Pts',(-1.08714326708572,-1.22411636833623,
2.96708024455044));
#12425=CARTESIAN_POINT('Ctrl Pts',(-1.06640238095859,-1.21474464218994,
2.95114073838034));
#12426=CARTESIAN_POINT('Ctrl Pts',(-1.0334343354406,-1.1997203682179,2.91325991487757));
#12427=CARTESIAN_POINT('Ctrl Pts',(-1.020860474893,-1.19392714061543,2.89227873100821));
#12428=CARTESIAN_POINT('Ctrl Pts',(-1.00422788712802,-1.18623975075302,
2.84715801805403));
#12429=CARTESIAN_POINT('Ctrl Pts',(-1.,-1.1842719282327,2.82375341963455));
#12430=CARTESIAN_POINT('Ctrl Pts',(-1.,-1.1842719282327,2.8));
#12431=CARTESIAN_POINT('Origin',(0.,0.,2.8));
#12432=CARTESIAN_POINT('Origin',(-2.05,-2.05,2.8));
#12433=CARTESIAN_POINT('',(-2.25,-2.05,2.8));
#12434=CARTESIAN_POINT('',(-2.05,-2.05,3.));
#12435=CARTESIAN_POINT('Origin',(-2.05,-2.05,2.8));
#12436=CARTESIAN_POINT('',(-2.05,-2.25,2.8));
#12437=CARTESIAN_POINT('Origin',(-2.05,-2.05,2.8));
#12438=CARTESIAN_POINT('Origin',(-2.05,-2.05,2.8));
#12439=CARTESIAN_POINT('Origin',(-2.05,-2.05,2.));
#12440=CARTESIAN_POINT('',(-2.25,-2.05,2.));
#12441=CARTESIAN_POINT('',(-2.05,-2.25,2.));
#12442=CARTESIAN_POINT('Origin',(-2.05,-2.05,2.));
#12443=CARTESIAN_POINT('',(-2.05,-2.25,2.));
#12444=CARTESIAN_POINT('',(-2.25,-2.05,2.));
#12445=CARTESIAN_POINT('Origin',(-1.2,-2.05,2.8));
#12446=CARTESIAN_POINT('',(-1.2,-2.25,2.8));
#12447=CARTESIAN_POINT('',(-1.2,-2.05,3.));
#12448=CARTESIAN_POINT('Origin',(-1.2,-2.05,2.8));
#12449=CARTESIAN_POINT('',(-1.,-2.05,2.8));
#12450=CARTESIAN_POINT('Origin',(-1.2,-2.05,2.8));
#12451=CARTESIAN_POINT('Origin',(-1.2,-2.05,2.8));
#12452=CARTESIAN_POINT('Origin',(-1.2,-1.125,1.8));
#12453=CARTESIAN_POINT('',(-1.2,-2.25,2.));
#12454=CARTESIAN_POINT('',(-1.2,-1.125,2.));
#12455=CARTESIAN_POINT('',(-1.,-2.05,1.8));
#12456=CARTESIAN_POINT('',(-1.,-1.125,1.8));
#12457=CARTESIAN_POINT('Origin',(-1.2,-2.05,1.8));
#12458=CARTESIAN_POINT('Origin',(-1.2,-2.05,2.));
#12459=CARTESIAN_POINT('',(-1.,-2.05,2.));
#12460=CARTESIAN_POINT('',(-1.2,-2.25,2.));
#12461=CARTESIAN_POINT('Origin',(-1.2,-1.9375,2.8));
#12462=CARTESIAN_POINT('',(-1.2,-1.9375,3.));
#12463=CARTESIAN_POINT('',(-1.,-1.9375,2.8));
#12464=CARTESIAN_POINT('Origin',(-1.9375,-2.05,2.8));
#12465=CARTESIAN_POINT('',(-1.9375,-2.05,3.));
#12466=CARTESIAN_POINT('',(-1.9375,-2.25,2.8));
#12467=CARTESIAN_POINT('Origin',(-2.05,-1.3125,2.8));
#12468=CARTESIAN_POINT('',(-2.05,-1.3125,3.));
#12469=CARTESIAN_POINT('',(-2.25,-1.3125,2.8));
#12470=CARTESIAN_POINT('Origin',(-0.59213596411635,-1.2,1.8));
#12471=CARTESIAN_POINT('',(-0.59213596411635,-1.,1.8));
#12472=CARTESIAN_POINT('',(-0.59213596411635,-1.2,2.));
#12473=CARTESIAN_POINT('Origin',(-2.25,-2.25,2.));
#12474=CARTESIAN_POINT('',(-1.125,-2.25,2.));
#12475=CARTESIAN_POINT('Origin',(-2.25,-1.,2.));
#12476=CARTESIAN_POINT('',(-2.25,-0.500000000000001,2.));
#12477=CARTESIAN_POINT('Origin',(-1.625,-1.625,3.));
#12478=CARTESIAN_POINT('Origin',(-2.77555756156289E-16,-1.38777878078145E-16,
1.));
#12479=CARTESIAN_POINT('',(-1.1842719282327,-1.,1.));
#12480=CARTESIAN_POINT('',(-2.5,-1.,1.));
#12481=CARTESIAN_POINT('',(-1.,-1.1842719282327,1.));
#12482=CARTESIAN_POINT('Origin',(0.,0.,1.));
#12483=CARTESIAN_POINT('',(-1.,-0.830662386291807,1.));
#12484=CARTESIAN_POINT('',(1.,-1.1842719282327,1.));
#12485=CARTESIAN_POINT('',(1.,-2.5,1.));
#12486=CARTESIAN_POINT('',(1.1842719282327,-1.,1.));
#12487=CARTESIAN_POINT('Origin',(0.,0.,1.));
#12488=CARTESIAN_POINT('',(0.830662386291806,-1.,1.));
#12489=CARTESIAN_POINT('Origin',(-2.77555756156289E-16,0.,2.));
#12490=CARTESIAN_POINT('Origin',(-2.77555756156289E-16,0.,2.));
#12491=CARTESIAN_POINT('Origin',(2.25,-1.,2.));
#12492=CARTESIAN_POINT('',(1.1842719282327,-1.,2.));
#12493=CARTESIAN_POINT('Origin',(1.,-1.1842719282327,2.));
#12494=CARTESIAN_POINT('',(1.,-1.1842719282327,2.));
#12495=CARTESIAN_POINT('Origin',(0.,0.,2.));
#12496=CARTESIAN_POINT('Origin',(2.25,2.25,2.));
#12497=CARTESIAN_POINT('Origin',(2.25,1.,2.));
#12498=CARTESIAN_POINT('Origin',(-1.1842719282327,-1.,2.));
#12499=CARTESIAN_POINT('',(-1.1842719282327,-1.,2.));
#12500=CARTESIAN_POINT('Origin',(0.,0.,2.));
#12501=CARTESIAN_POINT('',(-1.,-1.1842719282327,2.));
#12502=CARTESIAN_POINT('Origin',(-1.,-2.25,2.));
#12503=CARTESIAN_POINT('Origin',(-2.25,2.25,2.));
#12504=CARTESIAN_POINT('Origin',(-1.,2.25,2.));
#12505=CARTESIAN_POINT('Origin',(0.63508529610859,1.1,0.));
#12506=CARTESIAN_POINT('',(0.63508529610859,1.1,0.));
#12507=CARTESIAN_POINT('',(-0.635085296108588,1.1,0.));
#12508=CARTESIAN_POINT('',(0.317542648054295,1.1,0.));
#12509=CARTESIAN_POINT('',(0.63508529610859,1.1,1.8));
#12510=CARTESIAN_POINT('',(0.63508529610859,1.1,0.));
#12511=CARTESIAN_POINT('',(-0.635085296108588,1.1,1.8));
#12512=CARTESIAN_POINT('',(-0.635085296108588,1.1,1.8));
#12513=CARTESIAN_POINT('',(-0.635085296108588,1.1,0.));
#12514=CARTESIAN_POINT('Origin',(1.27017059221718,-8.32667268468867E-16,
0.));
#12515=CARTESIAN_POINT('',(1.27017059221718,-7.19620089685498E-16,0.));
#12516=CARTESIAN_POINT('',(1.11139926819003,0.274999999999999,0.));
#12517=CARTESIAN_POINT('',(1.27017059221718,-7.19620089685498E-16,1.8));
#12518=CARTESIAN_POINT('',(1.27017059221718,-7.19620089685498E-16,0.));
#12519=CARTESIAN_POINT('',(0.63508529610859,1.1,1.8));
#12520=CARTESIAN_POINT('Origin',(0.635085296108588,-1.1,0.));
#12521=CARTESIAN_POINT('',(0.635085296108588,-1.1,0.));
#12522=CARTESIAN_POINT('',(0.793856620135735,-0.825,0.));
#12523=CARTESIAN_POINT('',(0.635085296108588,-1.1,1.8));
#12524=CARTESIAN_POINT('',(0.635085296108588,-1.1,0.));
#12525=CARTESIAN_POINT('',(1.27017059221718,-6.93889390390723E-16,1.8));
#12526=CARTESIAN_POINT('Origin',(-0.635085296108589,-1.1,0.));
#12527=CARTESIAN_POINT('',(-0.635085296108589,-1.1,0.));
#12528=CARTESIAN_POINT('',(-0.317542648054295,-1.1,0.));
#12529=CARTESIAN_POINT('',(-0.635085296108589,-1.1,1.8));
#12530=CARTESIAN_POINT('',(-0.635085296108589,-1.1,0.));
#12531=CARTESIAN_POINT('',(0.635085296108588,-1.1,1.8));
#12532=CARTESIAN_POINT('Origin',(-1.27017059221718,1.38777878078145E-16,
0.));
#12533=CARTESIAN_POINT('',(-1.27017059221718,2.82034527336256E-16,0.));
#12534=CARTESIAN_POINT('',(-1.11139926819003,-0.275,0.));
#12535=CARTESIAN_POINT('',(-1.27017059221718,2.82034527336256E-16,1.8));
#12536=CARTESIAN_POINT('',(-1.27017059221718,2.82034527336256E-16,0.));
#12537=CARTESIAN_POINT('',(-0.635085296108589,-1.1,1.8));
#12538=CARTESIAN_POINT('Origin',(-0.635085296108588,1.1,0.));
#12539=CARTESIAN_POINT('',(-0.793856620135735,0.825,0.));
#12540=CARTESIAN_POINT('',(-1.27017059221718,2.77555756156289E-16,1.8));
#12541=CARTESIAN_POINT('Origin',(0.,0.,1.8));
#12542=CARTESIAN_POINT('',(-0.75,9.18485099360515E-17,1.8));
#12543=CARTESIAN_POINT('Origin',(0.,0.,1.8));
#12544=CARTESIAN_POINT('Origin',(0.,0.,2.));
#12545=CARTESIAN_POINT('',(-0.75,9.18485099360515E-17,2.));
#12546=CARTESIAN_POINT('Origin',(-2.77555756156289E-16,-1.38777878078145E-16,
0.));
#12547=CARTESIAN_POINT('',(-26.145585126151,2.80729701825656,-37.6331282888403));
#12548=CARTESIAN_POINT('',(-26.1455851261511,3.45374362766368,-38.1937884606196));
#12549=CARTESIAN_POINT('',(-18.6455851261504,-1.52283000066115,-42.6331282888431));
#12550=CARTESIAN_POINT('',(-18.0857459402139,-1.19960669595823,-42.0724681170631));
#12551=CARTESIAN_POINT('',(-18.6455851261499,-10.1830840385099,-37.6331282888495));
#12552=CARTESIAN_POINT('',(-18.0857459402132,-10.5063073432128,-38.1937884606296));
#12553=CARTESIAN_POINT('',(-33.6455851261508,-1.52283000066609,-37.633128288843));
#12554=CARTESIAN_POINT('',(-34.2054243120876,-1.19960669596228,-38.1937884606226));
#12555=CARTESIAN_POINT('',(-26.1455851261498,-14.5132110574325,-37.6331282888526));
#12556=CARTESIAN_POINT('',(-26.1455851261498,-15.1596576668387,-38.1937884606328));
#12557=CARTESIAN_POINT('',(-28.1635343185821,1.64223350879711,-40.133128288841));
#12558=CARTESIAN_POINT('',(-24.1276359337199,1.64223350879739,-40.1331282888412));
#12559=CARTESIAN_POINT('',(-26.1455851261513,6.86915919673604,-38.3139067974776));
#12560=CARTESIAN_POINT('',(-31.6276359337198,-0.357766491203064,-40.1331282888423));
#12561=CARTESIAN_POINT('',(-33.6455851261507,-3.85295701958651,-40.1331282888447));
#12562=CARTESIAN_POINT('',(-37.1632609593854,0.508101088573361,-38.3139067974816));
#12563=CARTESIAN_POINT('',(-33.6455851261502,-10.1830840385106,-37.6331282888494));
#12564=CARTESIAN_POINT('',(-31.627635933719,-11.3481475479698,-40.1331282888503));
#12565=CARTESIAN_POINT('',(-33.6455851261504,-7.85295701958652,-40.1331282888477));
#12566=CARTESIAN_POINT('',(-35.6635343185813,-11.3481475479698,-40.1331282888502));
#12567=CARTESIAN_POINT('',(-20.663534318581,-11.3481475479693,-40.1331282888503));
#12568=CARTESIAN_POINT('',(-18.6455851261498,-7.85295701958573,-40.1331282888477));
#12569=CARTESIAN_POINT('',(-15.1279092929159,-12.2140151277489,-38.3139067974914));
#12570=CARTESIAN_POINT('',(-18.6455851261501,-3.85295701958511,-40.1331282888448));
#12571=CARTESIAN_POINT('',(-20.6635343185817,-0.35776649120222,-40.1331282888421));
#12572=CARTESIAN_POINT('',(-28.163534318581,-13.3481475479696,-40.1331282888517));
#12573=CARTESIAN_POINT('',(-24.1276359337187,-13.3481475479695,-40.1331282888517));
#12574=CARTESIAN_POINT('',(-26.1455851261496,-18.5750732359109,-38.3139067974958));
#12575=CARTESIAN_POINT('',(-15.1279092929167,0.5081010885783,-41.9523497802015));
#12576=CARTESIAN_POINT('',(-10.0267691206835,3.4532457401921,-45.0142119586785));
#12577=CARTESIAN_POINT('',(-12.9846057679809,1.74553795565594,-45.1343302955401));
#12578=CARTESIAN_POINT('',(-11.8532220271096,4.72886968192866,-47.6058032196969));
#12579=CARTESIAN_POINT('',(-9.83527283467856,1.23367915354539,-47.6058032196992));
#12580=CARTESIAN_POINT('',(-12.7824450813143,-13.5681695216964,-32.070064103674));
#12581=CARTESIAN_POINT('',(-12.6784195501328,-13.6282286901241,-35.4854796727463));
#12582=CARTESIAN_POINT('',(-9.52908661683023,-13.1163698880138,-33.0140067485872));
#12583=CARTESIAN_POINT('',(-11.5470358092615,-16.611560416397,-33.0140067485896));
#12584=CARTESIAN_POINT('',(-26.1455851261513,9.57746798461734,-32.0700641036573));
#12585=CARTESIAN_POINT('',(-26.1455851261514,9.69758632148019,-35.4854796727295));
#12586=CARTESIAN_POINT('',(-28.1635343185827,12.1690592456371,-33.0140067485689));
#12587=CARTESIAN_POINT('',(-24.1276359337204,12.1690592456374,-33.014006748569));
#12588=CARTESIAN_POINT('',(-26.1455851261493,-21.2833820238012,-32.0700641036794));
#12589=CARTESIAN_POINT('',(-24.127635933718,-23.8749732848197,-33.0140067485947));
#12590=CARTESIAN_POINT('',(-28.1635343185802,-23.8749732848199,-33.0140067485947));
#12591=CARTESIAN_POINT('',(-26.1455851261493,-21.4035003606592,-35.4854796727517));
#12592=CARTESIAN_POINT('',(-39.508725170987,1.86225548251088,-32.0700641036621));
#12593=CARTESIAN_POINT('',(-42.762083635471,1.41045584882911,-33.0140067485757));
#12594=CARTESIAN_POINT('',(-40.7441344430409,4.90564637721242,-33.0140067485733));
#12595=CARTESIAN_POINT('',(-39.6127507021686,1.92231465094376,-35.4854796727343));
#12596=UNCERTAINTY_MEASURE_WITH_UNIT(LENGTH_MEASURE(0.01),#12612,
'DISTANCE_ACCURACY_VALUE',
'Maximum model space distance between geometric entities at asserted c
onnectivities');
#12597=UNCERTAINTY_MEASURE_WITH_UNIT(LENGTH_MEASURE(0.01),#12612,
'DISTANCE_ACCURACY_VALUE',
'Maximum model space distance between geometric entities at asserted c
onnectivities');
#12598=UNCERTAINTY_MEASURE_WITH_UNIT(LENGTH_MEASURE(0.01),#12612,
'DISTANCE_ACCURACY_VALUE',
'Maximum model space distance between geometric entities at asserted c
onnectivities');
#12599=UNCERTAINTY_MEASURE_WITH_UNIT(LENGTH_MEASURE(0.01),#12612,
'DISTANCE_ACCURACY_VALUE',
'Maximum model space distance between geometric entities at asserted c
onnectivities');
#12600=UNCERTAINTY_MEASURE_WITH_UNIT(LENGTH_MEASURE(0.01),#12612,
'DISTANCE_ACCURACY_VALUE',
'Maximum model space distance between geometric entities at asserted c
onnectivities');
#12601=UNCERTAINTY_MEASURE_WITH_UNIT(LENGTH_MEASURE(0.01),#12612,
'DISTANCE_ACCURACY_VALUE',
'Maximum model space distance between geometric entities at asserted c
onnectivities');
#12602=UNCERTAINTY_MEASURE_WITH_UNIT(LENGTH_MEASURE(0.01),#12612,
'DISTANCE_ACCURACY_VALUE',
'Maximum model space distance between geometric entities at asserted c
onnectivities');
#12603=UNCERTAINTY_MEASURE_WITH_UNIT(LENGTH_MEASURE(0.01),#12612,
'DISTANCE_ACCURACY_VALUE',
'Maximum model space distance between geometric entities at asserted c
onnectivities');
#12604=(
GEOMETRIC_REPRESENTATION_CONTEXT(3)
GLOBAL_UNCERTAINTY_ASSIGNED_CONTEXT((#12596))
GLOBAL_UNIT_ASSIGNED_CONTEXT((#12612,#12614,#12615))
REPRESENTATION_CONTEXT('','3D')
);
#12605=(
GEOMETRIC_REPRESENTATION_CONTEXT(3)
GLOBAL_UNCERTAINTY_ASSIGNED_CONTEXT((#12597))
GLOBAL_UNIT_ASSIGNED_CONTEXT((#12612,#12614,#12615))
REPRESENTATION_CONTEXT('','3D')
);
#12606=(
GEOMETRIC_REPRESENTATION_CONTEXT(3)
GLOBAL_UNCERTAINTY_ASSIGNED_CONTEXT((#12598))
GLOBAL_UNIT_ASSIGNED_CONTEXT((#12612,#12614,#12615))
REPRESENTATION_CONTEXT('','3D')
);
#12607=(
GEOMETRIC_REPRESENTATION_CONTEXT(3)
GLOBAL_UNCERTAINTY_ASSIGNED_CONTEXT((#12599))
GLOBAL_UNIT_ASSIGNED_CONTEXT((#12612,#12614,#12615))
REPRESENTATION_CONTEXT('','3D')
);
#12608=(
GEOMETRIC_REPRESENTATION_CONTEXT(3)
GLOBAL_UNCERTAINTY_ASSIGNED_CONTEXT((#12600))
GLOBAL_UNIT_ASSIGNED_CONTEXT((#12612,#12614,#12615))
REPRESENTATION_CONTEXT('','3D')
);
#12609=(
GEOMETRIC_REPRESENTATION_CONTEXT(3)
GLOBAL_UNCERTAINTY_ASSIGNED_CONTEXT((#12601))
GLOBAL_UNIT_ASSIGNED_CONTEXT((#12612,#12614,#12615))
REPRESENTATION_CONTEXT('','3D')
);
#12610=(
GEOMETRIC_REPRESENTATION_CONTEXT(3)
GLOBAL_UNCERTAINTY_ASSIGNED_CONTEXT((#12602))
GLOBAL_UNIT_ASSIGNED_CONTEXT((#12612,#12614,#12615))
REPRESENTATION_CONTEXT('','3D')
);
#12611=(
GEOMETRIC_REPRESENTATION_CONTEXT(3)
GLOBAL_UNCERTAINTY_ASSIGNED_CONTEXT((#12603))
GLOBAL_UNIT_ASSIGNED_CONTEXT((#12612,#12614,#12615))
REPRESENTATION_CONTEXT('','3D')
);
#12612=(
LENGTH_UNIT()
NAMED_UNIT(*)
SI_UNIT(.MILLI.,.METRE.)
);
#12613=(
LENGTH_UNIT()
NAMED_UNIT(*)
SI_UNIT(.CENTI.,.METRE.)
);
#12614=(
NAMED_UNIT(*)
PLANE_ANGLE_UNIT()
SI_UNIT($,.RADIAN.)
);
#12615=(
NAMED_UNIT(*)
SI_UNIT($,.STERADIAN.)
SOLID_ANGLE_UNIT()
);
#12616=SHAPE_DEFINITION_REPRESENTATION(#12623,#12679);
#12617=SHAPE_DEFINITION_REPRESENTATION(#12624,#12680);
#12618=SHAPE_DEFINITION_REPRESENTATION(#12625,#12681);
#12619=SHAPE_DEFINITION_REPRESENTATION(#12626,#12682);
#12620=SHAPE_DEFINITION_REPRESENTATION(#12627,#12683);
#12621=SHAPE_DEFINITION_REPRESENTATION(#12628,#12684);
#12622=SHAPE_DEFINITION_REPRESENTATION(#12629,#12685);
#12623=PRODUCT_DEFINITION_SHAPE('',$,#12687);
#12624=PRODUCT_DEFINITION_SHAPE('',$,#12688);
#12625=PRODUCT_DEFINITION_SHAPE('',$,#12689);
#12626=PRODUCT_DEFINITION_SHAPE('',$,#12690);
#12627=PRODUCT_DEFINITION_SHAPE('',$,#12691);
#12628=PRODUCT_DEFINITION_SHAPE('',$,#12692);
#12629=PRODUCT_DEFINITION_SHAPE('',$,#12693);
#12630=PRODUCT_DEFINITION_SHAPE($,$,#158);
#12631=PRODUCT_DEFINITION_SHAPE($,$,#159);
#12632=PRODUCT_DEFINITION_SHAPE($,$,#160);
#12633=PRODUCT_DEFINITION_SHAPE($,$,#161);
#12634=PRODUCT_DEFINITION_SHAPE($,$,#162);
#12635=PRODUCT_DEFINITION_SHAPE($,$,#163);
#12636=PRODUCT_DEFINITION_SHAPE($,$,#164);
#12637=PRODUCT_DEFINITION_SHAPE($,$,#165);
#12638=PRODUCT_DEFINITION_SHAPE($,$,#166);
#12639=PRODUCT_DEFINITION_SHAPE($,$,#167);
#12640=PRODUCT_DEFINITION_SHAPE($,$,#168);
#12641=PRODUCT_DEFINITION_SHAPE($,$,#169);
#12642=PRODUCT_DEFINITION_SHAPE($,$,#170);
#12643=PRODUCT_DEFINITION_SHAPE($,$,#171);
#12644=PRODUCT_DEFINITION_SHAPE($,$,#172);
#12645=PRODUCT_DEFINITION_SHAPE($,$,#173);
#12646=PRODUCT_DEFINITION_SHAPE($,$,#174);
#12647=PRODUCT_DEFINITION_SHAPE($,$,#175);
#12648=PRODUCT_DEFINITION_SHAPE($,$,#176);
#12649=PRODUCT_DEFINITION_SHAPE($,$,#177);
#12650=PRODUCT_DEFINITION_SHAPE($,$,#178);
#12651=PRODUCT_DEFINITION_SHAPE($,$,#179);
#12652=PRODUCT_DEFINITION_SHAPE($,$,#180);
#12653=PRODUCT_DEFINITION_SHAPE($,$,#181);
#12654=PRODUCT_DEFINITION_SHAPE($,$,#182);
#12655=PRODUCT_DEFINITION_SHAPE($,$,#183);
#12656=PRODUCT_DEFINITION_SHAPE($,$,#184);
#12657=PRODUCT_DEFINITION_SHAPE($,$,#185);
#12658=PRODUCT_DEFINITION_SHAPE($,$,#186);
#12659=PRODUCT_DEFINITION_SHAPE($,$,#187);
#12660=PRODUCT_DEFINITION_SHAPE($,$,#188);
#12661=PRODUCT_DEFINITION_SHAPE($,$,#189);
#12662=PRODUCT_DEFINITION_SHAPE($,$,#190);
#12663=PRODUCT_DEFINITION_SHAPE($,$,#191);
#12664=PRODUCT_DEFINITION_SHAPE($,$,#192);
#12665=PRODUCT_DEFINITION_SHAPE($,$,#193);
#12666=PRODUCT_DEFINITION_SHAPE($,$,#194);
#12667=PRODUCT_DEFINITION_SHAPE($,$,#195);
#12668=PRODUCT_DEFINITION_SHAPE($,$,#196);
#12669=PRODUCT_DEFINITION_SHAPE($,$,#197);
#12670=PRODUCT_DEFINITION_SHAPE($,$,#198);
#12671=PRODUCT_DEFINITION_SHAPE($,$,#199);
#12672=PRODUCT_DEFINITION_SHAPE($,$,#200);
#12673=PRODUCT_DEFINITION_SHAPE($,$,#201);
#12674=PRODUCT_DEFINITION_SHAPE($,$,#202);
#12675=PRODUCT_DEFINITION_SHAPE($,$,#203);
#12676=PRODUCT_DEFINITION_SHAPE($,$,#204);
#12677=PRODUCT_DEFINITION_SHAPE($,$,#205);
#12678=PRODUCT_DEFINITION_SHAPE($,$,#206);
#12679=SHAPE_REPRESENTATION('',(#7204,#8007,#8008,#8009,#8010,#8011,#8012,
#8013,#8014,#8015,#8016,#8017,#8018,#8019,#8020,#8021,#8022,#8023,#8024,
#8025,#8026,#8027,#8028,#8029,#8030,#8031,#8032,#8033,#8034,#8035,#8036,
#8037,#8038,#8039,#8040,#8041,#8042,#8043,#8044,#8045,#8046,#8047,#8048,
#8049,#8050,#8051,#8052,#8053,#8054,#8055),#12604);
#12680=SHAPE_REPRESENTATION('',(#7205),#12605);
#12681=SHAPE_REPRESENTATION('',(#7232),#12606);
#12682=SHAPE_REPRESENTATION('',(#7247),#12607);
#12683=SHAPE_REPRESENTATION('',(#7464),#12608);
#12684=SHAPE_REPRESENTATION('',(#7497),#12609);
#12685=SHAPE_REPRESENTATION('',(#7834),#12610);
#12686=PRODUCT_DEFINITION_CONTEXT('part definition',#12709,'design');
#12687=PRODUCT_DEFINITION('PreFoldedBody','BeetleFold',#12694,#12686);
#12688=PRODUCT_DEFINITION('BodyFoldedSide1','BodyFoldedSide1',#12695,#12686);
#12689=PRODUCT_DEFINITION('BodyFoldedSide2','BodyFoldedSide2',#12696,#12686);
#12690=PRODUCT_DEFINITION('SGA','SGA',#12697,#12686);
#12691=PRODUCT_DEFINITION('BodyNew','Body',#12698,#12686);
#12692=PRODUCT_DEFINITION('SGBase','SGX',#12699,#12686);
#12693=PRODUCT_DEFINITION('SGB','SGB',#12700,#12686);
#12694=PRODUCT_DEFINITION_FORMATION('',$,#12711);
#12695=PRODUCT_DEFINITION_FORMATION('',$,#12712);
#12696=PRODUCT_DEFINITION_FORMATION('',$,#12713);
#12697=PRODUCT_DEFINITION_FORMATION('',$,#12714);
#12698=PRODUCT_DEFINITION_FORMATION('',$,#12715);
#12699=PRODUCT_DEFINITION_FORMATION('',$,#12716);
#12700=PRODUCT_DEFINITION_FORMATION('',$,#12717);
#12701=PRODUCT_RELATED_PRODUCT_CATEGORY('BeetleFold','BeetleFold',(#12711));
#12702=PRODUCT_RELATED_PRODUCT_CATEGORY('BodyFoldedSide1',
'BodyFoldedSide1',(#12712));
#12703=PRODUCT_RELATED_PRODUCT_CATEGORY('BodyFoldedSide2',
'BodyFoldedSide2',(#12713));
#12704=PRODUCT_RELATED_PRODUCT_CATEGORY('SGA','SGA',(#12714));
#12705=PRODUCT_RELATED_PRODUCT_CATEGORY('Body','Body',(#12715));
#12706=PRODUCT_RELATED_PRODUCT_CATEGORY('SGX','SGX',(#12716));
#12707=PRODUCT_RELATED_PRODUCT_CATEGORY('SGB','SGB',(#12717));
#12708=APPLICATION_PROTOCOL_DEFINITION('international standard',
'automotive_design',2009,#12709);
#12709=APPLICATION_CONTEXT(
'Core Data for Automotive Mechanical Design Process');
#12710=PRODUCT_CONTEXT('part definition',#12709,'mechanical');
#12711=PRODUCT('PreFoldedBody','BeetleFold',$,(#12710));
#12712=PRODUCT('BodyFoldedSide1','BodyFoldedSide1',$,(#12710));
#12713=PRODUCT('BodyFoldedSide2','BodyFoldedSide2',$,(#12710));
#12714=PRODUCT('SGA','SGA',$,(#12710));
#12715=PRODUCT('BodyNew','Body',$,(#12710));
#12716=PRODUCT('SGBase','SGX',$,(#12710));
#12717=PRODUCT('SGB','SGB',$,(#12710));
ENDSEC;
END-ISO-10303-21;
